ISO-10303-21;
HEADER;
/* Generated by software containing ST-Developer
 * from STEP Tools, Inc. (www.steptools.com) 
 */

FILE_DESCRIPTION(
/* description */ (''),
/* implementation_level */ '2;1');

FILE_NAME(
/* name */ 'Untitled.step',
/* time_stamp */ '2026-08-06T17:46:17+05:30',
/* author */ (''),
/* organization */ (''),
/* preprocessor_version */ 'ST-DEVELOPER v20.1',
/* originating_system */ 'Autodesk Translation Framework v15.8.0.0',
/* authorisation */ '');

FILE_SCHEMA (('AUTOMOTIVE_DESIGN { 1 0 10303 214 3 1 1 }'));
ENDSEC;

DATA;
#10=MECHANICAL_DESIGN_GEOMETRIC_PRESENTATION_REPRESENTATION('',(#13),#2421);
#11=SHAPE_REPRESENTATION_RELATIONSHIP('SRR','None',#2428,#12);
#12=ADVANCED_BREP_SHAPE_REPRESENTATION('',(#69),#2420);
#13=STYLED_ITEM('',(#2437),#69);
#14=ORIENTED_CLOSED_SHELL('',*,#68,.F.);
#15=CIRCLE('',#83,12.5);
#16=CIRCLE('',#84,12.5);
#17=FACE_OUTER_BOUND('',#21,.T.);
#18=FACE_OUTER_BOUND('',#22,.T.);
#19=FACE_OUTER_BOUND('',#23,.T.);
#20=FACE_OUTER_BOUND('',#24,.T.);
#21=EDGE_LOOP('',(#43,#44,#45,#46));
#22=EDGE_LOOP('',(#47,#48,#49,#50));
#23=EDGE_LOOP('',(#51,#52,#53,#54));
#24=EDGE_LOOP('',(#55,#56,#57,#58));
#25=B_SPLINE_CURVE_WITH_KNOTS('',3,(#637,#638,#639,#640,#641,#642,#643,
#644,#645,#646,#647,#648,#649,#650,#651,#652,#653),.UNSPECIFIED.,.T.,.F.,
(4,1,1,1,1,1,1,1,1,1,1,1,1,1,4),(-3.14159265358979,-2.69279370307697,-2.24399475256414,
-1.79519580205131,-1.34639685153848,-1.0471975511966,-0.448798950512828,
-0.149599650170943,0.448798950512828,0.747998250854713,1.34639685153848,
1.64559615188037,2.24399475256414,2.69279370307697,3.14159265358979),
 .UNSPECIFIED.);
#26=B_SPLINE_CURVE_WITH_KNOTS('',3,(#655,#656,#657,#658,#659,#660,#661,
#662,#663,#664,#665,#666,#667,#668,#669,#670,#671,#672,#673,#674,#675,#676,
#677,#678,#679,#680,#681,#682,#683,#684,#685,#686),.UNSPECIFIED.,.F.,.F.,
(4,1,1,1,1,1,1,1,1,1,1,1,1,1,1,1,1,1,1,1,1,1,1,1,1,1,1,1,1,4),(0.,0.0178571428571429,
0.0357142857142857,0.0535714285714286,0.0714285714285714,0.0873015873015873,
0.0952380952380952,0.107142857142857,0.119047619047619,0.130952380952381,
0.142857142857143,0.166666666666667,0.19047619047619,0.214285714285714,
0.238095238095238,0.261904761904762,0.285714285714286,0.309523809523809,
0.321428571428571,0.333333333333333,0.357142857142857,0.375,0.392857142857143,
0.410714285714286,0.428571428571429,0.4375,0.446428571428571,0.464285714285714,
0.482142857142857,0.5),.UNSPECIFIED.);
#27=B_SPLINE_CURVE_WITH_KNOTS('',3,(#687,#688,#689,#690,#691,#692,#693,
#694,#695,#696,#697,#698,#699,#700,#701,#702,#703),.UNSPECIFIED.,.T.,.F.,
(4,1,1,1,1,1,1,1,1,1,1,1,1,1,4),(-3.14159265358979,-2.69279370307697,-2.24399475256414,
-1.79519580205131,-1.34639685153848,-1.0471975511966,-0.448798950512828,
-0.149599650170943,0.448798950512828,0.747998250854713,1.34639685153848,
1.64559615188037,2.24399475256414,2.69279370307697,3.14159265358979),
 .UNSPECIFIED.);
#28=B_SPLINE_CURVE_WITH_KNOTS('',3,(#1231,#1232,#1233,#1234,#1235,#1236,
#1237,#1238,#1239,#1240,#1241,#1242,#1243,#1244,#1245,#1246,#1247,#1248,
#1249,#1250,#1251,#1252,#1253,#1254,#1255,#1256,#1257,#1258,#1259,#1260,
#1261),.UNSPECIFIED.,.F.,.F.,(4,1,1,1,1,1,1,1,1,1,1,1,1,1,1,1,1,1,1,1,1,
1,1,1,1,1,1,1,4),(0.5,0.517857142857143,0.535714285714286,0.553571428571429,
0.571428571428571,0.595238095238095,0.619047619047619,0.642857142857143,
0.666666666666667,0.69047619047619,0.702380952380952,0.714285714285714,
0.738095238095238,0.75,0.761904761904762,0.773809523809524,0.785714285714286,
0.797619047619048,0.80952380952381,0.833333333333333,0.857142857142857,
0.869047619047619,0.880952380952381,0.904761904761905,0.928571428571429,
0.946428571428571,0.964285714285714,0.982142857142857,1.),.UNSPECIFIED.);
#29=B_SPLINE_CURVE_WITH_KNOTS('',3,(#1775,#1776,#1777,#1778,#1779,#1780,
#1781,#1782,#1783,#1784,#1785,#1786,#1787,#1788,#1789,#1790,#1791,#1792,
#1793,#1794,#1795,#1796,#1797,#1798,#1799,#1800,#1801,#1802,#1803,#1804),
 .UNSPECIFIED.,.F.,.F.,(4,1,1,1,1,1,1,1,1,1,1,1,1,1,1,1,1,1,1,1,1,1,1,1,
1,1,1,4),(0.,0.0178571428571429,0.0357142857142857,0.0535714285714286,0.0714285714285714,
0.0873015873015873,0.0952380952380952,0.107142857142857,0.119047619047619,
0.130952380952381,0.142857142857143,0.166666666666667,0.19047619047619,
0.214285714285714,0.238095238095238,0.261904761904762,0.285714285714286,
0.309523809523809,0.333333333333333,0.357142857142857,0.375,0.392857142857143,
0.410714285714286,0.428571428571429,0.446428571428571,0.464285714285714,
0.482142857142857,0.5),.UNSPECIFIED.);
#30=B_SPLINE_CURVE_WITH_KNOTS('',3,(#2384,#2385,#2386,#2387,#2388,#2389,
#2390,#2391,#2392,#2393,#2394,#2395,#2396,#2397,#2398,#2399,#2400,#2401,
#2402,#2403,#2404,#2405,#2406,#2407,#2408,#2409,#2410,#2411,#2412,#2413,
#2414,#2415,#2416,#2417),.UNSPECIFIED.,.F.,.F.,(4,1,1,1,1,1,1,1,1,1,1,1,
1,1,1,1,1,1,1,1,1,1,1,1,1,1,1,1,1,1,1,4),(0.5,0.517857142857143,0.535714285714286,
0.553571428571429,0.571428571428571,0.595238095238095,0.619047619047619,
0.642857142857143,0.666666666666667,0.69047619047619,0.702380952380952,
0.714285714285714,0.732142857142857,0.738095238095238,0.761904761904762,
0.773809523809524,0.776785714285714,0.785714285714286,0.80952380952381,
0.833333333333333,0.839285714285714,0.857142857142857,0.869047619047619,
0.880952380952381,0.904761904761905,0.928571428571429,0.933035714285714,
0.946428571428571,0.964285714285714,0.982142857142857,0.986607142857143,
1.),.UNSPECIFIED.);
#31=VERTEX_POINT('',#636);
#32=VERTEX_POINT('',#654);
#33=VERTEX_POINT('',#1772);
#34=VERTEX_POINT('',#1774);
#35=EDGE_CURVE('',#31,#31,#25,.T.);
#36=EDGE_CURVE('',#31,#32,#26,.T.);
#37=EDGE_CURVE('',#32,#32,#27,.T.);
#38=EDGE_CURVE('',#32,#31,#28,.T.);
#39=EDGE_CURVE('',#33,#33,#15,.T.);
#40=EDGE_CURVE('',#33,#34,#29,.T.);
#41=EDGE_CURVE('',#34,#34,#16,.T.);
#42=EDGE_CURVE('',#34,#33,#30,.T.);
#43=ORIENTED_EDGE('',*,*,#35,.T.);
#44=ORIENTED_EDGE('',*,*,#36,.T.);
#45=ORIENTED_EDGE('',*,*,#37,.F.);
#46=ORIENTED_EDGE('',*,*,#36,.F.);
#47=ORIENTED_EDGE('',*,*,#37,.T.);
#48=ORIENTED_EDGE('',*,*,#38,.T.);
#49=ORIENTED_EDGE('',*,*,#35,.F.);
#50=ORIENTED_EDGE('',*,*,#38,.F.);
#51=ORIENTED_EDGE('',*,*,#39,.F.);
#52=ORIENTED_EDGE('',*,*,#40,.T.);
#53=ORIENTED_EDGE('',*,*,#41,.T.);
#54=ORIENTED_EDGE('',*,*,#40,.F.);
#55=ORIENTED_EDGE('',*,*,#41,.F.);
#56=ORIENTED_EDGE('',*,*,#42,.T.);
#57=ORIENTED_EDGE('',*,*,#39,.T.);
#58=ORIENTED_EDGE('',*,*,#42,.F.);
#59=B_SPLINE_SURFACE_WITH_KNOTS('',3,3,((#92,#93,#94,#95,#96,#97,#98,#99,
#100,#101,#102,#103,#104,#105,#106,#107,#108,#109,#110,#111,#112,#113,#114,
#115,#116,#117,#118,#119,#120,#121,#122,#123),(#124,#125,#126,#127,#128,
#129,#130,#131,#132,#133,#134,#135,#136,#137,#138,#139,#140,#141,#142,#143,
#144,#145,#146,#147,#148,#149,#150,#151,#152,#153,#154,#155),(#156,#157,
#158,#159,#160,#161,#162,#163,#164,#165,#166,#167,#168,#169,#170,#171,#172,
#173,#174,#175,#176,#177,#178,#179,#180,#181,#182,#183,#184,#185,#186,#187),
(#188,#189,#190,#191,#192,#193,#194,#195,#196,#197,#198,#199,#200,#201,
#202,#203,#204,#205,#206,#207,#208,#209,#210,#211,#212,#213,#214,#215,#216,
#217,#218,#219),(#220,#221,#222,#223,#224,#225,#226,#227,#228,#229,#230,
#231,#232,#233,#234,#235,#236,#237,#238,#239,#240,#241,#242,#243,#244,#245,
#246,#247,#248,#249,#250,#251),(#252,#253,#254,#255,#256,#257,#258,#259,
#260,#261,#262,#263,#264,#265,#266,#267,#268,#269,#270,#271,#272,#273,#274,
#275,#276,#277,#278,#279,#280,#281,#282,#283),(#284,#285,#286,#287,#288,
#289,#290,#291,#292,#293,#294,#295,#296,#297,#298,#299,#300,#301,#302,#303,
#304,#305,#306,#307,#308,#309,#310,#311,#312,#313,#314,#315),(#316,#317,
#318,#319,#320,#321,#322,#323,#324,#325,#326,#327,#328,#329,#330,#331,#332,
#333,#334,#335,#336,#337,#338,#339,#340,#341,#342,#343,#344,#345,#346,#347),
(#348,#349,#350,#351,#352,#353,#354,#355,#356,#357,#358,#359,#360,#361,
#362,#363,#364,#365,#366,#367,#368,#369,#370,#371,#372,#373,#374,#375,#376,
#377,#378,#379),(#380,#381,#382,#383,#384,#385,#386,#387,#388,#389,#390,
#391,#392,#393,#394,#395,#396,#397,#398,#399,#400,#401,#402,#403,#404,#405,
#406,#407,#408,#409,#410,#411),(#412,#413,#414,#415,#416,#417,#418,#419,
#420,#421,#422,#423,#424,#425,#426,#427,#428,#429,#430,#431,#432,#433,#434,
#435,#436,#437,#438,#439,#440,#441,#442,#443),(#444,#445,#446,#447,#448,
#449,#450,#451,#452,#453,#454,#455,#456,#457,#458,#459,#460,#461,#462,#463,
#464,#465,#466,#467,#468,#469,#470,#471,#472,#473,#474,#475),(#476,#477,
#478,#479,#480,#481,#482,#483,#484,#485,#486,#487,#488,#489,#490,#491,#492,
#493,#494,#495,#496,#497,#498,#499,#500,#501,#502,#503,#504,#505,#506,#507),
(#508,#509,#510,#511,#512,#513,#514,#515,#516,#517,#518,#519,#520,#521,
#522,#523,#524,#525,#526,#527,#528,#529,#530,#531,#532,#533,#534,#535,#536,
#537,#538,#539),(#540,#541,#542,#543,#544,#545,#546,#547,#548,#549,#550,
#551,#552,#553,#554,#555,#556,#557,#558,#559,#560,#561,#562,#563,#564,#565,
#566,#567,#568,#569,#570,#571),(#572,#573,#574,#575,#576,#577,#578,#579,
#580,#581,#582,#583,#584,#585,#586,#587,#588,#589,#590,#591,#592,#593,#594,
#595,#596,#597,#598,#599,#600,#601,#602,#603),(#604,#605,#606,#607,#608,
#609,#610,#611,#612,#613,#614,#615,#616,#617,#618,#619,#620,#621,#622,#623,
#624,#625,#626,#627,#628,#629,#630,#631,#632,#633,#634,#635)),
 .UNSPECIFIED.,.T.,.F.,.F.,(4,1,1,1,1,1,1,1,1,1,1,1,1,1,4),(4,1,1,1,1,1,
1,1,1,1,1,1,1,1,1,1,1,1,1,1,1,1,1,1,1,1,1,1,1,4),(-3.14159265358979,-2.69279370307697,
-2.24399475256414,-1.79519580205131,-1.34639685153848,-1.0471975511966,
-0.448798950512828,-0.149599650170943,0.448798950512828,0.747998250854713,
1.34639685153848,1.64559615188037,2.24399475256414,2.69279370307697,3.14159265358979),
(0.,0.0178571428571429,0.0357142857142857,0.0535714285714286,0.0714285714285714,
0.0873015873015873,0.0952380952380952,0.107142857142857,0.119047619047619,
0.130952380952381,0.142857142857143,0.166666666666667,0.19047619047619,
0.214285714285714,0.238095238095238,0.261904761904762,0.285714285714286,
0.309523809523809,0.321428571428571,0.333333333333333,0.357142857142857,
0.375,0.392857142857143,0.410714285714286,0.428571428571429,0.4375,0.446428571428571,
0.464285714285714,0.482142857142857,0.5),.UNSPECIFIED.);
#60=B_SPLINE_SURFACE_WITH_KNOTS('',3,3,((#704,#705,#706,#707,#708,#709,
#710,#711,#712,#713,#714,#715,#716,#717,#718,#719,#720,#721,#722,#723,#724,
#725,#726,#727,#728,#729,#730,#731,#732,#733,#734),(#735,#736,#737,#738,
#739,#740,#741,#742,#743,#744,#745,#746,#747,#748,#749,#750,#751,#752,#753,
#754,#755,#756,#757,#758,#759,#760,#761,#762,#763,#764,#765),(#766,#767,
#768,#769,#770,#771,#772,#773,#774,#775,#776,#777,#778,#779,#780,#781,#782,
#783,#784,#785,#786,#787,#788,#789,#790,#791,#792,#793,#794,#795,#796),
(#797,#798,#799,#800,#801,#802,#803,#804,#805,#806,#807,#808,#809,#810,
#811,#812,#813,#814,#815,#816,#817,#818,#819,#820,#821,#822,#823,#824,#825,
#826,#827),(#828,#829,#830,#831,#832,#833,#834,#835,#836,#837,#838,#839,
#840,#841,#842,#843,#844,#845,#846,#847,#848,#849,#850,#851,#852,#853,#854,
#855,#856,#857,#858),(#859,#860,#861,#862,#863,#864,#865,#866,#867,#868,
#869,#870,#871,#872,#873,#874,#875,#876,#877,#878,#879,#880,#881,#882,#883,
#884,#885,#886,#887,#888,#889),(#890,#891,#892,#893,#894,#895,#896,#897,
#898,#899,#900,#901,#902,#903,#904,#905,#906,#907,#908,#909,#910,#911,#912,
#913,#914,#915,#916,#917,#918,#919,#920),(#921,#922,#923,#924,#925,#926,
#927,#928,#929,#930,#931,#932,#933,#934,#935,#936,#937,#938,#939,#940,#941,
#942,#943,#944,#945,#946,#947,#948,#949,#950,#951),(#952,#953,#954,#955,
#956,#957,#958,#959,#960,#961,#962,#963,#964,#965,#966,#967,#968,#969,#970,
#971,#972,#973,#974,#975,#976,#977,#978,#979,#980,#981,#982),(#983,#984,
#985,#986,#987,#988,#989,#990,#991,#992,#993,#994,#995,#996,#997,#998,#999,
#1000,#1001,#1002,#1003,#1004,#1005,#1006,#1007,#1008,#1009,#1010,#1011,
#1012,#1013),(#1014,#1015,#1016,#1017,#1018,#1019,#1020,#1021,#1022,#1023,
#1024,#1025,#1026,#1027,#1028,#1029,#1030,#1031,#1032,#1033,#1034,#1035,
#1036,#1037,#1038,#1039,#1040,#1041,#1042,#1043,#1044),(#1045,#1046,#1047,
#1048,#1049,#1050,#1051,#1052,#1053,#1054,#1055,#1056,#1057,#1058,#1059,
#1060,#1061,#1062,#1063,#1064,#1065,#1066,#1067,#1068,#1069,#1070,#1071,
#1072,#1073,#1074,#1075),(#1076,#1077,#1078,#1079,#1080,#1081,#1082,#1083,
#1084,#1085,#1086,#1087,#1088,#1089,#1090,#1091,#1092,#1093,#1094,#1095,
#1096,#1097,#1098,#1099,#1100,#1101,#1102,#1103,#1104,#1105,#1106),(#1107,
#1108,#1109,#1110,#1111,#1112,#1113,#1114,#1115,#1116,#1117,#1118,#1119,
#1120,#1121,#1122,#1123,#1124,#1125,#1126,#1127,#1128,#1129,#1130,#1131,
#1132,#1133,#1134,#1135,#1136,#1137),(#1138,#1139,#1140,#1141,#1142,#1143,
#1144,#1145,#1146,#1147,#1148,#1149,#1150,#1151,#1152,#1153,#1154,#1155,
#1156,#1157,#1158,#1159,#1160,#1161,#1162,#1163,#1164,#1165,#1166,#1167,
#1168),(#1169,#1170,#1171,#1172,#1173,#1174,#1175,#1176,#1177,#1178,#1179,
#1180,#1181,#1182,#1183,#1184,#1185,#1186,#1187,#1188,#1189,#1190,#1191,
#1192,#1193,#1194,#1195,#1196,#1197,#1198,#1199),(#1200,#1201,#1202,#1203,
#1204,#1205,#1206,#1207,#1208,#1209,#1210,#1211,#1212,#1213,#1214,#1215,
#1216,#1217,#1218,#1219,#1220,#1221,#1222,#1223,#1224,#1225,#1226,#1227,
#1228,#1229,#1230)),.UNSPECIFIED.,.T.,.F.,.F.,(4,1,1,1,1,1,1,1,1,1,1,1,
1,1,4),(4,1,1,1,1,1,1,1,1,1,1,1,1,1,1,1,1,1,1,1,1,1,1,1,1,1,1,1,4),(-3.14159265358979,
-2.69279370307697,-2.24399475256414,-1.79519580205131,-1.34639685153848,
-1.0471975511966,-0.448798950512828,-0.149599650170943,0.448798950512828,
0.747998250854713,1.34639685153848,1.64559615188037,2.24399475256414,2.69279370307697,
3.14159265358979),(0.5,0.517857142857143,0.535714285714286,0.553571428571429,
0.571428571428571,0.595238095238095,0.619047619047619,0.642857142857143,
0.666666666666667,0.69047619047619,0.702380952380952,0.714285714285714,
0.738095238095238,0.75,0.761904761904762,0.773809523809524,0.785714285714286,
0.797619047619048,0.80952380952381,0.833333333333333,0.857142857142857,
0.869047619047619,0.880952380952381,0.904761904761905,0.928571428571429,
0.946428571428571,0.964285714285714,0.982142857142857,1.),.UNSPECIFIED.);
#61=B_SPLINE_SURFACE_WITH_KNOTS('',3,3,((#1262,#1263,#1264,#1265,#1266,
#1267,#1268,#1269,#1270,#1271,#1272,#1273,#1274,#1275,#1276,#1277,#1278,
#1279,#1280,#1281,#1282,#1283,#1284,#1285,#1286,#1287,#1288,#1289,#1290,
#1291),(#1292,#1293,#1294,#1295,#1296,#1297,#1298,#1299,#1300,#1301,#1302,
#1303,#1304,#1305,#1306,#1307,#1308,#1309,#1310,#1311,#1312,#1313,#1314,
#1315,#1316,#1317,#1318,#1319,#1320,#1321),(#1322,#1323,#1324,#1325,#1326,
#1327,#1328,#1329,#1330,#1331,#1332,#1333,#1334,#1335,#1336,#1337,#1338,
#1339,#1340,#1341,#1342,#1343,#1344,#1345,#1346,#1347,#1348,#1349,#1350,
#1351),(#1352,#1353,#1354,#1355,#1356,#1357,#1358,#1359,#1360,#1361,#1362,
#1363,#1364,#1365,#1366,#1367,#1368,#1369,#1370,#1371,#1372,#1373,#1374,
#1375,#1376,#1377,#1378,#1379,#1380,#1381),(#1382,#1383,#1384,#1385,#1386,
#1387,#1388,#1389,#1390,#1391,#1392,#1393,#1394,#1395,#1396,#1397,#1398,
#1399,#1400,#1401,#1402,#1403,#1404,#1405,#1406,#1407,#1408,#1409,#1410,
#1411),(#1412,#1413,#1414,#1415,#1416,#1417,#1418,#1419,#1420,#1421,#1422,
#1423,#1424,#1425,#1426,#1427,#1428,#1429,#1430,#1431,#1432,#1433,#1434,
#1435,#1436,#1437,#1438,#1439,#1440,#1441),(#1442,#1443,#1444,#1445,#1446,
#1447,#1448,#1449,#1450,#1451,#1452,#1453,#1454,#1455,#1456,#1457,#1458,
#1459,#1460,#1461,#1462,#1463,#1464,#1465,#1466,#1467,#1468,#1469,#1470,
#1471),(#1472,#1473,#1474,#1475,#1476,#1477,#1478,#1479,#1480,#1481,#1482,
#1483,#1484,#1485,#1486,#1487,#1488,#1489,#1490,#1491,#1492,#1493,#1494,
#1495,#1496,#1497,#1498,#1499,#1500,#1501),(#1502,#1503,#1504,#1505,#1506,
#1507,#1508,#1509,#1510,#1511,#1512,#1513,#1514,#1515,#1516,#1517,#1518,
#1519,#1520,#1521,#1522,#1523,#1524,#1525,#1526,#1527,#1528,#1529,#1530,
#1531),(#1532,#1533,#1534,#1535,#1536,#1537,#1538,#1539,#1540,#1541,#1542,
#1543,#1544,#1545,#1546,#1547,#1548,#1549,#1550,#1551,#1552,#1553,#1554,
#1555,#1556,#1557,#1558,#1559,#1560,#1561),(#1562,#1563,#1564,#1565,#1566,
#1567,#1568,#1569,#1570,#1571,#1572,#1573,#1574,#1575,#1576,#1577,#1578,
#1579,#1580,#1581,#1582,#1583,#1584,#1585,#1586,#1587,#1588,#1589,#1590,
#1591),(#1592,#1593,#1594,#1595,#1596,#1597,#1598,#1599,#1600,#1601,#1602,
#1603,#1604,#1605,#1606,#1607,#1608,#1609,#1610,#1611,#1612,#1613,#1614,
#1615,#1616,#1617,#1618,#1619,#1620,#1621),(#1622,#1623,#1624,#1625,#1626,
#1627,#1628,#1629,#1630,#1631,#1632,#1633,#1634,#1635,#1636,#1637,#1638,
#1639,#1640,#1641,#1642,#1643,#1644,#1645,#1646,#1647,#1648,#1649,#1650,
#1651),(#1652,#1653,#1654,#1655,#1656,#1657,#1658,#1659,#1660,#1661,#1662,
#1663,#1664,#1665,#1666,#1667,#1668,#1669,#1670,#1671,#1672,#1673,#1674,
#1675,#1676,#1677,#1678,#1679,#1680,#1681),(#1682,#1683,#1684,#1685,#1686,
#1687,#1688,#1689,#1690,#1691,#1692,#1693,#1694,#1695,#1696,#1697,#1698,
#1699,#1700,#1701,#1702,#1703,#1704,#1705,#1706,#1707,#1708,#1709,#1710,
#1711),(#1712,#1713,#1714,#1715,#1716,#1717,#1718,#1719,#1720,#1721,#1722,
#1723,#1724,#1725,#1726,#1727,#1728,#1729,#1730,#1731,#1732,#1733,#1734,
#1735,#1736,#1737,#1738,#1739,#1740,#1741),(#1742,#1743,#1744,#1745,#1746,
#1747,#1748,#1749,#1750,#1751,#1752,#1753,#1754,#1755,#1756,#1757,#1758,
#1759,#1760,#1761,#1762,#1763,#1764,#1765,#1766,#1767,#1768,#1769,#1770,
#1771)),.UNSPECIFIED.,.T.,.F.,.F.,(4,1,1,1,1,1,1,1,1,1,1,1,1,1,4),(4,1,
1,1,1,1,1,1,1,1,1,1,1,1,1,1,1,1,1,1,1,1,1,1,1,1,1,4),(-3.14159265358979,
-2.69279370307697,-2.24399475256414,-1.79519580205131,-1.34639685153848,
-1.0471975511966,-0.448798950512828,-0.149599650170943,0.448798950512828,
1.0471975511966,1.34639685153848,1.64559615188037,2.24399475256414,2.69279370307697,
3.14159265358979),(0.,0.0178571428571429,0.0357142857142857,0.0535714285714286,
0.0714285714285714,0.0873015873015873,0.0952380952380952,0.107142857142857,
0.119047619047619,0.130952380952381,0.142857142857143,0.166666666666667,
0.19047619047619,0.214285714285714,0.238095238095238,0.261904761904762,
0.285714285714286,0.309523809523809,0.333333333333333,0.357142857142857,
0.375,0.392857142857143,0.410714285714286,0.428571428571429,0.446428571428571,
0.464285714285714,0.482142857142857,0.5),.UNSPECIFIED.);
#62=B_SPLINE_SURFACE_WITH_KNOTS('',3,3,((#1806,#1807,#1808,#1809,#1810,
#1811,#1812,#1813,#1814,#1815,#1816,#1817,#1818,#1819,#1820,#1821,#1822,
#1823,#1824,#1825,#1826,#1827,#1828,#1829,#1830,#1831,#1832,#1833,#1834,
#1835,#1836,#1837,#1838,#1839),(#1840,#1841,#1842,#1843,#1844,#1845,#1846,
#1847,#1848,#1849,#1850,#1851,#1852,#1853,#1854,#1855,#1856,#1857,#1858,
#1859,#1860,#1861,#1862,#1863,#1864,#1865,#1866,#1867,#1868,#1869,#1870,
#1871,#1872,#1873),(#1874,#1875,#1876,#1877,#1878,#1879,#1880,#1881,#1882,
#1883,#1884,#1885,#1886,#1887,#1888,#1889,#1890,#1891,#1892,#1893,#1894,
#1895,#1896,#1897,#1898,#1899,#1900,#1901,#1902,#1903,#1904,#1905,#1906,
#1907),(#1908,#1909,#1910,#1911,#1912,#1913,#1914,#1915,#1916,#1917,#1918,
#1919,#1920,#1921,#1922,#1923,#1924,#1925,#1926,#1927,#1928,#1929,#1930,
#1931,#1932,#1933,#1934,#1935,#1936,#1937,#1938,#1939,#1940,#1941),(#1942,
#1943,#1944,#1945,#1946,#1947,#1948,#1949,#1950,#1951,#1952,#1953,#1954,
#1955,#1956,#1957,#1958,#1959,#1960,#1961,#1962,#1963,#1964,#1965,#1966,
#1967,#1968,#1969,#1970,#1971,#1972,#1973,#1974,#1975),(#1976,#1977,#1978,
#1979,#1980,#1981,#1982,#1983,#1984,#1985,#1986,#1987,#1988,#1989,#1990,
#1991,#1992,#1993,#1994,#1995,#1996,#1997,#1998,#1999,#2000,#2001,#2002,
#2003,#2004,#2005,#2006,#2007,#2008,#2009),(#2010,#2011,#2012,#2013,#2014,
#2015,#2016,#2017,#2018,#2019,#2020,#2021,#2022,#2023,#2024,#2025,#2026,
#2027,#2028,#2029,#2030,#2031,#2032,#2033,#2034,#2035,#2036,#2037,#2038,
#2039,#2040,#2041,#2042,#2043),(#2044,#2045,#2046,#2047,#2048,#2049,#2050,
#2051,#2052,#2053,#2054,#2055,#2056,#2057,#2058,#2059,#2060,#2061,#2062,
#2063,#2064,#2065,#2066,#2067,#2068,#2069,#2070,#2071,#2072,#2073,#2074,
#2075,#2076,#2077),(#2078,#2079,#2080,#2081,#2082,#2083,#2084,#2085,#2086,
#2087,#2088,#2089,#2090,#2091,#2092,#2093,#2094,#2095,#2096,#2097,#2098,
#2099,#2100,#2101,#2102,#2103,#2104,#2105,#2106,#2107,#2108,#2109,#2110,
#2111),(#2112,#2113,#2114,#2115,#2116,#2117,#2118,#2119,#2120,#2121,#2122,
#2123,#2124,#2125,#2126,#2127,#2128,#2129,#2130,#2131,#2132,#2133,#2134,
#2135,#2136,#2137,#2138,#2139,#2140,#2141,#2142,#2143,#2144,#2145),(#2146,
#2147,#2148,#2149,#2150,#2151,#2152,#2153,#2154,#2155,#2156,#2157,#2158,
#2159,#2160,#2161,#2162,#2163,#2164,#2165,#2166,#2167,#2168,#2169,#2170,
#2171,#2172,#2173,#2174,#2175,#2176,#2177,#2178,#2179),(#2180,#2181,#2182,
#2183,#2184,#2185,#2186,#2187,#2188,#2189,#2190,#2191,#2192,#2193,#2194,
#2195,#2196,#2197,#2198,#2199,#2200,#2201,#2202,#2203,#2204,#2205,#2206,
#2207,#2208,#2209,#2210,#2211,#2212,#2213),(#2214,#2215,#2216,#2217,#2218,
#2219,#2220,#2221,#2222,#2223,#2224,#2225,#2226,#2227,#2228,#2229,#2230,
#2231,#2232,#2233,#2234,#2235,#2236,#2237,#2238,#2239,#2240,#2241,#2242,
#2243,#2244,#2245,#2246,#2247),(#2248,#2249,#2250,#2251,#2252,#2253,#2254,
#2255,#2256,#2257,#2258,#2259,#2260,#2261,#2262,#2263,#2264,#2265,#2266,
#2267,#2268,#2269,#2270,#2271,#2272,#2273,#2274,#2275,#2276,#2277,#2278,
#2279,#2280,#2281),(#2282,#2283,#2284,#2285,#2286,#2287,#2288,#2289,#2290,
#2291,#2292,#2293,#2294,#2295,#2296,#2297,#2298,#2299,#2300,#2301,#2302,
#2303,#2304,#2305,#2306,#2307,#2308,#2309,#2310,#2311,#2312,#2313,#2314,
#2315),(#2316,#2317,#2318,#2319,#2320,#2321,#2322,#2323,#2324,#2325,#2326,
#2327,#2328,#2329,#2330,#2331,#2332,#2333,#2334,#2335,#2336,#2337,#2338,
#2339,#2340,#2341,#2342,#2343,#2344,#2345,#2346,#2347,#2348,#2349),(#2350,
#2351,#2352,#2353,#2354,#2355,#2356,#2357,#2358,#2359,#2360,#2361,#2362,
#2363,#2364,#2365,#2366,#2367,#2368,#2369,#2370,#2371,#2372,#2373,#2374,
#2375,#2376,#2377,#2378,#2379,#2380,#2381,#2382,#2383)),.UNSPECIFIED.,.T.,
 .F.,.F.,(4,1,1,1,1,1,1,1,1,1,1,1,1,1,4),(4,1,1,1,1,1,1,1,1,1,1,1,1,1,1,
1,1,1,1,1,1,1,1,1,1,1,1,1,1,1,1,4),(-3.14159265358979,-2.69279370307697,
-2.24399475256414,-1.79519580205131,-1.34639685153848,-1.0471975511966,
-0.448798950512828,-0.149599650170943,0.448798950512828,1.0471975511966,
1.34639685153848,1.64559615188037,2.24399475256414,2.69279370307697,3.14159265358979),
(0.5,0.517857142857143,0.535714285714286,0.553571428571429,0.571428571428571,
0.595238095238095,0.619047619047619,0.642857142857143,0.666666666666667,
0.69047619047619,0.702380952380952,0.714285714285714,0.732142857142857,
0.738095238095238,0.761904761904762,0.773809523809524,0.776785714285714,
0.785714285714286,0.80952380952381,0.833333333333333,0.839285714285714,
0.857142857142857,0.869047619047619,0.880952380952381,0.904761904761905,
0.928571428571429,0.933035714285714,0.946428571428571,0.964285714285714,
0.982142857142857,0.986607142857143,1.),.UNSPECIFIED.);
#63=ADVANCED_FACE('',(#17),#59,.T.);
#64=ADVANCED_FACE('',(#18),#60,.T.);
#65=ADVANCED_FACE('',(#19),#61,.F.);
#66=ADVANCED_FACE('',(#20),#62,.F.);
#67=CLOSED_SHELL('',(#63,#64));
#68=CLOSED_SHELL('',(#65,#66));
#69=BREP_WITH_VOIDS('Body4',#67,(#14));
#70=DERIVED_UNIT_ELEMENT(#72,1.);
#71=DERIVED_UNIT_ELEMENT(#2423,-3.);
#72=(
MASS_UNIT()
NAMED_UNIT(*)
SI_UNIT(.KILO.,.GRAM.)
);
#73=DERIVED_UNIT((#70,#71));
#74=MEASURE_REPRESENTATION_ITEM('density measure',
POSITIVE_RATIO_MEASURE(7850.),#73);
#75=PROPERTY_DEFINITION_REPRESENTATION(#80,#77);
#76=PROPERTY_DEFINITION_REPRESENTATION(#81,#78);
#77=REPRESENTATION('material name',(#79),#2420);
#78=REPRESENTATION('density',(#74),#2420);
#79=DESCRIPTIVE_REPRESENTATION_ITEM('Steel','Steel');
#80=PROPERTY_DEFINITION('material property','material name',#2430);
#81=PROPERTY_DEFINITION('material property','density of part',#2430);
#82=AXIS2_PLACEMENT_3D('',#91,#85,#86);
#83=AXIS2_PLACEMENT_3D('',#1773,#87,#88);
#84=AXIS2_PLACEMENT_3D('',#1805,#89,#90);
#85=DIRECTION('axis',(0.,0.,1.));
#86=DIRECTION('refdir',(1.,0.,0.));
#87=DIRECTION('center_axis',(-0.143478529259696,-0.969810430677436,0.197184279775851));
#88=DIRECTION('ref_axis',(0.741460155993638,0.0266260470213469,0.670468411406463));
#89=DIRECTION('center_axis',(-0.449354853715904,-0.863836354066792,-0.22774320809752));
#90=DIRECTION('ref_axis',(0.887149554339499,-0.461482034574725,0.));
#91=CARTESIAN_POINT('',(0.,0.,0.));
#92=CARTESIAN_POINT('Ctrl Pts',(32.5500979273142,-25.3860776818095,10.2782080346063));
#93=CARTESIAN_POINT('Ctrl Pts',(32.0727033501752,-29.1298712107192,10.9548267573635));
#94=CARTESIAN_POINT('Ctrl Pts',(30.5032248008227,-36.5370562415742,11.6827524897429));
#95=CARTESIAN_POINT('Ctrl Pts',(26.5526914241939,-46.8230690740996,10.8463412625716));
#96=CARTESIAN_POINT('Ctrl Pts',(21.3597123510265,-55.5455706650393,8.27790542956463));
#97=CARTESIAN_POINT('Ctrl Pts',(15.6247615222052,-61.7802043182079,4.55601743889329));
#98=CARTESIAN_POINT('Ctrl Pts',(10.7947399328901,-64.8812959387742,1.04410652768405));
#99=CARTESIAN_POINT('Ctrl Pts',(6.64485480920384,-66.3826863944203,-2.10657743054462));
#100=CARTESIAN_POINT('Ctrl Pts',(2.92621167356866,-66.8714730918417,-4.96648115827705));
#101=CARTESIAN_POINT('Ctrl Pts',(-1.34548958634125,-66.2761266972857,-8.23963787551579));
#102=CARTESIAN_POINT('Ctrl Pts',(-5.75072901355203,-64.4519625049455,-11.5273424767252));
#103=CARTESIAN_POINT('Ctrl Pts',(-11.7188312202632,-60.2820831088685,-15.7295358710965));
#104=CARTESIAN_POINT('Ctrl Pts',(-18.9784920098536,-51.7747738134578,-20.1668076210544));
#105=CARTESIAN_POINT('Ctrl Pts',(-25.8927610450302,-37.4911348842992,-22.545665797147));
#106=CARTESIAN_POINT('Ctrl Pts',(-29.8371736543831,-21.1851473632401,-21.1493908421095));
#107=CARTESIAN_POINT('Ctrl Pts',(-30.095159124595,-4.74450679594133,-16.1257757485681));
#108=CARTESIAN_POINT('Ctrl Pts',(-26.3615751250958,10.4992494199174,-8.65461443629865));
#109=CARTESIAN_POINT('Ctrl Pts',(-18.7272729085153,23.5980711658808,-0.473063287283695));
#110=CARTESIAN_POINT('Ctrl Pts',(-9.60896422682761,32.2243676536407,5.36738662288233));
#111=CARTESIAN_POINT('Ctrl Pts',(-1.13478474490025,37.6303772817061,8.73243007359464));
#112=CARTESIAN_POINT('Ctrl Pts',(7.93819729166105,42.0274362042839,11.0937859132362));
#113=CARTESIAN_POINT('Ctrl Pts',(18.8645651964936,45.2570434321531,11.8614815057033));
#114=CARTESIAN_POINT('Ctrl Pts',(30.7980404061908,46.4824968143009,10.245439946036));
#115=CARTESIAN_POINT('Ctrl Pts',(40.5082843158839,45.7349348030946,7.18572960175221));
#116=CARTESIAN_POINT('Ctrl Pts',(48.4148259685757,43.2606120036955,3.02493488595427));
#117=CARTESIAN_POINT('Ctrl Pts',(53.1372696265975,40.0046997058726,-0.869095343421745));
#118=CARTESIAN_POINT('Ctrl Pts',(55.8194818609277,36.7405297104018,-4.0735109712638));
#119=CARTESIAN_POINT('Ctrl Pts',(57.7878858819424,32.9992235357543,-7.31704818743236));
#120=CARTESIAN_POINT('Ctrl Pts',(58.9048493189371,27.3419748936675,-11.449083838596));
#121=CARTESIAN_POINT('Ctrl Pts',(57.7765064702601,18.9119682178943,-16.1278658824423));
#122=CARTESIAN_POINT('Ctrl Pts',(55.2493490104223,12.5661828297387,-18.5964475591549));
#123=CARTESIAN_POINT('Ctrl Pts',(53.5753658468643,9.34813032442095,-19.558472460606));
#124=CARTESIAN_POINT('Ctrl Pts',(33.9719563882906,-25.9118951058168,8.72667937326634));
#125=CARTESIAN_POINT('Ctrl Pts',(33.507435196524,-29.6512655883071,9.4135574503542));
#126=CARTESIAN_POINT('Ctrl Pts',(31.9642828733319,-37.0486692445794,10.1629524053292));
#127=CARTESIAN_POINT('Ctrl Pts',(28.0484054880433,-47.3437455510806,9.36389385018156));
#128=CARTESIAN_POINT('Ctrl Pts',(22.8670074726343,-56.1166074126812,6.82584987111537));
#129=CARTESIAN_POINT('Ctrl Pts',(17.0972853393922,-62.4434992536832,3.10652008531884));
#130=CARTESIAN_POINT('Ctrl Pts',(12.1822011632376,-65.635572542343,-0.444836665779295));
#131=CARTESIAN_POINT('Ctrl Pts',(7.91859289088605,-67.2060410097707,-3.65901533565376));
#132=CARTESIAN_POINT('Ctrl Pts',(4.06931280172255,-67.736847673059,-6.59778171507948));
#133=CARTESIAN_POINT('Ctrl Pts',(-0.377901631203895,-67.1464565383748,-9.9792771279764));
#134=CARTESIAN_POINT('Ctrl Pts',(-4.97225627129707,-65.2777864274168,-13.3803335770025));
#135=CARTESIAN_POINT('Ctrl Pts',(-11.1903278691674,-60.9834974847847,-17.7236356043871));
#136=CARTESIAN_POINT('Ctrl Pts',(-18.7392120130582,-52.2189630086702,-22.2952191378887));
#137=CARTESIAN_POINT('Ctrl Pts',(-25.9292105218975,-37.5155893135768,-24.7342285448549));
#138=CARTESIAN_POINT('Ctrl Pts',(-30.0565938780511,-20.7300845426006,-23.2786810302595));
#139=CARTESIAN_POINT('Ctrl Pts',(-30.3804384599419,-3.85568016314277,-18.0978794804445));
#140=CARTESIAN_POINT('Ctrl Pts',(-26.6284771278244,11.6916779332503,-10.4536846577514));
#141=CARTESIAN_POINT('Ctrl Pts',(-18.9511495391575,24.9659484938198,-2.14373065648628));
#142=CARTESIAN_POINT('Ctrl Pts',(-9.82023182519131,33.6595311678569,3.75456583144568));
#143=CARTESIAN_POINT('Ctrl Pts',(-1.36159191597742,39.0959731432326,7.14936991222812));
#144=CARTESIAN_POINT('Ctrl Pts',(7.6832692320365,43.5157253519929,9.53616485706781));
#145=CARTESIAN_POINT('Ctrl Pts',(18.5716854036868,46.772074761793,10.3365410616972));
#146=CARTESIAN_POINT('Ctrl Pts',(30.5051469557353,48.0381187386338,8.76217604984383));
#147=CARTESIAN_POINT('Ctrl Pts',(40.2683414816367,47.3231408730229,5.72728225122921));
#148=CARTESIAN_POINT('Ctrl Pts',(48.2926127695026,44.8533143636441,1.55513162244101));
#149=CARTESIAN_POINT('Ctrl Pts',(53.1574746406803,41.5439391897952,-2.40066791933247));
#150=CARTESIAN_POINT('Ctrl Pts',(55.9530027128214,38.1849174253993,-5.68793524085291));
#151=CARTESIAN_POINT('Ctrl Pts',(58.0215288244965,34.3137508726666,-9.0315484286132));
#152=CARTESIAN_POINT('Ctrl Pts',(59.2223004208649,28.4346873859419,-13.3062721823334));
#153=CARTESIAN_POINT('Ctrl Pts',(58.0977847333965,19.6864893144702,-18.1388434546699));
#154=CARTESIAN_POINT('Ctrl Pts',(55.516718157019,13.1160154208376,-20.6812097055909));
#155=CARTESIAN_POINT('Ctrl Pts',(53.8033469301286,9.78639942541032,-21.6706636106184));
#156=CARTESIAN_POINT('Ctrl Pts',(37.5491908057273,-26.9369791813357,6.28794086796965));
#157=CARTESIAN_POINT('Ctrl Pts',(37.0945175861702,-30.7393232161464,7.01581308273624));
#158=CARTESIAN_POINT('Ctrl Pts',(35.560891924902,-38.2610360094081,7.83754761032009));
#159=CARTESIAN_POINT('Ctrl Pts',(31.6111015947455,-48.7866293993399,7.11720884338518));
#160=CARTESIAN_POINT('Ctrl Pts',(26.3121199069487,-57.8572491516527,4.60191484965925));
#161=CARTESIAN_POINT('Ctrl Pts',(20.2964302193372,-64.5334354961239,0.808408197942746));
#162=CARTESIAN_POINT('Ctrl Pts',(15.0340164862647,-68.004606361969,-2.92103693274885));
#163=CARTESIAN_POINT('Ctrl Pts',(10.3746719285608,-69.7603963242628,-6.36173393393355));
#164=CARTESIAN_POINT('Ctrl Pts',(6.11172454431333,-70.3857701499412,-9.55178835819039));
#165=CARTESIAN_POINT('Ctrl Pts',(1.14698595045962,-69.7733500454819,-13.2510309648681));
#166=CARTESIAN_POINT('Ctrl Pts',(-3.9701452117335,-67.748756019835,-16.9614304574846));
#167=CARTESIAN_POINT('Ctrl Pts',(-10.848230328552,-63.0869527155496,-21.6691883131777));
#168=CARTESIAN_POINT('Ctrl Pts',(-19.1095100006639,-53.63898641942,-26.5555258032012));
#169=CARTESIAN_POINT('Ctrl Pts',(-26.9451423750072,-37.8941014708766,-29.108356799728));
#170=CARTESIAN_POINT('Ctrl Pts',(-31.4831949328002,-19.9564915110979,-27.481051144987));
#171=CARTESIAN_POINT('Ctrl Pts',(-31.9372915695083,-2.02983625164501,-21.8921456186719));
#172=CARTESIAN_POINT('Ctrl Pts',(-28.0985537203277,14.2984203967372,-13.7775597704805));
#173=CARTESIAN_POINT('Ctrl Pts',(-20.2281068243185,28.0820061614641,-5.06947313583532));
#174=CARTESIAN_POINT('Ctrl Pts',(-10.9251963509703,37.0292099057057,1.06229624260346));
#175=CARTESIAN_POINT('Ctrl Pts',(-2.34142834806399,42.6077988465407,4.59720441510805));
#176=CARTESIAN_POINT('Ctrl Pts',(6.82434518691818,47.1401414199428,7.09929876289919));
#177=CARTESIAN_POINT('Ctrl Pts',(17.8624518714035,50.4965536039717,8.00303528528453));
#178=CARTESIAN_POINT('Ctrl Pts',(30.059608551968,51.847892181667,6.50057553077066));
#179=CARTESIAN_POINT('Ctrl Pts',(40.1726527815357,51.1592198979616,3.46275842925121));
#180=CARTESIAN_POINT('Ctrl Pts',(48.6690923079468,48.6053943185403,-0.830857972167587));
#181=CARTESIAN_POINT('Ctrl Pts',(53.9908759027706,45.0534982423759,-5.02909176389576));
#182=CARTESIAN_POINT('Ctrl Pts',(57.1143771051547,41.3636984401769,-8.58730317470206));
#183=CARTESIAN_POINT('Ctrl Pts',(59.4549512499373,37.0775958126793,-12.235430054758));
#184=CARTESIAN_POINT('Ctrl Pts',(60.8515478838243,30.5522300106378,-16.9065334268357));
#185=CARTESIAN_POINT('Ctrl Pts',(59.6971080613336,20.9500244293663,-22.1301322153987));
#186=CARTESIAN_POINT('Ctrl Pts',(56.9579213883472,13.8130902276461,-24.8434825769822));
#187=CARTESIAN_POINT('Ctrl Pts',(55.1374915162575,10.2059174989284,-25.8942771992043));
#188=CARTESIAN_POINT('Ctrl Pts',(44.0517775067543,-28.0906319527768,5.34545744541832));
#189=CARTESIAN_POINT('Ctrl Pts',(43.5620316492616,-32.180255868558,6.18285794792144));
#190=CARTESIAN_POINT('Ctrl Pts',(41.9058191117561,-40.2861026328326,7.17747460283917));
#191=CARTESIAN_POINT('Ctrl Pts',(37.6041805626062,-51.7228733870057,6.5618199468967));
#192=CARTESIAN_POINT('Ctrl Pts',(31.7399476269361,-61.7417651135115,3.95900957797844));
#193=CARTESIAN_POINT('Ctrl Pts',(24.8968849382551,-69.3314666888788,-0.162373046312854));
#194=CARTESIAN_POINT('Ctrl Pts',(18.6879071019253,-73.4277359707847,-4.40136159544018));
#195=CARTESIAN_POINT('Ctrl Pts',(13.0559599188183,-75.5449454161052,-8.40814740024231));
#196=CARTESIAN_POINT('Ctrl Pts',(7.83848228819897,-76.3157864408401,-12.1801313746386));
#197=CARTESIAN_POINT('Ctrl Pts',(1.75993572832706,-75.5819589745621,-16.5596370838825));
#198=CARTESIAN_POINT('Ctrl Pts',(-4.41905529671916,-73.1705542636536,-20.8889368600795));
#199=CARTESIAN_POINT('Ctrl Pts',(-12.5651995296345,-67.7158300564841,-26.2785011464765));
#200=CARTESIAN_POINT('Ctrl Pts',(-22.0940020679585,-56.9333043309796,-31.6843576538058));
#201=CARTESIAN_POINT('Ctrl Pts',(-30.9872444089816,-39.337391680702,-34.3562106072666));
#202=CARTESIAN_POINT('Ctrl Pts',(-36.1527567682241,-19.4359604651334,-32.3629025671918));
#203=CARTESIAN_POINT('Ctrl Pts',(-36.7612160427942,0.309163626412334,-26.0048986001784));
#204=CARTESIAN_POINT('Ctrl Pts',(-32.6671790124482,18.0927155531383,-16.954844199577));
#205=CARTESIAN_POINT('Ctrl Pts',(-24.2429516408389,32.9679716749075,-7.34401359248322));
#206=CARTESIAN_POINT('Ctrl Pts',(-14.2898739560342,42.5790697235787,-0.577643083029777));
#207=CARTESIAN_POINT('Ctrl Pts',(-5.09275015247423,48.568969312975,3.36374644213131));
#208=CARTESIAN_POINT('Ctrl Pts',(4.74631962863355,53.4370418784357,6.19624157610322));
#209=CARTESIAN_POINT('Ctrl Pts',(16.640526477884,57.0515207599949,7.336484150271));
#210=CARTESIAN_POINT('Ctrl Pts',(29.9468222654799,58.5173965314851,5.88638551680964));
#211=CARTESIAN_POINT('Ctrl Pts',(41.2045716023585,57.7430284337377,2.68788753566026));
#212=CARTESIAN_POINT('Ctrl Pts',(50.9793410026689,54.8083212829385,-2.04740719484667));
#213=CARTESIAN_POINT('Ctrl Pts',(57.3656009163835,50.557241996454,-6.89308258165251));
#214=CARTESIAN_POINT('Ctrl Pts',(61.1841832216073,46.0512575996823,-11.0888125226898));
#215=CARTESIAN_POINT('Ctrl Pts',(64.0646611777287,40.8065070561327,-15.4119208013634));
#216=CARTESIAN_POINT('Ctrl Pts',(65.7837436822846,32.893911034191,-20.893403945099));
#217=CARTESIAN_POINT('Ctrl Pts',(64.4838147784354,21.6165171392891,-26.8364009491106));
#218=CARTESIAN_POINT('Ctrl Pts',(61.4073534872298,13.4410421491684,-29.8298103320069));
#219=CARTESIAN_POINT('Ctrl Pts',(59.3751621433508,9.34057771213361,-30.9732690512229));
#220=CARTESIAN_POINT('Ctrl Pts',(50.4127700996128,-28.6329867928994,7.30648842220509));
#221=CARTESIAN_POINT('Ctrl Pts',(49.844650602185,-33.1480136616334,8.28047089512621));
#222=CARTESIAN_POINT('Ctrl Pts',(47.9550824091094,-42.1196318703462,9.47939378830799));
#223=CARTESIAN_POINT('Ctrl Pts',(43.0703210559609,-54.8554522726056,8.93535066126267));
#224=CARTESIAN_POINT('Ctrl Pts',(36.3636806950046,-66.1384177789557,6.14090170356994));
#225=CARTESIAN_POINT('Ctrl Pts',(28.3983701262722,-74.8521580331391,1.53978659174191));
#226=CARTESIAN_POINT('Ctrl Pts',(21.0019917965048,-79.6580508923392,-3.3520420350008));
#227=CARTESIAN_POINT('Ctrl Pts',(14.2058764152015,-82.1504302381918,-8.04220197867518));
#228=CARTESIAN_POINT('Ctrl Pts',(7.88734380861351,-83.0417144394666,-12.4871979703768));
#229=CARTESIAN_POINT('Ctrl Pts',(0.572703199742349,-82.1215711854519,-17.6192199517327));
#230=CARTESIAN_POINT('Ctrl Pts',(-6.73737317291654,-79.2458154299812,-22.6011476523551));
#231=CARTESIAN_POINT('Ctrl Pts',(-16.1830863858959,-72.9100239474991,-28.6751039133425));
#232=CARTESIAN_POINT('Ctrl Pts',(-26.9250716557709,-60.7485132556479,-34.5445514012687));
#233=CARTESIAN_POINT('Ctrl Pts',(-36.7578251412852,-41.3731500957998,-37.2595947109293));
#234=CARTESIAN_POINT('Ctrl Pts',(-42.4391373533454,-19.6578563727236,-34.8637550891777));
#235=CARTESIAN_POINT('Ctrl Pts',(-43.1295750520403,1.78887478687993,-27.7295415890018));
#236=CARTESIAN_POINT('Ctrl Pts',(-38.705617585438,21.0278806926554,-17.6965188285015));
#237=CARTESIAN_POINT('Ctrl Pts',(-29.5723550130771,37.1061219122761,-7.05478278653235));
#238=CARTESIAN_POINT('Ctrl Pts',(-18.7059049774546,47.5333211571236,0.505672261537444));
#239=CARTESIAN_POINT('Ctrl Pts',(-8.5876758587062,54.0533595577543,4.97168386612368));
#240=CARTESIAN_POINT('Ctrl Pts',(2.28598966673042,59.3586104499305,8.2277954605212));
#241=CARTESIAN_POINT('Ctrl Pts',(15.5000710381082,63.2893091012281,9.64033221450484));
#242=CARTESIAN_POINT('Ctrl Pts',(30.4109302020088,64.8339633416167,8.17668714964585));
#243=CARTESIAN_POINT('Ctrl Pts',(43.2119505395504,63.8659101815445,4.69255116481821));
#244=CARTESIAN_POINT('Ctrl Pts',(54.5838628198884,60.3706550677321,-0.657434409603436));
#245=CARTESIAN_POINT('Ctrl Pts',(62.2051259791263,55.2227029169007,-6.30748929017627));
#246=CARTESIAN_POINT('Ctrl Pts',(66.7868568085592,49.7387208452904,-11.2483898168243));
#247=CARTESIAN_POINT('Ctrl Pts',(70.2341897586044,43.3847514293073,-16.3339997036464));
#248=CARTESIAN_POINT('Ctrl Pts',(72.2400733913824,33.9406738808946,-22.6820996739755));
#249=CARTESIAN_POINT('Ctrl Pts',(70.7211797706875,20.9209966192302,-29.3365122674108));
#250=CARTESIAN_POINT('Ctrl Pts',(67.2719117175502,11.7250170988858,-32.5766025410108));
#251=CARTESIAN_POINT('Ctrl Pts',(65.0175670999279,7.1495193392407,-33.7954220491118));
#252=CARTESIAN_POINT('Ctrl Pts',(54.8018226675793,-28.4739220178407,11.282451851906));
#253=CARTESIAN_POINT('Ctrl Pts',(54.1397693492068,-33.4125130491494,12.377026774408));
#254=CARTESIAN_POINT('Ctrl Pts',(51.9842563691646,-43.2505197270992,13.7481192021298));
#255=CARTESIAN_POINT('Ctrl Pts',(46.4790960796836,-57.2526454675984,13.2246853997709));
#256=CARTESIAN_POINT('Ctrl Pts',(38.9271033249879,-69.7136744578362,10.2011761024404));
#257=CARTESIAN_POINT('Ctrl Pts',(29.9017725770467,-79.4123179632917,5.12399833592864));
#258=CARTESIAN_POINT('Ctrl Pts',(21.4491433797565,-84.7963558782728,-0.358005416419299));
#259=CARTESIAN_POINT('Ctrl Pts',(13.6591832941258,-87.5661069844348,-5.6358290896422));
#260=CARTESIAN_POINT('Ctrl Pts',(6.42871005069478,-88.5205813478592,-10.639263306083));
#261=CARTESIAN_POINT('Ctrl Pts',(-1.86910323774244,-87.4106807435121,-16.3678080572503));
#262=CARTESIAN_POINT('Ctrl Pts',(-10.0434502256146,-84.1367602003155,-21.8425732499972));
#263=CARTESIAN_POINT('Ctrl Pts',(-20.4372896175597,-77.0990601474339,-28.4033132051096));
#264=CARTESIAN_POINT('Ctrl Pts',(-31.9955209290208,-63.9168152793289,-34.5529970700639));
#265=CARTESIAN_POINT('Ctrl Pts',(-42.3893017882853,-43.3452666359584,-37.2317277867647));
#266=CARTESIAN_POINT('Ctrl Pts',(-48.337068199189,-20.4764933528633,-34.5177297344008));
#267=CARTESIAN_POINT('Ctrl Pts',(-49.0221275548255,2.0734664892551,-26.8274261137762));
#268=CARTESIAN_POINT('Ctrl Pts',(-44.2972855915263,22.3436885574597,-16.0556958932475));
#269=CARTESIAN_POINT('Ctrl Pts',(-34.5225731360375,39.3765807261127,-4.56811018645865));
#270=CARTESIAN_POINT('Ctrl Pts',(-22.7724520067355,50.5193170725906,3.69821460968861));
#271=CARTESIAN_POINT('Ctrl Pts',(-11.7284153232494,57.5202067753229,8.64043496777799));
#272=CARTESIAN_POINT('Ctrl Pts',(0.200069883615759,63.225666607945,12.2796900546581));
#273=CARTESIAN_POINT('Ctrl Pts',(14.7637502711271,67.4318834144722,13.9167127895457));
#274=CARTESIAN_POINT('Ctrl Pts',(31.2549589430153,69.0004582919389,12.3848216055379));
#275=CARTESIAN_POINT('Ctrl Pts',(45.5034631536287,67.7984187419765,8.58678751744265));
#276=CARTESIAN_POINT('Ctrl Pts',(58.2929573550879,63.7449142042625,2.64664554103222));
#277=CARTESIAN_POINT('Ctrl Pts',(66.9421275696856,57.7839928373926,-3.7138276636814));
#278=CARTESIAN_POINT('Ctrl Pts',(72.1248079779069,51.4635396739086,-9.27798075382129));
#279=CARTESIAN_POINT('Ctrl Pts',(75.997412290213,44.1904418765377,-14.9810935686591));
#280=CARTESIAN_POINT('Ctrl Pts',(78.1759075571794,33.5300935038784,-21.994640980152));
#281=CARTESIAN_POINT('Ctrl Pts',(76.4373546500898,19.2159019521665,-29.1463786874704));
#282=CARTESIAN_POINT('Ctrl Pts',(72.6932934868053,9.30932841518477,-32.533446562327));
#283=CARTESIAN_POINT('Ctrl Pts',(70.2727337913883,4.41445736599432,-33.7901033253081));
#284=CARTESIAN_POINT('Ctrl Pts',(57.7813254899943,-27.7289139349138,17.1146170425289));
#285=CARTESIAN_POINT('Ctrl Pts',(57.0076242747794,-33.1119210324786,18.3230428748513));
#286=CARTESIAN_POINT('Ctrl Pts',(54.5482719968493,-43.8579817466882,19.8492409492213));
#287=CARTESIAN_POINT('Ctrl Pts',(48.3622890560493,-59.162799410873,19.3063258114255));
#288=CARTESIAN_POINT('Ctrl Pts',(39.9218501417103,-72.7891896534602,16.0120927848787));
#289=CARTESIAN_POINT('Ctrl Pts',(29.8368846985988,-83.4068373451659,10.438951203316));
#290=CARTESIAN_POINT('Ctrl Pts',(20.3831060399614,-89.2899953870355,4.38853389381541));
#291=CARTESIAN_POINT('Ctrl Pts',(11.6873120191228,-92.2715278236527,-1.42905842768807));
#292=CARTESIAN_POINT('Ctrl Pts',(3.65594527912902,-93.2451524251415,-6.92433879712769));
#293=CARTESIAN_POINT('Ctrl Pts',(-5.46851577814675,-91.9330307670094,-13.1524329863501));
#294=CARTESIAN_POINT('Ctrl Pts',(-14.3299313495791,-88.2954067202658,-19.0130581636822));
#295=CARTESIAN_POINT('Ctrl Pts',(-25.4316417679115,-80.6666796094786,-25.9231882542236));
#296=CARTESIAN_POINT('Ctrl Pts',(-37.5149496384163,-66.7116406343162,-32.2146359038627));
#297=CARTESIAN_POINT('Ctrl Pts',(-48.1862738883937,-45.3620586527766,-34.7891323598818));
#298=CARTESIAN_POINT('Ctrl Pts',(-54.2084235803155,-21.8267358262039,-31.8107935891763));
#299=CARTESIAN_POINT('Ctrl Pts',(-54.8148245010422,1.3881852457955,-23.7170649076459));
#300=CARTESIAN_POINT('Ctrl Pts',(-49.7985834715358,22.393049397679,-12.370113118845));
#301=CARTESIAN_POINT('Ctrl Pts',(-39.4065821053509,40.2208138761826,-0.147682093255576));
#302=CARTESIAN_POINT('Ctrl Pts',(-26.7551375916144,52.0304141145229,8.78615634470635));
#303=CARTESIAN_POINT('Ctrl Pts',(-14.7336910959897,59.4965798614708,14.1896394443559));
#304=CARTESIAN_POINT('Ctrl Pts',(-1.68059089100206,65.5919056528157,18.1981029860715));
#305=CARTESIAN_POINT('Ctrl Pts',(14.3235197014095,70.0544512702496,20.0319983762767));
#306=CARTESIAN_POINT('Ctrl Pts',(32.4521990732097,71.6031138786607,18.3833959899661));
#307=CARTESIAN_POINT('Ctrl Pts',(48.1435121538695,70.1228501362148,14.2326809535007));
#308=CARTESIAN_POINT('Ctrl Pts',(62.2720572019532,65.4861140493934,7.69344505752664));
#309=CARTESIAN_POINT('Ctrl Pts',(71.8295293065401,58.7419265746778,0.664837597183945));
#310=CARTESIAN_POINT('Ctrl Pts',(77.5105755389825,51.6584935870906,-5.45447020164967));
#311=CARTESIAN_POINT('Ctrl Pts',(81.713934424211,43.5751526918916,-11.6878434191576));
#312=CARTESIAN_POINT('Ctrl Pts',(83.9784730024862,31.8995421954654,-19.2334251480539));
#313=CARTESIAN_POINT('Ctrl Pts',(82.0075279573117,16.5940242419458,-26.7311209932485));
#314=CARTESIAN_POINT('Ctrl Pts',(78.0167640946873,6.20006485826686,-30.1883339568167));
#315=CARTESIAN_POINT('Ctrl Pts',(75.4670704603448,1.09656370494947,-31.4540654089526));
#316=CARTESIAN_POINT('Ctrl Pts',(57.9228942658554,-26.5471812022737,23.0297377177816));
#317=CARTESIAN_POINT('Ctrl Pts',(57.0580593136563,-32.2318329255151,24.3005683676461));
#318=CARTESIAN_POINT('Ctrl Pts',(54.3601009329722,-43.5983023107867,25.9018415975552));
#319=CARTESIAN_POINT('Ctrl Pts',(47.673677543477,-59.7609882316163,25.2967568584096));
#320=CARTESIAN_POINT('Ctrl Pts',(38.6239987946564,-74.1004063937492,21.781860490604));
#321=CARTESIAN_POINT('Ctrl Pts',(27.8754957825384,-85.211963315808,15.8737342305392));
#322=CARTESIAN_POINT('Ctrl Pts',(17.8640854796724,-91.3097965949252,9.49538912420728));
#323=CARTESIAN_POINT('Ctrl Pts',(8.71314849329219,-94.3421936072065,3.40104129955837));
#324=CARTESIAN_POINT('Ctrl Pts',(0.316527553254481,-95.2740140626094,-2.32008015751347));
#325=CARTESIAN_POINT('Ctrl Pts',(-9.12982846137391,-93.8205666637652,-8.73968468483132));
#326=CARTESIAN_POINT('Ctrl Pts',(-18.204271255349,-89.9981923234694,-14.7104431750818));
#327=CARTESIAN_POINT('Ctrl Pts',(-29.4522626833177,-82.137748990261,-21.6696349046638));
#328=CARTESIAN_POINT('Ctrl Pts',(-41.5127020058935,-67.9993202267347,-27.8818293014708));
#329=CARTESIAN_POINT('Ctrl Pts',(-52.0104845303627,-46.6778588572692,-30.308869530668));
#330=CARTESIAN_POINT('Ctrl Pts',(-57.8441689318513,-23.3210874427215,-27.2310308984371));
#331=CARTESIAN_POINT('Ctrl Pts',(-58.3129060740641,-0.226332679224729,-19.0729514779476));
#332=CARTESIAN_POINT('Ctrl Pts',(-53.1255784077797,20.8732178865759,-7.56754498471842));
#333=CARTESIAN_POINT('Ctrl Pts',(-42.3768964569062,39.0050084924136,4.97893104568866));
#334=CARTESIAN_POINT('Ctrl Pts',(-29.1386571212796,51.1732035485476,14.2837372573443));
#335=CARTESIAN_POINT('Ctrl Pts',(-16.4454331062496,58.9097392972086,19.9557080394838));
#336=CARTESIAN_POINT('Ctrl Pts',(-2.6052046655103,65.2357200494938,24.1773866231833));
#337=CARTESIAN_POINT('Ctrl Pts',(14.4106817962683,69.8342150974665,26.0998354676707));
#338=CARTESIAN_POINT('Ctrl Pts',(33.6339119011674,71.3166671399349,24.319093719582));
#339=CARTESIAN_POINT('Ctrl Pts',(50.2183371464868,69.6078922691443,19.9005607251947));
#340=CARTESIAN_POINT('Ctrl Pts',(65.088720250326,64.5753081297329,12.9759239376667));
#341=CARTESIAN_POINT('Ctrl Pts',(75.0675907635205,57.3770290084102,5.58139178119599));
#342=CARTESIAN_POINT('Ctrl Pts',(80.9333619677734,49.9084423818284,-0.800019142193056));
#343=CARTESIAN_POINT('Ctrl Pts',(85.2267886165659,41.4542206373663,-7.25638238568917));
#344=CARTESIAN_POINT('Ctrl Pts',(87.440478297238,29.3881300347732,-14.9720931455407));
#345=CARTESIAN_POINT('Ctrl Pts',(85.3101550072499,13.8353225105578,-22.5006160877829));
#346=CARTESIAN_POINT('Ctrl Pts',(81.2256948050133,3.40624912085406,-25.9098838684525));
#347=CARTESIAN_POINT('Ctrl Pts',(78.6414438645823,-1.69052223364584,-27.1458532468315));
#348=CARTESIAN_POINT('Ctrl Pts',(54.9357304188001,-24.7924078995106,29.4866600368836));
#349=CARTESIAN_POINT('Ctrl Pts',(53.9951748686287,-30.6453556388961,30.768215519104));
#350=CARTESIAN_POINT('Ctrl Pts',(51.1146212246851,-42.3598687301817,32.3627140960937));
#351=CARTESIAN_POINT('Ctrl Pts',(44.089815274283,-58.9548707458045,31.6443246578976));
#352=CARTESIAN_POINT('Ctrl Pts',(34.6941284202966,-73.5614215070135,27.9476659678425));
#353=CARTESIAN_POINT('Ctrl Pts',(23.6707879846173,-84.7344257840614,21.8574824683518));
#354=CARTESIAN_POINT('Ctrl Pts',(13.5489062252506,-90.7492779894976,15.3914171805693));
#355=CARTESIAN_POINT('Ctrl Pts',(4.40350594061784,-93.6595175380178,9.28824903594832));
#356=CARTESIAN_POINT('Ctrl Pts',(-3.90421759293137,-94.4787821249615,3.61802612666282));
#357=CARTESIAN_POINT('Ctrl Pts',(-13.1417281355004,-92.9402198634797,-2.66887103016756));
#358=CARTESIAN_POINT('Ctrl Pts',(-21.9211110802115,-89.1163827339999,-8.45347596599702));
#359=CARTESIAN_POINT('Ctrl Pts',(-32.7074623844001,-81.4020651803256,-15.1344118978717));
#360=CARTESIAN_POINT('Ctrl Pts',(-44.133638492508,-67.7204556334257,-21.0157699072473));
#361=CARTESIAN_POINT('Ctrl Pts',(-53.9460473810853,-47.3182653249618,-23.2356529885637));
#362=CARTESIAN_POINT('Ctrl Pts',(-59.2863947663908,-25.088287220379,-20.2330504092658));
#363=CARTESIAN_POINT('Ctrl Pts',(-59.5409647828561,-2.99102398606266,-12.3797881168258));
#364=CARTESIAN_POINT('Ctrl Pts',(-54.3030765120643,17.5042555597293,-1.16375271659988));
#365=CARTESIAN_POINT('Ctrl Pts',(-43.4592506744695,35.4187515652848,11.2769433472207));
#366=CARTESIAN_POINT('Ctrl Pts',(-29.9389528589035,47.631127985255,20.6526748444684));
#367=CARTESIAN_POINT('Ctrl Pts',(-16.8585650389235,55.4444246695166,26.4018382184666));
#368=CARTESIAN_POINT('Ctrl Pts',(-2.54322120079004,61.8430204512608,30.6810047863129));
#369=CARTESIAN_POINT('Ctrl Pts',(15.0874307429363,66.4554699410732,32.5796485319659));
#370=CARTESIAN_POINT('Ctrl Pts',(34.8873622341517,67.8156026913344,30.6395355422968));
#371=CARTESIAN_POINT('Ctrl Pts',(51.8279541954271,65.9161820015717,26.0264404512109));
#372=CARTESIAN_POINT('Ctrl Pts',(66.8356017361823,60.6652796512383,18.9232215038195));
#373=CARTESIAN_POINT('Ctrl Pts',(76.7296853488299,53.3428115780206,11.4689446011354));
#374=CARTESIAN_POINT('Ctrl Pts',(82.4485252773841,45.8758120510683,5.12808479428262));
#375=CARTESIAN_POINT('Ctrl Pts',(86.5736023313913,37.5061716185926,-1.22999940962693));
#376=CARTESIAN_POINT('Ctrl Pts',(88.5801086983676,25.7118800457354,-8.72810836940087));
#377=CARTESIAN_POINT('Ctrl Pts',(86.357733443225,10.7143282571381,-15.9415834439686));
#378=CARTESIAN_POINT('Ctrl Pts',(82.3402325113062,0.750252493104173,-19.16695438055));
#379=CARTESIAN_POINT('Ctrl Pts',(79.8227162159686,-4.10244042512698,-20.3281212707552));
#380=CARTESIAN_POINT('Ctrl Pts',(50.3605082855135,-23.3707384418512,33.1497498486794));
#381=CARTESIAN_POINT('Ctrl Pts',(49.3989655815648,-29.1708507748631,34.3845862599771));
#382=CARTESIAN_POINT('Ctrl Pts',(46.4854482269499,-40.7814730239681,35.8934953280382));
#383=CARTESIAN_POINT('Ctrl Pts',(39.4591911776042,-57.15891042148,35.0689072094107));
#384=CARTESIAN_POINT('Ctrl Pts',(30.1595582122384,-71.4482037224183,31.3232894365628));
#385=CARTESIAN_POINT('Ctrl Pts',(19.3921504726135,-82.2180628699683,25.2981325045723));
#386=CARTESIAN_POINT('Ctrl Pts',(9.66483828833572,-87.8947693910518,19.0304408851982));
#387=CARTESIAN_POINT('Ctrl Pts',(0.984345783005732,-90.5725052428271,13.1918789480901));
#388=CARTESIAN_POINT('Ctrl Pts',(-6.82587207175262,-91.266722166968,7.82335040111954));
#389=CARTESIAN_POINT('Ctrl Pts',(-15.4302602454558,-89.7435047211853,1.92570336548952));
#390=CARTESIAN_POINT('Ctrl Pts',(-23.5585219409571,-86.1027214795262,-3.47232551951093));
#391=CARTESIAN_POINT('Ctrl Pts',(-33.5127795508051,-78.8378446954872,-9.69091606998729));
#392=CARTESIAN_POINT('Ctrl Pts',(-44.0214611218949,-66.0173852398673,-15.1609424467868));
#393=CARTESIAN_POINT('Ctrl Pts',(-52.9904843696143,-46.9519464648993,-17.2212487496568));
#394=CARTESIAN_POINT('Ctrl Pts',(-57.7872146921801,-26.2154844585799,-14.429897594334));
#395=CARTESIAN_POINT('Ctrl Pts',(-57.8618425543302,-5.47837645023296,-7.09362942732392));
#396=CARTESIAN_POINT('Ctrl Pts',(-52.7199088159561,14.024930798914,3.53408035703798));
#397=CARTESIAN_POINT('Ctrl Pts',(-42.0914783965096,31.3128503641157,15.493442682832));
#398=CARTESIAN_POINT('Ctrl Pts',(-28.739211746791,43.2319826635098,24.6031501302306));
#399=CARTESIAN_POINT('Ctrl Pts',(-15.7576088758177,50.8880152794292,30.1975571371857));
#400=CARTESIAN_POINT('Ctrl Pts',(-1.52559559412422,57.1632635652746,34.3483810668582));
#401=CARTESIAN_POINT('Ctrl Pts',(16.0046099219487,61.6600142661476,36.1227852738674));
#402=CARTESIAN_POINT('Ctrl Pts',(35.5651242113502,62.9048471698629,34.0784842138826));
#403=CARTESIAN_POINT('Ctrl Pts',(52.1391159459131,60.9512171031982,29.4448854901434));
#404=CARTESIAN_POINT('Ctrl Pts',(66.6082178862206,55.7724707016412,22.4625222302982));
#405=CARTESIAN_POINT('Ctrl Pts',(75.954637479022,48.7201804698707,15.2859747430531));
#406=CARTESIAN_POINT('Ctrl Pts',(81.2702028206835,41.6417257456704,9.26817072608948));
#407=CARTESIAN_POINT('Ctrl Pts',(85.0550472501281,33.7696194878027,3.27966760495577));
#408=CARTESIAN_POINT('Ctrl Pts',(86.8054092759165,22.769336683358,-3.72532185907583));
#409=CARTESIAN_POINT('Ctrl Pts',(84.6064262996644,8.84378591031975,-10.4403425560393));
#410=CARTESIAN_POINT('Ctrl Pts',(80.7825268888596,-0.395816776799965,-13.4412912560805));
#411=CARTESIAN_POINT('Ctrl Pts',(78.3988350231353,-4.89269891074885,-14.5212217142244));
#412=CARTESIAN_POINT('Ctrl Pts',(43.3290508531147,-22.0130213133232,34.7110561686005));
#413=CARTESIAN_POINT('Ctrl Pts',(42.3972283944403,-27.5291224168728,35.8328128722538));
#414=CARTESIAN_POINT('Ctrl Pts',(39.5942252890824,-38.5639647763605,37.1610671921145));
#415=CARTESIAN_POINT('Ctrl Pts',(32.903190199863,-54.032425192683,36.2171501600372));
#416=CARTESIAN_POINT('Ctrl Pts',(24.1600100655291,-67.3594948204653,32.546054780974));
#417=CARTESIAN_POINT('Ctrl Pts',(14.2279771316692,-77.1847258687274,26.845352607588));
#418=CARTESIAN_POINT('Ctrl Pts',(5.47541864394337,-82.2035934901041,21.0999130020416));
#419=CARTESIAN_POINT('Ctrl Pts',(-2.19212442786862,-84.4940639899482,15.8498525008815));
#420=CARTESIAN_POINT('Ctrl Pts',(-9.00164312481069,-85.026829056227,11.0912120840685));
#421=CARTESIAN_POINT('Ctrl Pts',(-16.4278787755762,-83.6222764502763,5.91361236986762));
#422=CARTESIAN_POINT('Ctrl Pts',(-23.425189664402,-80.383759626494,1.17613626735898));
#423=CARTESIAN_POINT('Ctrl Pts',(-32.0183142600271,-73.9572969604874,-4.30788299881072));
#424=CARTESIAN_POINT('Ctrl Pts',(-41.1528806799005,-62.5650283900699,-9.20814579140521));
#425=CARTESIAN_POINT('Ctrl Pts',(-48.9600124956223,-45.5085037041671,-11.1261773266911));
#426=CARTESIAN_POINT('Ctrl Pts',(-53.059686306141,-26.916039665518,-8.72226204779281));
#427=CARTESIAN_POINT('Ctrl Pts',(-52.9548071758971,-8.16012018108826,-2.2137094663551));
#428=CARTESIAN_POINT('Ctrl Pts',(-48.0737549589185,9.77459789310998,7.41463048262849));
#429=CARTESIAN_POINT('Ctrl Pts',(-38.0127443047224,25.9082525872984,18.4256505687022));
#430=CARTESIAN_POINT('Ctrl Pts',(-25.3109320624763,37.1412141051284,26.8818756925252));
#431=CARTESIAN_POINT('Ctrl Pts',(-12.9329216463278,44.3760318817322,32.0600878316029));
#432=CARTESIAN_POINT('Ctrl Pts',(0.641325705123696,50.3085543132449,35.8723236019616));
#433=CARTESIAN_POINT('Ctrl Pts',(17.3365649580609,54.5379644480067,37.3984207890147));
#434=CARTESIAN_POINT('Ctrl Pts',(35.795667119945,55.6526085595845,35.2853154847379));
#435=CARTESIAN_POINT('Ctrl Pts',(51.2104326345348,53.7707833835381,30.8012999790039));
#436=CARTESIAN_POINT('Ctrl Pts',(64.3624826269505,48.9683202077939,24.2622262282412));
#437=CARTESIAN_POINT('Ctrl Pts',(72.5940606069287,42.6318285863923,17.7536850986934));
#438=CARTESIAN_POINT('Ctrl Pts',(77.1730732264746,36.4028877264649,12.403023140826));
#439=CARTESIAN_POINT('Ctrl Pts',(80.3808985054228,29.5360932838155,7.12587119378831));
#440=CARTESIAN_POINT('Ctrl Pts',(81.7774649162787,20.0026868331808,0.98316656095348));
#441=CARTESIAN_POINT('Ctrl Pts',(79.7218669711939,7.86994187631398,-4.95513041762068));
#442=CARTESIAN_POINT('Ctrl Pts',(76.2552400453887,-0.248487286155986,-7.64879439239492));
#443=CARTESIAN_POINT('Ctrl Pts',(74.0980286953393,-4.20983397575225,-8.62552605885835));
#444=CARTESIAN_POINT('Ctrl Pts',(37.4807494841346,-21.4208720553212,33.3679817994797));
#445=CARTESIAN_POINT('Ctrl Pts',(36.6139326125544,-26.5691264695436,34.3689584885022));
#446=CARTESIAN_POINT('Ctrl Pts',(34.0077526573706,-36.8546558664289,35.5151508910841));
#447=CARTESIAN_POINT('Ctrl Pts',(27.814938925827,-51.1939554964905,34.5006842663465));
#448=CARTESIAN_POINT('Ctrl Pts',(19.8003109518366,-63.4125611524693,30.988989572344));
#449=CARTESIAN_POINT('Ctrl Pts',(10.8504435606267,-72.2412152843217,25.7041244984885));
#450=CARTESIAN_POINT('Ctrl Pts',(3.14768482428017,-76.6235518723981,20.5341268421302));
#451=CARTESIAN_POINT('Ctrl Pts',(-3.48415699569799,-78.5728690336467,15.8912717906713));
#452=CARTESIAN_POINT('Ctrl Pts',(-9.3080544865046,-78.9914811271618,11.7347663336779));
#453=CARTESIAN_POINT('Ctrl Pts',(-15.6219843321617,-77.7474342338779,7.23464428898224));
#454=CARTESIAN_POINT('Ctrl Pts',(-21.5941808743369,-74.9220750708624,3.08953109553577));
#455=CARTESIAN_POINT('Ctrl Pts',(-29.0026016187866,-69.2883635464332,-1.76843091333617));
#456=CARTESIAN_POINT('Ctrl Pts',(-37.0165566946562,-59.1529529098336,-6.23512838540127));
#457=CARTESIAN_POINT('Ctrl Pts',(-43.9450607942661,-43.7364513046683,-8.10168036860315));
#458=CARTESIAN_POINT('Ctrl Pts',(-47.5549694648896,-26.8284951715562,-6.06072869916867));
#459=CARTESIAN_POINT('Ctrl Pts',(-47.3634426387253,-9.6491303182866,-0.26163837146113));
#460=CARTESIAN_POINT('Ctrl Pts',(-42.772955483551,6.95314585965118,8.47417282747809));
#461=CARTESIAN_POINT('Ctrl Pts',(-33.3370108361592,22.0017724307132,18.5609362171733));
#462=CARTESIAN_POINT('Ctrl Pts',(-21.4308970685306,32.5107286531381,26.3146166657764));
#463=CARTESIAN_POINT('Ctrl Pts',(-9.84819781724415,39.2787587575969,31.031023390156));
#464=CARTESIAN_POINT('Ctrl Pts',(2.83497817729045,44.8267387778466,34.4698957350715));
#465=CARTESIAN_POINT('Ctrl Pts',(18.3935992515596,48.7757254095617,35.7523159124215));
#466=CARTESIAN_POINT('Ctrl Pts',(35.4602079317344,49.8126903131034,33.641357767181));
#467=CARTESIAN_POINT('Ctrl Pts',(49.5241591604567,48.0915763271055,29.3995202749081));
#468=CARTESIAN_POINT('Ctrl Pts',(61.2630940367811,43.7746699318659,23.3964724574975));
#469=CARTESIAN_POINT('Ctrl Pts',(68.3902607229986,38.2289625230414,17.6001753888744));
#470=CARTESIAN_POINT('Ctrl Pts',(72.2812829667567,32.8701523701953,12.9148772797433));
#471=CARTESIAN_POINT('Ctrl Pts',(74.9744341225407,26.9952879185975,8.32205238516651));
#472=CARTESIAN_POINT('Ctrl Pts',(76.1026092689217,18.8423336057255,2.96438795357123));
#473=CARTESIAN_POINT('Ctrl Pts',(74.2358482951441,8.29436424481472,-2.32125401205045));
#474=CARTESIAN_POINT('Ctrl Pts',(71.1047588780935,1.11401838506495,-4.78336487724452));
#475=CARTESIAN_POINT('Ctrl Pts',(69.1492024882589,-2.40985962426929,-5.68846461699606));
#476=CARTESIAN_POINT('Ctrl Pts',(31.7043779646549,-21.4826961305031,28.8608125461233));
#477=CARTESIAN_POINT('Ctrl Pts',(30.9502457098367,-26.1089923349172,29.71020959203));
#478=CARTESIAN_POINT('Ctrl Pts',(28.6644088473252,-35.3291419093742,30.6381425696504));
#479=CARTESIAN_POINT('Ctrl Pts',(23.227527659815,-48.1038644692086,29.588293496822));
#480=CARTESIAN_POINT('Ctrl Pts',(16.2521236196803,-58.8565579768686,26.3511388145764));
#481=CARTESIAN_POINT('Ctrl Pts',(8.61793361687584,-66.4467846005463,21.6525403680796));
#482=CARTESIAN_POINT('Ctrl Pts',(2.24008063462582,-70.0924281608191,17.2208882508225));
#483=CARTESIAN_POINT('Ctrl Pts',(-3.13539465894008,-71.6813880563954,13.3199793071409));
#484=CARTESIAN_POINT('Ctrl Pts',(-7.80120833747327,-72.0113141930405,9.8725283678905));
#485=CARTESIAN_POINT('Ctrl Pts',(-12.8561086684977,-71.0001682948835,6.13681202172615));
#486=CARTESIAN_POINT('Ctrl Pts',(-17.7139688057672,-68.677478415153,2.62870674492183));
#487=CARTESIAN_POINT('Ctrl Pts',(-23.8879254694439,-63.9422549678881,-1.592148854662));
#488=CARTESIAN_POINT('Ctrl Pts',(-30.8231551050754,-55.1301774953956,-5.67941721328575));
#489=CARTESIAN_POINT('Ctrl Pts',(-36.9888909889533,-41.2978890111479,-7.57566131288604));
#490=CARTESIAN_POINT('Ctrl Pts',(-40.2232724327058,-25.9353495994962,-5.9422804510907));
#491=CARTESIAN_POINT('Ctrl Pts',(-40.0220059925344,-10.2277501324796,-0.869824227277813));
#492=CARTESIAN_POINT('Ctrl Pts',(-35.8071410131589,5.02406581316373,6.91003392342557));
#493=CARTESIAN_POINT('Ctrl Pts',(-27.1732959142672,18.8513886767003,15.9208186543501));
#494=CARTESIAN_POINT('Ctrl Pts',(-16.3596514522052,28.4611025339563,22.7893161897275));
#495=CARTESIAN_POINT('Ctrl Pts',(-5.91579709636082,34.6276780320608,26.9101042689616));
#496=CARTESIAN_POINT('Ctrl Pts',(5.47306318441342,39.6760701179762,29.8696740979322));
#497=CARTESIAN_POINT('Ctrl Pts',(19.3769070371571,43.278055239125,30.8665409534577));
#498=CARTESIAN_POINT('Ctrl Pts',(34.4947300024642,44.2750548699376,28.8291157957769));
#499=CARTESIAN_POINT('Ctrl Pts',(46.7585391073842,42.8339791181886,24.9681018080988));
#500=CARTESIAN_POINT('Ctrl Pts',(56.7191741052186,39.2041666784425,19.6958712733912));
#501=CARTESIAN_POINT('Ctrl Pts',(62.541972073804,34.674535625697,14.7916327894982));
#502=CARTESIAN_POINT('Ctrl Pts',(65.6621805760712,30.3725118466968,10.8969592794991));
#503=CARTESIAN_POINT('Ctrl Pts',(67.8046853887736,25.6655769543162,7.09214081012813));
#504=CARTESIAN_POINT('Ctrl Pts',(68.6989883575721,19.0688918331539,2.59149501931914));
#505=CARTESIAN_POINT('Ctrl Pts',(67.1027740880501,10.1997674680515,-2.04120833965445));
#506=CARTESIAN_POINT('Ctrl Pts',(64.3498049690526,3.95199493584735,-4.3040450951151));
#507=CARTESIAN_POINT('Ctrl Pts',(62.6096915736278,0.851341812867976,-5.15533516783355));
#508=CARTESIAN_POINT('Ctrl Pts',(28.6384252656892,-22.2512247681658,22.8500622243713));
#509=CARTESIAN_POINT('Ctrl Pts',(27.999196007725,-26.4203128971128,23.5823714319111));
#510=CARTESIAN_POINT('Ctrl Pts',(26.0270579368345,-34.7046539034376,24.3509167482388));
#511=CARTESIAN_POINT('Ctrl Pts',(21.2917009192618,-46.1380135487412,23.321479019544));
#512=CARTESIAN_POINT('Ctrl Pts',(15.2316798699782,-55.6905247657511,20.3633366377778));
#513=CARTESIAN_POINT('Ctrl Pts',(8.68919882776312,-62.334394932038,16.1757022088976));
#514=CARTESIAN_POINT('Ctrl Pts',(3.34203259289367,-65.4663202413355,12.3291559800248));
#515=CARTESIAN_POINT('Ctrl Pts',(-1.10171959888273,-66.8376347181908,8.98344380946522));
#516=CARTESIAN_POINT('Ctrl Pts',(-4.94285508092599,-67.1478560870992,6.04233282358169));
#517=CARTESIAN_POINT('Ctrl Pts',(-9.14766624818659,-66.3448681506428,2.82030378948373));
#518=CARTESIAN_POINT('Ctrl Pts',(-13.2982506183725,-64.3964875938813,-0.29069825511544));
#519=CARTESIAN_POINT('Ctrl Pts',(-18.7442873644409,-60.2691263638155,-4.15233136192312));
#520=CARTESIAN_POINT('Ctrl Pts',(-25.1381872263812,-52.2531391080178,-8.09351941330949));
#521=CARTESIAN_POINT('Ctrl Pts',(-31.0187071038622,-39.2205215583547,-10.0970258152975));
#522=CARTESIAN_POINT('Ctrl Pts',(-34.1769371695378,-24.5434908079572,-8.73578652963321));
#523=CARTESIAN_POINT('Ctrl Pts',(-34.0566110749051,-9.51980683243511,-4.07823084010856));
#524=CARTESIAN_POINT('Ctrl Pts',(-30.1420243815339,4.97648620170182,3.10985101816328));
#525=CARTESIAN_POINT('Ctrl Pts',(-22.1440958782118,17.9850141671459,11.3639843128773));
#526=CARTESIAN_POINT('Ctrl Pts',(-12.2593286305739,26.907782113947,17.54498365555));
#527=CARTESIAN_POINT('Ctrl Pts',(-2.82145373775673,32.5956592415194,21.1912350511778));
#528=CARTESIAN_POINT('Ctrl Pts',(7.40945504663381,37.2427148076653,23.7707729735387));
#529=CARTESIAN_POINT('Ctrl Pts',(19.8296097512346,40.5810124235905,24.5651688813341));
#530=CARTESIAN_POINT('Ctrl Pts',(33.2606011207782,41.5986527896743,22.6480034748578));
#531=CARTESIAN_POINT('Ctrl Pts',(44.0394682504179,40.4442896089513,19.1502127149576));
#532=CARTESIAN_POINT('Ctrl Pts',(52.6209440563545,37.415334629065,14.4949496605402));
#533=CARTESIAN_POINT('Ctrl Pts',(57.50857238479,33.6924621665143,10.2786755037262));
#534=CARTESIAN_POINT('Ctrl Pts',(60.1160758920334,30.1754952932341,6.95513493791174));
#535=CARTESIAN_POINT('Ctrl Pts',(61.9184070538077,26.3020919569937,3.69574790320651));
#536=CARTESIAN_POINT('Ctrl Pts',(62.7239028621911,20.7509477532871,-0.257081356175172));
#537=CARTESIAN_POINT('Ctrl Pts',(61.3666283952324,12.9017176907787,-4.53386889002155));
#538=CARTESIAN_POINT('Ctrl Pts',(58.8671845507051,7.15628987007943,-6.72407402191923));
#539=CARTESIAN_POINT('Ctrl Pts',(57.2597787598758,4.26987163419126,-7.56612516192679));
#540=CARTESIAN_POINT('Ctrl Pts',(29.0240649932465,-23.7844794278983,15.5896693442353));
#541=CARTESIAN_POINT('Ctrl Pts',(28.4925844234433,-27.6115580008822,16.2555038030496));
#542=CARTESIAN_POINT('Ctrl Pts',(26.7990225033764,-35.1932712915549,16.9474706962853));
#543=CARTESIAN_POINT('Ctrl Pts',(22.6408868774546,-45.6630556457886,16.0023080238179));
#544=CARTESIAN_POINT('Ctrl Pts',(17.271794888572,-54.4313525207221,13.304488783987));
#545=CARTESIAN_POINT('Ctrl Pts',(11.4636131958209,-60.5540627568338,9.49533603757551));
#546=CARTESIAN_POINT('Ctrl Pts',(6.71242138680064,-63.478963957424,6.00338335451138));
#547=CARTESIAN_POINT('Ctrl Pts',(2.7384873461304,-64.8193657238751,2.94552345274182));
#548=CARTESIAN_POINT('Ctrl Pts',(-0.741150571577743,-65.1929437989866,0.228715356985411));
#549=CARTESIAN_POINT('Ctrl Pts',(-4.65013395803067,-64.5512564860147,-2.81880694202846));
#550=CARTESIAN_POINT('Ctrl Pts',(-8.63321461929423,-62.7941945738736,-5.84917212604694));
#551=CARTESIAN_POINT('Ctrl Pts',(-14.0101434079424,-58.8805116663356,-9.70958760534282));
#552=CARTESIAN_POINT('Ctrl Pts',(-20.5410460356141,-50.9725378735546,-13.7917557207855));
#553=CARTESIAN_POINT('Ctrl Pts',(-26.7230598861967,-37.7473018378584,-15.9846620233474));
#554=CARTESIAN_POINT('Ctrl Pts',(-30.163825972062,-22.6850137211561,-14.7128101687585));
#555=CARTESIAN_POINT('Ctrl Pts',(-30.2238811763147,-7.35949387335371,-10.0674891829461));
#556=CARTESIAN_POINT('Ctrl Pts',(-26.4948856952147,7.14648998688661,-2.99165383971166));
#557=CARTESIAN_POINT('Ctrl Pts',(-18.8820827154818,19.8796490811138,4.94654371846667));
#558=CARTESIAN_POINT('Ctrl Pts',(-9.65334518744795,28.4240950044191,10.7316544293076));
#559=CARTESIAN_POINT('Ctrl Pts',(-0.979027871049565,33.8186545503978,14.0864531915963));
#560=CARTESIAN_POINT('Ctrl Pts',(8.35370686622789,38.2143307212663,16.4353325655917));
#561=CARTESIAN_POINT('Ctrl Pts',(19.6189984726164,41.4095002814645,17.1423314130325));
#562=CARTESIAN_POINT('Ctrl Pts',(31.8166284729707,42.5173185945657,15.3901221404531));
#563=CARTESIAN_POINT('Ctrl Pts',(41.608657077829,41.6330309138386,12.2038048749253));
#564=CARTESIAN_POINT('Ctrl Pts',(49.3994672932495,39.0519202528905,7.97860177231042));
#565=CARTESIAN_POINT('Ctrl Pts',(53.866856740701,35.8203134159175,4.15109263701164));
#566=CARTESIAN_POINT('Ctrl Pts',(56.3095665404507,32.7013324497276,1.09137990173454));
#567=CARTESIAN_POINT('Ctrl Pts',(58.0487526400081,29.1964225394279,-1.95488173439412));
#568=CARTESIAN_POINT('Ctrl Pts',(58.9439500241945,24.0001856242464,-5.77077022680014));
#569=CARTESIAN_POINT('Ctrl Pts',(57.7679907307702,16.3076841832616,-10.0718489226743));
#570=CARTESIAN_POINT('Ctrl Pts',(55.3536273819452,10.5153153761025,-12.3445908836113));
#571=CARTESIAN_POINT('Ctrl Pts',(53.7701197860193,7.57856532277424,-13.2307274380187));
#572=CARTESIAN_POINT('Ctrl Pts',(31.1282394663378,-24.8602602578021,11.8297366959462));
#573=CARTESIAN_POINT('Ctrl Pts',(30.6380145596548,-28.6080893090986,12.4959441956358));
#574=CARTESIAN_POINT('Ctrl Pts',(29.0416251264774,-36.0254882758281,13.2021392148391));
#575=CARTESIAN_POINT('Ctrl Pts',(25.0561213298702,-46.3021877983963,12.3280671128086));
#576=CARTESIAN_POINT('Ctrl Pts',(19.851235625966,-54.9742435755505,9.72906076273915));
#577=CARTESIAN_POINT('Ctrl Pts',(14.1506307559625,-61.1164610296029,6.00441842676776));
#578=CARTESIAN_POINT('Ctrl Pts',(9.40597302402996,-64.1262126452633,2.53219342859359));
#579=CARTESIAN_POINT('Ctrl Pts',(5.37089223588294,-65.5580311874171,-0.554354883401979));
#580=CARTESIAN_POINT('Ctrl Pts',(1.7828858484559,-66.0047081956104,-3.33527061585204));
#581=CARTESIAN_POINT('Ctrl Pts',(-2.31210842648484,-65.4044451256309,-6.49933172849522));
#582=CARTESIAN_POINT('Ctrl Pts',(-6.52812525162262,-63.6248844106564,-9.67348762621615));
#583=CARTESIAN_POINT('Ctrl Pts',(-12.2452287200412,-59.5801588189733,-13.7339891475739));
#584=CARTESIAN_POINT('Ctrl Pts',(-19.217092831117,-51.328978722764,-18.0372934399113));
#585=CARTESIAN_POINT('Ctrl Pts',(-25.8551715003537,-37.4665430332813,-20.3561446613802));
#586=CARTESIAN_POINT('Ctrl Pts',(-29.6164747733543,-21.6404372209806,-19.0191794624971));
#587=CARTESIAN_POINT('Ctrl Pts',(-29.8089944526376,-5.63388955835716,-14.1533106029023));
#588=CARTESIAN_POINT('Ctrl Pts',(-26.0937348631093,9.30534224072525,-6.85575701190017));
#589=CARTESIAN_POINT('Ctrl Pts',(-18.5026245750655,22.2295266177882,1.19742205161085));
#590=CARTESIAN_POINT('Ctrl Pts',(-9.39661284744256,30.7889292160054,6.98018157328643));
#591=CARTESIAN_POINT('Ctrl Pts',(-0.907436559168181,36.1641261688854,10.3150300949642));
#592=CARTESIAN_POINT('Ctrl Pts',(8.19338854402773,40.5384025901303,12.6507969756223));
#593=CARTESIAN_POINT('Ctrl Pts',(19.1578102454549,43.7410497220776,13.3855924555707));
#594=CARTESIAN_POINT('Ctrl Pts',(31.0915106395151,44.9258298809528,11.7278450609516));
#595=CARTESIAN_POINT('Ctrl Pts',(40.747978195619,44.1454528277315,8.64325374021352));
#596=CARTESIAN_POINT('Ctrl Pts',(48.5368009944644,41.6663842211746,4.49380799918698));
#597=CARTESIAN_POINT('Ctrl Pts',(53.1166038153469,38.4636999146469,0.661584679639466));
#598=CARTESIAN_POINT('Ctrl Pts',(55.6849366711359,35.2949936853876,-2.4594265286854));
#599=CARTESIAN_POINT('Ctrl Pts',(57.552744901174,31.6843740725337,-5.60225989444962));
#600=CARTESIAN_POINT('Ctrl Pts',(58.5861221324115,26.2485849823409,-9.59169866178536));
#601=CARTESIAN_POINT('Ctrl Pts',(57.4543487365887,18.1376020578402,-14.1164082393048));
#602=CARTESIAN_POINT('Ctrl Pts',(54.9816794956653,12.0156437057052,-16.5118203667494));
#603=CARTESIAN_POINT('Ctrl Pts',(53.3473847636,8.90986122343158,-17.4462813105935));
#604=CARTESIAN_POINT('Ctrl Pts',(32.5500979273142,-25.3860776818095,10.2782080346063));
#605=CARTESIAN_POINT('Ctrl Pts',(32.0727033501752,-29.1298712107192,10.9548267573635));
#606=CARTESIAN_POINT('Ctrl Pts',(30.5032248008227,-36.5370562415742,11.6827524897429));
#607=CARTESIAN_POINT('Ctrl Pts',(26.5526914241939,-46.8230690740996,10.8463412625716));
#608=CARTESIAN_POINT('Ctrl Pts',(21.3597123510265,-55.5455706650393,8.27790542956463));
#609=CARTESIAN_POINT('Ctrl Pts',(15.6247615222052,-61.7802043182079,4.5560174388933));
#610=CARTESIAN_POINT('Ctrl Pts',(10.7947399328901,-64.8812959387742,1.04410652768406));
#611=CARTESIAN_POINT('Ctrl Pts',(6.64485480920384,-66.3826863944203,-2.10657743054462));
#612=CARTESIAN_POINT('Ctrl Pts',(2.92621167356865,-66.8714730918417,-4.96648115827704));
#613=CARTESIAN_POINT('Ctrl Pts',(-1.34548958634125,-66.2761266972857,-8.23963787551578));
#614=CARTESIAN_POINT('Ctrl Pts',(-5.75072901355202,-64.4519625049455,-11.5273424767252));
#615=CARTESIAN_POINT('Ctrl Pts',(-11.7188312202632,-60.2820831088685,-15.7295358710965));
#616=CARTESIAN_POINT('Ctrl Pts',(-18.9784920098536,-51.7747738134578,-20.1668076210544));
#617=CARTESIAN_POINT('Ctrl Pts',(-25.8927610450302,-37.4911348842992,-22.545665797147));
#618=CARTESIAN_POINT('Ctrl Pts',(-29.8371736543831,-21.1851473632401,-21.1493908421095));
#619=CARTESIAN_POINT('Ctrl Pts',(-30.095159124595,-4.74450679594134,-16.1257757485681));
#620=CARTESIAN_POINT('Ctrl Pts',(-26.3615751250958,10.4992494199174,-8.65461443629865));
#621=CARTESIAN_POINT('Ctrl Pts',(-18.7272729085153,23.5980711658808,-0.473063287283692));
#622=CARTESIAN_POINT('Ctrl Pts',(-9.60896422682761,32.2243676536407,5.36738662288233));
#623=CARTESIAN_POINT('Ctrl Pts',(-1.13478474490025,37.6303772817061,8.73243007359464));
#624=CARTESIAN_POINT('Ctrl Pts',(7.93819729166105,42.0274362042839,11.0937859132362));
#625=CARTESIAN_POINT('Ctrl Pts',(18.8645651964936,45.2570434321531,11.8614815057033));
#626=CARTESIAN_POINT('Ctrl Pts',(30.7980404061908,46.4824968143009,10.245439946036));
#627=CARTESIAN_POINT('Ctrl Pts',(40.5082843158839,45.7349348030946,7.18572960175222));
#628=CARTESIAN_POINT('Ctrl Pts',(48.4148259685757,43.2606120036955,3.02493488595428));
#629=CARTESIAN_POINT('Ctrl Pts',(53.1372696265975,40.0046997058726,-0.869095343421742));
#630=CARTESIAN_POINT('Ctrl Pts',(55.8194818609277,36.7405297104018,-4.0735109712638));
#631=CARTESIAN_POINT('Ctrl Pts',(57.7878858819424,32.9992235357543,-7.31704818743236));
#632=CARTESIAN_POINT('Ctrl Pts',(58.9048493189371,27.3419748936675,-11.449083838596));
#633=CARTESIAN_POINT('Ctrl Pts',(57.7765064702601,18.9119682178943,-16.1278658824423));
#634=CARTESIAN_POINT('Ctrl Pts',(55.2493490104223,12.5661828297387,-18.5964475591549));
#635=CARTESIAN_POINT('Ctrl Pts',(53.5753658468643,9.34813032442095,-19.558472460606));
#636=CARTESIAN_POINT('',(32.5500979273142,-25.3860776818095,10.2782080346063));
#637=CARTESIAN_POINT('Ctrl Pts',(32.5500979273142,-25.3860776818095,10.2782080346063));
#638=CARTESIAN_POINT('Ctrl Pts',(33.9719563882906,-25.9118951058168,8.72667937326634));
#639=CARTESIAN_POINT('Ctrl Pts',(37.5491908057273,-26.9369791813357,6.28794086796965));
#640=CARTESIAN_POINT('Ctrl Pts',(44.0517775067543,-28.0906319527768,5.34545744541832));
#641=CARTESIAN_POINT('Ctrl Pts',(50.4127700996128,-28.6329867928994,7.30648842220509));
#642=CARTESIAN_POINT('Ctrl Pts',(54.8018226675793,-28.4739220178407,11.282451851906));
#643=CARTESIAN_POINT('Ctrl Pts',(57.7813254899943,-27.7289139349138,17.1146170425289));
#644=CARTESIAN_POINT('Ctrl Pts',(57.9228942658554,-26.5471812022737,23.0297377177816));
#645=CARTESIAN_POINT('Ctrl Pts',(54.9357304188001,-24.7924078995106,29.4866600368836));
#646=CARTESIAN_POINT('Ctrl Pts',(50.3605082855135,-23.3707384418512,33.1497498486794));
#647=CARTESIAN_POINT('Ctrl Pts',(43.3290508531147,-22.0130213133232,34.7110561686005));
#648=CARTESIAN_POINT('Ctrl Pts',(37.4807494841346,-21.4208720553212,33.3679817994797));
#649=CARTESIAN_POINT('Ctrl Pts',(31.7043779646549,-21.4826961305031,28.8608125461233));
#650=CARTESIAN_POINT('Ctrl Pts',(28.6384252656892,-22.2512247681658,22.8500622243713));
#651=CARTESIAN_POINT('Ctrl Pts',(29.0240649932465,-23.7844794278983,15.5896693442353));
#652=CARTESIAN_POINT('Ctrl Pts',(31.1282394663378,-24.8602602578021,11.8297366959462));
#653=CARTESIAN_POINT('Ctrl Pts',(32.5500979273142,-25.3860776818095,10.2782080346063));
#654=CARTESIAN_POINT('',(53.5753658468644,9.34813032442104,-19.5584724606062));
#655=CARTESIAN_POINT('Ctrl Pts',(32.5500979273142,-25.3860776818095,10.2782080346063));
#656=CARTESIAN_POINT('Ctrl Pts',(32.0727033501752,-29.1298712107192,10.9548267573635));
#657=CARTESIAN_POINT('Ctrl Pts',(30.5032248008227,-36.5370562415742,11.6827524897429));
#658=CARTESIAN_POINT('Ctrl Pts',(26.5526914241939,-46.8230690740996,10.8463412625716));
#659=CARTESIAN_POINT('Ctrl Pts',(21.3597123510265,-55.5455706650393,8.27790542956463));
#660=CARTESIAN_POINT('Ctrl Pts',(15.6247615222052,-61.7802043182079,4.5560174388933));
#661=CARTESIAN_POINT('Ctrl Pts',(10.7947399328901,-64.8812959387742,1.04410652768406));
#662=CARTESIAN_POINT('Ctrl Pts',(6.64485480920384,-66.3826863944203,-2.10657743054462));
#663=CARTESIAN_POINT('Ctrl Pts',(2.92621167356865,-66.8714730918417,-4.96648115827704));
#664=CARTESIAN_POINT('Ctrl Pts',(-1.34548958634125,-66.2761266972857,-8.23963787551578));
#665=CARTESIAN_POINT('Ctrl Pts',(-5.75072901355202,-64.4519625049455,-11.5273424767252));
#666=CARTESIAN_POINT('Ctrl Pts',(-11.7188312202632,-60.2820831088685,-15.7295358710965));
#667=CARTESIAN_POINT('Ctrl Pts',(-18.9784920098536,-51.7747738134578,-20.1668076210544));
#668=CARTESIAN_POINT('Ctrl Pts',(-25.8927610450302,-37.4911348842992,-22.545665797147));
#669=CARTESIAN_POINT('Ctrl Pts',(-29.8371736543831,-21.1851473632401,-21.1493908421095));
#670=CARTESIAN_POINT('Ctrl Pts',(-30.095159124595,-4.74450679594134,-16.1257757485681));
#671=CARTESIAN_POINT('Ctrl Pts',(-26.3615751250958,10.4992494199174,-8.65461443629865));
#672=CARTESIAN_POINT('Ctrl Pts',(-18.7272729085153,23.5980711658808,-0.473063287283692));
#673=CARTESIAN_POINT('Ctrl Pts',(-9.60896422682761,32.2243676536407,5.36738662288233));
#674=CARTESIAN_POINT('Ctrl Pts',(-1.13478474490025,37.6303772817061,8.73243007359464));
#675=CARTESIAN_POINT('Ctrl Pts',(7.93819729166105,42.0274362042839,11.0937859132362));
#676=CARTESIAN_POINT('Ctrl Pts',(18.8645651964936,45.2570434321531,11.8614815057033));
#677=CARTESIAN_POINT('Ctrl Pts',(30.7980404061908,46.4824968143009,10.245439946036));
#678=CARTESIAN_POINT('Ctrl Pts',(40.5082843158839,45.7349348030946,7.18572960175222));
#679=CARTESIAN_POINT('Ctrl Pts',(48.4148259685757,43.2606120036955,3.02493488595428));
#680=CARTESIAN_POINT('Ctrl Pts',(53.1372696265975,40.0046997058726,-0.869095343421742));
#681=CARTESIAN_POINT('Ctrl Pts',(55.8194818609277,36.7405297104018,-4.0735109712638));
#682=CARTESIAN_POINT('Ctrl Pts',(57.7878858819424,32.9992235357543,-7.31704818743236));
#683=CARTESIAN_POINT('Ctrl Pts',(58.9048493189371,27.3419748936675,-11.449083838596));
#684=CARTESIAN_POINT('Ctrl Pts',(57.7765064702601,18.9119682178943,-16.1278658824423));
#685=CARTESIAN_POINT('Ctrl Pts',(55.2493490104223,12.5661828297387,-18.5964475591549));
#686=CARTESIAN_POINT('Ctrl Pts',(53.5753658468643,9.34813032442095,-19.558472460606));
#687=CARTESIAN_POINT('Ctrl Pts',(53.5753658468643,9.34813032442095,-19.558472460606));
#688=CARTESIAN_POINT('Ctrl Pts',(53.8033469301286,9.78639942541032,-21.6706636106184));
#689=CARTESIAN_POINT('Ctrl Pts',(55.1374915162575,10.2059174989284,-25.8942771992043));
#690=CARTESIAN_POINT('Ctrl Pts',(59.3751621433508,9.34057771213361,-30.9732690512229));
#691=CARTESIAN_POINT('Ctrl Pts',(65.0175670999279,7.1495193392407,-33.7954220491118));
#692=CARTESIAN_POINT('Ctrl Pts',(70.2727337913883,4.41445736599432,-33.7901033253081));
#693=CARTESIAN_POINT('Ctrl Pts',(75.4670704603448,1.09656370494947,-31.4540654089526));
#694=CARTESIAN_POINT('Ctrl Pts',(78.6414438645823,-1.69052223364584,-27.1458532468315));
#695=CARTESIAN_POINT('Ctrl Pts',(79.8227162159686,-4.10244042512698,-20.3281212707552));
#696=CARTESIAN_POINT('Ctrl Pts',(78.3988350231353,-4.89269891074885,-14.5212217142244));
#697=CARTESIAN_POINT('Ctrl Pts',(74.0980286953393,-4.20983397575225,-8.62552605885835));
#698=CARTESIAN_POINT('Ctrl Pts',(69.1492024882589,-2.40985962426929,-5.68846461699606));
#699=CARTESIAN_POINT('Ctrl Pts',(62.6096915736278,0.851341812867976,-5.15533516783355));
#700=CARTESIAN_POINT('Ctrl Pts',(57.2597787598758,4.26987163419126,-7.56612516192679));
#701=CARTESIAN_POINT('Ctrl Pts',(53.7701197860193,7.57856532277424,-13.2307274380187));
#702=CARTESIAN_POINT('Ctrl Pts',(53.3473847636,8.90986122343158,-17.4462813105935));
#703=CARTESIAN_POINT('Ctrl Pts',(53.5753658468643,9.34813032442095,-19.558472460606));
#704=CARTESIAN_POINT('Ctrl Pts',(53.5753658468644,9.34813032442106,-19.5584724606062));
#705=CARTESIAN_POINT('Ctrl Pts',(51.901826683886,6.13093136244158,-20.5246109230652));
#706=CARTESIAN_POINT('Ctrl Pts',(47.7343867173918,-0.391623825677214,-21.9133442060784));
#707=CARTESIAN_POINT('Ctrl Pts',(39.4793740784909,-9.58125548930153,-21.9589823164474));
#708=CARTESIAN_POINT('Ctrl Pts',(29.7713220745943,-17.426525231284,-19.8689670708176));
#709=CARTESIAN_POINT('Ctrl Pts',(17.921507476953,-24.0363848959497,-15.4452180304147));
#710=CARTESIAN_POINT('Ctrl Pts',(4.10928628804564,-28.0590222714238,-8.6101550671952));
#711=CARTESIAN_POINT('Ctrl Pts',(-11.054930817108,-28.0032543057612,-0.448275343785808));
#712=CARTESIAN_POINT('Ctrl Pts',(-25.5012102928201,-23.7080857895533,6.55060981667762));
#713=CARTESIAN_POINT('Ctrl Pts',(-38.5314169106008,-15.8807580586906,10.9244689952927));
#714=CARTESIAN_POINT('Ctrl Pts',(-47.7152555046296,-7.16937780802003,11.7655207607335));
#715=CARTESIAN_POINT('Ctrl Pts',(-53.5909838135461,0.487272706452195,10.7480063425595));
#716=CARTESIAN_POINT('Ctrl Pts',(-58.3009505051858,8.31329413980687,8.71776880503501));
#717=CARTESIAN_POINT('Ctrl Pts',(-61.011289868899,15.9358306551403,5.38791852804931));
#718=CARTESIAN_POINT('Ctrl Pts',(-61.5645300699206,22.5871775388882,1.42626975026118));
#719=CARTESIAN_POINT('Ctrl Pts',(-60.957249467434,27.0228125750917,-1.71102911507252));
#720=CARTESIAN_POINT('Ctrl Pts',(-59.3512915929562,30.9114467737076,-4.93577056126443));
#721=CARTESIAN_POINT('Ctrl Pts',(-56.706315682139,34.3107814019086,-8.21316981278273));
#722=CARTESIAN_POINT('Ctrl Pts',(-52.929753406769,37.2094902890792,-11.5055470173555));
#723=CARTESIAN_POINT('Ctrl Pts',(-46.3435700033414,40.291171003704,-15.7187544270521));
#724=CARTESIAN_POINT('Ctrl Pts',(-35.3484767873232,42.3206847808153,-20.1627364356364));
#725=CARTESIAN_POINT('Ctrl Pts',(-22.159908383816,41.3617109521128,-22.1637666470372));
#726=CARTESIAN_POINT('Ctrl Pts',(-11.4702776324352,38.8009567860467,-21.8764436198019));
#727=CARTESIAN_POINT('Ctrl Pts',(-1.02642967251896,35.0981383806257,-20.3433879693267));
#728=CARTESIAN_POINT('Ctrl Pts',(10.960332175731,28.4319473477989,-16.1728639512821));
#729=CARTESIAN_POINT('Ctrl Pts',(21.3622822293159,18.4737340740657,-9.33156509729209));
#730=CARTESIAN_POINT('Ctrl Pts',(28.0469855216747,7.74226965716752,-2.59477349098995));
#731=CARTESIAN_POINT('Ctrl Pts',(31.8122001904591,-2.8751091083315,3.0674528857159));
#732=CARTESIAN_POINT('Ctrl Pts',(33.3601069676963,-14.0670711448927,7.6321045836354));
#733=CARTESIAN_POINT('Ctrl Pts',(33.0247233888246,-21.6412601063535,9.60461096441303));
#734=CARTESIAN_POINT('Ctrl Pts',(32.5500979273142,-25.3860776818095,10.2782080346063));
#735=CARTESIAN_POINT('Ctrl Pts',(53.8033469301287,9.78639942541042,-21.6706636106186));
#736=CARTESIAN_POINT('Ctrl Pts',(52.0909802100305,6.45734568078622,-22.6642321177635));
#737=CARTESIAN_POINT('Ctrl Pts',(47.820865065631,-0.289093075208279,-24.0891828381926));
#738=CARTESIAN_POINT('Ctrl Pts',(39.3513461357493,-9.79405946204043,-24.1248646899252));
#739=CARTESIAN_POINT('Ctrl Pts',(29.3925106123253,-17.9060998223762,-21.9603303161031));
#740=CARTESIAN_POINT('Ctrl Pts',(17.2675480765504,-24.7303402388126,-17.4043454581898));
#741=CARTESIAN_POINT('Ctrl Pts',(3.20760371053392,-28.8792822224594,-10.4113363008801));
#742=CARTESIAN_POINT('Ctrl Pts',(-12.1272766662788,-28.8767707870687,-2.12145566981848));
#743=CARTESIAN_POINT('Ctrl Pts',(-26.6512635148844,-24.6106107888813,4.9477906376825));
#744=CARTESIAN_POINT('Ctrl Pts',(-39.6920777242407,-16.835101433234,9.35949929673027));
#745=CARTESIAN_POINT('Ctrl Pts',(-48.881250456772,-8.17668039760928,10.2384109842493));
#746=CARTESIAN_POINT('Ctrl Pts',(-54.7832099121851,-0.539808699008,9.25494779034272));
#747=CARTESIAN_POINT('Ctrl Pts',(-59.532657741355,7.29001774882368,7.25427352970098));
#748=CARTESIAN_POINT('Ctrl Pts',(-62.3027531892599,14.9691831646964,3.93606824572119));
#749=CARTESIAN_POINT('Ctrl Pts',(-62.9016803888448,21.7469265898153,-0.062120091894034));
#750=CARTESIAN_POINT('Ctrl Pts',(-62.3044541915804,26.3104766012625,-3.25703574514699));
#751=CARTESIAN_POINT('Ctrl Pts',(-60.6682109093868,30.3499799413775,-6.56889781274524));
#752=CARTESIAN_POINT('Ctrl Pts',(-57.9406807134716,33.904092756145,-9.95400573456141));
#753=CARTESIAN_POINT('Ctrl Pts',(-54.0324651724401,36.9449287213239,-13.3591136665591));
#754=CARTESIAN_POINT('Ctrl Pts',(-47.2146396993017,40.1824455427294,-17.712964281118));
#755=CARTESIAN_POINT('Ctrl Pts',(-35.8537253418454,42.3355456331204,-22.2912956046106));
#756=CARTESIAN_POINT('Ctrl Pts',(-22.2457551741777,41.4025827795399,-24.3420495186372));
#757=CARTESIAN_POINT('Ctrl Pts',(-11.219023668954,38.808125392727,-24.0355773016588));
#758=CARTESIAN_POINT('Ctrl Pts',(-0.452209562137755,35.0385970009018,-22.4457607101928));
#759=CARTESIAN_POINT('Ctrl Pts',(11.8766330868501,28.2410364860213,-18.1438878667462));
#760=CARTESIAN_POINT('Ctrl Pts',(22.5137883070931,18.1297793705824,-11.1424201425615));
#761=CARTESIAN_POINT('Ctrl Pts',(29.3223177770509,7.28956588186533,-4.29188060029299));
#762=CARTESIAN_POINT('Ctrl Pts',(33.1527199675502,-3.38976366704918,1.44109415890296));
#763=CARTESIAN_POINT('Ctrl Pts',(34.7428660881216,-14.603488243154,6.04899331900075));
#764=CARTESIAN_POINT('Ctrl Pts',(34.4332393986973,-22.1715171367199,8.04240019261035));
#765=CARTESIAN_POINT('Ctrl Pts',(33.9719563882906,-25.9118951058169,8.72667937326636));
#766=CARTESIAN_POINT('Ctrl Pts',(55.1374915701276,10.2059174320983,-25.8942770520052));
#767=CARTESIAN_POINT('Ctrl Pts',(53.3191574175854,6.59866480438962,-26.9489036308625));
#768=CARTESIAN_POINT('Ctrl Pts',(48.7826085916273,-0.690671863464972,-28.4470545669735));
#769=CARTESIAN_POINT('Ctrl Pts',(39.7795925211264,-10.9417891803952,-28.4350219449781));
#770=CARTESIAN_POINT('Ctrl Pts',(29.2057238605755,-19.6772646410917,-26.0690151118284));
#771=CARTESIAN_POINT('Ctrl Pts',(16.3950684083861,-27.0016417003116,-21.1663866638264));
#772=CARTESIAN_POINT('Ctrl Pts',(1.67993235333041,-31.4425866386727,-13.7428603702454));
#773=CARTESIAN_POINT('Ctrl Pts',(-14.1891198149448,-31.5325031337762,-5.05341822551732));
#774=CARTESIAN_POINT('Ctrl Pts',(-29.0786171743645,-27.2438522133723,2.29876504459619));
#775=CARTESIAN_POINT('Ctrl Pts',(-42.3657062923831,-19.408651967161,6.89959318658726));
#776=CARTESIAN_POINT('Ctrl Pts',(-51.7351917178895,-10.6642743338402,7.8968877631313));
#777=CARTESIAN_POINT('Ctrl Pts',(-57.8017953804651,-2.88899553885677,6.97907475400744));
#778=CARTESIAN_POINT('Ctrl Pts',(-62.7240474183831,5.14280583404676,5.0102709865243));
#779=CARTESIAN_POINT('Ctrl Pts',(-65.6725073954623,13.1474101217788,1.64995972756677));
#780=CARTESIAN_POINT('Ctrl Pts',(-66.3639134419051,20.409101798746,-2.52938279222114));
#781=CARTESIAN_POINT('Ctrl Pts',(-65.750621538326,25.3993388243483,-5.9371505645505));
#782=CARTESIAN_POINT('Ctrl Pts',(-63.976931853621,29.8968681751373,-9.5287711023005));
#783=CARTESIAN_POINT('Ctrl Pts',(-60.9738658024962,33.8878915431441,-13.2294300579624));
#784=CARTESIAN_POINT('Ctrl Pts',(-56.6711292838873,37.3052765967074,-16.9425112176963));
#785=CARTESIAN_POINT('Ctrl Pts',(-49.2071630785651,40.9339977324479,-21.6592361977353));
#786=CARTESIAN_POINT('Ctrl Pts',(-36.8978427241515,43.3662342321847,-26.5520264245097));
#787=CARTESIAN_POINT('Ctrl Pts',(-22.2692066286895,42.4694885474723,-28.6960867735355));
#788=CARTESIAN_POINT('Ctrl Pts',(-10.4362624921398,39.7750395706558,-28.3225037822353));
#789=CARTESIAN_POINT('Ctrl Pts',(1.09769749249336,35.827653684409,-26.5763277342061));
#790=CARTESIAN_POINT('Ctrl Pts',(14.2422994397628,28.6897152785212,-21.9330794152748));
#791=CARTESIAN_POINT('Ctrl Pts',(25.4640432635445,18.1531856043478,-14.4964597639574));
#792=CARTESIAN_POINT('Ctrl Pts',(32.5931217022936,6.95686209198609,-7.30216005946076));
#793=CARTESIAN_POINT('Ctrl Pts',(36.5942083769349,-3.99958108163218,-1.3198782803575));
#794=CARTESIAN_POINT('Ctrl Pts',(38.2773659975622,-15.440447825659,3.47475773094527));
#795=CARTESIAN_POINT('Ctrl Pts',(37.9998785616254,-23.1337316503189,5.56161234411562));
#796=CARTESIAN_POINT('Ctrl Pts',(37.5491907649397,-26.9369791425977,6.2879410288162));
#797=CARTESIAN_POINT('Ctrl Pts',(59.3751621596647,9.3405776594357,-30.9732688835266));
#798=CARTESIAN_POINT('Ctrl Pts',(57.3462870494081,5.2390877366008,-32.1193810902578));
#799=CARTESIAN_POINT('Ctrl Pts',(52.3026736541799,-2.98979632155591,-33.705784503637));
#800=CARTESIAN_POINT('Ctrl Pts',(42.3455091015683,-14.4818456837966,-33.5523843585518));
#801=CARTESIAN_POINT('Ctrl Pts',(30.6912687577054,-24.2362048335521,-30.786926377485));
#802=CARTESIAN_POINT('Ctrl Pts',(16.6497630434349,-32.3758121468123,-25.2214593762159));
#803=CARTESIAN_POINT('Ctrl Pts',(0.666751028315059,-37.2850232826418,-16.937544993507));
#804=CARTESIAN_POINT('Ctrl Pts',(-16.417898899417,-37.4454904506712,-7.34133136758016));
#805=CARTESIAN_POINT('Ctrl Pts',(-32.3840196854915,-32.8836409584899,0.779172419132532));
#806=CARTESIAN_POINT('Ctrl Pts',(-46.6349570571687,-24.4930598989802,5.94398158098625));
#807=CARTESIAN_POINT('Ctrl Pts',(-56.7287788394799,-15.0691326916255,7.21025587595562));
#808=CARTESIAN_POINT('Ctrl Pts',(-63.3280174099128,-6.59486211236689,6.36368533966298));
#809=CARTESIAN_POINT('Ctrl Pts',(-68.736066797656,2.2564536725197,4.3522280331996));
#810=CARTESIAN_POINT('Ctrl Pts',(-72.0754336655184,11.3012564480633,0.74141791623223));
#811=CARTESIAN_POINT('Ctrl Pts',(-72.8807965273149,19.8302187681302,-3.97605509784736));
#812=CARTESIAN_POINT('Ctrl Pts',(-72.1397347577108,25.8415214893556,-7.92972791461581));
#813=CARTESIAN_POINT('Ctrl Pts',(-69.9729793697386,31.3536016597345,-12.1703798293739));
#814=CARTESIAN_POINT('Ctrl Pts',(-66.3085843860054,36.24971105461,-16.5484227508718));
#815=CARTESIAN_POINT('Ctrl Pts',(-61.1415240064578,40.3959883736118,-20.8775861075892));
#816=CARTESIAN_POINT('Ctrl Pts',(-52.3570566680993,44.7308424374007,-26.2720199263322));
#817=CARTESIAN_POINT('Ctrl Pts',(-38.2601957679233,47.5984506875453,-31.6818353125827));
#818=CARTESIAN_POINT('Ctrl Pts',(-21.8518365274561,46.6978973326885,-33.9193415998315));
#819=CARTESIAN_POINT('Ctrl Pts',(-8.65703067084879,43.7876118680112,-33.3803706668768));
#820=CARTESIAN_POINT('Ctrl Pts',(4.16159353814947,39.4934882186644,-31.318272483239));
#821=CARTESIAN_POINT('Ctrl Pts',(18.683277140047,31.7144872987763,-26.0300526839151));
#822=CARTESIAN_POINT('Ctrl Pts',(30.9456493431233,20.3118589820455,-17.7293491075874));
#823=CARTESIAN_POINT('Ctrl Pts',(38.6819031107518,8.27018832093962,-9.77264431872932));
#824=CARTESIAN_POINT('Ctrl Pts',(43.0093734504503,-3.47913266425784,-3.16777771291974));
#825=CARTESIAN_POINT('Ctrl Pts',(44.8317914650944,-15.7414621435184,2.15114870256205));
#826=CARTESIAN_POINT('Ctrl Pts',(44.5372047752969,-24.0004383585808,4.50771642529257));
#827=CARTESIAN_POINT('Ctrl Pts',(44.0517774226291,-28.0906319099969,5.3454575946099));
#828=CARTESIAN_POINT('Ctrl Pts',(65.0175665040335,7.14951947196195,-33.7954213767814));
#829=CARTESIAN_POINT('Ctrl Pts',(62.7671036541876,2.57225163601817,-35.0151859621767));
#830=CARTESIAN_POINT('Ctrl Pts',(57.2102576646443,-6.53604497313584,-36.6518787626301));
#831=CARTESIAN_POINT('Ctrl Pts',(46.3321864637073,-19.1480716861317,-36.3153568088441));
#832=CARTESIAN_POINT('Ctrl Pts',(33.652263100929,-29.8049540341677,-33.1316344299522));
#833=CARTESIAN_POINT('Ctrl Pts',(18.4195465135907,-38.6646743659057,-26.8904664342099));
#834=CARTESIAN_POINT('Ctrl Pts',(1.13306074928914,-43.980760649347,-17.7000722404261));
#835=CARTESIAN_POINT('Ctrl Pts',(-17.3450447512283,-44.1290353825366,-7.06585027132104));
#836=CARTESIAN_POINT('Ctrl Pts',(-34.701622201312,-39.1100787538601,2.01528600533581));
#837=CARTESIAN_POINT('Ctrl Pts',(-50.3248407899468,-29.8044946433268,7.91523383719328));
#838=CARTESIAN_POINT('Ctrl Pts',(-61.4552423953803,-19.2840535420997,9.48964690221643));
#839=CARTESIAN_POINT('Ctrl Pts',(-68.7690165888298,-9.7560728892313,8.67323522060465));
#840=CARTESIAN_POINT('Ctrl Pts',(-74.7956021553661,0.273220980825562,6.53668732966397));
#841=CARTESIAN_POINT('Ctrl Pts',(-78.5725293941634,10.7004958287577,2.53886748652647));
#842=CARTESIAN_POINT('Ctrl Pts',(-79.4449582397661,20.792768732768,-2.87917861506895));
#843=CARTESIAN_POINT('Ctrl Pts',(-78.4975395101064,28.0076351508774,-7.49943308020732));
#844=CARTESIAN_POINT('Ctrl Pts',(-75.8267769215633,34.6647426324438,-12.4927624388424));
#845=CARTESIAN_POINT('Ctrl Pts',(-71.3824143805892,40.5388850373697,-17.6202582542796));
#846=CARTESIAN_POINT('Ctrl Pts',(-65.2466388395935,45.4352656999864,-22.5993822605055));
#847=CARTESIAN_POINT('Ctrl Pts',(-55.0476036898791,50.4581322348102,-28.6732960004858));
#848=CARTESIAN_POINT('Ctrl Pts',(-39.148092962298,53.6904855103454,-34.5431376298441));
#849=CARTESIAN_POINT('Ctrl Pts',(-21.0642677191623,52.7286856529059,-36.8093376371706));
#850=CARTESIAN_POINT('Ctrl Pts',(-6.62103731870559,49.5781397198862,-36.071956307962));
#851=CARTESIAN_POINT('Ctrl Pts',(7.36436437653401,44.9252466338029,-33.6743491491322));
#852=CARTESIAN_POINT('Ctrl Pts',(23.1452581176099,36.5001187620163,-27.734270471364));
#853=CARTESIAN_POINT('Ctrl Pts',(36.4097156446919,24.1720708366746,-18.5262643324713));
#854=CARTESIAN_POINT('Ctrl Pts',(44.7587184319217,11.140512876935,-9.71030043445589));
#855=CARTESIAN_POINT('Ctrl Pts',(49.4186574160734,-1.62315990789378,-2.35625577970055));
#856=CARTESIAN_POINT('Ctrl Pts',(51.3518496807911,-15.0274820101992,3.62858241138618));
#857=CARTESIAN_POINT('Ctrl Pts',(50.9770934710881,-24.1178379431845,6.3303436869511));
#858=CARTESIAN_POINT('Ctrl Pts',(50.4127692096373,-28.6329866412334,7.30648852056453));
#859=CARTESIAN_POINT('Ctrl Pts',(70.2727339575076,4.41445731475428,-33.7901034587193));
#860=CARTESIAN_POINT('Ctrl Pts',(67.8558723485226,-0.482530910970293,-35.0460263206899));
#861=CARTESIAN_POINT('Ctrl Pts',(61.9278603193605,-10.1620815871041,-36.6837936981857));
#862=CARTESIAN_POINT('Ctrl Pts',(50.4261204624439,-23.4601965449575,-36.1798711273894));
#863=CARTESIAN_POINT('Ctrl Pts',(37.0668048553088,-34.653880847219,-32.6826054461678));
#864=CARTESIAN_POINT('Ctrl Pts',(21.023919356611,-43.9399353806624,-25.9506423200655));
#865=CARTESIAN_POINT('Ctrl Pts',(2.78034203360314,-49.4898881284757,-16.0763206792381));
#866=CARTESIAN_POINT('Ctrl Pts',(-16.843219824413,-49.5564639030374,-4.59014027800992));
#867=CARTESIAN_POINT('Ctrl Pts',(-35.4687143960746,-44.0478692113706,5.34467699389296));
#868=CARTESIAN_POINT('Ctrl Pts',(-52.4270328626741,-33.7748283835829,11.9174927096249));
#869=CARTESIAN_POINT('Ctrl Pts',(-64.5707460037876,-22.1045798152618,13.7449928376678));
#870=CARTESIAN_POINT('Ctrl Pts',(-72.5529649500469,-11.5132755565803,12.9132448249517));
#871=CARTESIAN_POINT('Ctrl Pts',(-79.1354708504296,-0.330962305681042,10.614739295504));
#872=CARTESIAN_POINT('Ctrl Pts',(-83.2643667028236,11.386828505963,6.21928846164536));
#873=CARTESIAN_POINT('Ctrl Pts',(-84.1423567830397,22.849289544852,0.160767020041266));
#874=CARTESIAN_POINT('Ctrl Pts',(-82.9784386544643,31.0791858677364,-5.03900288509058));
#875=CARTESIAN_POINT('Ctrl Pts',(-79.8521736342011,38.6632196737271,-10.6573668691466));
#876=CARTESIAN_POINT('Ctrl Pts',(-74.7489758940725,45.2955642573864,-16.3800361826633));
#877=CARTESIAN_POINT('Ctrl Pts',(-67.8340884643648,50.7428624104076,-21.8499292570004));
#878=CARTESIAN_POINT('Ctrl Pts',(-56.549169422337,56.2367366234335,-28.4063312365402));
#879=CARTESIAN_POINT('Ctrl Pts',(-39.3580588332316,59.6664784713847,-34.552477404932));
#880=CARTESIAN_POINT('Ctrl Pts',(-20.1751042366136,58.6100913120663,-36.7812472709951));
#881=CARTESIAN_POINT('Ctrl Pts',(-4.94835864465423,55.2681116460901,-35.8743057738484));
#882=CARTESIAN_POINT('Ctrl Pts',(9.75956257144527,50.350075873277,-33.2213786456679));
#883=CARTESIAN_POINT('Ctrl Pts',(26.3297737184284,41.4623597601822,-26.813162267283));
#884=CARTESIAN_POINT('Ctrl Pts',(40.2691914071005,28.4258327490647,-16.9241487568404));
#885=CARTESIAN_POINT('Ctrl Pts',(49.0593929638319,14.5625350264237,-7.4119723895379));
#886=CARTESIAN_POINT('Ctrl Pts',(53.9608774945812,0.881710717676642,0.586320326419504));
#887=CARTESIAN_POINT('Ctrl Pts',(55.9480782518687,-13.617718262288,7.16958872457922));
#888=CARTESIAN_POINT('Ctrl Pts',(55.4612132557842,-23.5356270837227,10.1844831357752));
#889=CARTESIAN_POINT('Ctrl Pts',(54.8018228841909,-28.4739220464991,11.2824518685702));
#890=CARTESIAN_POINT('Ctrl Pts',(75.4670697483515,1.09656400597302,-31.4540651459262));
#891=CARTESIAN_POINT('Ctrl Pts',(72.9202666531583,-4.00909390416072,-32.7173192150792));
#892=CARTESIAN_POINT('Ctrl Pts',(66.7215792599163,-14.0333198757678,-34.3166422727063));
#893=CARTESIAN_POINT('Ctrl Pts',(54.8100083856718,-27.6950996248904,-33.6503575487145));
#894=CARTESIAN_POINT('Ctrl Pts',(41.0233483114949,-39.1508460584725,-29.9103433033114));
#895=CARTESIAN_POINT('Ctrl Pts',(24.4444258216086,-48.6422376221783,-22.8155385450948));
#896=CARTESIAN_POINT('Ctrl Pts',(5.48243050543986,-54.2953016015808,-12.4064832003582));
#897=CARTESIAN_POINT('Ctrl Pts',(-15.1407521239856,-54.2181712651302,-0.177890041875512));
#898=CARTESIAN_POINT('Ctrl Pts',(-34.9942133845387,-48.1708192367153,10.5636257839831));
#899=CARTESIAN_POINT('Ctrl Pts',(-53.3254894512665,-36.8370996287799,17.7925484182895));
#900=CARTESIAN_POINT('Ctrl Pts',(-66.5135477230481,-23.9170898358008,19.8407704897407));
#901=CARTESIAN_POINT('Ctrl Pts',(-75.1598145514022,-12.2019298374372,18.9556504647297));
#902=CARTESIAN_POINT('Ctrl Pts',(-82.2754394169716,0.172024515122417,16.4566101942274));
#903=CARTESIAN_POINT('Ctrl Pts',(-86.7032256516922,13.1625214406774,11.6369322332497));
#904=CARTESIAN_POINT('Ctrl Pts',(-87.5367319971589,25.9068060545695,4.95437663279404));
#905=CARTESIAN_POINT('Ctrl Pts',(-86.1374215059125,35.0482276650266,-0.782846098092129));
#906=CARTESIAN_POINT('Ctrl Pts',(-82.5720874721242,43.4272906285357,-6.95349452879309));
#907=CARTESIAN_POINT('Ctrl Pts',(-76.8770704962226,50.6750267228501,-13.1745381153007));
#908=CARTESIAN_POINT('Ctrl Pts',(-69.2993979735251,56.5366164593704,-19.0289817834137));
#909=CARTESIAN_POINT('Ctrl Pts',(-57.1438730142911,62.3472468532532,-25.9308742627547));
#910=CARTESIAN_POINT('Ctrl Pts',(-39.0172449421154,65.8445542209313,-32.2148920802827));
#911=CARTESIAN_POINT('Ctrl Pts',(-19.1593181834921,64.6614446418699,-34.350094163383));
#912=CARTESIAN_POINT('Ctrl Pts',(-3.49173491945668,61.1578667606993,-33.2882524555248));
#913=CARTESIAN_POINT('Ctrl Pts',(11.6089569831715,56.0385570183777,-30.4332403169964));
#914=CARTESIAN_POINT('Ctrl Pts',(28.6194914602276,46.8161378567659,-23.6844824860985));
#915=CARTESIAN_POINT('Ctrl Pts',(42.999833921017,33.213702138212,-13.265760832785));
#916=CARTESIAN_POINT('Ctrl Pts',(52.1099686413608,18.6086869716953,-3.15766252647274));
#917=CARTESIAN_POINT('Ctrl Pts',(57.1897586956705,4.04580445689183,5.43028148244884));
#918=CARTESIAN_POINT('Ctrl Pts',(59.1859644546226,-11.5647945809005,12.5860998533184));
#919=CARTESIAN_POINT('Ctrl Pts',(58.5540543155781,-22.3466183014221,15.9019844736738));
#920=CARTESIAN_POINT('Ctrl Pts',(57.7813247415927,-27.7289138899519,17.1146167190998));
#921=CARTESIAN_POINT('Ctrl Pts',(78.6414444166616,-1.69052248984603,-27.1458533643523));
#922=CARTESIAN_POINT('Ctrl Pts',(76.0588147498552,-6.78909672245435,-28.3781832731443));
#923=CARTESIAN_POINT('Ctrl Pts',(69.8118749238865,-16.7527621702935,-29.9041329751058));
#924=CARTESIAN_POINT('Ctrl Pts',(57.9056912647686,-30.2466117439476,-29.1421388925108));
#925=CARTESIAN_POINT('Ctrl Pts',(44.1595627519516,-41.5303188378801,-25.3368683147428));
#926=CARTESIAN_POINT('Ctrl Pts',(27.5803075673149,-50.8799584953525,-18.1717391590949));
#927=CARTESIAN_POINT('Ctrl Pts',(8.460238638334,-56.4373066006078,-7.61111755928985));
#928=CARTESIAN_POINT('Ctrl Pts',(-12.6074857050946,-56.1953203283755,4.94588523289192));
#929=CARTESIAN_POINT('Ctrl Pts',(-33.1823775432605,-49.7488492165915,16.1353602371753));
#930=CARTESIAN_POINT('Ctrl Pts',(-52.415257657258,-37.6406969905247,23.7524685052891));
#931=CARTESIAN_POINT('Ctrl Pts',(-66.2938827994422,-23.8164540184436,25.8985601354834));
#932=CARTESIAN_POINT('Ctrl Pts',(-75.34926440736,-11.3248989921357,24.9333857394261));
#933=CARTESIAN_POINT('Ctrl Pts',(-82.7688169283354,1.83863299936397,22.2621050618861));
#934=CARTESIAN_POINT('Ctrl Pts',(-87.3185899039673,15.6094325947707,17.1427543657147));
#935=CARTESIAN_POINT('Ctrl Pts',(-88.0627924885637,29.0436366286809,10.0918064190821));
#936=CARTESIAN_POINT('Ctrl Pts',(-86.493129683169,38.6265339069448,4.07117992597654));
#937=CARTESIAN_POINT('Ctrl Pts',(-82.6745710319682,47.3392321057647,-2.35412550356911));
#938=CARTESIAN_POINT('Ctrl Pts',(-76.6918171622035,54.7962268723083,-8.76742376574152));
#939=CARTESIAN_POINT('Ctrl Pts',(-68.8435187063556,60.7495827901191,-14.73171729499));
#940=CARTESIAN_POINT('Ctrl Pts',(-56.4089273232105,66.5683882212494,-21.6806016654259));
#941=CARTESIAN_POINT('Ctrl Pts',(-38.1338699161177,69.9511468980099,-27.8824419368158));
#942=CARTESIAN_POINT('Ctrl Pts',(-18.3686161570834,68.649527978401,-29.890340197194));
#943=CARTESIAN_POINT('Ctrl Pts',(-2.84593165708059,65.0823948739957,-28.7503764641042));
#944=CARTESIAN_POINT('Ctrl Pts',(12.0967122440735,59.9154753225822,-25.8343195784343));
#945=CARTESIAN_POINT('Ctrl Pts',(28.9568692500141,50.6405821488775,-19.0292743596668));
#946=CARTESIAN_POINT('Ctrl Pts',(43.3245708400133,36.8598230298882,-8.4659112574684));
#947=CARTESIAN_POINT('Ctrl Pts',(52.4882348217968,21.9002356940035,1.89252451301365));
#948=CARTESIAN_POINT('Ctrl Pts',(57.6024264342329,6.82847408264636,10.7823053887441));
#949=CARTESIAN_POINT('Ctrl Pts',(59.5501942880463,-9.49566914258146,18.2642047847051));
#950=CARTESIAN_POINT('Ctrl Pts',(58.7884963777192,-20.8634959657348,21.7547118148984));
#951=CARTESIAN_POINT('Ctrl Pts',(57.9228947957807,-26.547181215341,23.029738039106));
#952=CARTESIAN_POINT('Ctrl Pts',(79.8227165066532,-4.10244039710185,-20.3281219505991));
#953=CARTESIAN_POINT('Ctrl Pts',(77.3049449737116,-8.95612190098074,-21.4850355044008));
#954=CARTESIAN_POINT('Ctrl Pts',(71.2534255745596,-18.4059263790481,-22.8942000969553));
#955=CARTESIAN_POINT('Ctrl Pts',(59.8120837553378,-31.132038998588,-22.1031745821635));
#956=CARTESIAN_POINT('Ctrl Pts',(46.6273716206564,-41.7506242951537,-18.4240287315015));
#957=CARTESIAN_POINT('Ctrl Pts',(30.6404904141159,-50.5639404987234,-11.5066800011666));
#958=CARTESIAN_POINT('Ctrl Pts',(11.9706027780016,-55.7989179951649,-1.20644527593041));
#959=CARTESIAN_POINT('Ctrl Pts',(-8.96353961452723,-55.3554957576292,11.2476886086546));
#960=CARTESIAN_POINT('Ctrl Pts',(-29.7515241739629,-48.6362604534705,22.5217624979578));
#961=CARTESIAN_POINT('Ctrl Pts',(-49.4362881730543,-36.0087517145996,30.2617161238657));
#962=CARTESIAN_POINT('Ctrl Pts',(-63.6672040095637,-21.5940444907982,32.3777807403773));
#963=CARTESIAN_POINT('Ctrl Pts',(-72.881543222344,-8.65090003437922,31.2970659710308));
#964=CARTESIAN_POINT('Ctrl Pts',(-80.3760193146191,4.92016122880448,28.4713822170035));
#965=CARTESIAN_POINT('Ctrl Pts',(-84.8613043341046,18.9806669479056,23.1688802270258));
#966=CARTESIAN_POINT('Ctrl Pts',(-85.4599932780361,32.5057377420767,16.0027133743495));
#967=CARTESIAN_POINT('Ctrl Pts',(-83.7788799868963,42.0455050008663,9.9569946224202));
#968=CARTESIAN_POINT('Ctrl Pts',(-79.8922528129592,50.6087698066724,3.5853588838219));
#969=CARTESIAN_POINT('Ctrl Pts',(-73.9357032783289,57.8425418812185,-2.69713668708723));
#970=CARTESIAN_POINT('Ctrl Pts',(-66.2285475440214,63.5380865189187,-8.47641243150431));
#971=CARTESIAN_POINT('Ctrl Pts',(-54.1460357783558,69.025387407403,-15.1469452010362));
#972=CARTESIAN_POINT('Ctrl Pts',(-36.5808085080685,72.0818432664886,-21.0162278776055));
#973=CARTESIAN_POINT('Ctrl Pts',(-17.7670029074297,70.6617887227422,-22.8499572911893));
#974=CARTESIAN_POINT('Ctrl Pts',(-3.04691480238119,67.133891741598,-21.7101781102859));
#975=CARTESIAN_POINT('Ctrl Pts',(11.1168326488992,62.0856028811241,-18.8842435303984));
#976=CARTESIAN_POINT('Ctrl Pts',(27.1612121339697,53.0660852402359,-12.3325347336424));
#977=CARTESIAN_POINT('Ctrl Pts',(41.0153951248521,39.521183141333,-2.03814448009452));
#978=CARTESIAN_POINT('Ctrl Pts',(49.9409062021136,24.6089457606673,8.20723934537645));
#979=CARTESIAN_POINT('Ctrl Pts',(54.932907691366,9.40252013956792,17.1036594781539));
#980=CARTESIAN_POINT('Ctrl Pts',(56.764344846357,-7.25059042359974,24.6641948818962));
#981=CARTESIAN_POINT('Ctrl Pts',(55.8789794429714,-18.9405252837947,28.2018258330654));
#982=CARTESIAN_POINT('Ctrl Pts',(54.935731058068,-24.7924080622317,29.4866597017277));
#983=CARTESIAN_POINT('Ctrl Pts',(78.3988348022739,-4.89269877427571,-14.521221796095));
#984=CARTESIAN_POINT('Ctrl Pts',(76.0133744881896,-9.3897151714528,-15.5971537055269));
#985=CARTESIAN_POINT('Ctrl Pts',(70.2998988307137,-18.1374516269061,-16.906211524893));
#986=CARTESIAN_POINT('Ctrl Pts',(59.5430783091201,-29.8920038481946,-16.1678534003131));
#987=CARTESIAN_POINT('Ctrl Pts',(47.1508582902449,-39.6955551025118,-12.7411572996188));
#988=CARTESIAN_POINT('Ctrl Pts',(32.0433426709481,-47.8546627820851,-6.26189834129227));
#989=CARTESIAN_POINT('Ctrl Pts',(14.1995656445732,-52.7066019111508,3.50014817708334));
#990=CARTESIAN_POINT('Ctrl Pts',(-6.09063397505449,-52.1294245290353,15.4723368267785));
#991=CARTESIAN_POINT('Ctrl Pts',(-26.4737938463101,-45.4036342561502,26.4237241950975));
#992=CARTESIAN_POINT('Ctrl Pts',(-45.9254601985547,-32.7816071337542,33.9568608636085));
#993=CARTESIAN_POINT('Ctrl Pts',(-59.9877618364965,-18.3955326129805,35.9301832861287));
#994=CARTESIAN_POINT('Ctrl Pts',(-69.0282574627559,-5.55951531517575,34.7581165171176));
#995=CARTESIAN_POINT('Ctrl Pts',(-76.3292176629079,7.82498317293466,31.8758804359614));
#996=CARTESIAN_POINT('Ctrl Pts',(-80.5968528873878,21.5364338362032,26.6009768160753));
#997=CARTESIAN_POINT('Ctrl Pts',(-81.069012824756,34.5046763463202,19.6331507766005));
#998=CARTESIAN_POINT('Ctrl Pts',(-79.3931416270058,43.5379691176312,13.8342810772804));
#999=CARTESIAN_POINT('Ctrl Pts',(-75.6594073754625,51.544939116199,7.79768805498769));
#1000=CARTESIAN_POINT('Ctrl Pts',(-70.0300368019803,58.2377458961658,1.90204891209369));
#1001=CARTESIAN_POINT('Ctrl Pts',(-62.8037030073135,63.4588456154539,-3.49253606291058));
#1002=CARTESIAN_POINT('Ctrl Pts',(-51.5237171689523,68.4457560675014,-9.70260514715143));
#1003=CARTESIAN_POINT('Ctrl Pts',(-35.160755437132,71.1331781748125,-15.1608976708411));
#1004=CARTESIAN_POINT('Ctrl Pts',(-17.665735289525,69.6559465967627,-16.8635220856457));
#1005=CARTESIAN_POINT('Ctrl Pts',(-3.99193069779164,66.250125781144,-15.8024200169346));
#1006=CARTESIAN_POINT('Ctrl Pts',(9.17398575639934,61.42552780706,-13.171372483757));
#1007=CARTESIAN_POINT('Ctrl Pts',(24.1582862439682,52.8375400721824,-7.05205933134518));
#1008=CARTESIAN_POINT('Ctrl Pts',(37.2625679518494,39.8213455107324,2.69804173848546));
#1009=CARTESIAN_POINT('Ctrl Pts',(45.7811358103822,25.3339880896102,12.5251302311201));
#1010=CARTESIAN_POINT('Ctrl Pts',(50.5572594349419,10.436956596946,21.1292006415199));
#1011=CARTESIAN_POINT('Ctrl Pts',(52.2646528209854,-5.98975420518569,28.4798709897707));
#1012=CARTESIAN_POINT('Ctrl Pts',(51.3258598654204,-17.5715814277616,31.9129863753697));
#1013=CARTESIAN_POINT('Ctrl Pts',(50.3605081486497,-23.3707384691264,33.1497496149448));
#1014=CARTESIAN_POINT('Ctrl Pts',(74.0980285696348,-4.2098337301484,-8.62552674241676));
#1015=CARTESIAN_POINT('Ctrl Pts',(71.9376094865844,-8.17025701908711,-9.59943178963138));
#1016=CARTESIAN_POINT('Ctrl Pts',(66.7685804156106,-15.8948433764268,-10.8059110504436));
#1017=CARTESIAN_POINT('Ctrl Pts',(57.0460564671482,-26.2892991002208,-10.2118667674137));
#1018=CARTESIAN_POINT('Ctrl Pts',(45.8279569869359,-34.9732718231165,-7.21198787432718));
#1019=CARTESIAN_POINT('Ctrl Pts',(32.0538814808937,-42.2362326242307,-1.44448337225436));
#1020=CARTESIAN_POINT('Ctrl Pts',(15.5691604442759,-46.5721107204665,7.39914196982916));
#1021=CARTESIAN_POINT('Ctrl Pts',(-3.44419719421219,-45.9036249725603,18.4185114118334));
#1022=CARTESIAN_POINT('Ctrl Pts',(-22.7277300600758,-39.4370155985961,28.5787094445243));
#1023=CARTESIAN_POINT('Ctrl Pts',(-41.2169611438454,-27.3464367699468,35.5359842585235));
#1024=CARTESIAN_POINT('Ctrl Pts',(-54.557587502602,-13.6137869057078,37.2267192818284));
#1025=CARTESIAN_POINT('Ctrl Pts',(-63.0582653625975,-1.46413159165859,35.9700921170388));
#1026=CARTESIAN_POINT('Ctrl Pts',(-69.8603492039914,11.1041248415585,33.1183597173029));
#1027=CARTESIAN_POINT('Ctrl Pts',(-73.7155670344454,23.7613196211774,28.0870155037831));
#1028=CARTESIAN_POINT('Ctrl Pts',(-74.0559884419698,35.4188615421751,21.6688899760671));
#1029=CARTESIAN_POINT('Ctrl Pts',(-72.5029080894334,43.385828487902,16.4358191714661));
#1030=CARTESIAN_POINT('Ctrl Pts',(-69.1721305362424,50.3235791285292,11.0795197623248));
#1031=CARTESIAN_POINT('Ctrl Pts',(-64.232988052972,56.0546961317712,5.90043286177001));
#1032=CARTESIAN_POINT('Ctrl Pts',(-57.9187003029603,60.4943993131317,1.16347282960215));
#1033=CARTESIAN_POINT('Ctrl Pts',(-48.044329137242,64.71666791029,-4.31625307603677));
#1034=CARTESIAN_POINT('Ctrl Pts',(-33.6047705942871,66.9223595502985,-9.20705408485011));
#1035=CARTESIAN_POINT('Ctrl Pts',(-18.0453485741372,65.4384311755206,-10.7967582631086));
#1036=CARTESIAN_POINT('Ctrl Pts',(-5.86071998677277,62.2608940224312,-9.90789356977928));
#1037=CARTESIAN_POINT('Ctrl Pts',(5.89877036128313,57.807665300769,-7.61360585884265));
#1038=CARTESIAN_POINT('Ctrl Pts',(19.3776352238093,49.9095687155652,-2.18810791887191));
#1039=CARTESIAN_POINT('Ctrl Pts',(31.3527469652164,37.8157579838153,6.63863861831414));
#1040=CARTESIAN_POINT('Ctrl Pts',(39.21890966432,24.2116727586046,15.6626947912928));
#1041=CARTESIAN_POINT('Ctrl Pts',(43.6446697729251,10.1270915389778,23.6198280507215));
#1042=CARTESIAN_POINT('Ctrl Pts',(45.1970229191481,-5.47470786307227,30.4322485269239));
#1043=CARTESIAN_POINT('Ctrl Pts',(44.2652023559736,-16.4975369389684,33.5894161805732));
#1044=CARTESIAN_POINT('Ctrl Pts',(43.3290511465393,-22.0130214894782,34.7110555157248));
#1045=CARTESIAN_POINT('Ctrl Pts',(69.1492024081253,-2.40985973639855,-5.6884640335775));
#1046=CARTESIAN_POINT('Ctrl Pts',(67.1898194310685,-5.93210194707742,-6.59221825265519));
#1047=CARTESIAN_POINT('Ctrl Pts',(62.4903206776326,-12.8416155317315,-7.74694725035822));
#1048=CARTESIAN_POINT('Ctrl Pts',(53.6163145958839,-22.1917768881271,-7.31419701699035));
#1049=CARTESIAN_POINT('Ctrl Pts',(43.3461438576721,-30.0310231776727,-4.69443071211704));
#1050=CARTESIAN_POINT('Ctrl Pts',(30.6692291243516,-36.6196013405896,0.45630425573387));
#1051=CARTESIAN_POINT('Ctrl Pts',(15.372824756736,-40.5732117500132,8.47703429445083));
#1052=CARTESIAN_POINT('Ctrl Pts',(-2.39242796179402,-39.9028372860333,18.566542660705));
#1053=CARTESIAN_POINT('Ctrl Pts',(-20.4507247714463,-33.8263533453103,27.8766682552224));
#1054=CARTESIAN_POINT('Ctrl Pts',(-37.747198884503,-22.517386654473,34.1875685519985));
#1055=CARTESIAN_POINT('Ctrl Pts',(-50.1871348742264,-9.72414381580167,35.6022824477867));
#1056=CARTESIAN_POINT('Ctrl Pts',(-58.0618610563766,1.51574371699256,34.3116906466429));
#1057=CARTESIAN_POINT('Ctrl Pts',(-64.3184044674884,13.0613835305502,31.5616719515039));
#1058=CARTESIAN_POINT('Ctrl Pts',(-67.7802322245903,24.5047121342204,26.8638564540637));
#1059=CARTESIAN_POINT('Ctrl Pts',(-68.0520449366323,34.7772434182209,21.0617735382651));
#1060=CARTESIAN_POINT('Ctrl Pts',(-66.6757955391861,41.6707241137793,16.4201861932278));
#1061=CARTESIAN_POINT('Ctrl Pts',(-63.7891434755918,47.5805879172844,11.7367477108266));
#1062=CARTESIAN_POINT('Ctrl Pts',(-59.5458475382082,52.4275487016955,7.23261874695948));
#1063=CARTESIAN_POINT('Ctrl Pts',(-54.1021943044853,56.1836794259715,3.08546995155909));
#1064=CARTESIAN_POINT('Ctrl Pts',(-45.5083137993179,59.7733356816845,-1.77258518072207));
#1065=CARTESIAN_POINT('Ctrl Pts',(-32.7170479524089,61.6336424036473,-6.23307379754822));
#1066=CARTESIAN_POINT('Ctrl Pts',(-18.709276301793,60.196844073565,-7.78644860248465));
#1067=CARTESIAN_POINT('Ctrl Pts',(-7.68523321739778,57.2353265034922,-7.07399006789531));
#1068=CARTESIAN_POINT('Ctrl Pts',(2.98746138145777,53.1087343729061,-5.08386309763961));
#1069=CARTESIAN_POINT('Ctrl Pts',(15.2944952903013,45.8014464094695,-0.254113255513021));
#1070=CARTESIAN_POINT('Ctrl Pts',(26.3463669475036,34.5456188648224,7.74878595197928));
#1071=CARTESIAN_POINT('Ctrl Pts',(33.6517171658979,21.8257241340983,16.0009138975355));
#1072=CARTESIAN_POINT('Ctrl Pts',(37.7738250564884,8.63565560015557,23.2916410181347));
#1073=CARTESIAN_POINT('Ctrl Pts',(39.2200478107856,-5.97028487247692,29.5162621480182));
#1074=CARTESIAN_POINT('Ctrl Pts',(38.351548507231,-16.2728419670524,32.3687993690745));
#1075=CARTESIAN_POINT('Ctrl Pts',(37.480749077053,-21.4208719105977,33.367982215065));
#1076=CARTESIAN_POINT('Ctrl Pts',(62.6096919545064,0.8513414993474,-5.15533473014443));
#1077=CARTESIAN_POINT('Ctrl Pts',(60.8658341226181,-2.24717196028275,-6.00735254481709));
#1078=CARTESIAN_POINT('Ctrl Pts',(56.64959564514,-8.39524540846584,-7.15105609028126));
#1079=CARTESIAN_POINT('Ctrl Pts',(48.5997960381021,-16.8180163055327,-6.92716803083626));
#1080=CARTESIAN_POINT('Ctrl Pts',(39.2315907101736,-23.9269180334033,-4.71318469747534));
#1081=CARTESIAN_POINT('Ctrl Pts',(27.624213452915,-29.9348335978183,-0.201683908749776));
#1082=CARTESIAN_POINT('Ctrl Pts',(13.5713912180623,-33.5675809751918,6.93491760590659));
#1083=CARTESIAN_POINT('Ctrl Pts',(-2.7365288500317,-32.9846761367212,15.9401240886927));
#1084=CARTESIAN_POINT('Ctrl Pts',(-19.2114235334423,-27.5038495137521,24.179774053048));
#1085=CARTESIAN_POINT('Ctrl Pts',(-34.8572881289596,-17.3759228630892,29.6504737918345));
#1086=CARTESIAN_POINT('Ctrl Pts',(-46.0459489898413,-5.98699814145057,30.7431215726882));
#1087=CARTESIAN_POINT('Ctrl Pts',(-53.0892403575139,3.94637821080228,29.4626474531416));
#1088=CARTESIAN_POINT('Ctrl Pts',(-58.6494038450219,14.0678730818172,26.9049251874708));
#1089=CARTESIAN_POINT('Ctrl Pts',(-61.6618049542884,23.9075921396588,22.6937679163761));
#1090=CARTESIAN_POINT('Ctrl Pts',(-61.9149191147581,32.4563977027828,17.6916550381647));
#1091=CARTESIAN_POINT('Ctrl Pts',(-60.8030657919602,38.0644479335574,13.7800602929484));
#1092=CARTESIAN_POINT('Ctrl Pts',(-58.4864510710055,42.7915381912508,9.89052490267728));
#1093=CARTESIAN_POINT('Ctrl Pts',(-55.0769975620075,46.663354699884,6.14844824992983));
#1094=CARTESIAN_POINT('Ctrl Pts',(-50.6286142678336,49.703510890363,2.63576285887408));
#1095=CARTESIAN_POINT('Ctrl Pts',(-43.4341688676851,52.6717981266178,-1.59055755040347));
#1096=CARTESIAN_POINT('Ctrl Pts',(-32.3300550360904,54.257804456439,-5.67621723904071));
#1097=CARTESIAN_POINT('Ctrl Pts',(-19.7835940282655,52.9310178278307,-7.26295924243747));
#1098=CARTESIAN_POINT('Ctrl Pts',(-9.81289327595844,50.2146583488022,-6.76486729451623));
#1099=CARTESIAN_POINT('Ctrl Pts',(-0.114212718706987,46.4322331507764,-5.10427003083053));
#1100=CARTESIAN_POINT('Ctrl Pts',(11.1321680394058,39.7293170486368,-0.885806571586109));
#1101=CARTESIAN_POINT('Ctrl Pts',(21.2904252521464,29.3870006247208,6.23549165633332));
#1102=CARTESIAN_POINT('Ctrl Pts',(28.0206981387974,17.7204317137455,13.5999672734129));
#1103=CARTESIAN_POINT('Ctrl Pts',(31.8283247382,5.67729597578173,20.0779596156738));
#1104=CARTESIAN_POINT('Ctrl Pts',(33.19753640342,-7.57207790781235,25.5533325918893));
#1105=CARTESIAN_POINT('Ctrl Pts',(32.4612155582347,-16.8561038978549,28.014839958275));
#1106=CARTESIAN_POINT('Ctrl Pts',(31.7043780278311,-21.4826960086938,28.8608131911868));
#1107=CARTESIAN_POINT('Ctrl Pts',(57.2597787846591,4.26987162887354,-7.56612519065593));
#1108=CARTESIAN_POINT('Ctrl Pts',(55.6494612955343,1.38563274816787,-8.41069768125932));
#1109=CARTESIAN_POINT('Ctrl Pts',(51.7122010794777,-4.40779304499778,-9.59433185968695));
#1110=CARTESIAN_POINT('Ctrl Pts',(44.0840065961758,-12.4569601082271,-9.53772816238246));
#1111=CARTESIAN_POINT('Ctrl Pts',(35.1555363374219,-19.2965742151448,-7.57363555626305));
#1112=CARTESIAN_POINT('Ctrl Pts',(24.0997671670137,-25.0935094852724,-3.4355648764125));
#1113=CARTESIAN_POINT('Ctrl Pts',(10.786566804159,-28.6205475851858,3.15068641899614));
#1114=CARTESIAN_POINT('Ctrl Pts',(-4.49276821608317,-28.1855720973288,11.3920150126723));
#1115=CARTESIAN_POINT('Ctrl Pts',(-19.7020332409128,-23.2605737912035,18.80070988882));
#1116=CARTESIAN_POINT('Ctrl Pts',(-33.9348037265298,-14.2243721421799,23.5961900576197));
#1117=CARTESIAN_POINT('Ctrl Pts',(-44.0479611450088,-4.12295978519651,24.461757042536));
#1118=CARTESIAN_POINT('Ctrl Pts',(-50.4075615199636,4.65294460563296,23.2363620317346));
#1119=CARTESIAN_POINT('Ctrl Pts',(-55.4191472588648,13.5479272480002,20.8851255281917));
#1120=CARTESIAN_POINT('Ctrl Pts',(-58.1237613668371,22.075074012929,17.1114648153598));
#1121=CARTESIAN_POINT('Ctrl Pts',(-58.4228255740167,29.3048976363459,12.7515119692142));
#1122=CARTESIAN_POINT('Ctrl Pts',(-57.5534041581977,33.9749009581944,9.39300086228103));
#1123=CARTESIAN_POINT('Ctrl Pts',(-55.6885855702615,37.8840290852822,6.07165032146387));
#1124=CARTESIAN_POINT('Ctrl Pts',(-52.8883480729851,41.1225729157899,2.8423790488059));
#1125=CARTESIAN_POINT('Ctrl Pts',(-49.1219010138573,43.7363500640443,-0.274646723183214));
#1126=CARTESIAN_POINT('Ctrl Pts',(-42.82306155195,46.3790165006228,-4.14579781513619));
#1127=CARTESIAN_POINT('Ctrl Pts',(-32.6814422338337,47.8951624324455,-8.08948446343334));
#1128=CARTESIAN_POINT('Ctrl Pts',(-20.8300968966718,46.6989645188715,-9.77275337872509));
#1129=CARTESIAN_POINT('Ctrl Pts',(-11.3123928694916,44.1487227110552,-9.43395332267567));
#1130=CARTESIAN_POINT('Ctrl Pts',(-2.01745358350425,40.5734473584764,-7.98132808353014));
#1131=CARTESIAN_POINT('Ctrl Pts',(8.77594899713359,34.214912409231,-4.11319882844306));
#1132=CARTESIAN_POINT('Ctrl Pts',(18.4810992523623,24.4548772486159,2.46323928743335));
#1133=CARTESIAN_POINT('Ctrl Pts',(24.8818043619374,13.5522911007451,9.21409052609615));
#1134=CARTESIAN_POINT('Ctrl Pts',(28.5059242731342,2.41761871371766,15.0849505596774));
#1135=CARTESIAN_POINT('Ctrl Pts',(29.8657535141795,-9.68760795130484,19.9708124755696));
#1136=CARTESIAN_POINT('Ctrl Pts',(29.2786182554618,-18.0814134137272,22.1220112997395));
#1137=CARTESIAN_POINT('Ctrl Pts',(28.6384253031504,-22.2512247746671,22.8500622196549));
#1138=CARTESIAN_POINT('Ctrl Pts',(53.7701200214316,7.57856519159494,-13.2307274049384));
#1139=CARTESIAN_POINT('Ctrl Pts',(52.1853474374739,4.64348365557888,-14.1206967735355));
#1140=CARTESIAN_POINT('Ctrl Pts',(48.2630381555019,-1.30394461490441,-15.4008374084253));
#1141=CARTESIAN_POINT('Ctrl Pts',(40.5464714800258,-9.6632787693797,-15.4482717831378));
#1142=CARTESIAN_POINT('Ctrl Pts',(31.4760215815198,-16.7990336572616,-13.5290850207672));
#1143=CARTESIAN_POINT('Ctrl Pts',(20.3149865263365,-22.8378612299294,-9.41948327674747));
#1144=CARTESIAN_POINT('Ctrl Pts',(7.08475070326721,-26.5209218388905,-2.94341979290904));
#1145=CARTESIAN_POINT('Ctrl Pts',(-7.75872644153199,-26.2922320209684,4.976665253225));
#1146=CARTESIAN_POINT('Ctrl Pts',(-22.1852593429524,-21.8273517999728,11.907543650564));
#1147=CARTESIAN_POINT('Ctrl Pts',(-35.4053114461327,-13.6843940513728,16.2797699726817));
#1148=CARTESIAN_POINT('Ctrl Pts',(-44.7421318429322,-4.62226920236183,17.0494522444038));
#1149=CARTESIAN_POINT('Ctrl Pts',(-50.6506157556243,3.27095506485342,15.9273536547534));
#1150=CARTESIAN_POINT('Ctrl Pts',(-55.3345956831282,11.2770038278572,13.781695930071));
#1151=CARTESIAN_POINT('Ctrl Pts',(-57.9248017222096,18.9475318370909,10.3499734954481));
#1152=CARTESIAN_POINT('Ctrl Pts',(-58.3421051666758,25.4478118513943,6.39147142596998));
#1153=CARTESIAN_POINT('Ctrl Pts',(-57.668638986115,29.6691134175307,3.33044664970913));
#1154=CARTESIAN_POINT('Ctrl Pts',(-56.0778121381479,33.2599120331513,0.262873877052241));
#1155=CARTESIAN_POINT('Ctrl Pts',(-53.5703537175846,36.3219404704196,-2.79093214453517));
#1156=CARTESIAN_POINT('Ctrl Pts',(-50.0585889757554,38.8868891025894,-5.82737511092246));
#1157=CARTESIAN_POINT('Ctrl Pts',(-43.9856877982087,41.5800993900959,-9.69943514190282));
#1158=CARTESIAN_POINT('Ctrl Pts',(-33.8710312203216,43.2730302621981,-13.7874454015772));
#1159=CARTESIAN_POINT('Ctrl Pts',(-21.7543173479289,42.2203422899828,-15.6332400816906));
#1160=CARTESIAN_POINT('Ctrl Pts',(-11.9439437258632,39.728872695448,-15.3752159146262));
#1161=CARTESIAN_POINT('Ctrl Pts',(-2.34696280912682,36.1816151077246,-13.9696071756139));
#1162=CARTESIAN_POINT('Ctrl Pts',(8.74714860963012,29.8317573688854,-10.1145024506449));
#1163=CARTESIAN_POINT('Ctrl Pts',(18.556674338946,20.2139719895526,-3.63970521010437));
#1164=CARTESIAN_POINT('Ctrl Pts',(24.9444452772384,9.66908286975709,2.87268995624668));
#1165=CARTESIAN_POINT('Ctrl Pts',(28.5547006887092,-0.91594673280247,8.43048795611105));
#1166=CARTESIAN_POINT('Ctrl Pts',(29.9853202420557,-12.2251572548589,12.9653490463945));
#1167=CARTESIAN_POINT('Ctrl Pts',(29.554368623475,-19.956396300757,14.927919194485));
#1168=CARTESIAN_POINT('Ctrl Pts',(29.0240651707144,-23.7844794124906,15.5896695491476));
#1169=CARTESIAN_POINT('Ctrl Pts',(53.3473847636,8.9098612234317,-17.4462813105938));
#1170=CARTESIAN_POINT('Ctrl Pts',(51.7129716796352,5.80522495809521,-18.3848563699242));
#1171=CARTESIAN_POINT('Ctrl Pts',(47.6475975594355,-0.4937507042023,-19.7370191026782));
#1172=CARTESIAN_POINT('Ctrl Pts',(39.607312338203,-9.36746166812713,-19.7924905755327));
#1173=CARTESIAN_POINT('Ctrl Pts',(30.1501136571235,-16.9458460840777,-17.7770653380879));
#1174=CARTESIAN_POINT('Ctrl Pts',(18.5755633323743,-23.3412748949373,-13.4857172275391));
#1175=CARTESIAN_POINT('Ctrl Pts',(5.01107213728561,-27.2376128513855,-6.80886492136759));
#1176=CARTESIAN_POINT('Ctrl Pts',(-9.9817922273863,-27.1288101150785,1.22440044989834));
#1177=CARTESIAN_POINT('Ctrl Pts',(-24.3513657905364,-22.8043474392095,8.15323819838746));
#1178=CARTESIAN_POINT('Ctrl Pts',(-37.3702749335249,-14.9257754077239,12.488847818767));
#1179=CARTESIAN_POINT('Ctrl Pts',(-46.5487361079677,-6.16122296300475,13.2918801170312));
#1180=CARTESIAN_POINT('Ctrl Pts',(-52.3980330627458,1.51518611887563,12.2402142353079));
#1181=CARTESIAN_POINT('Ctrl Pts',(-57.0680812450242,9.33677035472007,10.1804213776657));
#1182=CARTESIAN_POINT('Ctrl Pts',(-59.7185248255993,16.9042915156979,6.83837738369715));
#1183=CARTESIAN_POINT('Ctrl Pts',(-60.2258849947987,23.4281982737225,2.9137158863786));
#1184=CARTESIAN_POINT('Ctrl Pts',(-59.6084348060758,27.7352853032458,-0.165612927646978));
#1185=CARTESIAN_POINT('Ctrl Pts',(-58.0330754010575,31.472270865183,-3.30267740848392));
#1186=CARTESIAN_POINT('Ctrl Pts',(-55.4707210706337,34.7164267365252,-6.47200227681709));
#1187=CARTESIAN_POINT('Ctrl Pts',(-51.8263448073361,37.4727830997407,-9.65132356044322));
#1188=CARTESIAN_POINT('Ctrl Pts',(-45.4725263446437,40.3980596924848,-13.7232805607728));
#1189=CARTESIAN_POINT('Ctrl Pts',(-34.8439099887347,42.3044353057824,-18.0330314003093));
#1190=CARTESIAN_POINT('Ctrl Pts',(-22.0735848078161,41.3194559292766,-19.9842551414897));
#1191=CARTESIAN_POINT('Ctrl Pts',(-11.7219027845831,38.792752102464,-19.7163405860686));
#1192=CARTESIAN_POINT('Ctrl Pts',(-1.60142999832677,35.1567756772897,-18.2401700800255));
#1193=CARTESIAN_POINT('Ctrl Pts',(10.0433958866204,28.6222515462129,-14.2013346639375));
#1194=CARTESIAN_POINT('Ctrl Pts',(20.2092321187303,18.8176377526522,-7.52084816816154));
#1195=CARTESIAN_POINT('Ctrl Pts',(26.7707638104036,8.19478852567664,-0.897767895833906));
#1196=CARTESIAN_POINT('Ctrl Pts',(30.4709076009963,-2.36064409514453,4.6936574976468));
#1197=CARTESIAN_POINT('Ctrl Pts',(31.9769071072882,-13.5306613076012,9.21500856474132));
#1198=CARTESIAN_POINT('Ctrl Pts',(31.6161649360335,-21.1113901422268,11.1669763024896));
#1199=CARTESIAN_POINT('Ctrl Pts',(31.1282394663378,-24.8602602578022,11.8297366959462));
#1200=CARTESIAN_POINT('Ctrl Pts',(53.5753658468644,9.34813032442106,-19.5584724606062));
#1201=CARTESIAN_POINT('Ctrl Pts',(51.901826683886,6.13093136244158,-20.5246109230652));
#1202=CARTESIAN_POINT('Ctrl Pts',(47.7343867173918,-0.391623825677216,-21.9133442060784));
#1203=CARTESIAN_POINT('Ctrl Pts',(39.4793740784909,-9.58125548930153,-21.9589823164474));
#1204=CARTESIAN_POINT('Ctrl Pts',(29.7713220745943,-17.426525231284,-19.8689670708176));
#1205=CARTESIAN_POINT('Ctrl Pts',(17.921507476953,-24.0363848959497,-15.4452180304147));
#1206=CARTESIAN_POINT('Ctrl Pts',(4.10928628804564,-28.0590222714238,-8.61015506719519));
#1207=CARTESIAN_POINT('Ctrl Pts',(-11.054930817108,-28.0032543057612,-0.448275343785806));
#1208=CARTESIAN_POINT('Ctrl Pts',(-25.5012102928201,-23.7080857895533,6.55060981667762));
#1209=CARTESIAN_POINT('Ctrl Pts',(-38.5314169106008,-15.8807580586906,10.9244689952927));
#1210=CARTESIAN_POINT('Ctrl Pts',(-47.7152555046296,-7.16937780802003,11.7655207607335));
#1211=CARTESIAN_POINT('Ctrl Pts',(-53.5909838135461,0.487272706452197,10.7480063425595));
#1212=CARTESIAN_POINT('Ctrl Pts',(-58.3009505051858,8.31329413980688,8.71776880503502));
#1213=CARTESIAN_POINT('Ctrl Pts',(-61.011289868899,15.9358306551403,5.38791852804931));
#1214=CARTESIAN_POINT('Ctrl Pts',(-61.5645300699206,22.5871775388882,1.42626975026118));
#1215=CARTESIAN_POINT('Ctrl Pts',(-60.957249467434,27.0228125750917,-1.71102911507251));
#1216=CARTESIAN_POINT('Ctrl Pts',(-59.3512915929562,30.9114467737076,-4.93577056126442));
#1217=CARTESIAN_POINT('Ctrl Pts',(-56.706315682139,34.3107814019086,-8.21316981278273));
#1218=CARTESIAN_POINT('Ctrl Pts',(-52.929753406769,37.2094902890792,-11.5055470173555));
#1219=CARTESIAN_POINT('Ctrl Pts',(-46.3435700033414,40.291171003704,-15.7187544270521));
#1220=CARTESIAN_POINT('Ctrl Pts',(-35.3484767873232,42.3206847808153,-20.1627364356364));
#1221=CARTESIAN_POINT('Ctrl Pts',(-22.159908383816,41.3617109521128,-22.1637666470372));
#1222=CARTESIAN_POINT('Ctrl Pts',(-11.4702776324352,38.8009567860467,-21.8764436198019));
#1223=CARTESIAN_POINT('Ctrl Pts',(-1.02642967251896,35.0981383806257,-20.3433879693267));
#1224=CARTESIAN_POINT('Ctrl Pts',(10.960332175731,28.4319473477989,-16.172863951282));
#1225=CARTESIAN_POINT('Ctrl Pts',(21.3622822293159,18.4737340740657,-9.33156509729208));
#1226=CARTESIAN_POINT('Ctrl Pts',(28.0469855216747,7.74226965716752,-2.59477349098995));
#1227=CARTESIAN_POINT('Ctrl Pts',(31.8122001904591,-2.8751091083315,3.0674528857159));
#1228=CARTESIAN_POINT('Ctrl Pts',(33.3601069676963,-14.0670711448927,7.6321045836354));
#1229=CARTESIAN_POINT('Ctrl Pts',(33.0247233888246,-21.6412601063535,9.60461096441303));
#1230=CARTESIAN_POINT('Ctrl Pts',(32.5500979273142,-25.3860776818095,10.2782080346063));
#1231=CARTESIAN_POINT('Ctrl Pts',(53.5753658468644,9.34813032442106,-19.5584724606062));
#1232=CARTESIAN_POINT('Ctrl Pts',(51.901826683886,6.13093136244158,-20.5246109230652));
#1233=CARTESIAN_POINT('Ctrl Pts',(47.7343867173918,-0.391623825677216,-21.9133442060784));
#1234=CARTESIAN_POINT('Ctrl Pts',(39.4793740784909,-9.58125548930153,-21.9589823164474));
#1235=CARTESIAN_POINT('Ctrl Pts',(29.7713220745943,-17.426525231284,-19.8689670708176));
#1236=CARTESIAN_POINT('Ctrl Pts',(17.921507476953,-24.0363848959497,-15.4452180304147));
#1237=CARTESIAN_POINT('Ctrl Pts',(4.10928628804564,-28.0590222714238,-8.61015506719519));
#1238=CARTESIAN_POINT('Ctrl Pts',(-11.054930817108,-28.0032543057612,-0.448275343785806));
#1239=CARTESIAN_POINT('Ctrl Pts',(-25.5012102928201,-23.7080857895533,6.55060981667762));
#1240=CARTESIAN_POINT('Ctrl Pts',(-38.5314169106008,-15.8807580586906,10.9244689952927));
#1241=CARTESIAN_POINT('Ctrl Pts',(-47.7152555046296,-7.16937780802003,11.7655207607335));
#1242=CARTESIAN_POINT('Ctrl Pts',(-53.5909838135461,0.487272706452197,10.7480063425595));
#1243=CARTESIAN_POINT('Ctrl Pts',(-58.3009505051858,8.31329413980688,8.71776880503502));
#1244=CARTESIAN_POINT('Ctrl Pts',(-61.011289868899,15.9358306551403,5.38791852804931));
#1245=CARTESIAN_POINT('Ctrl Pts',(-61.5645300699206,22.5871775388882,1.42626975026118));
#1246=CARTESIAN_POINT('Ctrl Pts',(-60.957249467434,27.0228125750917,-1.71102911507251));
#1247=CARTESIAN_POINT('Ctrl Pts',(-59.3512915929562,30.9114467737076,-4.93577056126442));
#1248=CARTESIAN_POINT('Ctrl Pts',(-56.706315682139,34.3107814019086,-8.21316981278273));
#1249=CARTESIAN_POINT('Ctrl Pts',(-52.929753406769,37.2094902890792,-11.5055470173555));
#1250=CARTESIAN_POINT('Ctrl Pts',(-46.3435700033414,40.291171003704,-15.7187544270521));
#1251=CARTESIAN_POINT('Ctrl Pts',(-35.3484767873232,42.3206847808153,-20.1627364356364));
#1252=CARTESIAN_POINT('Ctrl Pts',(-22.159908383816,41.3617109521128,-22.1637666470372));
#1253=CARTESIAN_POINT('Ctrl Pts',(-11.4702776324352,38.8009567860467,-21.8764436198019));
#1254=CARTESIAN_POINT('Ctrl Pts',(-1.02642967251896,35.0981383806257,-20.3433879693267));
#1255=CARTESIAN_POINT('Ctrl Pts',(10.960332175731,28.4319473477989,-16.172863951282));
#1256=CARTESIAN_POINT('Ctrl Pts',(21.3622822293159,18.4737340740657,-9.33156509729208));
#1257=CARTESIAN_POINT('Ctrl Pts',(28.0469855216747,7.74226965716752,-2.59477349098995));
#1258=CARTESIAN_POINT('Ctrl Pts',(31.8122001904591,-2.8751091083315,3.0674528857159));
#1259=CARTESIAN_POINT('Ctrl Pts',(33.3601069676963,-14.0670711448927,7.6321045836354));
#1260=CARTESIAN_POINT('Ctrl Pts',(33.0247233888246,-21.6412601063535,9.60461096441303));
#1261=CARTESIAN_POINT('Ctrl Pts',(32.5500979273142,-25.3860776818095,10.2782080346063));
#1262=CARTESIAN_POINT('Ctrl Pts',(34.0330182393015,-25.3328255877668,11.6191448574192));
#1263=CARTESIAN_POINT('Ctrl Pts',(33.5238990202954,-29.2197506544754,12.336531473933));
#1264=CARTESIAN_POINT('Ctrl Pts',(31.8648513387018,-36.9192840360013,13.1226847263565));
#1265=CARTESIAN_POINT('Ctrl Pts',(27.7049841687282,-47.6329049749651,12.2933501540399));
#1266=CARTESIAN_POINT('Ctrl Pts',(22.2267167237095,-56.7531842682636,9.64765119795193));
#1267=CARTESIAN_POINT('Ctrl Pts',(16.1339982907892,-63.3204288655729,5.76509681723408));
#1268=CARTESIAN_POINT('Ctrl Pts',(10.9472226633285,-66.616863390315,2.05383583931138));
#1269=CARTESIAN_POINT('Ctrl Pts',(6.46139242565204,-68.2120838950827,-1.29549143348193));
#1270=CARTESIAN_POINT('Ctrl Pts',(2.43477404916767,-68.7222431092441,-4.34401995375254));
#1271=CARTESIAN_POINT('Ctrl Pts',(-2.16933434460415,-68.062811065828,-7.81886597931864));
#1272=CARTESIAN_POINT('Ctrl Pts',(-6.86652723039908,-66.1041432983512,-11.2730915980604));
#1273=CARTESIAN_POINT('Ctrl Pts',(-13.15520036964,-61.6969737240599,-15.639890359002));
#1274=CARTESIAN_POINT('Ctrl Pts',(-20.6902487090797,-52.845116773331,-20.1717746500585));
#1275=CARTESIAN_POINT('Ctrl Pts',(-27.7942652308462,-38.1569409457456,-22.538368681382));
#1276=CARTESIAN_POINT('Ctrl Pts',(-31.8287520528327,-21.4610543762369,-21.0346230820255));
#1277=CARTESIAN_POINT('Ctrl Pts',(-32.0850509424407,-4.64758169741067,-15.8231089885227));
#1278=CARTESIAN_POINT('Ctrl Pts',(-28.2495482525213,10.944869279546,-8.10209787021743));
#1279=CARTESIAN_POINT('Ctrl Pts',(-20.399743737369,24.3657213241234,0.364397928840243));
#1280=CARTESIAN_POINT('Ctrl Pts',(-9.09761069980371,35.0075240214555,7.66022045293445));
#1281=CARTESIAN_POINT('Ctrl Pts',(4.70556569364955,42.5964070586313,12.2758362247276));
#1282=CARTESIAN_POINT('Ctrl Pts',(18.6149815832423,46.6568717367335,13.3034586507124));
#1283=CARTESIAN_POINT('Ctrl Pts',(31.0828205279292,47.890686169215,11.6656247614634));
#1284=CARTESIAN_POINT('Ctrl Pts',(41.281511259699,47.0637897271475,8.49914498281552));
#1285=CARTESIAN_POINT('Ctrl Pts',(49.6677284337358,44.4016297729359,4.14039711450776));
#1286=CARTESIAN_POINT('Ctrl Pts',(55.7492910700707,40.1629787282092,-0.822984560534858));
#1287=CARTESIAN_POINT('Ctrl Pts',(59.497201544916,34.4866106463809,-5.99260673187715));
#1288=CARTESIAN_POINT('Ctrl Pts',(60.910013802098,27.2049087365653,-11.2177808012083));
#1289=CARTESIAN_POINT('Ctrl Pts',(59.7062766502866,18.3370690621614,-16.0660517271813));
#1290=CARTESIAN_POINT('Ctrl Pts',(57.0798767989544,11.7513123471982,-18.5836202614064));
#1291=CARTESIAN_POINT('Ctrl Pts',(55.3496649555433,8.42516625527152,-19.558472460606));
#1292=CARTESIAN_POINT('Ctrl Pts',(35.2587582918673,-25.7861164705317,10.2816201493675));
#1293=CARTESIAN_POINT('Ctrl Pts',(34.7607352245509,-29.6692317012786,11.0078510586538));
#1294=CARTESIAN_POINT('Ctrl Pts',(33.1243774297318,-37.3603278950267,11.8125077561906));
#1295=CARTESIAN_POINT('Ctrl Pts',(28.9943796197342,-48.0817621388765,11.0153700443788));
#1296=CARTESIAN_POINT('Ctrl Pts',(23.5260906141675,-57.245450600196,8.39586715861861));
#1297=CARTESIAN_POINT('Ctrl Pts',(17.4033970168899,-63.8922210279348,4.51551857673867));
#1298=CARTESIAN_POINT('Ctrl Pts',(12.1432951891527,-67.2670812715681,0.770254711887445));
#1299=CARTESIAN_POINT('Ctrl Pts',(7.55943122775163,-68.9218479760852,-2.6338073234435));
#1300=CARTESIAN_POINT('Ctrl Pts',(3.42020361189856,-69.4682265144587,-5.75031440402055));
#1301=CARTESIAN_POINT('Ctrl Pts',(-1.33520176556846,-68.8130646367127,-9.3185507986098));
#1302=CARTESIAN_POINT('Ctrl Pts',(-6.1954157425644,-66.816029033383,-12.8704862650513));
#1303=CARTESIAN_POINT('Ctrl Pts',(-12.6995686746681,-62.3016140921604,-17.358922391777));
#1304=CARTESIAN_POINT('Ctrl Pts',(-20.4839495012299,-53.2280102632987,-22.0065905215425));
#1305=CARTESIAN_POINT('Ctrl Pts',(-27.8256628310751,-38.1780129475095,-24.425037801471));
#1306=CARTESIAN_POINT('Ctrl Pts',(-32.0178715828402,-21.068767189428,-22.870202858563));
#1307=CARTESIAN_POINT('Ctrl Pts',(-32.3309875939736,-3.88138463279041,-17.5231982532758));
#1308=CARTESIAN_POINT('Ctrl Pts',(-28.4795841568548,11.9727855217989,-9.65303134589436));
#1309=CARTESIAN_POINT('Ctrl Pts',(-20.592931461808,25.5448246421215,-1.07587844350392));
#1310=CARTESIAN_POINT('Ctrl Pts',(-9.27736343175582,36.2562652179641,6.27976617347256));
#1311=CARTESIAN_POINT('Ctrl Pts',(4.49380535956674,43.8743703665063,10.9268148121785));
#1312=CARTESIAN_POINT('Ctrl Pts',(18.3623810167628,47.9628980198624,11.9888495669724));
#1313=CARTESIAN_POINT('Ctrl Pts',(30.8303713332374,49.231715672139,10.3869315131311));
#1314=CARTESIAN_POINT('Ctrl Pts',(41.0746042040786,48.4329694224908,7.24190284996625));
#1315=CARTESIAN_POINT('Ctrl Pts',(49.5621508735089,45.7744873226096,2.87322067154746));
#1316=CARTESIAN_POINT('Ctrl Pts',(55.7911065396171,41.4810839127647,-2.15362571729758));
#1317=CARTESIAN_POINT('Ctrl Pts',(59.6847458415529,35.6580839508089,-7.4459312038524));
#1318=CARTESIAN_POINT('Ctrl Pts',(61.1835185160625,28.1466967321036,-12.8189327416083));
#1319=CARTESIAN_POINT('Ctrl Pts',(59.9833737052457,19.0047622161233,-17.7996261667548));
#1320=CARTESIAN_POINT('Ctrl Pts',(57.3103655639564,12.2252996379771,-20.3808308317317));
#1321=CARTESIAN_POINT('Ctrl Pts',(55.5462003721505,8.8029844457796,-21.3793269002719));
#1322=CARTESIAN_POINT('Ctrl Pts',(38.3425622643811,-26.6698090518429,8.17924857675709));
#1323=CARTESIAN_POINT('Ctrl Pts',(37.8530333587825,-30.6072029188646,8.94081919796166));
#1324=CARTESIAN_POINT('Ctrl Pts',(36.2248982409055,-38.4054669643997,9.80784464385411));
#1325=CARTESIAN_POINT('Ctrl Pts',(32.0656826829074,-49.3256156221953,9.07857791710981));
#1326=CARTESIAN_POINT('Ctrl Pts',(26.496043888027,-58.7459970380506,6.47869782593788));
#1327=CARTESIAN_POINT('Ctrl Pts',(20.1613169022176,-65.6938940777411,2.5344074982689));
#1328=CARTESIAN_POINT('Ctrl Pts',(14.601789887775,-69.3093684339283,-1.36438386243787));
#1329=CARTESIAN_POINT('Ctrl Pts',(9.67676769637678,-71.1239048587788,-4.96372404084335));
#1330=CARTESIAN_POINT('Ctrl Pts',(5.18091898035955,-71.7518165194052,-8.29686962896703));
#1331=CARTESIAN_POINT('Ctrl Pts',(-0.0206447920770853,-71.0776688588156,
-12.1390380634923));
#1332=CARTESIAN_POINT('Ctrl Pts',(-5.3315417221722,-68.9462189570613,-15.9576621116433));
#1333=CARTESIAN_POINT('Ctrl Pts',(-12.4046990651257,-64.1149719081311,-20.7603024344821));
#1334=CARTESIAN_POINT('Ctrl Pts',(-20.8031821952849,-54.4522171910342,-25.6793060383463));
#1335=CARTESIAN_POINT('Ctrl Pts',(-28.7015155376591,-38.5043249472635,-28.1958857428307));
#1336=CARTESIAN_POINT('Ctrl Pts',(-33.2477188362164,-20.4018398577988,-26.4929587679758));
#1337=CARTESIAN_POINT('Ctrl Pts',(-33.6731909127246,-2.30736078761614,-20.7941488042273));
#1338=CARTESIAN_POINT('Ctrl Pts',(-29.7468036687113,14.2201197326574,-12.5183685181599));
#1339=CARTESIAN_POINT('Ctrl Pts',(-21.6941557153439,28.2310185232657,-3.59816235465557));
#1340=CARTESIAN_POINT('Ctrl Pts',(-10.1995338830531,39.20538297816,3.99951986923591));
#1341=CARTESIAN_POINT('Ctrl Pts',(3.72528316857563,46.9799882590522,8.80656303057292));
#1342=CARTESIAN_POINT('Ctrl Pts',(17.750582559241,51.1735890172132,9.97712273180211));
#1343=CARTESIAN_POINT('Ctrl Pts',(30.4463023122819,52.5160126957406,8.43727476403058));
#1344=CARTESIAN_POINT('Ctrl Pts',(40.9921274085006,51.7400235993445,5.28977107144347));
#1345=CARTESIAN_POINT('Ctrl Pts',(49.8864228858738,49.0087686546102,0.816061976072501));
#1346=CARTESIAN_POINT('Ctrl Pts',(56.5891227351384,44.4653378941129,-4.46092613390518));
#1347=CARTESIAN_POINT('Ctrl Pts',(60.8878699097506,38.1534845214972,-10.1385871117773));
#1348=CARTESIAN_POINT('Ctrl Pts',(62.5878048666745,29.9719690676471,-15.9228339243494));
#1349=CARTESIAN_POINT('Ctrl Pts',(61.3623999253054,20.0943676442643,-21.2401530311592));
#1350=CARTESIAN_POINT('Ctrl Pts',(58.552768209651,12.8262529672582,-23.9689872965545));
#1351=CARTESIAN_POINT('Ctrl Pts',(56.696305743961,9.16464676353771,-25.0203684751682));
#1352=CARTESIAN_POINT('Ctrl Pts',(43.9482279370859,-27.664294436773,7.36696458838728));
#1353=CARTESIAN_POINT('Ctrl Pts',(43.4284572052022,-31.8493567325755,8.22295624018341));
#1354=CARTESIAN_POINT('Ctrl Pts',(41.6946233003213,-40.1512024379005,9.23901177812163));
#1355=CARTESIAN_POINT('Ctrl Pts',(37.2320571170149,-51.8568769000594,8.59997794251526));
#1356=CARTESIAN_POINT('Ctrl Pts',(31.1750989000155,-62.0947474611755,5.92463630413023));
#1357=CARTESIAN_POINT('Ctrl Pts',(24.1270902787483,-69.8301565454664,1.69767925396543));
#1358=CARTESIAN_POINT('Ctrl Pts',(17.7515502627101,-73.984495673245,-2.6403805475086));
#1359=CARTESIAN_POINT('Ctrl Pts',(11.9880841649353,-76.1105858582529,-6.72772526689589));
#1360=CARTESIAN_POINT('Ctrl Pts',(6.66936732921411,-76.8638862745609,-10.5625307092327));
#1361=CARTESIAN_POINT('Ctrl Pts',(0.507647826123263,-76.085068510465,-14.9911180465818));
#1362=CARTESIAN_POINT('Ctrl Pts',(-5.71863357133017,-73.6201526352724,-19.3432642520481));
#1363=CARTESIAN_POINT('Ctrl Pts',(-13.884906183695,-68.1053663462095,-24.7336444411178));
#1364=CARTESIAN_POINT('Ctrl Pts',(-23.376111074716,-57.2921004360871,-30.1005014119634));
#1365=CARTESIAN_POINT('Ctrl Pts',(-32.1861433452489,-39.7485604200257,-32.7196867164178));
#1366=CARTESIAN_POINT('Ctrl Pts',(-37.2732514708327,-19.9531789549007,-30.7012370559698));
#1367=CARTESIAN_POINT('Ctrl Pts',(-37.8318064608338,-0.291108692435002,
-24.3394829281412));
#1368=CARTESIAN_POINT('Ctrl Pts',(-33.6853471574228,17.4909036146602,-15.2572240571311));
#1369=CARTESIAN_POINT('Ctrl Pts',(-25.1553310348014,32.4428523159719,-5.55905156518776));
#1370=CARTESIAN_POINT('Ctrl Pts',(-12.9881892751781,44.1040525840151,2.69553575988222));
#1371=CARTESIAN_POINT('Ctrl Pts',(1.77022101710611,52.358930751536,7.98354213517673));
#1372=CARTESIAN_POINT('Ctrl Pts',(16.6972790897648,56.8244119920166,9.40258073655572));
#1373=CARTESIAN_POINT('Ctrl Pts',(30.3490301856877,58.2655040929981,7.90799671490675));
#1374=CARTESIAN_POINT('Ctrl Pts',(41.8818372509308,57.4159109245541,4.62209590863265));
#1375=CARTESIAN_POINT('Ctrl Pts',(51.8773277621792,54.3555942192514,-0.23299931927525));
#1376=CARTESIAN_POINT('Ctrl Pts',(59.6825343857122,49.0908949494404,-6.17812906889533));
#1377=CARTESIAN_POINT('Ctrl Pts',(64.8084290142507,41.6075021250976,-12.736115562664));
#1378=CARTESIAN_POINT('Ctrl Pts',(66.8391666613584,31.9899291804278,-19.3601614149373));
#1379=CARTESIAN_POINT('Ctrl Pts',(65.4894828869728,20.6689222930584,-25.2968773929766));
#1380=CARTESIAN_POINT('Ctrl Pts',(62.3885731760679,12.5054033594396,-28.2673948780792));
#1381=CARTESIAN_POINT('Ctrl Pts',(60.3495657224399,8.4185726227733,-29.3986511292312));
#1382=CARTESIAN_POINT('Ctrl Pts',(49.4316145925392,-28.1318764638388,9.0571719721597));
#1383=CARTESIAN_POINT('Ctrl Pts',(48.8442907790055,-32.6836449904242,10.0309065596675));
#1384=CARTESIAN_POINT('Ctrl Pts',(46.9093431273651,-41.7317723920677,11.2230954139724));
#1385=CARTESIAN_POINT('Ctrl Pts',(41.9441606391516,-54.5572377445234,10.6458212498427));
#1386=CARTESIAN_POINT('Ctrl Pts',(35.1610761700473,-65.8847627802481,7.80531149178535));
#1387=CARTESIAN_POINT('Ctrl Pts',(27.145708192549,-74.589132661841,3.1648379931128));
#1388=CARTESIAN_POINT('Ctrl Pts',(19.7465935790829,-79.3552170304084,-1.73599378904448));
#1389=CARTESIAN_POINT('Ctrl Pts',(12.9795343642883,-81.8047514959851,-6.41245409796734));
#1390=CARTESIAN_POINT('Ctrl Pts',(6.71167263121699,-82.6618989344474,-10.8274287422043));
#1391=CARTESIAN_POINT('Ctrl Pts',(-0.515667279571462,-81.7224824771627,
-15.9047552611781));
#1392=CARTESIAN_POINT('Ctrl Pts',(-7.71699769583088,-78.8572892226103,-20.819511146427));
#1393=CARTESIAN_POINT('Ctrl Pts',(-17.0036184439342,-72.5829563997252,-26.7999110961037));
#1394=CARTESIAN_POINT('Ctrl Pts',(-27.540543001805,-60.5810416860506,-32.5663816008601));
#1395=CARTESIAN_POINT('Ctrl Pts',(-37.1605177450521,-41.5034209892219,-35.2228175580915));
#1396=CARTESIAN_POINT('Ctrl Pts',(-42.6923050931798,-20.1443550758183,-32.8573377989958));
#1397=CARTESIAN_POINT('Ctrl Pts',(-43.3214312833945,0.984606917558673,-25.8264696548084));
#1398=CARTESIAN_POINT('Ctrl Pts',(-38.8906880709633,20.0213842039308,-15.8966855167131));
#1399=CARTESIAN_POINT('Ctrl Pts',(-29.7490202151597,36.0102680617997,-5.31018977590014));
#1400=CARTESIAN_POINT('Ctrl Pts',(-16.6378449304669,48.5158208689411,3.76661262953442));
#1401=CARTESIAN_POINT('Ctrl Pts',(-0.604696114197481,57.4029949985569,9.68327556379583));
#1402=CARTESIAN_POINT('Ctrl Pts',(15.7143963373065,62.2017679115563,11.3881524747741));
#1403=CARTESIAN_POINT('Ctrl Pts',(30.7487697537511,63.7106916270038,9.88214853994866));
#1404=CARTESIAN_POINT('Ctrl Pts',(43.6124036826927,62.6944178913952,6.35008219145995));
#1405=CARTESIAN_POINT('Ctrl Pts',(54.9838501781141,59.1503854570207,0.964564389369937));
#1406=CARTESIAN_POINT('Ctrl Pts',(64.0686416986642,52.959572060304,-5.81133707017739));
#1407=CARTESIAN_POINT('Ctrl Pts',(70.0790894773996,44.0952615228193,-13.3803076103539));
#1408=CARTESIAN_POINT('Ctrl Pts',(72.4041704099955,32.8921068006119,-20.9027154397265));
#1409=CARTESIAN_POINT('Ctrl Pts',(70.8666837956188,20.0697630358304,-27.4519121346902));
#1410=CARTESIAN_POINT('Ctrl Pts',(67.4438988275562,11.0263153120721,-30.6354046073628));
#1411=CARTESIAN_POINT('Ctrl Pts',(65.213367675376,6.52993184547316,-31.8316389512991));
#1412=CARTESIAN_POINT('Ctrl Pts',(53.2156210739846,-27.994672076941,12.4853657966555));
#1413=CARTESIAN_POINT('Ctrl Pts',(52.5473029924336,-32.9116152301394,13.5630596227779));
#1414=CARTESIAN_POINT('Ctrl Pts',(50.3830027839869,-42.7067569618066,14.9036594198338));
#1415=CARTESIAN_POINT('Ctrl Pts',(44.8828679645126,-56.6239998189812,14.3441134820483));
#1416=CARTESIAN_POINT('Ctrl Pts',(37.3708860261527,-68.9672084939943,11.3060795274302));
#1417=CARTESIAN_POINT('Ctrl Pts',(28.4415447642953,-78.5207002869617,6.25512938381713));
#1418=CARTESIAN_POINT('Ctrl Pts',(20.1317864493213,-83.7851873770562,0.845482581030328));
#1419=CARTESIAN_POINT('Ctrl Pts',(12.5079637412833,-86.4738007680567,-4.33758615533036));
#1420=CARTESIAN_POINT('Ctrl Pts',(5.45387453551964,-87.3853984672714,-9.23400461215993));
#1421=CARTESIAN_POINT('Ctrl Pts',(-2.62099131511029,-86.2823704128931,-14.8255490494347));
#1422=CARTESIAN_POINT('Ctrl Pts',(-10.5674278982706,-83.073891170906,-20.165171162147));
#1423=CARTESIAN_POINT('Ctrl Pts',(-20.6713410447969,-76.1944777921605,-26.5651728547572));
#1424=CARTESIAN_POINT('Ctrl Pts',(-31.9121502665842,-63.3124157433606,-32.5732637919515));
#1425=CARTESIAN_POINT('Ctrl Pts',(-42.0156934813478,-43.2037062092939,-35.1983949397551));
#1426=CARTESIAN_POINT('Ctrl Pts',(-47.7772339532855,-20.8502913819969,-32.5586222489927));
#1427=CARTESIAN_POINT('Ctrl Pts',(-48.4016135836874,1.22977037067856,-25.0484371412249));
#1428=CARTESIAN_POINT('Ctrl Pts',(-43.7117730563611,21.1553884229244,-14.4818279583206));
#1429=CARTESIAN_POINT('Ctrl Pts',(-34.0161740167233,37.9676216078468,-3.16628517189359));
#1430=CARTESIAN_POINT('Ctrl Pts',(-19.9927535398092,51.2129369999487,6.64103003707941));
#1431=CARTESIAN_POINT('Ctrl Pts',(-2.66314060703213,60.683721965484,13.1345231194791));
#1432=CARTESIAN_POINT('Ctrl Pts',(15.0803518174649,65.7733357112223,15.0751651920118));
#1433=CARTESIAN_POINT('Ctrl Pts',(31.4762991784692,67.3026617003019,13.5104711523771));
#1434=CARTESIAN_POINT('Ctrl Pts',(45.5883155757996,66.0848937949667,9.70781539415511));
#1435=CARTESIAN_POINT('Ctrl Pts',(58.1811927951194,62.0591192724727,3.81305404204297));
#1436=CARTESIAN_POINT('Ctrl Pts',(68.3304268041907,55.0286077006822,-3.69664796995689));
#1437=CARTESIAN_POINT('Ctrl Pts',(75.0194191283966,44.9986327713866,-12.0984848971445));
#1438=CARTESIAN_POINT('Ctrl Pts',(77.5213237785173,32.5374796902294,-20.3101621398072));
#1439=CARTESIAN_POINT('Ctrl Pts',(75.7952582009993,18.5993627810615,-27.2875981993144));
#1440=CARTESIAN_POINT('Ctrl Pts',(72.118063350347,8.94339189909679,-30.597973819863));
#1441=CARTESIAN_POINT('Ctrl Pts',(69.7442631759557,4.17175339356781,-31.8268072319386));
#1442=CARTESIAN_POINT('Ctrl Pts',(55.7839433699909,-27.3526683605196,17.511735076913));
#1443=CARTESIAN_POINT('Ctrl Pts',(55.0194028783415,-32.6526781207968,18.6875758848718));
#1444=CARTESIAN_POINT('Ctrl Pts',(52.5933069659133,-43.230421671829,20.1619002271503));
#1445=CARTESIAN_POINT('Ctrl Pts',(46.5064433303458,-58.2704644824632,19.5856199859161));
#1446=CARTESIAN_POINT('Ctrl Pts',(38.2287749879375,-71.6181207763629,16.3142940297731));
#1447=CARTESIAN_POINT('Ctrl Pts',(28.3861919845704,-81.9637561810924,10.8359062212474));
#1448=CARTESIAN_POINT('Ctrl Pts',(19.2134909614026,-87.658518217803,4.93630772089412));
#1449=CARTESIAN_POINT('Ctrl Pts',(10.8087759125901,-90.529755554824,-0.712077860866224));
#1450=CARTESIAN_POINT('Ctrl Pts',(3.0643549055051,-91.4579001044272,-6.03246363857212));
#1451=CARTESIAN_POINT('Ctrl Pts',(-5.72319904792838,-90.1805869975322,-12.0546991000249));
#1452=CARTESIAN_POINT('Ctrl Pts',(-14.2618949702316,-86.6586232809115,-17.7269616949362));
#1453=CARTESIAN_POINT('Ctrl Pts',(-24.9761352323075,-79.2696798356203,-24.4282323185118));
#1454=CARTESIAN_POINT('Ctrl Pts',(-36.6693847209658,-65.7216594662827,-30.5584967798758));
#1455=CARTESIAN_POINT('Ctrl Pts',(-47.0122664562579,-44.9420186972931,-33.0938049331177));
#1456=CARTESIAN_POINT('Ctrl Pts',(-52.8380398778357,-22.0139067035887,-30.226145540939));
#1457=CARTESIAN_POINT('Ctrl Pts',(-53.3943911747672,0.639491722369264,-22.3681517490352));
#1458=CARTESIAN_POINT('Ctrl Pts',(-48.4537078096042,21.1984908896895,-11.3055327601284));
#1459=CARTESIAN_POINT('Ctrl Pts',(-38.2248944363701,38.6959309980289,0.643163099452269));
#1460=CARTESIAN_POINT('Ctrl Pts',(-23.2713822050776,52.6307292664507,11.1414652817971));
#1461=CARTESIAN_POINT('Ctrl Pts',(-4.56278078437121,62.6741690787145,18.1983425155168));
#1462=CARTESIAN_POINT('Ctrl Pts',(14.7014972269173,68.0343536571081,20.3454942418729));
#1463=CARTESIAN_POINT('Ctrl Pts',(32.5076923097017,69.5463775380444,18.6804675926897));
#1464=CARTESIAN_POINT('Ctrl Pts',(47.8640284081528,68.089012803827,14.5738074507251));
#1465=CARTESIAN_POINT('Ctrl Pts',(61.6105490777918,63.5604844903832,8.16246287386265));
#1466=CARTESIAN_POINT('Ctrl Pts',(72.7008318615875,55.7204176837227,-0.0378273616052624));
#1467=CARTESIAN_POINT('Ctrl Pts',(79.9323914408523,44.6440015614072,-9.16781441468642));
#1468=CARTESIAN_POINT('Ctrl Pts',(82.5225534406186,31.1324966028955,-17.9308794655032));
#1469=CARTESIAN_POINT('Ctrl Pts',(80.5964990060457,16.3398374468852,-25.2061738382402));
#1470=CARTESIAN_POINT('Ctrl Pts',(76.7064306602857,6.26377151791353,-28.5771630226894));
#1471=CARTESIAN_POINT('Ctrl Pts',(74.2212777556187,1.31217726737419,-29.8138489210025));
#1472=CARTESIAN_POINT('Ctrl Pts',(55.9064757869648,-26.3333727351927,22.614090606997));
#1473=CARTESIAN_POINT('Ctrl Pts',(55.0633270540672,-31.8935088434212,23.8437292964416));
#1474=CARTESIAN_POINT('Ctrl Pts',(52.431237152939,-43.0065592502571,25.3827464258772));
#1475=CARTESIAN_POINT('Ctrl Pts',(45.9125684972438,-58.786598740055,24.7527548756577));
#1476=CARTESIAN_POINT('Ctrl Pts',(37.1092311410523,-72.7493426473422,21.2910208055268));
#1477=CARTESIAN_POINT('Ctrl Pts',(26.6941100746087,-83.5210261627886,15.5236000688235));
#1478=CARTESIAN_POINT('Ctrl Pts',(17.0404192922085,-89.4008974474951,9.34116403610642));
#1479=CARTESIAN_POINT('Ctrl Pts',(8.24332601530294,-92.3158936769035,3.45418468675771));
#1480=CARTESIAN_POINT('Ctrl Pts',(0.183792693716969,-93.2079528885184,-2.06100279584147));
#1481=CARTESIAN_POINT('Ctrl Pts',(-8.88116628982818,-91.8087302980056,-8.24826738525837));
#1482=CARTESIAN_POINT('Ctrl Pts',(-17.6036402644104,-88.1274001036791,-14.0155019080555));
#1483=CARTESIAN_POINT('Ctrl Pts',(-28.4438376300701,-80.5387349350872,-20.758963119737));
#1484=CARTESIAN_POINT('Ctrl Pts',(-40.1178522635697,-66.8321468069683,-26.8209838091773));
#1485=CARTESIAN_POINT('Ctrl Pts',(-50.3109173930423,-46.0770730386259,-29.2291370783421));
#1486=CARTESIAN_POINT('Ctrl Pts',(-55.9741989321049,-23.3030170899823,-26.275652789531));
#1487=CARTESIAN_POINT('Ctrl Pts',(-56.4117183053971,-0.753213854695937,
-18.3622758479838));
#1488=CARTESIAN_POINT('Ctrl Pts',(-51.3238453590051,19.8871347300489,-7.16312542560536));
#1489=CARTESIAN_POINT('Ctrl Pts',(-40.7861168922154,37.6474474847399,5.06511623340936));
#1490=CARTESIAN_POINT('Ctrl Pts',(-25.2277671643705,51.9527287158518,15.9473219172595));
#1491=CARTESIAN_POINT('Ctrl Pts',(-5.55644360495394,62.3405174022218,23.3392149687892));
#1492=CARTESIAN_POINT('Ctrl Pts',(14.7776444126558,67.8447324035075,25.5793353376788));
#1493=CARTESIAN_POINT('Ctrl Pts',(33.5269210654789,69.2994006394766,23.800403030051));
#1494=CARTESIAN_POINT('Ctrl Pts',(49.6539447860743,67.6449878438492,19.4626817243874));
#1495=CARTESIAN_POINT('Ctrl Pts',(64.0401429009063,62.7749718935489,12.7188399621891));
#1496=CARTESIAN_POINT('Ctrl Pts',(75.5666600955538,54.4649563510926,4.13997778224461));
#1497=CARTESIAN_POINT('Ctrl Pts',(82.9710846910119,42.8804666960136,-5.31635262669843));
#1498=CARTESIAN_POINT('Ctrl Pts',(85.5087454955951,28.9660540977644,-14.2552972930126));
#1499=CARTESIAN_POINT('Ctrl Pts',(83.4453719549709,13.9598518769995,-21.5571787953274));
#1500=CARTESIAN_POINT('Ctrl Pts',(79.474670842017,3.85358209961957,-24.8869072636657));
#1501=CARTESIAN_POINT('Ctrl Pts',(76.9597797645095,-1.0920335253948,-26.097885125211));
#1502=CARTESIAN_POINT('Ctrl Pts',(53.3323249975482,-24.8219156622578,28.1748354429532));
#1503=CARTESIAN_POINT('Ctrl Pts',(52.4239721677448,-30.5269921523932,29.4137185608239));
#1504=CARTESIAN_POINT('Ctrl Pts',(49.6348160207486,-41.9395128624119,30.9469226906483));
#1505=CARTESIAN_POINT('Ctrl Pts',(42.8249264334905,-58.0916638649429,30.2194119373923));
#1506=CARTESIAN_POINT('Ctrl Pts',(33.7238568106936,-72.2842322122355,26.601225300564));
#1507=CARTESIAN_POINT('Ctrl Pts',(23.0723808205935,-83.1086450575329,20.6771610389326));
#1508=CARTESIAN_POINT('Ctrl Pts',(13.3237268499638,-88.916996427832,14.4192572146046));
#1509=CARTESIAN_POINT('Ctrl Pts',(4.53138391204567,-91.7268336296036,8.52466929496774));
#1510=CARTESIAN_POINT('Ctrl Pts',(-3.45135468221631,-92.5219614526107,3.05342699364277));
#1511=CARTESIAN_POINT('Ctrl Pts',(-12.3364835935028,-91.0494705442919,-3.01957537695993));
#1512=CARTESIAN_POINT('Ctrl Pts',(-20.8046254632292,-87.3669654182075,-8.62639984593575));
#1513=CARTESIAN_POINT('Ctrl Pts',(-31.2472222770093,-79.9041538463148,-15.1302220643657));
#1514=CARTESIAN_POINT('Ctrl Pts',(-42.3743403048017,-66.5916111196018,-20.9071190031091));
#1515=CARTESIAN_POINT('Ctrl Pts',(-51.9770117267873,-46.6282489026377,-23.1368140112548));
#1516=CARTESIAN_POINT('Ctrl Pts',(-57.2153849179507,-24.8249503727887,-20.2481972142512));
#1517=CARTESIAN_POINT('Ctrl Pts',(-57.4681304181033,-3.13446582845294,-12.5973490664699));
#1518=CARTESIAN_POINT('Ctrl Pts',(-52.3371330479593,16.9852985300919,-1.6474904985601));
#1519=CARTESIAN_POINT('Ctrl Pts',(-41.7163811543027,34.5582824158674,10.4894629540363));
#1520=CARTESIAN_POINT('Ctrl Pts',(-25.8690842147313,48.9083705622544,21.4446677718958));
#1521=CARTESIAN_POINT('Ctrl Pts',(-5.62286329231479,59.4142470718594,28.9449913093847));
#1522=CARTESIAN_POINT('Ctrl Pts',(15.361395439851,64.9337604862507,31.1599051227272));
#1523=CARTESIAN_POINT('Ctrl Pts',(34.6059851859334,66.2829427335884,29.2437974458657));
#1524=CARTESIAN_POINT('Ctrl Pts',(51.0400748891375,64.4643776331603,24.7384593066407));
#1525=CARTESIAN_POINT('Ctrl Pts',(65.5443351213363,59.4069857866174,17.8412544208313));
#1526=CARTESIAN_POINT('Ctrl Pts',(76.9828721460725,50.9678400606191,9.20002762038601));
#1527=CARTESIAN_POINT('Ctrl Pts',(84.1644570330102,39.4319456956609,-0.163750532213521));
#1528=CARTESIAN_POINT('Ctrl Pts',(86.4894757342613,25.8001896005408,-8.87692709878623));
#1529=CARTESIAN_POINT('Ctrl Pts',(84.3461702950829,11.2717466788362,-15.9077337765339));
#1530=CARTESIAN_POINT('Ctrl Pts',(80.4333931350536,1.5666135166739,-19.0787659865605));
#1531=CARTESIAN_POINT('Ctrl Pts',(77.975947052637,-3.16887554527884,-20.2253414542303));
#1532=CARTESIAN_POINT('Ctrl Pts',(48.3964659672531,-23.2864412896173,32.1352387226284));
#1533=CARTESIAN_POINT('Ctrl Pts',(47.4653307415087,-28.9349409953402,33.3237951171245));
#1534=CARTESIAN_POINT('Ctrl Pts',(44.6402371469419,-40.2362945984151,34.7647559927817));
#1535=CARTESIAN_POINT('Ctrl Pts',(37.8280192591245,-56.1549543359126,33.9225477777774));
#1536=CARTESIAN_POINT('Ctrl Pts',(28.8296667843802,-70.0062505115178,30.2511957583877));
#1537=CARTESIAN_POINT('Ctrl Pts',(18.4533078265105,-80.3963971609365,24.3967750938009));
#1538=CARTESIAN_POINT('Ctrl Pts',(9.12956600102757,-85.8401834385407,18.3524358817655));
#1539=CARTESIAN_POINT('Ctrl Pts',(0.838244476860448,-88.3991848648592,12.7429838572737));
#1540=CARTESIAN_POINT('Ctrl Pts',(-6.60827252582286,-89.0593109643958,7.59692137630631));
#1541=CARTESIAN_POINT('Ctrl Pts',(-14.810669613832,-87.603159404848,1.94368288811499));
#1542=CARTESIAN_POINT('Ctrl Pts',(-22.5766206231827,-84.1178712288531,-3.24620198348973));
#1543=CARTESIAN_POINT('Ctrl Pts',(-32.1215565664662,-77.1396982214821,-9.25119647618139));
#1544=CARTESIAN_POINT('Ctrl Pts',(-42.2589806434238,-64.7557888109532,-14.5842443791996));
#1545=CARTESIAN_POINT('Ctrl Pts',(-50.9513704424908,-46.2348761383984,-16.6415588189747));
#1546=CARTESIAN_POINT('Ctrl Pts',(-55.6030060025072,-26.0432320325744,-13.9807293949134));
#1547=CARTESIAN_POINT('Ctrl Pts',(-55.6613542359764,-5.82035952897418,-6.88761188311885));
#1548=CARTESIAN_POINT('Ctrl Pts',(-50.6338931125523,13.2290981851706,3.4275867289856));
#1549=CARTESIAN_POINT('Ctrl Pts',(-40.2442797016385,30.1269263817822,15.0459234305639));
#1550=CARTESIAN_POINT('Ctrl Pts',(-24.6151220544176,44.0975336571398,25.6569539941744));
#1551=CARTESIAN_POINT('Ctrl Pts',(-4.50419303509744,54.3921492423519,32.9395071389483));
#1552=CARTESIAN_POINT('Ctrl Pts',(16.3516284695448,59.7598128826049,34.99113824595));
#1553=CARTESIAN_POINT('Ctrl Pts',(35.3388967596609,60.9844160413297,32.9623636863381));
#1554=CARTESIAN_POINT('Ctrl Pts',(51.3788698040623,59.1068137993656,28.434354998323));
#1555=CARTESIAN_POINT('Ctrl Pts',(65.3036999887889,54.1273301631014,21.6675131439705));
#1556=CARTESIAN_POINT('Ctrl Pts',(76.0327838261413,46.0354039585901,13.383865016305));
#1557=CARTESIAN_POINT('Ctrl Pts',(82.584203435586,35.2252100559857,4.60050838460305));
#1558=CARTESIAN_POINT('Ctrl Pts',(84.5800777994099,22.6224010379301,-3.47309710276079));
#1559=CARTESIAN_POINT('Ctrl Pts',(82.4608151150932,9.24943520580969,-9.96682012362713));
#1560=CARTESIAN_POINT('Ctrl Pts',(78.7573587115237,0.326072061681126,-12.8954728111009));
#1561=CARTESIAN_POINT('Ctrl Pts',(76.444282286227,-4.02542420164444,-13.9543361523461));
#1562=CARTESIAN_POINT('Ctrl Pts',(41.9699741890861,-22.2454359225153,32.5790584575242));
#1563=CARTESIAN_POINT('Ctrl Pts',(41.0810080412844,-27.5853008714992,33.6542930055743));
#1564=CARTESIAN_POINT('Ctrl Pts',(38.3958651585313,-38.2598362925357,34.9182584393977));
#1565=CARTESIAN_POINT('Ctrl Pts',(31.9716453290652,-53.2088014000556,33.977623293158));
#1566=CARTESIAN_POINT('Ctrl Pts',(23.5807249232609,-66.065960955713,30.4106149584131));
#1567=CARTESIAN_POINT('Ctrl Pts',(14.074757979026,-75.514243258403,24.9070405686022));
#1568=CARTESIAN_POINT('Ctrl Pts',(5.73093077544258,-80.3234784758427,19.3925664809494));
#1569=CARTESIAN_POINT('Ctrl Pts',(-1.56252462614838,-82.5213778526912,14.3648977594453));
#1570=CARTESIAN_POINT('Ctrl Pts',(-8.03738035379771,-83.0414326844887,9.81158156947067));
#1571=CARTESIAN_POINT('Ctrl Pts',(-15.113545522721,-81.7167532157668,4.84579746944078));
#1572=CARTESIAN_POINT('Ctrl Pts',(-21.8144000723928,-78.6283919141236,0.275648312454597));
#1573=CARTESIAN_POINT('Ctrl Pts',(-30.0956017398281,-72.4521152434263,-5.05228413279033));
#1574=CARTESIAN_POINT('Ctrl Pts',(-38.9856227432159,-61.3990630765654,-9.87965670896261));
#1575=CARTESIAN_POINT('Ctrl Pts',(-46.648700514596,-44.7029203575306,-11.8318346342756));
#1576=CARTESIAN_POINT('Ctrl Pts',(-50.696730430638,-26.4341076455783,-9.54028971802069));
#1577=CARTESIAN_POINT('Ctrl Pts',(-50.614384371103,-7.99545720173067,-3.21150925442952));
#1578=CARTESIAN_POINT('Ctrl Pts',(-45.8527272848253,9.60986098707329,6.1672924963385));
#1579=CARTESIAN_POINT('Ctrl Pts',(-36.0387081767173,25.4064155020949,16.8687995560909));
#1580=CARTESIAN_POINT('Ctrl Pts',(-21.2366096959657,38.5557796999913,26.6913923067212));
#1581=CARTESIAN_POINT('Ctrl Pts',(-2.17177533959702,48.2677513094045,33.3912795214135));
#1582=CARTESIAN_POINT('Ctrl Pts',(17.5500953035422,53.3103987262384,35.1495517519412));
#1583=CARTESIAN_POINT('Ctrl Pts',(35.3536028258307,54.4274439929591,33.0797897053089));
#1584=CARTESIAN_POINT('Ctrl Pts',(50.1897595615941,52.6527402571798,28.7322191381397));
#1585=CARTESIAN_POINT('Ctrl Pts',(62.7935311707837,48.0821083517514,22.4334909825176));
#1586=CARTESIAN_POINT('Ctrl Pts',(72.2188279127104,40.8603921426322,14.9507796539605));
#1587=CARTESIAN_POINT('Ctrl Pts',(77.8070689454855,31.4396456453679,7.20633737728932));
#1588=CARTESIAN_POINT('Ctrl Pts',(79.4295289901291,20.5188410664345,0.110733523996305));
#1589=CARTESIAN_POINT('Ctrl Pts',(77.4660545935657,8.81855594856373,-5.67151158240371));
#1590=CARTESIAN_POINT('Ctrl Pts',(74.1040926107526,0.922119911935694,-8.32798504460187));
#1591=CARTESIAN_POINT('Ctrl Pts',(72.0029949819477,-2.94278926516992,-9.29779952289301));
#1592=CARTESIAN_POINT('Ctrl Pts',(37.2894705026335,-21.9274903522294,30.7371020140961));
#1593=CARTESIAN_POINT('Ctrl Pts',(36.4642034119957,-26.9347937085038,31.7079162512091));
#1594=CARTESIAN_POINT('Ctrl Pts',(33.9670740096251,-36.9311140696855,32.8169631598828));
#1595=CARTESIAN_POINT('Ctrl Pts',(28.0052620334143,-50.868102751477,31.8281885285712));
#1596=CARTESIAN_POINT('Ctrl Pts',(20.2745493488472,-62.7486625219767,28.4170142494466));
#1597=CARTESIAN_POINT('Ctrl Pts',(11.6380364036061,-71.3381036276411,23.2885997401864));
#1598=CARTESIAN_POINT('Ctrl Pts',(4.2037823125978,-75.6119154259079,18.2756070592767));
#1599=CARTESIAN_POINT('Ctrl Pts',(-2.20468767130898,-77.5312118178041,13.7680756989646));
#1600=CARTESIAN_POINT('Ctrl Pts',(-7.8462206720669,-77.9657096258363,9.72420824353578));
#1601=CARTESIAN_POINT('Ctrl Pts',(-13.9936976871842,-76.7874004871654,5.32347422061648));
#1602=CARTESIAN_POINT('Ctrl Pts',(-19.8495898135864,-74.0524766872146,1.23990110551952));
#1603=CARTESIAN_POINT('Ctrl Pts',(-27.1672853120258,-68.5383807824787,-3.58254372232846));
#1604=CARTESIAN_POINT('Ctrl Pts',(-35.1670164609195,-58.5111083231251,-8.07464168266674));
#1605=CARTESIAN_POINT('Ctrl Pts',(-42.1522989103614,-43.1187246692275,-10.0049976190265));
#1606=CARTESIAN_POINT('Ctrl Pts',(-45.8344429835078,-26.1694655936566,-8.01578028550679));
#1607=CARTESIAN_POINT('Ctrl Pts',(-45.7010781503641,-8.97193727022862,-2.26092478315133));
#1608=CARTESIAN_POINT('Ctrl Pts',(-41.1931937587861,7.55885236838536,6.38563689766554));
#1609=CARTESIAN_POINT('Ctrl Pts',(-31.9245106402183,22.4508009231991,16.3083772414995));
#1610=CARTESIAN_POINT('Ctrl Pts',(-17.9742998811443,34.8516695746006,25.4004290284777));
#1611=CARTESIAN_POINT('Ctrl Pts',(-0.0708600250142342,43.9980482772165,
31.5386735941282));
#1612=CARTESIAN_POINT('Ctrl Pts',(18.3809869026761,48.7455606577895,33.0462589858845));
#1613=CARTESIAN_POINT('Ctrl Pts',(34.9323495864485,49.8094425108199,30.9952509462442));
#1614=CARTESIAN_POINT('Ctrl Pts',(48.5748500222133,48.1923692812169,26.8755751628404));
#1615=CARTESIAN_POINT('Ctrl Pts',(59.9561708319732,44.0609103859185,21.0548934489007));
#1616=CARTESIAN_POINT('Ctrl Pts',(68.2576219629011,37.6651026551273,14.3094688147645));
#1617=CARTESIAN_POINT('Ctrl Pts',(73.0789693086028,29.4603698977383,7.45155790656728));
#1618=CARTESIAN_POINT('Ctrl Pts',(74.4547811108868,19.921707959465,1.13484531544927));
#1619=CARTESIAN_POINT('Ctrl Pts',(72.6617259873896,9.51657258319395,-4.12374078062791));
#1620=CARTESIAN_POINT('Ctrl Pts',(69.5798833439407,2.37253244984994,-6.60167385721871));
#1621=CARTESIAN_POINT('Ctrl Pts',(67.6440528720981,-1.14449299800013,-7.51825972212702));
#1622=CARTESIAN_POINT('Ctrl Pts',(33.3026132152243,-21.9665495243651,27.6440135934068));
#1623=CARTESIAN_POINT('Ctrl Pts',(32.5548288907365,-26.6145261230417,28.5103885304592));
#1624=CARTESIAN_POINT('Ctrl Pts',(30.2781101431467,-35.8773376892772,29.4690212576025));
#1625=CARTESIAN_POINT('Ctrl Pts',(24.8365268754006,-48.7370123930162,28.4556167135563));
#1626=CARTESIAN_POINT('Ctrl Pts',(17.8212683984429,-59.607868673051,25.2332482782437));
#1627=CARTESIAN_POINT('Ctrl Pts',(10.0908727060607,-67.3439355088223,20.5084658392415));
#1628=CARTESIAN_POINT('Ctrl Pts',(3.56945138095755,-71.1098371896668,16.0041203182605));
#1629=CARTESIAN_POINT('Ctrl Pts',(-1.97316388282299,-72.7805012365545,12.0078918625303));
#1630=CARTESIAN_POINT('Ctrl Pts',(-6.81641299026746,-73.153608105637,8.45278475580554));
#1631=CARTESIAN_POINT('Ctrl Pts',(-12.0957419230222,-72.1356023713142,4.57915417469405));
#1632=CARTESIAN_POINT('Ctrl Pts',(-17.1830602111975,-69.7470599497628,0.934984216401665));
#1633=CARTESIAN_POINT('Ctrl Pts',(-23.64898557493,-64.852487095712,-3.44776617996272));
#1634=CARTESIAN_POINT('Ctrl Pts',(-30.9041092116303,-55.7379895808488,-7.67771530294431));
#1635=CARTESIAN_POINT('Ctrl Pts',(-37.3622543054836,-41.4394213531931,-9.62808255719015));
#1636=CARTESIAN_POINT('Ctrl Pts',(-40.7845397198524,-25.5575638848623,-7.91992300518246));
#1637=CARTESIAN_POINT('Ctrl Pts',(-40.6442058866221,-9.3764182666137,-2.66647994961407));
#1638=CARTESIAN_POINT('Ctrl Pts',(-36.3948710622171,6.22238792793448,5.32055400048477));
#1639=CARTESIAN_POINT('Ctrl Pts',(-27.6796351348841,20.2722207651614,14.5018268731478));
#1640=CARTESIAN_POINT('Ctrl Pts',(-14.6306895046908,31.9297840875238,22.8615366772049));
#1641=CARTESIAN_POINT('Ctrl Pts',(2.00208586450057,40.4949184430925,28.4245792521704));
#1642=CARTESIAN_POINT('Ctrl Pts',(19.0595310888056,44.949839796412,29.6924724974115));
#1643=CARTESIAN_POINT('Ctrl Pts',(34.2698729038954,45.9860671433288,27.6915891884206));
#1644=CARTESIAN_POINT('Ctrl Pts',(46.6720751526085,44.5613185904524,23.8338946314392));
#1645=CARTESIAN_POINT('Ctrl Pts',(56.8288187761199,40.903253499111,18.5168780640333));
#1646=CARTESIAN_POINT('Ctrl Pts',(64.0498533313879,35.3461354812427,12.5079857456162));
#1647=CARTESIAN_POINT('Ctrl Pts',(68.171672768434,28.3210808927619,6.4969479407496));
#1648=CARTESIAN_POINT('Ctrl Pts',(69.3551911735104,20.070523909732,0.890776124916966));
#1649=CARTESIAN_POINT('Ctrl Pts',(67.7476716347767,10.8232678226079,-3.91771618702316));
#1650=CARTESIAN_POINT('Ctrl Pts',(64.9268983973987,4.32288997554743,-6.25774089848667));
#1651=CARTESIAN_POINT('Ctrl Pts',(63.1397001964536,1.09810660726453,-7.13706867923794));
#1652=CARTESIAN_POINT('Ctrl Pts',(30.6618502657391,-22.6312902702314,22.4531064160364));
#1653=CARTESIAN_POINT('Ctrl Pts',(30.0132920109462,-26.8846524993811,23.2184754168422));
#1654=CARTESIAN_POINT('Ctrl Pts',(28.0072201582492,-35.3400717176751,24.0396018920517));
#1655=CARTESIAN_POINT('Ctrl Pts',(23.171066878032,-47.0423390218845,23.0439263097958));
#1656=CARTESIAN_POINT('Ctrl Pts',(16.945659880149,-56.877848340966,20.0624165720874));
#1657=CARTESIAN_POINT('Ctrl Pts',(10.1570964893786,-63.7977447116912,15.7785361952626));
#1658=CARTESIAN_POINT('Ctrl Pts',(4.52472319730025,-67.1207624955055,11.7789398096731));
#1659=CARTESIAN_POINT('Ctrl Pts',(-0.214293111892837,-68.6039039793464,
8.26158103152435));
#1660=CARTESIAN_POINT('Ctrl Pts',(-4.34643570123776,-68.9602209310208,5.14309251096114));
#1661=CARTESIAN_POINT('Ctrl Pts',(-8.8928817264691,-68.1218881323423,1.71231465022118));
#1662=CARTESIAN_POINT('Ctrl Pts',(-13.3706040824484,-66.0562292952659,-1.58963259775439));
#1663=CARTESIAN_POINT('Ctrl Pts',(-19.2093978759736,-61.6857232809753,-5.66297251292341));
#1664=CARTESIAN_POINT('Ctrl Pts',(-25.9982992712179,-53.2574295182975,-9.76734232292927));
#1665=CARTESIAN_POINT('Ctrl Pts',(-32.2114485365495,-39.6472529028247,-11.8104951493962));
#1666=CARTESIAN_POINT('Ctrl Pts',(-35.568565120268,-24.355159310329,-10.336951080814));
#1667=CARTESIAN_POINT('Ctrl Pts',(-35.4984133690107,-8.76265374765495,-5.44085379586003));
#1668=CARTESIAN_POINT('Ctrl Pts',(-31.5076538294067,6.18547838079037,2.03617611072761));
#1669=CARTESIAN_POINT('Ctrl Pts',(-23.342002306828,19.5290194336227,10.5652230932899));
#1670=CARTESIAN_POINT('Ctrl Pts',(-11.2520940473821,30.476025987142,18.2129433814409));
#1671=CARTESIAN_POINT('Ctrl Pts',(3.95903436311581,38.4510734254047,23.1956015411708));
#1672=CARTESIAN_POINT('Ctrl Pts',(19.4482417698021,42.6273320688785,24.2509207020335));
#1673=CARTESIAN_POINT('Ctrl Pts',(33.2043948788251,43.681723642365,22.3537587787147));
#1674=CARTESIAN_POINT('Ctrl Pts',(44.3247346373457,42.5043187418389,18.809629745121));
#1675=CARTESIAN_POINT('Ctrl Pts',(53.2925927175222,39.364914558895,14.0252111548073));
#1676=CARTESIAN_POINT('Ctrl Pts',(59.5448037602337,34.6421627360377,8.72772954743004));
#1677=CARTESIAN_POINT('Ctrl Pts',(63.108287906178,28.6948140552716,3.46631160654025));
#1678=CARTESIAN_POINT('Ctrl Pts',(64.2012330564526,21.5255978033916,-1.57246395483481));
#1679=CARTESIAN_POINT('Ctrl Pts',(62.7994837924954,13.1571730325581,-6.07480923695753));
#1680=CARTESIAN_POINT('Ctrl Pts',(60.197432372601,7.08935400282541,-8.35227270844589));
#1681=CARTESIAN_POINT('Ctrl Pts',(58.524587593365,4.04895631475583,-9.22375222095573));
#1682=CARTESIAN_POINT('Ctrl Pts',(30.992353792632,-23.9513848101366,16.200978732592));
#1683=CARTESIAN_POINT('Ctrl Pts',(30.4365424775971,-27.9102630868186,16.9090822142309));
#1684=CARTESIAN_POINT('Ctrl Pts',(28.6704572039408,-35.7604552684556,17.6642667038038));
#1685=CARTESIAN_POINT('Ctrl Pts',(24.3313874514075,-46.6328301699735,16.7411157873283));
#1686=CARTESIAN_POINT('Ctrl Pts',(18.7010577129381,-55.7927763883694,13.9837551126595));
#1687=CARTESIAN_POINT('Ctrl Pts',(12.5449795612244,-62.2635915646345,10.0258263498523));
#1688=CARTESIAN_POINT('Ctrl Pts',(7.4260290374146,-65.4080840131439,6.33167777841275));
#1689=CARTESIAN_POINT('Ctrl Pts',(3.09183221535665,-66.8644323695948,3.06233355452936));
#1690=CARTESIAN_POINT('Ctrl Pts',(-0.728770502279409,-67.2751770198028,
0.137152714726071));
#1691=CARTESIAN_POINT('Ctrl Pts',(-5.02009104622234,-66.5757110679943,-3.14311326067325));
#1692=CARTESIAN_POINT('Ctrl Pts',(-9.3532599683305,-64.6748226117317,-6.37541561876598));
#1693=CARTESIAN_POINT('Ctrl Pts',(-15.132033041116,-60.4885693448748,-10.4474099893213));
#1694=CARTESIAN_POINT('Ctrl Pts',(-22.0387706348391,-52.1533376189117,-14.6730557069075));
#1695=CARTESIAN_POINT('Ctrl Pts',(-28.5111089536835,-38.378118846688,-16.8792255504058));
#1696=CARTESIAN_POINT('Ctrl Pts',(-32.1112561719392,-22.754913874634,-15.4827629811365));
#1697=CARTESIAN_POINT('Ctrl Pts',(-32.1967386175092,-6.90313256905163,-10.5975312107407));
#1698=CARTESIAN_POINT('Ctrl Pts',(-28.3654826536974,8.05288767323213,-3.21751247152146));
#1699=CARTESIAN_POINT('Ctrl Pts',(-20.5332703427551,21.1589048263244,5.03931458419578));
#1700=CARTESIAN_POINT('Ctrl Pts',(-9.11869048814241,31.7156668404291,12.2778118715447));
#1701=CARTESIAN_POINT('Ctrl Pts',(4.996580278855,39.3142295311873,16.8952402319775));
#1702=CARTESIAN_POINT('Ctrl Pts',(19.266320794118,43.3390171720666,17.8589804887301));
#1703=CARTESIAN_POINT('Ctrl Pts',(31.9614364860331,44.4712383433627,16.103680971097));
#1704=CARTESIAN_POINT('Ctrl Pts',(42.231267952268,43.5262362358683,12.8277831293717));
#1705=CARTESIAN_POINT('Ctrl Pts',(50.5180847151516,40.7723062357041,8.41370298897902));
#1706=CARTESIAN_POINT('Ctrl Pts',(56.3353171963043,36.5574750861526,3.5181651785636));
#1707=CARTESIAN_POINT('Ctrl Pts',(59.7598469667692,31.1260939475729,-1.42259925115307));
#1708=CARTESIAN_POINT('Ctrl Pts',(60.944817017393,24.3226801514302,-6.31978741329816));
#1709=CARTESIAN_POINT('Ctrl Pts',(59.699323350228,16.0902431690285,-10.8427102838607));
#1710=CARTESIAN_POINT('Ctrl Pts',(57.1705618998274,9.98193770026644,-13.1912642326382));
#1711=CARTESIAN_POINT('Ctrl Pts',(55.5183947225047,6.89848252455665,-14.1006351956143));
#1712=CARTESIAN_POINT('Ctrl Pts',(32.8072781867356,-24.8795347050018,12.9566695654709));
#1713=CARTESIAN_POINT('Ctrl Pts',(32.2871385784156,-28.7698472958523,13.6650743221085));
#1714=CARTESIAN_POINT('Ctrl Pts',(30.604835752384,-36.4781948463066,14.4324517080631));
#1715=CARTESIAN_POINT('Ctrl Pts',(26.4148813334568,-47.1836857948414,13.5706645821161));
#1716=CARTESIAN_POINT('Ctrl Pts',(20.9263927624248,-56.2604715191064,10.8986491727961));
#1717=CARTESIAN_POINT('Ctrl Pts',(14.8633331094321,-62.7480853416482,7.01376868597664));
#1718=CARTESIAN_POINT('Ctrl Pts',(9.75018312529947,-65.965844286643,3.33675536582734));
#1719=CARTESIAN_POINT('Ctrl Pts',(5.36333920924037,-67.5011498610601,0.0427331719849528));
#1720=CARTESIAN_POINT('Ctrl Pts',(1.44934594455505,-67.975080504145,-2.93769930361943));
#1721=CARTESIAN_POINT('Ctrl Pts',(-3.00249337026986,-67.3114637012963,-6.31854132937684));
#1722=CARTESIAN_POINT('Ctrl Pts',(-7.53659192596076,-65.3913114019749,-9.67491482499101));
#1723=CARTESIAN_POINT('Ctrl Pts',(-13.6090332402972,-61.0920022748796,-13.919659422808));
#1724=CARTESIAN_POINT('Ctrl Pts',(-20.8958482744998,-52.4611622384896,-18.3360598157284));
#1725=CARTESIAN_POINT('Ctrl Pts',(-27.7619354756198,-38.1358148211098,-20.6509649384251));
#1726=CARTESIAN_POINT('Ctrl Pts',(-31.6386204356752,-21.8534871578413,-19.1983503948856));
#1727=CARTESIAN_POINT('Ctrl Pts',(-31.8383561205861,-5.41410971398223,-14.1227050005451));
#1728=CARTESIAN_POINT('Ctrl Pts',(-28.0187076137342,9.91593119920264,-6.5513040670402));
#1729=CARTESIAN_POINT('Ctrl Pts',(-20.2056543034553,23.1861616147169,1.80457477537409));
#1730=CARTESIAN_POINT('Ctrl Pts',(-8.91684778990493,33.7583202733866,9.04041919931796));
#1731=CARTESIAN_POINT('Ctrl Pts',(4.91783982124719,41.3177294454689,13.6242436721186));
#1732=CARTESIAN_POINT('Ctrl Pts',(18.8679122775433,45.3499637039666,14.6173044172371));
#1733=CARTESIAN_POINT('Ctrl Pts',(31.3356384937234,46.5486791955129,12.9435282039022));
#1734=CARTESIAN_POINT('Ctrl Pts',(41.4878602127975,45.6935602132069,9.75566737739666));
#1735=CARTESIAN_POINT('Ctrl Pts',(49.7727378978089,43.0275321679228,5.40688093473538));
#1736=CARTESIAN_POINT('Ctrl Pts',(55.706356499346,38.8437270291521,0.507254158692301));
#1737=CARTESIAN_POINT('Ctrl Pts',(59.308386519009,33.314389798328,-4.53927547201613));
#1738=CARTESIAN_POINT('Ctrl Pts',(60.6353758325163,26.2626476802988,-9.61640983505927));
#1739=CARTESIAN_POINT('Ctrl Pts',(59.4285036903818,17.6694335586845,-14.3321365720657));
#1740=CARTESIAN_POINT('Ctrl Pts',(56.8491604345548,11.2768337484001,-16.7864892812807));
#1741=CARTESIAN_POINT('Ctrl Pts',(55.1531295389362,8.04734806476345,-17.7376180209401));
#1742=CARTESIAN_POINT('Ctrl Pts',(34.0330182393015,-25.3328255877668,11.6191448574192));
#1743=CARTESIAN_POINT('Ctrl Pts',(33.5238990202954,-29.2197506544754,12.336531473933));
#1744=CARTESIAN_POINT('Ctrl Pts',(31.8648513387018,-36.9192840360013,13.1226847263565));
#1745=CARTESIAN_POINT('Ctrl Pts',(27.7049841687282,-47.6329049749651,12.2933501540399));
#1746=CARTESIAN_POINT('Ctrl Pts',(22.2267167237095,-56.7531842682636,9.64765119795193));
#1747=CARTESIAN_POINT('Ctrl Pts',(16.1339982907892,-63.3204288655729,5.76509681723408));
#1748=CARTESIAN_POINT('Ctrl Pts',(10.9472226633285,-66.616863390315,2.05383583931138));
#1749=CARTESIAN_POINT('Ctrl Pts',(6.46139242565204,-68.2120838950827,-1.29549143348193));
#1750=CARTESIAN_POINT('Ctrl Pts',(2.43477404916767,-68.7222431092441,-4.34401995375254));
#1751=CARTESIAN_POINT('Ctrl Pts',(-2.16933434460415,-68.062811065828,-7.81886597931864));
#1752=CARTESIAN_POINT('Ctrl Pts',(-6.86652723039907,-66.1041432983512,-11.2730915980604));
#1753=CARTESIAN_POINT('Ctrl Pts',(-13.15520036964,-61.6969737240599,-15.639890359002));
#1754=CARTESIAN_POINT('Ctrl Pts',(-20.6902487090797,-52.845116773331,-20.1717746500585));
#1755=CARTESIAN_POINT('Ctrl Pts',(-27.7942652308462,-38.1569409457456,-22.538368681382));
#1756=CARTESIAN_POINT('Ctrl Pts',(-31.8287520528327,-21.4610543762369,-21.0346230820255));
#1757=CARTESIAN_POINT('Ctrl Pts',(-32.0850509424407,-4.64758169741068,-15.8231089885227));
#1758=CARTESIAN_POINT('Ctrl Pts',(-28.2495482525213,10.944869279546,-8.10209787021743));
#1759=CARTESIAN_POINT('Ctrl Pts',(-20.399743737369,24.3657213241234,0.364397928840245));
#1760=CARTESIAN_POINT('Ctrl Pts',(-9.09761069980371,35.0075240214555,7.66022045293445));
#1761=CARTESIAN_POINT('Ctrl Pts',(4.70556569364954,42.5964070586313,12.2758362247276));
#1762=CARTESIAN_POINT('Ctrl Pts',(18.6149815832423,46.6568717367335,13.3034586507124));
#1763=CARTESIAN_POINT('Ctrl Pts',(31.0828205279292,47.890686169215,11.6656247614634));
#1764=CARTESIAN_POINT('Ctrl Pts',(41.281511259699,47.0637897271475,8.49914498281552));
#1765=CARTESIAN_POINT('Ctrl Pts',(49.6677284337358,44.4016297729359,4.14039711450776));
#1766=CARTESIAN_POINT('Ctrl Pts',(55.7492910700706,40.1629787282092,-0.822984560534854));
#1767=CARTESIAN_POINT('Ctrl Pts',(59.497201544916,34.4866106463809,-5.99260673187714));
#1768=CARTESIAN_POINT('Ctrl Pts',(60.910013802098,27.2049087365653,-11.2177808012083));
#1769=CARTESIAN_POINT('Ctrl Pts',(59.7062766502866,18.3370690621614,-16.0660517271813));
#1770=CARTESIAN_POINT('Ctrl Pts',(57.0798767989544,11.7513123471982,-18.5836202614064));
#1771=CARTESIAN_POINT('Ctrl Pts',(55.3496649555433,8.42516625527152,-19.558472460606));
#1772=CARTESIAN_POINT('',(34.0330182393014,-25.3328255877669,11.6191448574192));
#1773=CARTESIAN_POINT('Origin',(43.3012701892219,-25.,20.));
#1774=CARTESIAN_POINT('',(55.3496649555434,8.4251662552716,-19.5584724606062));
#1775=CARTESIAN_POINT('Ctrl Pts',(34.0330182393015,-25.3328255877668,11.6191448574192));
#1776=CARTESIAN_POINT('Ctrl Pts',(33.5238990202954,-29.2197506544754,12.336531473933));
#1777=CARTESIAN_POINT('Ctrl Pts',(31.8648513387018,-36.9192840360013,13.1226847263565));
#1778=CARTESIAN_POINT('Ctrl Pts',(27.7049841687282,-47.6329049749651,12.2933501540399));
#1779=CARTESIAN_POINT('Ctrl Pts',(22.2267167237095,-56.7531842682636,9.64765119795193));
#1780=CARTESIAN_POINT('Ctrl Pts',(16.1339982907892,-63.3204288655729,5.76509681723408));
#1781=CARTESIAN_POINT('Ctrl Pts',(10.9472226633285,-66.616863390315,2.05383583931138));
#1782=CARTESIAN_POINT('Ctrl Pts',(6.46139242565204,-68.2120838950827,-1.29549143348193));
#1783=CARTESIAN_POINT('Ctrl Pts',(2.43477404916767,-68.7222431092441,-4.34401995375254));
#1784=CARTESIAN_POINT('Ctrl Pts',(-2.16933434460415,-68.062811065828,-7.81886597931864));
#1785=CARTESIAN_POINT('Ctrl Pts',(-6.86652723039907,-66.1041432983512,-11.2730915980604));
#1786=CARTESIAN_POINT('Ctrl Pts',(-13.15520036964,-61.6969737240599,-15.639890359002));
#1787=CARTESIAN_POINT('Ctrl Pts',(-20.6902487090797,-52.845116773331,-20.1717746500585));
#1788=CARTESIAN_POINT('Ctrl Pts',(-27.7942652308462,-38.1569409457456,-22.538368681382));
#1789=CARTESIAN_POINT('Ctrl Pts',(-31.8287520528327,-21.4610543762369,-21.0346230820255));
#1790=CARTESIAN_POINT('Ctrl Pts',(-32.0850509424407,-4.64758169741068,-15.8231089885227));
#1791=CARTESIAN_POINT('Ctrl Pts',(-28.2495482525213,10.944869279546,-8.10209787021743));
#1792=CARTESIAN_POINT('Ctrl Pts',(-20.399743737369,24.3657213241234,0.364397928840245));
#1793=CARTESIAN_POINT('Ctrl Pts',(-9.09761069980371,35.0075240214555,7.66022045293445));
#1794=CARTESIAN_POINT('Ctrl Pts',(4.70556569364954,42.5964070586313,12.2758362247276));
#1795=CARTESIAN_POINT('Ctrl Pts',(18.6149815832423,46.6568717367335,13.3034586507124));
#1796=CARTESIAN_POINT('Ctrl Pts',(31.0828205279292,47.890686169215,11.6656247614634));
#1797=CARTESIAN_POINT('Ctrl Pts',(41.281511259699,47.0637897271475,8.49914498281552));
#1798=CARTESIAN_POINT('Ctrl Pts',(49.6677284337358,44.4016297729359,4.14039711450776));
#1799=CARTESIAN_POINT('Ctrl Pts',(55.7492910700706,40.1629787282092,-0.822984560534854));
#1800=CARTESIAN_POINT('Ctrl Pts',(59.497201544916,34.4866106463809,-5.99260673187714));
#1801=CARTESIAN_POINT('Ctrl Pts',(60.910013802098,27.2049087365653,-11.2177808012083));
#1802=CARTESIAN_POINT('Ctrl Pts',(59.7062766502866,18.3370690621614,-16.0660517271813));
#1803=CARTESIAN_POINT('Ctrl Pts',(57.0798767989544,11.7513123471982,-18.5836202614064));
#1804=CARTESIAN_POINT('Ctrl Pts',(55.3496649555433,8.42516625527152,-19.558472460606));
#1805=CARTESIAN_POINT('Origin',(66.4390343847871,2.65664082308754,-19.5584724606062));
#1806=CARTESIAN_POINT('Ctrl Pts',(55.3496649555434,8.42516625527161,-19.5584724606062));
#1807=CARTESIAN_POINT('Ctrl Pts',(53.6198358712526,5.09975597656751,-20.5368708330886));
#1808=CARTESIAN_POINT('Ctrl Pts',(49.3272674778015,-1.61568583386128,-21.9260350561192));
#1809=CARTESIAN_POINT('Ctrl Pts',(40.8614733519511,-11.0372600501897,-21.9151965473002));
#1810=CARTESIAN_POINT('Ctrl Pts',(30.9238649719668,-19.0639997981593,-19.7193629594694));
#1811=CARTESIAN_POINT('Ctrl Pts',(18.8003230450846,-25.8177280291268,-15.1292500781244));
#1812=CARTESIAN_POINT('Ctrl Pts',(4.66469456257973,-29.9198954828106,-8.06419360822772));
#1813=CARTESIAN_POINT('Ctrl Pts',(-10.8866332716436,-29.8371824602004,0.386503735812602));
#1814=CARTESIAN_POINT('Ctrl Pts',(-25.7609050095608,-25.3763475413107,7.67289689500777));
#1815=CARTESIAN_POINT('Ctrl Pts',(-39.2422375568693,-17.2227872831431,12.2749532756345));
#1816=CARTESIAN_POINT('Ctrl Pts',(-48.7680779057923,-8.12230770138702,13.2004266974471));
#1817=CARTESIAN_POINT('Ctrl Pts',(-54.8703576678423,-0.106132222620853,
12.1785171748238));
#1818=CARTESIAN_POINT('Ctrl Pts',(-59.1540670758506,7.08195295754665,10.352280561267));
#1819=CARTESIAN_POINT('Ctrl Pts',(-61.5398166650781,13.1473788333072,7.93108761698932));
#1820=CARTESIAN_POINT('Ctrl Pts',(-63.223546561129,20.7326454502332,4.10274804471278));
#1821=CARTESIAN_POINT('Ctrl Pts',(-63.0569401401032,26.6626117782944,0.261293281845629));
#1822=CARTESIAN_POINT('Ctrl Pts',(-61.1529048764202,31.208610285387,-3.45746140433131));
#1823=CARTESIAN_POINT('Ctrl Pts',(-59.5158194774793,33.7838440438805,-5.76641805772803));
#1824=CARTESIAN_POINT('Ctrl Pts',(-56.5111309954454,37.3624596927708,-9.23799203649681));
#1825=CARTESIAN_POINT('Ctrl Pts',(-49.14165461085,41.819910679729,-14.7215227468205));
#1826=CARTESIAN_POINT('Ctrl Pts',(-38.8499942573477,43.7105963612677,-18.8056910771002));
#1827=CARTESIAN_POINT('Ctrl Pts',(-28.6379424658847,43.8435541723982,-21.1647855057217));
#1828=CARTESIAN_POINT('Ctrl Pts',(-20.4934287061125,43.0204732630987,-22.1128692398212));
#1829=CARTESIAN_POINT('Ctrl Pts',(-10.9056334921038,40.7224946897663,-21.8119822952411));
#1830=CARTESIAN_POINT('Ctrl Pts',(-0.218159167467982,36.930173615509,-20.1920890638744));
#1831=CARTESIAN_POINT('Ctrl Pts',(12.0366458869252,30.1069867760107,-15.8647508456346));
#1832=CARTESIAN_POINT('Ctrl Pts',(20.4921645751832,21.9956902462574,-10.2391090761229));
#1833=CARTESIAN_POINT('Ctrl Pts',(25.9118299191127,14.6782144653432,-5.48025861927524));
#1834=CARTESIAN_POINT('Ctrl Pts',(29.8217096694259,7.9873270388599,-1.33121368323924));
#1835=CARTESIAN_POINT('Ctrl Pts',(33.3468774358291,-2.03001169132201,4.05950903089746));
#1836=CARTESIAN_POINT('Ctrl Pts',(34.5213733598197,-10.7011531792867,7.6341262982922));
#1837=CARTESIAN_POINT('Ctrl Pts',(34.6804880719218,-18.4998428437891,10.1246405825959));
#1838=CARTESIAN_POINT('Ctrl Pts',(34.413067277072,-22.4169696886753,11.0830585497089));
#1839=CARTESIAN_POINT('Ctrl Pts',(34.0330182393014,-25.3328255877668,11.6191448574192));
#1840=CARTESIAN_POINT('Ctrl Pts',(55.5462003721506,8.80298444577967,-21.3793269002721));
#1841=CARTESIAN_POINT('Ctrl Pts',(53.7829010908879,5.38115397227653,-22.3813700284226));
#1842=CARTESIAN_POINT('Ctrl Pts',(49.4018232025368,-1.52735998903695,-23.8018025109217));
#1843=CARTESIAN_POINT('Ctrl Pts',(40.7511272997652,-11.22082578376,-23.7823960467547));
#1844=CARTESIAN_POINT('Ctrl Pts',(30.5973510873295,-19.4775749268543,-21.5223349548644));
#1845=CARTESIAN_POINT('Ctrl Pts',(18.2366038193232,-26.416100072533,-16.818237559113));
#1846=CARTESIAN_POINT('Ctrl Pts',(3.88740858016153,-30.6272739696187,-9.61695886689295));
#1847=CARTESIAN_POINT('Ctrl Pts',(-11.8111200255594,-30.5904037306635,-1.05582529240109));
#1848=CARTESIAN_POINT('Ctrl Pts',(-26.7523270188329,-26.15465231934,6.29124791464995));
#1849=CARTESIAN_POINT('Ctrl Pts',(-40.2428674285327,-18.0456997044763,10.9259725636348));
#1850=CARTESIAN_POINT('Ctrl Pts',(-49.7734237204806,-8.99082348244602,11.8841438633729));
#1851=CARTESIAN_POINT('Ctrl Pts',(-55.8982934187218,-0.991681609149042,
10.8915697207642));
#1852=CARTESIAN_POINT('Ctrl Pts',(-60.2120208906796,6.19939166021026,9.08773576901375));
#1853=CARTESIAN_POINT('Ctrl Pts',(-62.633727308821,12.2955313771239,6.67577466195926));
#1854=CARTESIAN_POINT('Ctrl Pts',(-64.3634940045953,19.9590654074745,2.83734369766593));
#1855=CARTESIAN_POINT('Ctrl Pts',(-64.2272163982413,26.0049520914728,-1.04617394934429));
#1856=CARTESIAN_POINT('Ctrl Pts',(-62.2949778757473,30.6924634177183,-4.84666641496336));
#1857=CARTESIAN_POINT('Ctrl Pts',(-60.6217178973762,33.3554292355603,-7.21293728926612));
#1858=CARTESIAN_POINT('Ctrl Pts',(-57.5409476290422,37.0670705507951,-10.7781746116377));
#1859=CARTESIAN_POINT('Ctrl Pts',(-49.9560262185914,41.7058401471973,-16.4179274021153));
#1860=CARTESIAN_POINT('Ctrl Pts',(-39.3794869601676,43.6915857951757,-20.6060905507543));
#1861=CARTESIAN_POINT('Ctrl Pts',(-28.8931108457789,43.8678391298543,-23.0213631983804));
#1862=CARTESIAN_POINT('Ctrl Pts',(-20.5309227533188,43.0523343094676,-23.9888257699697));
#1863=CARTESIAN_POINT('Ctrl Pts',(-10.6890564317101,40.7288530601654,-23.6734481045964));
#1864=CARTESIAN_POINT('Ctrl Pts',(0.276971933175014,36.8789654197344,-22.0045651089297));
#1865=CARTESIAN_POINT('Ctrl Pts',(12.8267449361107,29.9426359297241,-17.5640760513292));
#1866=CARTESIAN_POINT('Ctrl Pts',(21.4436096679477,21.7261972330666,-11.8283993874806));
#1867=CARTESIAN_POINT('Ctrl Pts',(26.9553472557292,14.3373613977279,-6.99493147035909));
#1868=CARTESIAN_POINT('Ctrl Pts',(30.9259608644174,7.59270836972543,-2.78908486226099));
#1869=CARTESIAN_POINT('Ctrl Pts',(34.5026358442829,-2.47352458199626,2.65741266203919));
#1870=CARTESIAN_POINT('Ctrl Pts',(35.7043976539521,-11.159040110012,6.26016891479182));
#1871=CARTESIAN_POINT('Ctrl Pts',(35.8865144911424,-18.9588015400061,8.77116249787927));
#1872=CARTESIAN_POINT('Ctrl Pts',(35.630181972824,-22.8731286564026,9.73862730623447));
#1873=CARTESIAN_POINT('Ctrl Pts',(35.2587582918673,-25.7861164705318,10.2816201493675));
#1874=CARTESIAN_POINT('Ctrl Pts',(56.696305777612,9.16464669877093,-25.0203682959015));
#1875=CARTESIAN_POINT('Ctrl Pts',(54.8416500469779,5.50297158028136,-26.0750529059983));
#1876=CARTESIAN_POINT('Ctrl Pts',(50.2308518858388,-1.87340772392448,-27.5585325090092));
#1877=CARTESIAN_POINT('Ctrl Pts',(41.1202802720697,-12.2100441222352,-27.4979656913006));
#1878=CARTESIAN_POINT('Ctrl Pts',(30.4363124108531,-21.0041622688857,-25.0642052281846));
#1879=CARTESIAN_POINT('Ctrl Pts',(17.4844519184877,-28.3737071807311,-20.0613815183167));
#1880=CARTESIAN_POINT('Ctrl Pts',(2.57040214773681,-32.8367498434624,-12.4889290594253));
#1881=CARTESIAN_POINT('Ctrl Pts',(-13.5885586977587,-32.8794429208974,-3.58338499797259));
#1882=CARTESIAN_POINT('Ctrl Pts',(-28.8448490963123,-28.4243344372083,4.00748235296287));
#1883=CARTESIAN_POINT('Ctrl Pts',(-42.5475106051225,-20.263994196769,8.80516747246208));
#1884=CARTESIAN_POINT('Ctrl Pts',(-52.2335519117386,-11.1351170608132,9.8654267275259));
#1885=CARTESIAN_POINT('Ctrl Pts',(-58.5000458121565,-3.01672309359623,8.92929788243107));
#1886=CARTESIAN_POINT('Ctrl Pts',(-62.9445997837469,4.32641060583257,7.14996896794689));
#1887=CARTESIAN_POINT('Ctrl Pts',(-65.4795038585087,10.6197646803203,4.7178395191122));
#1888=CARTESIAN_POINT('Ctrl Pts',(-67.3281677962658,18.632341257188,0.784575233858744));
#1889=CARTESIAN_POINT('Ctrl Pts',(-67.2372223222993,25.0865203395739,-3.27547028577303));
#1890=CARTESIAN_POINT('Ctrl Pts',(-65.1767751489925,30.2033927881716,-7.33817110206616));
#1891=CARTESIAN_POINT('Ctrl Pts',(-63.3746635746907,33.1215849907248,-9.87800225053967));
#1892=CARTESIAN_POINT('Ctrl Pts',(-60.0442519190684,37.2055782472389,-13.7150641790321));
#1893=CARTESIAN_POINT('Ctrl Pts',(-51.8381777962343,42.3062782783106,-19.7656931967025));
#1894=CARTESIAN_POINT('Ctrl Pts',(-40.524940999055,44.5070144787308,-24.1973209302419));
#1895=CARTESIAN_POINT('Ctrl Pts',(-29.3537112479365,44.7715354477235,-26.7342363273603));
#1896=CARTESIAN_POINT('Ctrl Pts',(-20.4639765026492,43.9608893712926,-27.7347562168652));
#1897=CARTESIAN_POINT('Ctrl Pts',(-10.0144491823064,41.5620080925366,-27.368783416332));
#1898=CARTESIAN_POINT('Ctrl Pts',(1.61295040684796,37.5588316900118,-25.5651519494505));
#1899=CARTESIAN_POINT('Ctrl Pts',(14.8659966074946,30.32937650731,-20.8306171944436));
#1900=CARTESIAN_POINT('Ctrl Pts',(23.8835963778021,21.8212742770232,-14.7964907659365));
#1901=CARTESIAN_POINT('Ctrl Pts',(29.6295612691119,14.211625082063,-9.74574212555795));
#1902=CARTESIAN_POINT('Ctrl Pts',(33.7579453791357,7.28564820245949,-5.36586236172747));
#1903=CARTESIAN_POINT('Ctrl Pts',(37.4692301048333,-2.99936855109663,0.277263660312275));
#1904=CARTESIAN_POINT('Ctrl Pts',(38.7311723790442,-11.8312853657694,4.00049329002357));
#1905=CARTESIAN_POINT('Ctrl Pts',(38.9509093030507,-19.7480215365142,6.60265884306886));
#1906=CARTESIAN_POINT('Ctrl Pts',(38.70713202585,-23.7161794712874,7.60906872171937));
#1907=CARTESIAN_POINT('Ctrl Pts',(38.3425621880008,-26.6698090056249,8.1792487484943));
#1908=CARTESIAN_POINT('Ctrl Pts',(60.3495657095143,8.4185725751772,-29.3986509231946));
#1909=CARTESIAN_POINT('Ctrl Pts',(58.3134169725153,4.33085784675459,-30.5321946365329));
#1910=CARTESIAN_POINT('Ctrl Pts',(53.2654572411926,-3.85558586845543,-32.0918382827589));
#1911=CARTESIAN_POINT('Ctrl Pts',(43.3324015910915,-15.2620437611404,-31.9093786701542));
#1912=CARTESIAN_POINT('Ctrl Pts',(31.7171245062232,-24.9345421320815,-29.1312713448177));
#1913=CARTESIAN_POINT('Ctrl Pts',(17.7041781148042,-33.0068238942506,-23.5571579703377));
#1914=CARTESIAN_POINT('Ctrl Pts',(1.69706750182231,-37.8737655871246,-15.2427803198571));
#1915=CARTESIAN_POINT('Ctrl Pts',(-15.5098871893328,-37.9771242543551,-5.5554116345927));
#1916=CARTESIAN_POINT('Ctrl Pts',(-31.6943307479189,-33.2866021113858,2.69779548465196));
#1917=CARTESIAN_POINT('Ctrl Pts',(-46.2278964080612,-24.6473447001414,7.98184596034691));
#1918=CARTESIAN_POINT('Ctrl Pts',(-56.5387022453068,-14.9326806870641,9.27405801922139));
#1919=CARTESIAN_POINT('Ctrl Pts',(-63.2641110041451,-6.2118081145869,8.39921702487296));
#1920=CARTESIAN_POINT('Ctrl Pts',(-68.0761013650524,1.7498011097425,6.58831974206759));
#1921=CARTESIAN_POINT('Ctrl Pts',(-70.871678624668,8.69100347589942,4.01546763553107));
#1922=CARTESIAN_POINT('Ctrl Pts',(-72.941735453403,17.6974572800739,-0.254960141049981));
#1923=CARTESIAN_POINT('Ctrl Pts',(-72.85924000123,25.1747132923474,-4.804982579462));
#1924=CARTESIAN_POINT('Ctrl Pts',(-70.4304688983886,31.2419395638998,-9.47601057257802));
#1925=CARTESIAN_POINT('Ctrl Pts',(-68.3067511462198,34.7026439463126,-12.3984472533293));
#1926=CARTESIAN_POINT('Ctrl Pts',(-64.3835155120644,39.5522681018331,-16.8147899137363));
#1927=CARTESIAN_POINT('Ctrl Pts',(-54.8620933325269,45.5077335860129,-23.6545431700801));
#1928=CARTESIAN_POINT('Ctrl Pts',(-42.1601885508583,48.0426711183114,-28.4857861925862));
#1929=CARTESIAN_POINT('Ctrl Pts',(-29.7621648651372,48.4187792500126,-31.1966604589953));
#1930=CARTESIAN_POINT('Ctrl Pts',(-19.9564673656928,47.5831337465507,-32.219816966029));
#1931=CARTESIAN_POINT('Ctrl Pts',(-8.48066431706298,45.0214100369777,-31.7290082996689));
#1932=CARTESIAN_POINT('Ctrl Pts',(4.25457715617467,40.7192148288344,-29.6529730433004));
#1933=CARTESIAN_POINT('Ctrl Pts',(18.6947002477568,32.9374787287215,-24.3625405297746));
#1934=CARTESIAN_POINT('Ctrl Pts',(28.4260395781934,23.8350378597965,-17.7355432226863));
#1935=CARTESIAN_POINT('Ctrl Pts',(34.6038645637897,15.7268871606245,-12.2207116255042));
#1936=CARTESIAN_POINT('Ctrl Pts',(39.0306058029838,8.36097952173242,-7.45042010800717));
#1937=CARTESIAN_POINT('Ctrl Pts',(42.9996868296075,-2.55030585252424,-1.31552708457344));
#1938=CARTESIAN_POINT('Ctrl Pts',(44.3516792803629,-11.9139222342847,2.7466732264641));
#1939=CARTESIAN_POINT('Ctrl Pts',(44.5921556972969,-20.3119581098408,5.60757795957289));
#1940=CARTESIAN_POINT('Ctrl Pts',(44.3352637962772,-24.5251293671907,6.72475079242677));
#1941=CARTESIAN_POINT('Ctrl Pts',(43.9482278061722,-27.6642943852019,7.36696474677175));
#1942=CARTESIAN_POINT('Ctrl Pts',(65.2133671948552,6.52993192222914,-31.831638294332));
#1943=CARTESIAN_POINT('Ctrl Pts',(62.986182573106,2.03202244682389,-33.0286874059628));
#1944=CARTESIAN_POINT('Ctrl Pts',(57.49578107496,-6.91235607569863,-34.6316668030518));
#1945=CARTESIAN_POINT('Ctrl Pts',(46.7689001925978,-19.2842367968376,-34.2912811554099));
#1946=CARTESIAN_POINT('Ctrl Pts',(34.26943661798,-29.7346793833718,-31.1525790969702));
#1947=CARTESIAN_POINT('Ctrl Pts',(19.2296370982908,-38.42766179214,-24.9961620484554));
#1948=CARTESIAN_POINT('Ctrl Pts',(2.09882962980179,-43.6453760943082,-15.9002297198762));
#1949=CARTESIAN_POINT('Ctrl Pts',(-16.3091879923552,-43.7381629137411,-5.31814637813739));
#1950=CARTESIAN_POINT('Ctrl Pts',(-33.6923316684998,-38.6535909940524,3.7629823566742));
#1951=CARTESIAN_POINT('Ctrl Pts',(-49.4085658606997,-29.2256224317592,9.68083736477363));
#1952=CARTESIAN_POINT('Ctrl Pts',(-60.6130391181791,-18.5660294832532,11.2386236897077));
#1953=CARTESIAN_POINT('Ctrl Pts',(-67.9539774800914,-8.93708788813449,10.3896107826304));
#1954=CARTESIAN_POINT('Ctrl Pts',(-73.2334098438578,-0.0870087015193175,
8.48510209477496));
#1955=CARTESIAN_POINT('Ctrl Pts',(-76.3290007608495,7.72525104441207,5.68897303958789));
#1956=CARTESIAN_POINT('Ctrl Pts',(-78.6209449555031,18.0020671485799,0.952384117150076));
#1957=CARTESIAN_POINT('Ctrl Pts',(-78.4857549667854,26.710720070091,-4.21626942944803));
#1958=CARTESIAN_POINT('Ctrl Pts',(-75.584498976063,33.8501065359061,-9.59252780562226));
#1959=CARTESIAN_POINT('Ctrl Pts',(-73.0727550411099,37.9080866627904,-12.9459789106089));
#1960=CARTESIAN_POINT('Ctrl Pts',(-68.454992687481,43.5804282708635,-17.9997768721865));
#1961=CARTESIAN_POINT('Ctrl Pts',(-57.4920553056433,50.3838845708388,-25.6464872638806));
#1962=CARTESIAN_POINT('Ctrl Pts',(-43.3918020231177,53.1985466155259,-30.8330143818657));
#1963=CARTESIAN_POINT('Ctrl Pts',(-29.8060504042513,53.6433229928435,-33.675257246391));
#1964=CARTESIAN_POINT('Ctrl Pts',(-19.1422275643831,52.755272993974,-34.6896471184558));
#1965=CARTESIAN_POINT('Ctrl Pts',(-6.72564744488349,50.012498446054,-34.0492039537148));
#1966=CARTESIAN_POINT('Ctrl Pts',(7.0155665036031,45.4010628262488,-31.6840508931014));
#1967=CARTESIAN_POINT('Ctrl Pts',(22.5408932902773,37.0626580209697,-25.8317120946172));
#1968=CARTESIAN_POINT('Ctrl Pts',(32.9593905903922,27.3255770302286,-18.5826256986529));
#1969=CARTESIAN_POINT('Ctrl Pts',(39.5646975899338,18.6490185633544,-12.5561494800765));
#1970=CARTESIAN_POINT('Ctrl Pts',(44.2929546009525,10.7619135598388,-7.34274713422703));
#1971=CARTESIAN_POINT('Ctrl Pts',(48.5244589957211,-0.950551340437249,-0.615975200351067));
#1972=CARTESIAN_POINT('Ctrl Pts',(49.948194574357,-11.052267549775,3.87613009608014));
#1973=CARTESIAN_POINT('Ctrl Pts',(50.1693518939403,-20.1445601750771,7.06759275985272));
#1974=CARTESIAN_POINT('Ctrl Pts',(49.8696527195287,-24.7179711440394,8.32547305319578));
#1975=CARTESIAN_POINT('Ctrl Pts',(49.4316138079465,-28.1318763125844,9.057172145175));
#1976=CARTESIAN_POINT('Ctrl Pts',(69.7442633021171,4.17175335250917,-31.8268073251281));
#1977=CARTESIAN_POINT('Ctrl Pts',(67.3736508518816,-0.601710177859593,-33.055007991739));
#1978=CARTESIAN_POINT('Ctrl Pts',(61.5631808823013,-10.0388137625938,-34.6590033736817));
#1979=CARTESIAN_POINT('Ctrl Pts',(50.2986384682398,-23.0022245305929,-34.1742449275061));
#1980=CARTESIAN_POINT('Ctrl Pts',(37.2134523730057,-33.9155255484342,-30.7652279349178));
#1981=CARTESIAN_POINT('Ctrl Pts',(21.475166864955,-42.9761480204431,-24.1857530949987));
#1982=CARTESIAN_POINT('Ctrl Pts',(3.51915214254371,-48.3954602772108,-14.4999962158298));
#1983=CARTESIAN_POINT('Ctrl Pts',(-15.8763891876108,-48.4178164663435,-3.18336961414183));
#1984=CARTESIAN_POINT('Ctrl Pts',(-34.3537398900681,-42.9110577879601,6.63382784649973));
#1985=CARTESIAN_POINT('Ctrl Pts',(-51.2210276900208,-32.648867397782,13.1320495356316));
#1986=CARTESIAN_POINT('Ctrl Pts',(-63.2993911247753,-20.9980285134957,14.9079933815174));
#1987=CARTESIAN_POINT('Ctrl Pts',(-71.2165443901337,-10.452496703068,14.0457297572894));
#1988=CARTESIAN_POINT('Ctrl Pts',(-76.9160269904437,-0.732084809551296,
12.0193862073849));
#1989=CARTESIAN_POINT('Ctrl Pts',(-80.2598794239476,7.89866152414761,8.99097139715486));
#1990=CARTESIAN_POINT('Ctrl Pts',(-82.708903489162,19.3223634784642,3.80878871721531));
#1991=CARTESIAN_POINT('Ctrl Pts',(-82.4817246890422,29.0918187339408,-1.91385451604974));
#1992=CARTESIAN_POINT('Ctrl Pts',(-79.1526817139861,37.0988199294247,-7.87581262361537));
#1993=CARTESIAN_POINT('Ctrl Pts',(-76.3074369995455,41.6280381645592,-11.5771669090406));
#1994=CARTESIAN_POINT('Ctrl Pts',(-71.1058471248126,47.93484768836,-17.1348873507627));
#1995=CARTESIAN_POINT('Ctrl Pts',(-59.0081492702741,55.3347474650107,-25.3701766964555));
#1996=CARTESIAN_POINT('Ctrl Pts',(-43.9056859203672,58.2998743120287,-30.7695766618459));
#1997=CARTESIAN_POINT('Ctrl Pts',(-29.5139910011164,58.7552684084368,-33.6669847674149));
#1998=CARTESIAN_POINT('Ctrl Pts',(-18.2902669758299,57.8056375713253,-34.6471796292957));
#1999=CARTESIAN_POINT('Ctrl Pts',(-5.28341359287498,54.9185412225248,-33.8787643685892));
#2000=CARTESIAN_POINT('Ctrl Pts',(9.08102508170187,50.0784174042315,-31.2934682970614));
#2001=CARTESIAN_POINT('Ctrl Pts',(25.2866028873575,41.3412777827184,-25.0373184623035));
#2002=CARTESIAN_POINT('Ctrl Pts',(36.1682176223392,31.1180688063457,-17.321114996532));
#2003=CARTESIAN_POINT('Ctrl Pts',(43.0731214985068,21.9762627511202,-10.8896044448059));
#2004=CARTESIAN_POINT('Ctrl Pts',(48.0181633304274,13.6466076319137,-5.31476246682043));
#2005=CARTESIAN_POINT('Ctrl Pts',(52.4406524223408,1.2094639036176,1.92144341734034));
#2006=CARTESIAN_POINT('Ctrl Pts',(53.8993936712287,-9.60113132473554,6.80037904615784));
#2007=CARTESIAN_POINT('Ctrl Pts',(54.071377969682,-19.3746000030426,10.2899046694156));
#2008=CARTESIAN_POINT('Ctrl Pts',(53.7151382700272,-24.3071561626945,11.6749012877742));
#2009=CARTESIAN_POINT('Ctrl Pts',(53.2156212337528,-27.9946720966553,12.4853658159475));
#2010=CARTESIAN_POINT('Ctrl Pts',(74.2212772873053,1.31217743309623,-29.8138486255727));
#2011=CARTESIAN_POINT('Ctrl Pts',(71.7386166500326,-3.64127628212324,-31.0483989575019));
#2012=CARTESIAN_POINT('Ctrl Pts',(65.694873598501,-13.3753065746928,-32.619245301513));
#2013=CARTESIAN_POINT('Ctrl Pts',(54.0770233906264,-26.6521920505192,-31.9944707540654));
#2014=CARTESIAN_POINT('Ctrl Pts',(40.6233994733042,-37.7913507001397,-28.3761565568291));
#2015=CARTESIAN_POINT('Ctrl Pts',(24.423061831816,-47.029027023434,-21.484018807252));
#2016=CARTESIAN_POINT('Ctrl Pts',(5.84775621588965,-52.5370069013801,-11.337268332071));
#2017=CARTESIAN_POINT('Ctrl Pts',(-14.4092262909251,-52.4355884349174,0.619131363504746));
#2018=CARTESIAN_POINT('Ctrl Pts',(-33.9451085314805,-46.4643377388663,11.1314740685336));
#2019=CARTESIAN_POINT('Ctrl Pts',(-51.9955304932843,-35.2880022785227,18.1953342619724));
#2020=CARTESIAN_POINT('Ctrl Pts',(-64.9739698134956,-22.5603321401245,20.1613786586127));
#2021=CARTESIAN_POINT('Ctrl Pts',(-73.4632497979284,-11.046406266414,19.2530556082123));
#2022=CARTESIAN_POINT('Ctrl Pts',(-79.5652140957935,-0.427281131301031,
17.0758792665073));
#2023=CARTESIAN_POINT('Ctrl Pts',(-83.1264887047254,9.01682121618568,13.7967900283165));
#2024=CARTESIAN_POINT('Ctrl Pts',(-85.6879505939773,21.5429087809504,8.16403782926099));
#2025=CARTESIAN_POINT('Ctrl Pts',(-85.3321248500137,32.282911174252,1.91400763792393));
#2026=CARTESIAN_POINT('Ctrl Pts',(-81.5908375150032,41.0337192295879,-4.56521958615847));
#2027=CARTESIAN_POINT('Ctrl Pts',(-78.4394184160938,45.9551999600879,-8.56441278973102));
#2028=CARTESIAN_POINT('Ctrl Pts',(-72.7170468851549,52.7728285194729,-14.5411072599642));
#2029=CARTESIAN_POINT('Ctrl Pts',(-59.6808701092727,60.5904516283593,-23.213979164038));
#2030=CARTESIAN_POINT('Ctrl Pts',(-43.8547900109289,63.6064287711439,-28.7191716369434));
#2031=CARTESIAN_POINT('Ctrl Pts',(-28.9293134619482,64.0250541808986,-31.6118938771097));
#2032=CARTESIAN_POINT('Ctrl Pts',(-17.3668046664412,63.0032561340539,-32.5352973394085));
#2033=CARTESIAN_POINT('Ctrl Pts',(-4.02779181101066,59.9945447363353,-31.6501106585165));
#2034=CARTESIAN_POINT('Ctrl Pts',(10.6752528954154,54.9810057448032,-28.8907788545478));
#2035=CARTESIAN_POINT('Ctrl Pts',(27.259968247445,45.9553521955441,-22.3408194817762));
#2036=CARTESIAN_POINT('Ctrl Pts',(38.4440053764393,35.3442946076857,-14.2617436716987));
#2037=CARTESIAN_POINT('Ctrl Pts',(45.5577261912341,25.7989267704149,-7.49263090906657));
#2038=CARTESIAN_POINT('Ctrl Pts',(50.6604069340993,17.0701784173994,-1.60595729802743));
#2039=CARTESIAN_POINT('Ctrl Pts',(55.2236234324176,3.93630949952147,6.09642747651761));
#2040=CARTESIAN_POINT('Ctrl Pts',(56.6883418490114,-7.59223900290221,11.3447195587103));
#2041=CARTESIAN_POINT('Ctrl Pts',(56.7839209244166,-18.0708284895437,15.1207201161572));
#2042=CARTESIAN_POINT('Ctrl Pts',(56.3567196459655,-23.3781209962457,16.6271345210194));
#2043=CARTESIAN_POINT('Ctrl Pts',(55.7839428063618,-27.3526683000726,17.5117349640919));
#2044=CARTESIAN_POINT('Ctrl Pts',(76.9597804958828,-1.09203380602208,-26.0978855038399));
#2045=CARTESIAN_POINT('Ctrl Pts',(74.4462862702476,-6.03920327529363,-27.3057256867907));
#2046=CARTESIAN_POINT('Ctrl Pts',(68.3607510947331,-15.7213296827133,-28.8132976813473));
#2047=CARTESIAN_POINT('Ctrl Pts',(56.747521485722,-28.8533603665654,-28.1059058385665));
#2048=CARTESIAN_POINT('Ctrl Pts',(43.3287939096669,-39.8442386805259,-24.4312976168022));
#2049=CARTESIAN_POINT('Ctrl Pts',(27.1281243943306,-48.9598514774629,-17.4784776345406));
#2050=CARTESIAN_POINT('Ctrl Pts',(8.41638123517813,-54.3850996152689,-7.20091126137713));
#2051=CARTESIAN_POINT('Ctrl Pts',(-12.2239556188788,-54.1416644755746,5.03869169854647));
#2052=CARTESIAN_POINT('Ctrl Pts',(-32.3826050213941,-47.8259649939934,15.9376588591534));
#2053=CARTESIAN_POINT('Ctrl Pts',(-51.2107276696026,-35.981603765427,23.3365426553924));
#2054=CARTESIAN_POINT('Ctrl Pts',(-64.7849730153476,-22.4738968530543,25.3868938667112));
#2055=CARTESIAN_POINT('Ctrl Pts',(-73.6273008667169,-10.2903271607375,24.4095975140089));
#2056=CARTESIAN_POINT('Ctrl Pts',(-79.9586643451837,0.925208106175983,22.1023108118997));
#2057=CARTESIAN_POINT('Ctrl Pts',(-83.618785230383,10.8744638347961,18.6433394718028));
#2058=CARTESIAN_POINT('Ctrl Pts',(-86.1948341287114,24.0349487684523,12.7225970212408));
#2059=CARTESIAN_POINT('Ctrl Pts',(-85.7134313211257,35.2741416315082,6.17439072447592));
#2060=CARTESIAN_POINT('Ctrl Pts',(-81.7335067935974,44.3366103202292,-0.54337971505812));
#2061=CARTESIAN_POINT('Ctrl Pts',(-78.4253211737992,49.4050272063038,-4.66621686665548));
#2062=CARTESIAN_POINT('Ctrl Pts',(-72.4535505470287,56.3908296708114,-10.8008769424839));
#2063=CARTESIAN_POINT('Ctrl Pts',(-59.0708756144102,64.2522883793253,-19.562986897271));
#2064=CARTESIAN_POINT('Ctrl Pts',(-43.1309249367846,67.1788895203388,-25.0037074587788));
#2065=CARTESIAN_POINT('Ctrl Pts',(-28.2073454341352,67.5166848430239,-27.8200889591463));
#2066=CARTESIAN_POINT('Ctrl Pts',(-16.6998577477285,66.4367710589236,-28.6802778559994));
#2067=CARTESIAN_POINT('Ctrl Pts',(-3.47044169820788,63.3802506673341,-27.7361291408143));
#2068=CARTESIAN_POINT('Ctrl Pts',(11.0963985641085,58.3255869750742,-24.9241410349439));
#2069=CARTESIAN_POINT('Ctrl Pts',(27.5512272539804,49.2544848640077,-18.3252694418699));
#2070=CARTESIAN_POINT('Ctrl Pts',(38.7267451791856,38.5210630459846,-10.1471071471173));
#2071=CARTESIAN_POINT('Ctrl Pts',(45.8602863953191,28.7990856980813,-3.24975385438572));
#2072=CARTESIAN_POINT('Ctrl Pts',(50.989271046031,19.8732195162278,2.77150733255337));
#2073=CARTESIAN_POINT('Ctrl Pts',(55.5799781360054,6.33689589929515,10.7131487977704));
#2074=CARTESIAN_POINT('Ctrl Pts',(57.0134696791075,-5.65405097026205,16.1723783838561));
#2075=CARTESIAN_POINT('Ctrl Pts',(57.0282084778975,-16.6016519744449,20.1128400178957));
#2076=CARTESIAN_POINT('Ctrl Pts',(56.5393344240461,-22.1638956235292,21.6891495046595));
#2077=CARTESIAN_POINT('Ctrl Pts',(55.906476618955,-26.333372808726,22.6140908507252));
#2078=CARTESIAN_POINT('Ctrl Pts',(77.9759473656839,-3.16887560464786,-20.2253418467081));
#2079=CARTESIAN_POINT('Ctrl Pts',(75.5182824265932,-7.90521742728304,-21.3682509482351));
#2080=CARTESIAN_POINT('Ctrl Pts',(69.6013355075833,-17.1444351757224,-22.7752711571132));
#2081=CARTESIAN_POINT('Ctrl Pts',(58.388549789829,-29.615075437084,-22.0429061087203));
#2082=CARTESIAN_POINT('Ctrl Pts',(45.4534895534322,-40.0329020942401,-18.4769671468887));
#2083=CARTESIAN_POINT('Ctrl Pts',(29.7632585903533,-48.686566393238,-11.7376183539766));
#2084=CARTESIAN_POINT('Ctrl Pts',(11.4395431532363,-53.8336907373413,-1.68452993790323));
#2085=CARTESIAN_POINT('Ctrl Pts',(-9.08543347885668,-53.4169245436123,10.4662107427143));
#2086=CARTESIAN_POINT('Ctrl Pts',(-29.4272427722622,-46.8662362291267,21.4377313334535));
#2087=CARTESIAN_POINT('Ctrl Pts',(-48.6443134453296,-34.5747281732616,28.9423871749075));
#2088=CARTESIAN_POINT('Ctrl Pts',(-62.5215371084236,-20.5589160142947,30.9666679643954));
#2089=CARTESIAN_POINT('Ctrl Pts',(-71.5007888070832,-7.98673945167006,29.8899740725613));
#2090=CARTESIAN_POINT('Ctrl Pts',(-77.8881162532677,3.53583130718375,27.4660846522647));
#2091=CARTESIAN_POINT('Ctrl Pts',(-81.522778501232,13.6844261289364,23.8927086012949));
#2092=CARTESIAN_POINT('Ctrl Pts',(-84.0074126196992,27.0098701411815,17.842327987019));
#2093=CARTESIAN_POINT('Ctrl Pts',(-83.3947271964927,38.2618568202551,11.2279644331952));
#2094=CARTESIAN_POINT('Ctrl Pts',(-79.3500860879212,47.1835412604947,4.56074864511791));
#2095=CARTESIAN_POINT('Ctrl Pts',(-76.0373559768381,52.140360513534,0.496279614681428));
#2096=CARTESIAN_POINT('Ctrl Pts',(-70.0982898508348,58.9282033134349,-5.51978819890049));
#2097=CARTESIAN_POINT('Ctrl Pts',(-56.9972609564654,66.4223782696904,-13.992513800324));
#2098=CARTESIAN_POINT('Ctrl Pts',(-41.6107174854777,69.0973707812813,-19.1754865697699));
#2099=CARTESIAN_POINT('Ctrl Pts',(-27.2786010755332,69.2994835006778,-21.8308186971327));
#2100=CARTESIAN_POINT('Ctrl Pts',(-16.2686435836068,68.1727181604743,-22.6160700534273));
#2101=CARTESIAN_POINT('Ctrl Pts',(-3.64371629155236,65.1459600202982,-21.6721190901342));
#2102=CARTESIAN_POINT('Ctrl Pts',(10.2519244832964,60.1936037482507,-18.9379139863624));
#2103=CARTESIAN_POINT('Ctrl Pts',(26.0035265260158,51.3421619906659,-12.5568982419615));
#2104=CARTESIAN_POINT('Ctrl Pts',(36.827271900791,40.7707572086575,-4.56351314366452));
#2105=CARTESIAN_POINT('Ctrl Pts',(43.7730341527948,31.1095613976284,2.24062654343173));
#2106=CARTESIAN_POINT('Ctrl Pts',(48.7851087149912,22.1958408053735,8.21034972330143));
#2107=CARTESIAN_POINT('Ctrl Pts',(53.2793780587166,8.55325871024799,16.1576704570375));
#2108=CARTESIAN_POINT('Ctrl Pts',(54.6377586791798,-3.64973636658871,21.6671725531768));
#2109=CARTESIAN_POINT('Ctrl Pts',(54.5604912158494,-14.8415544440831,25.6499966692403));
#2110=CARTESIAN_POINT('Ctrl Pts',(54.0153302977284,-20.5437969056993,27.2435528935562));
#2111=CARTESIAN_POINT('Ctrl Pts',(53.3323254879838,-24.8219157518387,28.1748353592263));
#2112=CARTESIAN_POINT('Ctrl Pts',(76.4442820080421,-4.02542403992778,-13.9543362168623));
#2113=CARTESIAN_POINT('Ctrl Pts',(74.1293518434945,-8.37685058000889,-15.0098064503048));
#2114=CARTESIAN_POINT('Ctrl Pts',(68.5769829635827,-16.8586027162283,-16.3086368574058));
#2115=CARTESIAN_POINT('Ctrl Pts',(58.1027008496647,-28.2806826151321,-15.632937153922));
#2116=CARTESIAN_POINT('Ctrl Pts',(46.0226828513578,-37.8189345566791,-12.339278668852));
#2117=CARTESIAN_POINT('Ctrl Pts',(31.2812347440987,-45.7667272717095,-6.07239840820066));
#2118=CARTESIAN_POINT('Ctrl Pts',(13.8486457309387,-50.5001805972031,3.40007311438138));
#2119=CARTESIAN_POINT('Ctrl Pts',(-5.982097103238,-49.9391167725233,15.031142159729));
#2120=CARTESIAN_POINT('Ctrl Pts',(-25.8883795128338,-43.3807085442606,25.6552796410142));
#2121=CARTESIAN_POINT('Ctrl Pts',(-44.8553201282543,-31.0940506627341,32.937334332294));
#2122=CARTESIAN_POINT('Ctrl Pts',(-58.5513974464199,-17.1077906202735,34.8076156956434));
#2123=CARTESIAN_POINT('Ctrl Pts',(-67.343988040627,-4.65001838820247,33.6323952543118));
#2124=CARTESIAN_POINT('Ctrl Pts',(-73.5481362510203,6.69745815221751,31.1542860921905));
#2125=CARTESIAN_POINT('Ctrl Pts',(-77.0123000239943,16.5867357327853,27.5927728970407));
#2126=CARTESIAN_POINT('Ctrl Pts',(-79.3082292824178,29.4254388008141,21.6614020795821));
#2127=CARTESIAN_POINT('Ctrl Pts',(-78.6084078999048,40.0787510861745,15.2962857387723));
#2128=CARTESIAN_POINT('Ctrl Pts',(-74.7419152349919,48.3481254116153,9.02187277854787));
#2129=CARTESIAN_POINT('Ctrl Pts',(-71.6173940189371,52.9129663572311,5.22115363387809));
#2130=CARTESIAN_POINT('Ctrl Pts',(-66.0504767483997,59.1226729417542,-0.37697057004706));
#2131=CARTESIAN_POINT('Ctrl Pts',(-53.9061785155388,65.8801372978401,-8.20050625755144));
#2132=CARTESIAN_POINT('Ctrl Pts',(-39.6894969296916,68.1995624061971,-12.9852087632283));
#2133=CARTESIAN_POINT('Ctrl Pts',(-26.4556199750447,68.2506441068046,-15.4365886689049));
#2134=CARTESIAN_POINT('Ctrl Pts',(-16.2998855795523,67.109400337283,-16.1615286013596));
#2135=CARTESIAN_POINT('Ctrl Pts',(-4.66218447200251,64.1979545561683,-15.2918355071791));
#2136=CARTESIAN_POINT('Ctrl Pts',(8.15633250152906,59.486965295015,-12.7678840902129));
#2137=CARTESIAN_POINT('Ctrl Pts',(22.7638950055038,51.1006325743747,-6.8530114829676));
#2138=CARTESIAN_POINT('Ctrl Pts',(32.9439659698262,40.9832033050134,0.672969029388036));
#2139=CARTESIAN_POINT('Ctrl Pts',(39.5160460642576,31.6558810015792,7.14336243586545));
#2140=CARTESIAN_POINT('Ctrl Pts',(44.2779546597126,23.0106910177821,12.8492221396072));
#2141=CARTESIAN_POINT('Ctrl Pts',(48.5590431210896,9.67315318323868,20.5083579025347));
#2142=CARTESIAN_POINT('Ctrl Pts',(49.8170660745183,-2.34731936383094,25.8483501038952));
#2143=CARTESIAN_POINT('Ctrl Pts',(49.670002702717,-13.4060097359897,29.704034070387));
#2144=CARTESIAN_POINT('Ctrl Pts',(49.0974627049143,-19.0506665721302,31.2427949767211));
#2145=CARTESIAN_POINT('Ctrl Pts',(48.3964657723627,-23.2864413142364,32.1352384597347));
#2146=CARTESIAN_POINT('Ctrl Pts',(72.0029950593945,-2.94278929104572,-9.29779957755462));
#2147=CARTESIAN_POINT('Ctrl Pts',(69.8989433134994,-6.80672419714648,-10.2654807929308));
#2148=CARTESIAN_POINT('Ctrl Pts',(64.8503676774016,-14.3667896067087,-11.4829871822824));
#2149=CARTESIAN_POINT('Ctrl Pts',(55.3169882788975,-24.5780949894478,-10.9545809442401));
#2150=CARTESIAN_POINT('Ctrl Pts',(44.2993921565358,-33.1252893221475,-8.06038369619819));
#2151=CARTESIAN_POINT('Ctrl Pts',(30.7722298664681,-40.2805352122093,-2.45308051677251));
#2152=CARTESIAN_POINT('Ctrl Pts',(14.6033937478279,-44.5595976503661,6.15781040010586));
#2153=CARTESIAN_POINT('Ctrl Pts',(-3.99103843231146,-43.9428216593133,16.86680516994));
#2154=CARTESIAN_POINT('Ctrl Pts',(-22.7767734872319,-37.6861084629736,26.6965025024438));
#2155=CARTESIAN_POINT('Ctrl Pts',(-40.7181337281498,-26.011709282747,33.3897541139091));
#2156=CARTESIAN_POINT('Ctrl Pts',(-53.6425366319064,-12.7698219138213,34.9864508594934));
#2157=CARTESIAN_POINT('Ctrl Pts',(-61.8762734688521,-1.065322042969,33.7476622439915));
#2158=CARTESIAN_POINT('Ctrl Pts',(-67.6377864890975,9.51729447219175,31.3180234989407));
#2159=CARTESIAN_POINT('Ctrl Pts',(-70.7943376150163,18.6176320143659,27.9345718978222));
#2160=CARTESIAN_POINT('Ctrl Pts',(-72.8352052118143,30.2581460117945,22.4165408810375));
#2161=CARTESIAN_POINT('Ctrl Pts',(-72.1376302489141,39.6936012908719,16.6404236512753));
#2162=CARTESIAN_POINT('Ctrl Pts',(-68.7155054537527,46.8450261078319,11.0853259213623));
#2163=CARTESIAN_POINT('Ctrl Pts',(-65.9743557869046,50.7744886421133,7.73465133295224));
#2164=CARTESIAN_POINT('Ctrl Pts',(-61.1095177283218,56.0918780028052,2.81462383532626));
#2165=CARTESIAN_POINT('Ctrl Pts',(-50.503777389172,61.8672049032152,-4.09732553784055));
#2166=CARTESIAN_POINT('Ctrl Pts',(-37.8867507597185,63.8128418639234,-8.43091462782438));
#2167=CARTESIAN_POINT('Ctrl Pts',(-26.0574558516619,63.7439651065824,-10.6904402205928));
#2168=CARTESIAN_POINT('Ctrl Pts',(-16.9438812920047,62.6368680774137,-11.3954889562249));
#2169=CARTESIAN_POINT('Ctrl Pts',(-6.47068424662374,59.9164775797842,-10.6743906212388));
#2170=CARTESIAN_POINT('Ctrl Pts',(5.09296333286934,55.5515613720934,-8.46717157226506));
#2171=CARTESIAN_POINT('Ctrl Pts',(18.3546541554005,47.8016847834685,-3.19325480259689));
#2172=CARTESIAN_POINT('Ctrl Pts',(27.7183937844482,38.3761347631283,3.64465133250754));
#2173=CARTESIAN_POINT('Ctrl Pts',(33.7943862126453,29.6362796469704,9.5715617933509));
#2174=CARTESIAN_POINT('Ctrl Pts',(38.2123300432675,21.5132156968167,14.8178203005348));
#2175=CARTESIAN_POINT('Ctrl Pts',(42.1959858379626,8.93060670160326,21.8914574473193));
#2176=CARTESIAN_POINT('Ctrl Pts',(43.3540588383194,-2.43781510292483,26.8237107306541));
#2177=CARTESIAN_POINT('Ctrl Pts',(43.1910425824733,-12.9005635443886,30.367435723547));
#2178=CARTESIAN_POINT('Ctrl Pts',(42.6394833368779,-18.2408742060666,31.7730012357066));
#2179=CARTESIAN_POINT('Ctrl Pts',(41.9699742856801,-22.2454359339757,32.5790584714441));
#2180=CARTESIAN_POINT('Ctrl Pts',(67.6440526733044,-1.14449299826623,-7.518259328883));
#2181=CARTESIAN_POINT('Ctrl Pts',(65.7049401082539,-4.66002234570751,-8.43404412230282));
#2182=CARTESIAN_POINT('Ctrl Pts',(61.0369500554933,-11.5781984158123,-9.61978737703746));
#2183=CARTESIAN_POINT('Ctrl Pts',(52.1792663258914,-20.9788665307306,-9.23247665529337));
#2184=CARTESIAN_POINT('Ctrl Pts',(41.9120523813319,-28.8750879350063,-6.64981939174137));
#2185=CARTESIAN_POINT('Ctrl Pts',(29.2595776585845,-35.51122329653,-1.54325468659861));
#2186=CARTESIAN_POINT('Ctrl Pts',(14.0587097748426,-39.4980186997071,6.39169840795028));
#2187=CARTESIAN_POINT('Ctrl Pts',(-3.48284337376064,-38.9012958532445,16.3165870424508));
#2188=CARTESIAN_POINT('Ctrl Pts',(-21.1977352874981,-33.0076660895531,25.4102976789291));
#2189=CARTESIAN_POINT('Ctrl Pts',(-38.0708436719228,-22.0573583943952,31.5374973426978));
#2190=CARTESIAN_POINT('Ctrl Pts',(-50.1870184051062,-9.68205954002348,32.9014161942191));
#2191=CARTESIAN_POINT('Ctrl Pts',(-57.8686689116658,1.19618060798262,31.6460772501309));
#2192=CARTESIAN_POINT('Ctrl Pts',(-63.2141707806812,10.9751803451968,29.3064895392927));
#2193=CARTESIAN_POINT('Ctrl Pts',(-66.107314788049,19.2933339912639,26.1274902039945));
#2194=CARTESIAN_POINT('Ctrl Pts',(-67.9583053325577,29.8020496641388,21.0292025043874));
#2195=CARTESIAN_POINT('Ctrl Pts',(-67.3155769630027,38.1489204622659,15.8036255844416));
#2196=CARTESIAN_POINT('Ctrl Pts',(-64.3146376473383,44.3631051935106,10.8676844833014));
#2197=CARTESIAN_POINT('Ctrl Pts',(-61.916043003318,47.7727007963959,7.89353461845912));
#2198=CARTESIAN_POINT('Ctrl Pts',(-57.662558889686,52.3761701329301,3.52882421980318));
#2199=CARTESIAN_POINT('Ctrl Pts',(-48.3117417403033,57.4255989404566,-2.68878927000992));
#2200=CARTESIAN_POINT('Ctrl Pts',(-36.8951025327062,59.1398972560221,-6.72479746651207));
#2201=CARTESIAN_POINT('Ctrl Pts',(-26.0765636398798,59.0188925712887,-8.8785145031036));
#2202=CARTESIAN_POINT('Ctrl Pts',(-17.6903264289904,57.9610032649024,-9.59601467041434));
#2203=CARTESIAN_POINT('Ctrl Pts',(-8.00935045842169,55.3984701322742,-9.00692208456977));
#2204=CARTESIAN_POINT('Ctrl Pts',(2.70822859473164,51.3002139835771,-7.05012503090454));
#2205=CARTESIAN_POINT('Ctrl Pts',(15.0555951147216,44.0279689587662,-2.25854747079085));
#2206=CARTESIAN_POINT('Ctrl Pts',(23.8350196544037,35.1525404507898,4.04182559492148));
#2207=CARTESIAN_POINT('Ctrl Pts',(29.5453005525844,26.9106214540801,9.5229703656746));
#2208=CARTESIAN_POINT('Ctrl Pts',(33.7043527645291,19.2470970704124,14.3811941811706));
#2209=CARTESIAN_POINT('Ctrl Pts',(37.4621098017375,7.37872030372743,20.9317608573456));
#2210=CARTESIAN_POINT('Ctrl Pts',(38.5613981837286,-3.32421390655608,25.4809850692445));
#2211=CARTESIAN_POINT('Ctrl Pts',(38.4211577871647,-13.1589632345569,28.7303290604181));
#2212=CARTESIAN_POINT('Ctrl Pts',(37.9108279941486,-18.1720903754255,30.0103615176397));
#2213=CARTESIAN_POINT('Ctrl Pts',(37.2894701072419,-21.9274902590262,30.7371021847958));
#2214=CARTESIAN_POINT('Ctrl Pts',(63.1397002290398,1.09810660613358,-7.13706873924365));
#2215=CARTESIAN_POINT('Ctrl Pts',(61.3492721848585,-2.12483151839566,-8.01702285218244));
#2216=CARTESIAN_POINT('Ctrl Pts',(57.0146901923369,-8.51730082437202,-9.19489839732224));
#2217=CARTESIAN_POINT('Ctrl Pts',(48.7259635930803,-17.2772609981649,-8.95151727961394));
#2218=CARTESIAN_POINT('Ctrl Pts',(39.0815220731997,-24.6688309009317,-6.64880530123882));
#2219=CARTESIAN_POINT('Ctrl Pts',(27.1673414241354,-30.903703311148,-1.98318042473041));
#2220=CARTESIAN_POINT('Ctrl Pts',(12.8244849498097,-34.6688211564317,5.34178269718133));
#2221=CARTESIAN_POINT('Ctrl Pts',(-3.71258220727847,-34.1319677814611,14.519260254791));
#2222=CARTESIAN_POINT('Ctrl Pts',(-20.3365450215368,-28.6484509781999,22.875518408758));
#2223=CARTESIAN_POINT('Ctrl Pts',(-36.07328224316,-18.51094968237,28.4238056929127));
#2224=CARTESIAN_POINT('Ctrl Pts',(-47.3277508824056,-7.10202726858661,29.5657898623909));
#2225=CARTESIAN_POINT('Ctrl Pts',(-54.4369797052543,2.87697665109116,28.3172646874243));
#2226=CARTESIAN_POINT('Ctrl Pts',(-59.3620284656123,11.7977999211676,26.0928492797775));
#2227=CARTESIAN_POINT('Ctrl Pts',(-62.0031124339437,19.303837715651,23.140563172574));
#2228=CARTESIAN_POINT('Ctrl Pts',(-63.6892184310588,28.6658610627576,18.4833639763709));
#2229=CARTESIAN_POINT('Ctrl Pts',(-63.1305759620919,35.9437802419794,13.8122437208909));
#2230=CARTESIAN_POINT('Ctrl Pts',(-60.5571048352318,41.272516325475,9.47106151910779));
#2231=CARTESIAN_POINT('Ctrl Pts',(-58.4951430686599,44.1986590017585,6.852265564335));
#2232=CARTESIAN_POINT('Ctrl Pts',(-54.8327017205673,48.1488063718658,3.00393701655871));
#2233=CARTESIAN_POINT('Ctrl Pts',(-46.6456679385276,52.5724979949736,-2.60072892406686));
#2234=CARTESIAN_POINT('Ctrl Pts',(-36.2761354533984,54.1186085247792,-6.40506384050981));
#2235=CARTESIAN_POINT('Ctrl Pts',(-26.3107589394686,53.9779793586768,-8.49242781269665));
#2236=CARTESIAN_POINT('Ctrl Pts',(-18.5210952445167,52.9791563298955,-9.23949952053301));
#2237=CARTESIAN_POINT('Ctrl Pts',(-9.47610769383989,50.5643741058924,-8.77967591708563));
#2238=CARTESIAN_POINT('Ctrl Pts',(0.568439291768188,46.7035626866117,-7.05009844430217));
#2239=CARTESIAN_POINT('Ctrl Pts',(12.1835181021738,39.8482244976539,-2.68046863950078));
#2240=CARTESIAN_POINT('Ctrl Pts',(20.472089290089,31.4740706981061,3.13622578916968));
#2241=CARTESIAN_POINT('Ctrl Pts',(25.8677852946333,23.7057642671395,8.20236600420675));
#2242=CARTESIAN_POINT('Ctrl Pts',(29.8004156067261,16.4894714102298,12.692515653981));
#2243=CARTESIAN_POINT('Ctrl Pts',(33.3594306093484,5.34515750460346,18.7295493555197));
#2244=CARTESIAN_POINT('Ctrl Pts',(34.4186572398686,-4.65697849803058,22.8920960192975));
#2245=CARTESIAN_POINT('Ctrl Pts',(34.3220521022404,-13.8200600599074,25.8432904460358));
#2246=CARTESIAN_POINT('Ctrl Pts',(33.8652022513472,-18.4803759234755,26.9964464730976));
#2247=CARTESIAN_POINT('Ctrl Pts',(33.3026132774401,-21.9665495385196,27.6440135690616));
#2248=CARTESIAN_POINT('Ctrl Pts',(58.5245875661862,4.04895630741659,-9.22375213949205));
#2249=CARTESIAN_POINT('Ctrl Pts',(56.8492342023666,1.01043678739185,-10.0974059657025));
#2250=CARTESIAN_POINT('Ctrl Pts',(52.7551164841872,-5.07664010418503,-11.3098434698264));
#2251=CARTESIAN_POINT('Ctrl Pts',(44.8294131805076,-13.5153762875774,-11.2108484004466));
#2252=CARTESIAN_POINT('Ctrl Pts',(35.5635290967133,-20.6754671382612,-9.123491661241));
#2253=CARTESIAN_POINT('Ctrl Pts',(24.1243063562593,-26.7288932255848,-4.77949932244735));
#2254=CARTESIAN_POINT('Ctrl Pts',(10.4187552832348,-30.4032749619765,2.07108412648911));
#2255=CARTESIAN_POINT('Ctrl Pts',(-5.23148202072626,-29.994147807568,10.5899768807462));
#2256=CARTESIAN_POINT('Ctrl Pts',(-20.7635669726156,-24.9901039066036,18.229514493598));
#2257=CARTESIAN_POINT('Ctrl Pts',(-35.2810175590061,-15.7949383115633,23.1950668519769));
#2258=CARTESIAN_POINT('Ctrl Pts',(-45.6074215270831,-5.49685542776519,24.1413459007903));
#2259=CARTESIAN_POINT('Ctrl Pts',(-52.1269386267628,3.48357566570456,22.940502424256));
#2260=CARTESIAN_POINT('Ctrl Pts',(-56.6374671649917,11.4780184072323,20.8718058712384));
#2261=CARTESIAN_POINT('Ctrl Pts',(-59.0545051549046,18.1451117811379,18.1781460915758));
#2262=CARTESIAN_POINT('Ctrl Pts',(-60.6252828095322,26.3713355332672,13.9854096622276));
#2263=CARTESIAN_POINT('Ctrl Pts',(-60.1995357715549,32.648835603153,9.85791734892225));
#2264=CARTESIAN_POINT('Ctrl Pts',(-58.0508344651986,37.2122131796806,6.04915008795355));
#2265=CARTESIAN_POINT('Ctrl Pts',(-56.3039546188728,39.734993422915,3.73667575800044));
#2266=CARTESIAN_POINT('Ctrl Pts',(-53.1781204703356,43.1594036828352,0.319630298099568));
#2267=CARTESIAN_POINT('Ctrl Pts',(-45.9570989040093,47.1533333874463,-4.83487192973937));
#2268=CARTESIAN_POINT('Ctrl Pts',(-36.3322770062768,48.647456115996,-8.53072030512455));
#2269=CARTESIAN_POINT('Ctrl Pts',(-26.914679125912,48.5449844911788,-10.6233351657382));
#2270=CARTESIAN_POINT('Ctrl Pts',(-19.4738305499756,47.6206082421898,-11.4290855027479));
#2271=CARTESIAN_POINT('Ctrl Pts',(-10.7692151651484,45.3309128956758,-11.0894550821748));
#2272=CARTESIAN_POINT('Ctrl Pts',(-1.0720072540504,41.6485705090357,-9.53902776754623));
#2273=CARTESIAN_POINT('Ctrl Pts',(10.1537398114231,35.0898877123328,-5.47148228426718));
#2274=CARTESIAN_POINT('Ctrl Pts',(18.131859520925,27.1148798467287,-0.0280716415782229));
#2275=CARTESIAN_POINT('Ctrl Pts',(23.3127937370376,19.76206165601,4.69061882491027));
#2276=CARTESIAN_POINT('Ctrl Pts',(27.0832769771046,12.9570037734426,8.85960726397619));
#2277=CARTESIAN_POINT('Ctrl Pts',(30.4972827442438,2.53085005666136,14.4162581734012));
#2278=CARTESIAN_POINT('Ctrl Pts',(31.550365100497,-6.73069988627993,18.1978901975068));
#2279=CARTESIAN_POINT('Ctrl Pts',(31.5326129371518,-15.1671774046004,20.8540169501782));
#2280=CARTESIAN_POINT('Ctrl Pts',(31.1488907029058,-19.4408008663875,21.8818325145302));
#2281=CARTESIAN_POINT('Ctrl Pts',(30.6618501955339,-22.6312902505033,22.4531064619812));
#2282=CARTESIAN_POINT('Ctrl Pts',(55.5183949845958,6.89848243753949,-14.1006353826816));
#2283=CARTESIAN_POINT('Ctrl Pts',(53.8651357439635,3.81646629724416,-15.0133099223628));
#2284=CARTESIAN_POINT('Ctrl Pts',(49.7838804336689,-2.40306568472499,-16.3087472781011));
#2285=CARTESIAN_POINT('Ctrl Pts',(41.782426686365,-11.1084430780868,-16.2993924353299));
#2286=CARTESIAN_POINT('Ctrl Pts',(32.3946795857194,-18.5232645112422,-14.2508719688106));
#2287=CARTESIAN_POINT('Ctrl Pts',(20.8651934926368,-24.7846535567566,-9.93163810682109));
#2288=CARTESIAN_POINT('Ctrl Pts',(7.23149423794343,-28.5937274479759,-3.17627435597824));
#2289=CARTESIAN_POINT('Ctrl Pts',(-8.04323723055362,-28.3620549883526,5.06583614679693));
#2290=CARTESIAN_POINT('Ctrl Pts',(-22.9008302800237,-23.7547942413091,12.2937756891154));
#2291=CARTESIAN_POINT('Ctrl Pts',(-36.5462214420771,-15.328783797649,16.8945956853358));
#2292=CARTESIAN_POINT('Ctrl Pts',(-46.2040354249167,-5.92563319668299,17.7584156431442));
#2293=CARTESIAN_POINT('Ctrl Pts',(-52.3348783086892,2.29476256038935,16.646388771721));
#2294=CARTESIAN_POINT('Ctrl Pts',(-56.5985201023044,9.61903103899899,14.7326184147296));
#2295=CARTESIAN_POINT('Ctrl Pts',(-58.9181516666006,15.7298598904008,12.2448111918864));
#2296=CARTESIAN_POINT('Ctrl Pts',(-60.489864084151,23.2718395187044,8.37232700087473));
#2297=CARTESIAN_POINT('Ctrl Pts',(-60.2169728948656,29.0322732795755,4.56419440497211));
#2298=CARTESIAN_POINT('Ctrl Pts',(-58.3261233423296,33.2984898077794,0.992950501300292));
#2299=CARTESIAN_POINT('Ctrl Pts',(-56.7421260297438,35.6890359021118,-1.20197101299221));
#2300=CARTESIAN_POINT('Ctrl Pts',(-53.8677921930681,38.9749313051413,-4.47694658075845));
#2301=CARTESIAN_POINT('Ctrl Pts',(-46.9545866636063,42.988960938314,-9.59069015500223));
#2302=CARTESIAN_POINT('Ctrl Pts',(-37.3488029364072,44.6200811663114,-13.3988545718018));
#2303=CARTESIAN_POINT('Ctrl Pts',(-27.8249158156711,44.6251320529045,-15.5987926172691));
#2304=CARTESIAN_POINT('Ctrl Pts',(-20.2383909350865,43.769046064777,-16.4830718157091));
#2305=CARTESIAN_POINT('Ctrl Pts',(-11.3137702642262,41.5235168342338,-16.2043420766941));
#2306=CARTESIAN_POINT('Ctrl Pts',(-1.35692933491406,37.8654326940547,-14.6944390868497));
#2307=CARTESIAN_POINT('Ctrl Pts',(10.127819851476,31.3147512940896,-10.6388125455211));
#2308=CARTESIAN_POINT('Ctrl Pts',(18.1768933879773,23.4373250179778,-5.2649905132481));
#2309=CARTESIAN_POINT('Ctrl Pts',(23.3707065641374,16.2561034535123,-0.662233711404805));
#2310=CARTESIAN_POINT('Ctrl Pts',(27.1347733413161,9.65223889441068,3.37700794983991));
#2311=CARTESIAN_POINT('Ctrl Pts',(30.537675298721,-0.339805379269158,8.68578841200065));
#2312=CARTESIAN_POINT('Ctrl Pts',(31.6364077992203,-9.08688228273731,12.2410134410676));
#2313=CARTESIAN_POINT('Ctrl Pts',(31.7184680750484,-16.9956586340414,14.719756017358));
#2314=CARTESIAN_POINT('Ctrl Pts',(31.4084527662778,-20.9815767291023,15.6725422825214));
#2315=CARTESIAN_POINT('Ctrl Pts',(30.9923541207341,-23.9513848494457,16.2009787779975));
#2316=CARTESIAN_POINT('Ctrl Pts',(55.1531295389362,8.04734806476354,-17.7376180209403));
#2317=CARTESIAN_POINT('Ctrl Pts',(53.4569975936885,4.81885007869095,-18.6922937463825));
#2318=CARTESIAN_POINT('Ctrl Pts',(49.2525376867226,-1.70384314439373,-20.0500192310272));
#2319=CARTESIAN_POINT('Ctrl Pts',(40.9717642617435,-10.8532464495352,-20.0476970009601));
#2320=CARTESIAN_POINT('Ctrl Pts',(31.2503211130654,-18.649976398494,-17.9161333845434));
#2321=CARTESIAN_POINT('Ctrl Pts',(19.3639832479817,-25.2189149000849,-13.4400436010637));
#2322=CARTESIAN_POINT('Ctrl Pts',(5.44184658644206,-29.2120079465161,-6.51130246882924));
#2323=CARTESIAN_POINT('Ctrl Pts',(-9.96177814527089,-29.0836273586179,1.82856156416462));
#2324=CARTESIAN_POINT('Ctrl Pts',(-24.7699062288683,-24.5972426465154,9.05455403839711));
#2325=CARTESIAN_POINT('Ctrl Pts',(-38.2413724553198,-16.3996541798029,13.6236273726917));
#2326=CARTESIAN_POINT('Ctrl Pts',(-47.7624832642401,-7.2533675007967,14.5162875028258));
#2327=CARTESIAN_POINT('Ctrl Pts',(-53.8420918142155,0.779762333530498,13.4650454588367));
#2328=CARTESIAN_POINT('Ctrl Pts',(-58.0954869325422,7.96454491740494,11.6163730926217));
#2329=CARTESIAN_POINT('Ctrl Pts',(-60.4453719400817,13.9997272050315,9.18585980324916));
#2330=CARTESIAN_POINT('Ctrl Pts',(-62.082774667338,21.5063026784227,5.36770151885917));
#2331=CARTESIAN_POINT('Ctrl Pts',(-61.8858100595647,27.3207340964851,1.56822895889023));
#2332=CARTESIAN_POINT('Ctrl Pts',(-60.0101298024038,31.7245419384117,-2.06835955630147));
#2333=CARTESIAN_POINT('Ctrl Pts',(-58.4096019153243,34.2115305764408,-4.31960275338004));
#2334=CARTESIAN_POINT('Ctrl Pts',(-55.4809482588593,37.6569765339846,-7.69736688636712));
#2335=CARTESIAN_POINT('Ctrl Pts',(-48.3272416964858,41.9332828597982,-13.024626765981));
#2336=CARTESIAN_POINT('Ctrl Pts',(-38.3201893763914,43.729042934716,-17.0048459716641));
#2337=CARTESIAN_POINT('Ctrl Pts',(-28.3832486063249,43.8187474691327,-19.3077204108218));
#2338=CARTESIAN_POINT('Ctrl Pts',(-20.4557108245242,42.9880950869677,-20.236420505984));
#2339=CARTESIAN_POINT('Ctrl Pts',(-11.1224460808555,40.7157597397766,-19.9501390431342));
#2340=CARTESIAN_POINT('Ctrl Pts',(-0.7135922397769,36.9809813746198,-18.3792299126949));
#2341=CARTESIAN_POINT('Ctrl Pts',(11.2464173133371,30.2710495960188,-14.1651829138472));
#2342=CARTESIAN_POINT('Ctrl Pts',(19.5402545280092,22.2649805017877,-8.64974567202058));
#2343=CARTESIAN_POINT('Ctrl Pts',(24.8678423227071,15.0190421971463,-3.96569641825653));
#2344=CARTESIAN_POINT('Ctrl Pts',(28.7169529084356,8.38185117462816,0.12652719163353));
#2345=CARTESIAN_POINT('Ctrl Pts',(32.1907821643853,-1.58663865246686,5.46149947378029));
#2346=CARTESIAN_POINT('Ctrl Pts',(33.3381214491874,-10.2437886299647,9.0081962807912));
#2347=CARTESIAN_POINT('Ctrl Pts',(33.4743138192992,-18.0409208808346,11.4780321268408));
#2348=CARTESIAN_POINT('Ctrl Pts',(33.1958954288148,-21.9611271187044,12.4275943809454));
#2349=CARTESIAN_POINT('Ctrl Pts',(32.8072781867356,-24.8795347050019,12.9566695654709));
#2350=CARTESIAN_POINT('Ctrl Pts',(55.3496649555434,8.42516625527161,-19.5584724606062));
#2351=CARTESIAN_POINT('Ctrl Pts',(53.6198358712526,5.09975597656751,-20.5368708330885));
#2352=CARTESIAN_POINT('Ctrl Pts',(49.3272674778015,-1.61568583386128,-21.9260350561192));
#2353=CARTESIAN_POINT('Ctrl Pts',(40.8614733519511,-11.0372600501897,-21.9151965473002));
#2354=CARTESIAN_POINT('Ctrl Pts',(30.9238649719668,-19.0639997981593,-19.7193629594694));
#2355=CARTESIAN_POINT('Ctrl Pts',(18.8003230450847,-25.8177280291268,-15.1292500781244));
#2356=CARTESIAN_POINT('Ctrl Pts',(4.66469456257973,-29.9198954828106,-8.06419360822772));
#2357=CARTESIAN_POINT('Ctrl Pts',(-10.8866332716436,-29.8371824602004,0.386503735812605));
#2358=CARTESIAN_POINT('Ctrl Pts',(-25.7609050095608,-25.3763475413107,7.67289689500777));
#2359=CARTESIAN_POINT('Ctrl Pts',(-39.2422375568693,-17.2227872831431,12.2749532756345));
#2360=CARTESIAN_POINT('Ctrl Pts',(-48.7680779057923,-8.12230770138702,13.2004266974471));
#2361=CARTESIAN_POINT('Ctrl Pts',(-54.8703576678423,-0.106132222620851,
12.1785171748238));
#2362=CARTESIAN_POINT('Ctrl Pts',(-59.1540670758506,7.08195295754665,10.352280561267));
#2363=CARTESIAN_POINT('Ctrl Pts',(-61.5398166650781,13.1473788333072,7.93108761698932));
#2364=CARTESIAN_POINT('Ctrl Pts',(-63.223546561129,20.7326454502332,4.10274804471278));
#2365=CARTESIAN_POINT('Ctrl Pts',(-63.0569401401032,26.6626117782944,0.261293281845631));
#2366=CARTESIAN_POINT('Ctrl Pts',(-61.1529048764202,31.208610285387,-3.45746140433131));
#2367=CARTESIAN_POINT('Ctrl Pts',(-59.5158194774793,33.7838440438805,-5.76641805772802));
#2368=CARTESIAN_POINT('Ctrl Pts',(-56.5111309954454,37.3624596927708,-9.2379920364968));
#2369=CARTESIAN_POINT('Ctrl Pts',(-49.14165461085,41.819910679729,-14.7215227468205));
#2370=CARTESIAN_POINT('Ctrl Pts',(-38.8499942573477,43.7105963612677,-18.8056910771002));
#2371=CARTESIAN_POINT('Ctrl Pts',(-28.6379424658847,43.8435541723982,-21.1647855057217));
#2372=CARTESIAN_POINT('Ctrl Pts',(-20.4934287061125,43.0204732630987,-22.1128692398212));
#2373=CARTESIAN_POINT('Ctrl Pts',(-10.9056334921038,40.7224946897663,-21.8119822952411));
#2374=CARTESIAN_POINT('Ctrl Pts',(-0.218159167467983,36.930173615509,-20.1920890638744));
#2375=CARTESIAN_POINT('Ctrl Pts',(12.0366458869252,30.1069867760107,-15.8647508456346));
#2376=CARTESIAN_POINT('Ctrl Pts',(20.4921645751832,21.9956902462574,-10.2391090761229));
#2377=CARTESIAN_POINT('Ctrl Pts',(25.9118299191127,14.6782144653432,-5.48025861927524));
#2378=CARTESIAN_POINT('Ctrl Pts',(29.8217096694259,7.9873270388599,-1.33121368323924));
#2379=CARTESIAN_POINT('Ctrl Pts',(33.3468774358291,-2.03001169132201,4.05950903089746));
#2380=CARTESIAN_POINT('Ctrl Pts',(34.5213733598197,-10.7011531792867,7.6341262982922));
#2381=CARTESIAN_POINT('Ctrl Pts',(34.6804880719218,-18.4998428437891,10.1246405825959));
#2382=CARTESIAN_POINT('Ctrl Pts',(34.413067277072,-22.4169696886753,11.0830585497089));
#2383=CARTESIAN_POINT('Ctrl Pts',(34.0330182393014,-25.3328255877668,11.6191448574192));
#2384=CARTESIAN_POINT('Ctrl Pts',(55.3496649555434,8.42516625527161,-19.5584724606062));
#2385=CARTESIAN_POINT('Ctrl Pts',(53.6198358712526,5.09975597656751,-20.5368708330885));
#2386=CARTESIAN_POINT('Ctrl Pts',(49.3272674778015,-1.61568583386128,-21.9260350561192));
#2387=CARTESIAN_POINT('Ctrl Pts',(40.8614733519511,-11.0372600501897,-21.9151965473002));
#2388=CARTESIAN_POINT('Ctrl Pts',(30.9238649719668,-19.0639997981593,-19.7193629594694));
#2389=CARTESIAN_POINT('Ctrl Pts',(18.8003230450847,-25.8177280291268,-15.1292500781244));
#2390=CARTESIAN_POINT('Ctrl Pts',(4.66469456257973,-29.9198954828106,-8.06419360822772));
#2391=CARTESIAN_POINT('Ctrl Pts',(-10.8866332716436,-29.8371824602004,0.386503735812605));
#2392=CARTESIAN_POINT('Ctrl Pts',(-25.7609050095608,-25.3763475413107,7.67289689500777));
#2393=CARTESIAN_POINT('Ctrl Pts',(-39.2422375568693,-17.2227872831431,12.2749532756345));
#2394=CARTESIAN_POINT('Ctrl Pts',(-48.7680779057923,-8.12230770138702,13.2004266974471));
#2395=CARTESIAN_POINT('Ctrl Pts',(-54.8703576678423,-0.106132222620851,
12.1785171748238));
#2396=CARTESIAN_POINT('Ctrl Pts',(-59.1540670758506,7.08195295754665,10.352280561267));
#2397=CARTESIAN_POINT('Ctrl Pts',(-61.5398166650781,13.1473788333072,7.93108761698932));
#2398=CARTESIAN_POINT('Ctrl Pts',(-63.223546561129,20.7326454502332,4.10274804471278));
#2399=CARTESIAN_POINT('Ctrl Pts',(-63.0569401401032,26.6626117782944,0.261293281845631));
#2400=CARTESIAN_POINT('Ctrl Pts',(-61.1529048764202,31.208610285387,-3.45746140433131));
#2401=CARTESIAN_POINT('Ctrl Pts',(-59.5158194774793,33.7838440438805,-5.76641805772802));
#2402=CARTESIAN_POINT('Ctrl Pts',(-56.5111309954454,37.3624596927708,-9.2379920364968));
#2403=CARTESIAN_POINT('Ctrl Pts',(-49.14165461085,41.819910679729,-14.7215227468205));
#2404=CARTESIAN_POINT('Ctrl Pts',(-38.8499942573477,43.7105963612677,-18.8056910771002));
#2405=CARTESIAN_POINT('Ctrl Pts',(-28.6379424658847,43.8435541723982,-21.1647855057217));
#2406=CARTESIAN_POINT('Ctrl Pts',(-20.4934287061125,43.0204732630987,-22.1128692398212));
#2407=CARTESIAN_POINT('Ctrl Pts',(-10.9056334921038,40.7224946897663,-21.8119822952411));
#2408=CARTESIAN_POINT('Ctrl Pts',(-0.218159167467983,36.930173615509,-20.1920890638744));
#2409=CARTESIAN_POINT('Ctrl Pts',(12.0366458869252,30.1069867760107,-15.8647508456346));
#2410=CARTESIAN_POINT('Ctrl Pts',(20.4921645751832,21.9956902462574,-10.2391090761229));
#2411=CARTESIAN_POINT('Ctrl Pts',(25.9118299191127,14.6782144653432,-5.48025861927524));
#2412=CARTESIAN_POINT('Ctrl Pts',(29.8217096694259,7.9873270388599,-1.33121368323924));
#2413=CARTESIAN_POINT('Ctrl Pts',(33.3468774358291,-2.03001169132201,4.05950903089746));
#2414=CARTESIAN_POINT('Ctrl Pts',(34.5213733598197,-10.7011531792867,7.6341262982922));
#2415=CARTESIAN_POINT('Ctrl Pts',(34.6804880719218,-18.4998428437891,10.1246405825959));
#2416=CARTESIAN_POINT('Ctrl Pts',(34.413067277072,-22.4169696886753,11.0830585497089));
#2417=CARTESIAN_POINT('Ctrl Pts',(34.0330182393014,-25.3328255877668,11.6191448574192));
#2418=UNCERTAINTY_MEASURE_WITH_UNIT(LENGTH_MEASURE(0.01),#2422,
'DISTANCE_ACCURACY_VALUE',
'Maximum model space distance between geometric entities at asserted c
onnectivities');
#2419=UNCERTAINTY_MEASURE_WITH_UNIT(LENGTH_MEASURE(0.01),#2422,
'DISTANCE_ACCURACY_VALUE',
'Maximum model space distance between geometric entities at asserted c
onnectivities');
#2420=(
GEOMETRIC_REPRESENTATION_CONTEXT(3)
GLOBAL_UNCERTAINTY_ASSIGNED_CONTEXT((#2418))
GLOBAL_UNIT_ASSIGNED_CONTEXT((#2422,#2424,#2425))
REPRESENTATION_CONTEXT('','3D')
);
#2421=(
GEOMETRIC_REPRESENTATION_CONTEXT(3)
GLOBAL_UNCERTAINTY_ASSIGNED_CONTEXT((#2419))
GLOBAL_UNIT_ASSIGNED_CONTEXT((#2422,#2424,#2425))
REPRESENTATION_CONTEXT('','3D')
);
#2422=(
LENGTH_UNIT()
NAMED_UNIT(*)
SI_UNIT(.MILLI.,.METRE.)
);
#2423=(
LENGTH_UNIT()
NAMED_UNIT(*)
SI_UNIT($,.METRE.)
);
#2424=(
NAMED_UNIT(*)
PLANE_ANGLE_UNIT()
SI_UNIT($,.RADIAN.)
);
#2425=(
NAMED_UNIT(*)
SI_UNIT($,.STERADIAN.)
SOLID_ANGLE_UNIT()
);
#2426=SHAPE_DEFINITION_REPRESENTATION(#2427,#2428);
#2427=PRODUCT_DEFINITION_SHAPE('',$,#2430);
#2428=SHAPE_REPRESENTATION('',(#82),#2420);
#2429=PRODUCT_DEFINITION_CONTEXT('part definition',#2434,'design');
#2430=PRODUCT_DEFINITION('2026-08-06-16-49-16-714','(Unsaved)',#2431,#2429);
#2431=PRODUCT_DEFINITION_FORMATION('',$,#2436);
#2432=PRODUCT_RELATED_PRODUCT_CATEGORY('(Unsaved)','(Unsaved)',(#2436));
#2433=APPLICATION_PROTOCOL_DEFINITION('international standard',
'automotive_design',2009,#2434);
#2434=APPLICATION_CONTEXT(
'Core Data for Automotive Mechanical Design Process');
#2435=PRODUCT_CONTEXT('part definition',#2434,'mechanical');
#2436=PRODUCT('2026-08-06-16-49-16-714','(Unsaved)',$,(#2435));
#2437=PRESENTATION_STYLE_ASSIGNMENT((#2438));
#2438=SURFACE_STYLE_USAGE(.BOTH.,#2439);
#2439=SURFACE_SIDE_STYLE('',(#2440));
#2440=SURFACE_STYLE_FILL_AREA(#2441);
#2441=FILL_AREA_STYLE('Steel - Satin',(#2442));
#2442=FILL_AREA_STYLE_COLOUR('Steel - Satin',#2443);
#2443=COLOUR_RGB('Steel - Satin',0.627450980392157,0.627450980392157,0.627450980392157);
ENDSEC;
END-ISO-10303-21;
