ISO-10303-21;
HEADER;
/* Generated by software containing ST-Developer
 * from STEP Tools, Inc. (www.steptools.com) 
 */

FILE_DESCRIPTION(
/* description */ (''),
/* implementation_level */ '2;1');

FILE_NAME(
/* name */ '11-loop.step',
/* time_stamp */ '2026-08-19T17:56:10+05:30',
/* author */ (''),
/* organization */ (''),
/* preprocessor_version */ 'ST-DEVELOPER v20.1',
/* originating_system */ 'Autodesk Translation Framework v15.8.0.0',
/* authorisation */ '');

FILE_SCHEMA (('AUTOMOTIVE_DESIGN { 1 0 10303 214 3 1 1 }'));
ENDSEC;

DATA;
#10=MECHANICAL_DESIGN_GEOMETRIC_PRESENTATION_REPRESENTATION('',(#13),#3975);
#11=SHAPE_REPRESENTATION_RELATIONSHIP('SRR','None',#3982,#12);
#12=ADVANCED_BREP_SHAPE_REPRESENTATION('',(#69),#3974);
#13=STYLED_ITEM('',(#3992),#69);
#14=ORIENTED_CLOSED_SHELL('',*,#68,.F.);
#15=FACE_OUTER_BOUND('',#19,.T.);
#16=FACE_OUTER_BOUND('',#20,.T.);
#17=FACE_OUTER_BOUND('',#21,.T.);
#18=FACE_OUTER_BOUND('',#22,.T.);
#19=EDGE_LOOP('',(#43,#44,#45,#46));
#20=EDGE_LOOP('',(#47,#48,#49,#50));
#21=EDGE_LOOP('',(#51,#52,#53,#54));
#22=EDGE_LOOP('',(#55,#56,#57,#58));
#23=B_SPLINE_CURVE_WITH_KNOTS('',3,(#1140,#1141,#1142,#1143,#1144,#1145,
#1146,#1147,#1148,#1149,#1150,#1151,#1152,#1153,#1154,#1155,#1156,#1157,
#1158,#1159,#1160,#1161,#1162,#1163,#1164,#1165,#1166,#1167,#1168,#1169,
#1170,#1171,#1172,#1173,#1174,#1175,#1176,#1177,#1178,#1179,#1180,#1181,
#1182,#1183,#1184,#1185,#1186,#1187,#1188,#1189,#1190,#1191,#1192,#1193,
#1194,#1195,#1196,#1197,#1198,#1199,#1200,#1201,#1202,#1203,#1204,#1205,
#1206,#1207,#1208,#1209,#1210,#1211,#1212,#1213,#1214,#1215,#1216,#1217,
#1218,#1219,#1220,#1221,#1222,#1223,#1224,#1225,#1226,#1227,#1228,#1229,
#1230,#1231,#1232,#1233,#1234),.UNSPECIFIED.,.F.,.F.,(4,1,1,1,1,1,1,1,1,
1,1,1,1,1,1,1,1,1,1,1,1,1,1,1,1,1,1,1,1,1,1,1,1,1,1,1,1,1,1,1,1,1,1,1,1,
1,1,1,1,1,1,1,1,1,1,1,1,1,1,1,1,1,1,1,1,1,1,1,1,1,1,1,1,1,1,1,1,1,1,1,1,
1,1,1,1,1,1,1,1,1,1,1,4),(0.,0.00892857142857143,0.0133928571428571,0.0178571428571429,
0.0223214285714286,0.0267857142857143,0.03125,0.0357142857142857,0.0446428571428571,
0.0535714285714286,0.0580357142857143,0.0625,0.0669642857142857,0.0714285714285714,
0.0773809523809524,0.0803571428571428,0.0818452380952381,0.0833333333333333,
0.0892857142857143,0.0952380952380952,0.103174603174603,0.107142857142857,
0.109375,0.111607142857143,0.113839285714286,0.116071428571429,0.120535714285714,
0.125,0.133928571428571,0.142857142857143,0.151785714285714,0.15625,0.160714285714286,
0.165178571428571,0.169642857142857,0.178571428571429,0.18452380952381,
0.19047619047619,0.196428571428571,0.200892857142857,0.205357142857143,
0.209821428571429,0.214285714285714,0.220238095238095,0.226190476190476,
0.232142857142857,0.238095238095238,0.242063492063492,0.246031746031746,
0.25,0.253968253968254,0.257936507936508,0.261904761904762,0.267857142857143,
0.273809523809524,0.279761904761905,0.285714285714286,0.291666666666667,
0.297619047619048,0.303571428571428,0.309523809523809,0.325396825396825,
0.329365079365079,0.333333333333333,0.339285714285714,0.345238095238095,
0.351190476190476,0.357142857142857,0.361607142857143,0.366071428571428,
0.370535714285714,0.375,0.380952380952381,0.386904761904762,0.392857142857143,
0.401785714285714,0.410714285714286,0.419642857142857,0.424107142857143,
0.428571428571429,0.433035714285714,0.4375,0.441964285714286,0.446428571428571,
0.455357142857143,0.464285714285714,0.46875,0.473214285714286,0.477678571428571,
0.482142857142857,0.486607142857143,0.491071428571429,0.5),
 .UNSPECIFIED.);
#24=B_SPLINE_CURVE_WITH_KNOTS('',3,(#2292,#2293,#2294,#2295,#2296,#2297,
#2298,#2299,#2300,#2301,#2302,#2303,#2304,#2305,#2306,#2307,#2308,#2309,
#2310,#2311,#2312,#2313,#2314,#2315,#2316,#2317,#2318,#2319,#2320,#2321,
#2322,#2323,#2324,#2325,#2326,#2327,#2328,#2329,#2330,#2331,#2332,#2333,
#2334,#2335,#2336,#2337,#2338,#2339,#2340,#2341,#2342,#2343,#2344,#2345,
#2346,#2347,#2348,#2349,#2350,#2351,#2352,#2353,#2354,#2355,#2356,#2357,
#2358,#2359,#2360,#2361,#2362,#2363,#2364,#2365,#2366,#2367,#2368,#2369,
#2370,#2371,#2372,#2373,#2374,#2375,#2376,#2377,#2378,#2379,#2380,#2381,
#2382,#2383,#2384,#2385,#2386,#2387),.UNSPECIFIED.,.F.,.F.,(4,1,1,1,1,1,
1,1,1,1,1,1,1,1,1,1,1,1,1,1,1,1,1,1,1,1,1,1,1,1,1,1,1,1,1,1,1,1,1,1,1,1,
1,1,1,1,1,1,1,1,1,1,1,1,1,1,1,1,1,1,1,1,1,1,1,1,1,1,1,1,1,1,1,1,1,1,1,1,
1,1,1,1,1,1,1,1,1,1,1,1,1,1,1,4),(0.5,0.508928571428571,0.513392857142857,
0.517857142857143,0.522321428571428,0.526785714285714,0.53125,0.535714285714286,
0.544642857142857,0.553571428571429,0.558035714285714,0.5625,0.564732142857143,
0.566964285714286,0.569196428571429,0.571428571428571,0.579365079365079,
0.587301587301587,0.595238095238095,0.601190476190476,0.607142857142857,
0.613095238095238,0.619047619047619,0.62202380952381,0.625,0.630952380952381,
0.636904761904762,0.642857142857143,0.646825396825397,0.650793650793651,
0.654761904761905,0.658730158730159,0.662698412698413,0.666666666666667,
0.670634920634921,0.674603174603175,0.682539682539683,0.69047619047619,
0.696428571428571,0.702380952380952,0.708333333333333,0.714285714285714,
0.720238095238095,0.726190476190476,0.732142857142857,0.738095238095238,
0.744047619047619,0.75,0.755952380952381,0.761904761904762,0.767857142857143,
0.773809523809524,0.777777777777778,0.785714285714286,0.791666666666667,
0.797619047619048,0.803571428571429,0.808035714285714,0.8125,0.821428571428571,
0.823660714285714,0.825892857142857,0.828125,0.830357142857143,0.834821428571428,
0.839285714285714,0.84375,0.848214285714286,0.857142857142857,0.866071428571429,
0.875,0.879464285714286,0.883928571428571,0.888392857142857,0.892857142857143,
0.900793650793651,0.904761904761905,0.910714285714286,0.916666666666667,
0.922619047619048,0.928571428571429,0.933035714285714,0.9375,0.941964285714286,
0.946428571428571,0.955357142857143,0.964285714285714,0.96875,0.973214285714286,
0.977678571428572,0.982142857142857,0.986607142857143,0.991071428571429,
1.),.UNSPECIFIED.);
#25=B_SPLINE_CURVE_WITH_KNOTS('',3,(#3069,#3070,#3071,#3072,#3073,#3074,
#3075,#3076,#3077,#3078),.UNSPECIFIED.,.T.,.F.,(4,1,1,1,1,1,1,4),(-3.14159265358979,
-2.24399475256414,-1.34639685153848,-0.448798950512828,0.448798950512828,
1.34639685153848,2.24399475256414,3.14159265358979),.UNSPECIFIED.);
#26=B_SPLINE_CURVE_WITH_KNOTS('',3,(#3080,#3081,#3082,#3083,#3084,#3085,
#3086,#3087,#3088,#3089,#3090,#3091,#3092,#3093,#3094,#3095,#3096,#3097,
#3098,#3099,#3100,#3101,#3102,#3103,#3104,#3105,#3106,#3107,#3108,#3109,
#3110,#3111,#3112,#3113,#3114,#3115,#3116,#3117,#3118,#3119,#3120,#3121,
#3122,#3123,#3124,#3125,#3126,#3127,#3128,#3129,#3130,#3131,#3132,#3133,
#3134,#3135,#3136,#3137,#3138,#3139,#3140,#3141,#3142,#3143,#3144,#3145,
#3146,#3147),.UNSPECIFIED.,.F.,.F.,(4,1,1,1,1,1,1,1,1,1,1,1,1,1,1,1,1,1,
1,1,1,1,1,1,1,1,1,1,1,1,1,1,1,1,1,1,1,1,1,1,1,1,1,1,1,1,1,1,1,1,1,1,1,1,
1,1,1,1,1,1,1,1,1,1,1,4),(0.,0.00892857142857143,0.0178571428571429,0.0267857142857143,
0.0357142857142857,0.0535714285714286,0.0625,0.0714285714285714,0.0773809523809524,
0.0833333333333333,0.0892857142857143,0.0952380952380952,0.101190476190476,
0.107142857142857,0.116071428571429,0.125,0.133928571428571,0.142857142857143,
0.151785714285714,0.160714285714286,0.169642857142857,0.178571428571429,
0.1875,0.196428571428571,0.205357142857143,0.214285714285714,0.220238095238095,
0.226190476190476,0.238095238095238,0.246031746031746,0.253968253968254,
0.261904761904762,0.267857142857143,0.273809523809524,0.279761904761905,
0.285714285714286,0.291666666666667,0.297619047619048,0.303571428571428,
0.309523809523809,0.321428571428571,0.327380952380952,0.333333333333333,
0.341269841269841,0.349206349206349,0.353174603174603,0.357142857142857,
0.363095238095238,0.369047619047619,0.375,0.380952380952381,0.386904761904762,
0.392857142857143,0.397321428571428,0.401785714285714,0.410714285714286,
0.419642857142857,0.428571428571429,0.4375,0.446428571428571,0.455357142857143,
0.464285714285714,0.473214285714286,0.482142857142857,0.491071428571429,
0.5),.UNSPECIFIED.);
#27=B_SPLINE_CURVE_WITH_KNOTS('',3,(#3148,#3149,#3150,#3151,#3152,#3153,
#3154,#3155,#3156,#3157),.UNSPECIFIED.,.T.,.F.,(4,1,1,1,1,1,1,4),(-3.14159265358979,
-2.24399475256414,-1.34639685153848,-0.448798950512828,0.448798950512828,
1.34639685153848,2.24399475256414,3.14159265358979),.UNSPECIFIED.);
#28=B_SPLINE_CURVE_WITH_KNOTS('',3,(#3898,#3899,#3900,#3901,#3902,#3903,
#3904,#3905,#3906,#3907,#3908,#3909,#3910,#3911,#3912,#3913,#3914,#3915,
#3916,#3917,#3918,#3919,#3920,#3921,#3922,#3923,#3924,#3925,#3926,#3927,
#3928,#3929,#3930,#3931,#3932,#3933,#3934,#3935,#3936,#3937,#3938,#3939,
#3940,#3941,#3942,#3943,#3944,#3945,#3946,#3947,#3948,#3949,#3950,#3951,
#3952,#3953,#3954,#3955,#3956,#3957,#3958,#3959,#3960,#3961,#3962,#3963,
#3964,#3965,#3966,#3967,#3968,#3969,#3970,#3971),.UNSPECIFIED.,.F.,.F.,
(4,1,1,1,1,1,1,1,1,1,1,1,1,1,1,1,1,1,1,1,1,1,1,1,1,1,1,1,1,1,1,1,1,1,1,
1,1,1,1,1,1,1,1,1,1,1,1,1,1,1,1,1,1,1,1,1,1,1,1,1,1,1,1,1,1,1,1,1,1,1,1,
4),(0.5,0.508928571428571,0.517857142857143,0.526785714285714,0.535714285714286,
0.544642857142857,0.553571428571429,0.5625,0.571428571428571,0.579365079365079,
0.587301587301587,0.591269841269841,0.595238095238095,0.601190476190476,
0.607142857142857,0.613095238095238,0.619047619047619,0.625,0.630952380952381,
0.636904761904762,0.642857142857143,0.646825396825397,0.650793650793651,
0.658730158730159,0.666666666666667,0.674603174603175,0.682539682539683,
0.69047619047619,0.696428571428571,0.702380952380952,0.708333333333333,
0.714285714285714,0.720238095238095,0.726190476190476,0.732142857142857,
0.738095238095238,0.744047619047619,0.75,0.755952380952381,0.761904761904762,
0.767857142857143,0.773809523809524,0.785714285714286,0.791666666666667,
0.797619047619048,0.803571428571429,0.8125,0.821428571428571,0.830357142857143,
0.839285714285714,0.848214285714286,0.857142857142857,0.866071428571429,
0.875,0.883928571428571,0.892857142857143,0.896825396825397,0.904761904761905,
0.910714285714286,0.916666666666667,0.922619047619048,0.928571428571429,
0.930803571428571,0.933035714285714,0.9375,0.941964285714286,0.946428571428571,
0.964285714285714,0.973214285714286,0.982142857142857,0.991071428571429,
1.),.UNSPECIFIED.);
#29=CIRCLE('',#83,2.5);
#30=CIRCLE('',#84,2.5);
#31=VERTEX_POINT('',#1137);
#32=VERTEX_POINT('',#1139);
#33=VERTEX_POINT('',#3068);
#34=VERTEX_POINT('',#3079);
#35=EDGE_CURVE('',#31,#31,#29,.T.);
#36=EDGE_CURVE('',#31,#32,#23,.T.);
#37=EDGE_CURVE('',#32,#32,#30,.T.);
#38=EDGE_CURVE('',#32,#31,#24,.T.);
#39=EDGE_CURVE('',#33,#33,#25,.T.);
#40=EDGE_CURVE('',#33,#34,#26,.T.);
#41=EDGE_CURVE('',#34,#34,#27,.T.);
#42=EDGE_CURVE('',#34,#33,#28,.T.);
#43=ORIENTED_EDGE('',*,*,#35,.T.);
#44=ORIENTED_EDGE('',*,*,#36,.T.);
#45=ORIENTED_EDGE('',*,*,#37,.F.);
#46=ORIENTED_EDGE('',*,*,#36,.F.);
#47=ORIENTED_EDGE('',*,*,#37,.T.);
#48=ORIENTED_EDGE('',*,*,#38,.T.);
#49=ORIENTED_EDGE('',*,*,#35,.F.);
#50=ORIENTED_EDGE('',*,*,#38,.F.);
#51=ORIENTED_EDGE('',*,*,#39,.F.);
#52=ORIENTED_EDGE('',*,*,#40,.T.);
#53=ORIENTED_EDGE('',*,*,#41,.T.);
#54=ORIENTED_EDGE('',*,*,#40,.F.);
#55=ORIENTED_EDGE('',*,*,#41,.F.);
#56=ORIENTED_EDGE('',*,*,#42,.T.);
#57=ORIENTED_EDGE('',*,*,#39,.T.);
#58=ORIENTED_EDGE('',*,*,#42,.F.);
#59=B_SPLINE_SURFACE_WITH_KNOTS('',3,3,((#92,#93,#94,#95,#96,#97,#98,#99,
#100,#101,#102,#103,#104,#105,#106,#107,#108,#109,#110,#111,#112,#113,#114,
#115,#116,#117,#118,#119,#120,#121,#122,#123,#124,#125,#126,#127,#128,#129,
#130,#131,#132,#133,#134,#135,#136,#137,#138,#139,#140,#141,#142,#143,#144,
#145,#146,#147,#148,#149,#150,#151,#152,#153,#154,#155,#156,#157,#158,#159,
#160,#161,#162,#163,#164,#165,#166,#167,#168,#169,#170,#171,#172,#173,#174,
#175,#176,#177,#178,#179,#180,#181,#182,#183,#184,#185,#186),(#187,#188,
#189,#190,#191,#192,#193,#194,#195,#196,#197,#198,#199,#200,#201,#202,#203,
#204,#205,#206,#207,#208,#209,#210,#211,#212,#213,#214,#215,#216,#217,#218,
#219,#220,#221,#222,#223,#224,#225,#226,#227,#228,#229,#230,#231,#232,#233,
#234,#235,#236,#237,#238,#239,#240,#241,#242,#243,#244,#245,#246,#247,#248,
#249,#250,#251,#252,#253,#254,#255,#256,#257,#258,#259,#260,#261,#262,#263,
#264,#265,#266,#267,#268,#269,#270,#271,#272,#273,#274,#275,#276,#277,#278,
#279,#280,#281),(#282,#283,#284,#285,#286,#287,#288,#289,#290,#291,#292,
#293,#294,#295,#296,#297,#298,#299,#300,#301,#302,#303,#304,#305,#306,#307,
#308,#309,#310,#311,#312,#313,#314,#315,#316,#317,#318,#319,#320,#321,#322,
#323,#324,#325,#326,#327,#328,#329,#330,#331,#332,#333,#334,#335,#336,#337,
#338,#339,#340,#341,#342,#343,#344,#345,#346,#347,#348,#349,#350,#351,#352,
#353,#354,#355,#356,#357,#358,#359,#360,#361,#362,#363,#364,#365,#366,#367,
#368,#369,#370,#371,#372,#373,#374,#375,#376),(#377,#378,#379,#380,#381,
#382,#383,#384,#385,#386,#387,#388,#389,#390,#391,#392,#393,#394,#395,#396,
#397,#398,#399,#400,#401,#402,#403,#404,#405,#406,#407,#408,#409,#410,#411,
#412,#413,#414,#415,#416,#417,#418,#419,#420,#421,#422,#423,#424,#425,#426,
#427,#428,#429,#430,#431,#432,#433,#434,#435,#436,#437,#438,#439,#440,#441,
#442,#443,#444,#445,#446,#447,#448,#449,#450,#451,#452,#453,#454,#455,#456,
#457,#458,#459,#460,#461,#462,#463,#464,#465,#466,#467,#468,#469,#470,#471),
(#472,#473,#474,#475,#476,#477,#478,#479,#480,#481,#482,#483,#484,#485,
#486,#487,#488,#489,#490,#491,#492,#493,#494,#495,#496,#497,#498,#499,#500,
#501,#502,#503,#504,#505,#506,#507,#508,#509,#510,#511,#512,#513,#514,#515,
#516,#517,#518,#519,#520,#521,#522,#523,#524,#525,#526,#527,#528,#529,#530,
#531,#532,#533,#534,#535,#536,#537,#538,#539,#540,#541,#542,#543,#544,#545,
#546,#547,#548,#549,#550,#551,#552,#553,#554,#555,#556,#557,#558,#559,#560,
#561,#562,#563,#564,#565,#566),(#567,#568,#569,#570,#571,#572,#573,#574,
#575,#576,#577,#578,#579,#580,#581,#582,#583,#584,#585,#586,#587,#588,#589,
#590,#591,#592,#593,#594,#595,#596,#597,#598,#599,#600,#601,#602,#603,#604,
#605,#606,#607,#608,#609,#610,#611,#612,#613,#614,#615,#616,#617,#618,#619,
#620,#621,#622,#623,#624,#625,#626,#627,#628,#629,#630,#631,#632,#633,#634,
#635,#636,#637,#638,#639,#640,#641,#642,#643,#644,#645,#646,#647,#648,#649,
#650,#651,#652,#653,#654,#655,#656,#657,#658,#659,#660,#661),(#662,#663,
#664,#665,#666,#667,#668,#669,#670,#671,#672,#673,#674,#675,#676,#677,#678,
#679,#680,#681,#682,#683,#684,#685,#686,#687,#688,#689,#690,#691,#692,#693,
#694,#695,#696,#697,#698,#699,#700,#701,#702,#703,#704,#705,#706,#707,#708,
#709,#710,#711,#712,#713,#714,#715,#716,#717,#718,#719,#720,#721,#722,#723,
#724,#725,#726,#727,#728,#729,#730,#731,#732,#733,#734,#735,#736,#737,#738,
#739,#740,#741,#742,#743,#744,#745,#746,#747,#748,#749,#750,#751,#752,#753,
#754,#755,#756),(#757,#758,#759,#760,#761,#762,#763,#764,#765,#766,#767,
#768,#769,#770,#771,#772,#773,#774,#775,#776,#777,#778,#779,#780,#781,#782,
#783,#784,#785,#786,#787,#788,#789,#790,#791,#792,#793,#794,#795,#796,#797,
#798,#799,#800,#801,#802,#803,#804,#805,#806,#807,#808,#809,#810,#811,#812,
#813,#814,#815,#816,#817,#818,#819,#820,#821,#822,#823,#824,#825,#826,#827,
#828,#829,#830,#831,#832,#833,#834,#835,#836,#837,#838,#839,#840,#841,#842,
#843,#844,#845,#846,#847,#848,#849,#850,#851),(#852,#853,#854,#855,#856,
#857,#858,#859,#860,#861,#862,#863,#864,#865,#866,#867,#868,#869,#870,#871,
#872,#873,#874,#875,#876,#877,#878,#879,#880,#881,#882,#883,#884,#885,#886,
#887,#888,#889,#890,#891,#892,#893,#894,#895,#896,#897,#898,#899,#900,#901,
#902,#903,#904,#905,#906,#907,#908,#909,#910,#911,#912,#913,#914,#915,#916,
#917,#918,#919,#920,#921,#922,#923,#924,#925,#926,#927,#928,#929,#930,#931,
#932,#933,#934,#935,#936,#937,#938,#939,#940,#941,#942,#943,#944,#945,#946),
(#947,#948,#949,#950,#951,#952,#953,#954,#955,#956,#957,#958,#959,#960,
#961,#962,#963,#964,#965,#966,#967,#968,#969,#970,#971,#972,#973,#974,#975,
#976,#977,#978,#979,#980,#981,#982,#983,#984,#985,#986,#987,#988,#989,#990,
#991,#992,#993,#994,#995,#996,#997,#998,#999,#1000,#1001,#1002,#1003,#1004,
#1005,#1006,#1007,#1008,#1009,#1010,#1011,#1012,#1013,#1014,#1015,#1016,
#1017,#1018,#1019,#1020,#1021,#1022,#1023,#1024,#1025,#1026,#1027,#1028,
#1029,#1030,#1031,#1032,#1033,#1034,#1035,#1036,#1037,#1038,#1039,#1040,
#1041),(#1042,#1043,#1044,#1045,#1046,#1047,#1048,#1049,#1050,#1051,#1052,
#1053,#1054,#1055,#1056,#1057,#1058,#1059,#1060,#1061,#1062,#1063,#1064,
#1065,#1066,#1067,#1068,#1069,#1070,#1071,#1072,#1073,#1074,#1075,#1076,
#1077,#1078,#1079,#1080,#1081,#1082,#1083,#1084,#1085,#1086,#1087,#1088,
#1089,#1090,#1091,#1092,#1093,#1094,#1095,#1096,#1097,#1098,#1099,#1100,
#1101,#1102,#1103,#1104,#1105,#1106,#1107,#1108,#1109,#1110,#1111,#1112,
#1113,#1114,#1115,#1116,#1117,#1118,#1119,#1120,#1121,#1122,#1123,#1124,
#1125,#1126,#1127,#1128,#1129,#1130,#1131,#1132,#1133,#1134,#1135,#1136)),
 .UNSPECIFIED.,.T.,.F.,.F.,(4,1,1,1,1,1,1,1,4),(4,1,1,1,1,1,1,1,1,1,1,1,
1,1,1,1,1,1,1,1,1,1,1,1,1,1,1,1,1,1,1,1,1,1,1,1,1,1,1,1,1,1,1,1,1,1,1,1,
1,1,1,1,1,1,1,1,1,1,1,1,1,1,1,1,1,1,1,1,1,1,1,1,1,1,1,1,1,1,1,1,1,1,1,1,
1,1,1,1,1,1,1,1,4),(-3.14159265358979,-2.24399475256414,-1.34639685153848,
-0.448798950512828,0.448798950512828,1.34639685153848,1.5707963267949,2.24399475256414,
3.14159265358979),(0.,0.00892857142857143,0.0133928571428571,0.0178571428571429,
0.0223214285714286,0.0267857142857143,0.03125,0.0357142857142857,0.0446428571428571,
0.0535714285714286,0.0580357142857143,0.0625,0.0669642857142857,0.0714285714285714,
0.0773809523809524,0.0803571428571428,0.0818452380952381,0.0833333333333333,
0.0892857142857143,0.0952380952380952,0.103174603174603,0.107142857142857,
0.109375,0.111607142857143,0.113839285714286,0.116071428571429,0.120535714285714,
0.125,0.133928571428571,0.142857142857143,0.151785714285714,0.15625,0.160714285714286,
0.165178571428571,0.169642857142857,0.178571428571429,0.18452380952381,
0.19047619047619,0.196428571428571,0.200892857142857,0.205357142857143,
0.209821428571429,0.214285714285714,0.220238095238095,0.226190476190476,
0.232142857142857,0.238095238095238,0.242063492063492,0.246031746031746,
0.25,0.253968253968254,0.257936507936508,0.261904761904762,0.267857142857143,
0.273809523809524,0.279761904761905,0.285714285714286,0.291666666666667,
0.297619047619048,0.303571428571428,0.309523809523809,0.325396825396825,
0.329365079365079,0.333333333333333,0.339285714285714,0.345238095238095,
0.351190476190476,0.357142857142857,0.361607142857143,0.366071428571428,
0.370535714285714,0.375,0.380952380952381,0.386904761904762,0.392857142857143,
0.401785714285714,0.410714285714286,0.419642857142857,0.424107142857143,
0.428571428571429,0.433035714285714,0.4375,0.441964285714286,0.446428571428571,
0.455357142857143,0.464285714285714,0.46875,0.473214285714286,0.477678571428571,
0.482142857142857,0.486607142857143,0.491071428571429,0.5),
 .UNSPECIFIED.);
#60=B_SPLINE_SURFACE_WITH_KNOTS('',3,3,((#1236,#1237,#1238,#1239,#1240,
#1241,#1242,#1243,#1244,#1245,#1246,#1247,#1248,#1249,#1250,#1251,#1252,
#1253,#1254,#1255,#1256,#1257,#1258,#1259,#1260,#1261,#1262,#1263,#1264,
#1265,#1266,#1267,#1268,#1269,#1270,#1271,#1272,#1273,#1274,#1275,#1276,
#1277,#1278,#1279,#1280,#1281,#1282,#1283,#1284,#1285,#1286,#1287,#1288,
#1289,#1290,#1291,#1292,#1293,#1294,#1295,#1296,#1297,#1298,#1299,#1300,
#1301,#1302,#1303,#1304,#1305,#1306,#1307,#1308,#1309,#1310,#1311,#1312,
#1313,#1314,#1315,#1316,#1317,#1318,#1319,#1320,#1321,#1322,#1323,#1324,
#1325,#1326,#1327,#1328,#1329,#1330,#1331),(#1332,#1333,#1334,#1335,#1336,
#1337,#1338,#1339,#1340,#1341,#1342,#1343,#1344,#1345,#1346,#1347,#1348,
#1349,#1350,#1351,#1352,#1353,#1354,#1355,#1356,#1357,#1358,#1359,#1360,
#1361,#1362,#1363,#1364,#1365,#1366,#1367,#1368,#1369,#1370,#1371,#1372,
#1373,#1374,#1375,#1376,#1377,#1378,#1379,#1380,#1381,#1382,#1383,#1384,
#1385,#1386,#1387,#1388,#1389,#1390,#1391,#1392,#1393,#1394,#1395,#1396,
#1397,#1398,#1399,#1400,#1401,#1402,#1403,#1404,#1405,#1406,#1407,#1408,
#1409,#1410,#1411,#1412,#1413,#1414,#1415,#1416,#1417,#1418,#1419,#1420,
#1421,#1422,#1423,#1424,#1425,#1426,#1427),(#1428,#1429,#1430,#1431,#1432,
#1433,#1434,#1435,#1436,#1437,#1438,#1439,#1440,#1441,#1442,#1443,#1444,
#1445,#1446,#1447,#1448,#1449,#1450,#1451,#1452,#1453,#1454,#1455,#1456,
#1457,#1458,#1459,#1460,#1461,#1462,#1463,#1464,#1465,#1466,#1467,#1468,
#1469,#1470,#1471,#1472,#1473,#1474,#1475,#1476,#1477,#1478,#1479,#1480,
#1481,#1482,#1483,#1484,#1485,#1486,#1487,#1488,#1489,#1490,#1491,#1492,
#1493,#1494,#1495,#1496,#1497,#1498,#1499,#1500,#1501,#1502,#1503,#1504,
#1505,#1506,#1507,#1508,#1509,#1510,#1511,#1512,#1513,#1514,#1515,#1516,
#1517,#1518,#1519,#1520,#1521,#1522,#1523),(#1524,#1525,#1526,#1527,#1528,
#1529,#1530,#1531,#1532,#1533,#1534,#1535,#1536,#1537,#1538,#1539,#1540,
#1541,#1542,#1543,#1544,#1545,#1546,#1547,#1548,#1549,#1550,#1551,#1552,
#1553,#1554,#1555,#1556,#1557,#1558,#1559,#1560,#1561,#1562,#1563,#1564,
#1565,#1566,#1567,#1568,#1569,#1570,#1571,#1572,#1573,#1574,#1575,#1576,
#1577,#1578,#1579,#1580,#1581,#1582,#1583,#1584,#1585,#1586,#1587,#1588,
#1589,#1590,#1591,#1592,#1593,#1594,#1595,#1596,#1597,#1598,#1599,#1600,
#1601,#1602,#1603,#1604,#1605,#1606,#1607,#1608,#1609,#1610,#1611,#1612,
#1613,#1614,#1615,#1616,#1617,#1618,#1619),(#1620,#1621,#1622,#1623,#1624,
#1625,#1626,#1627,#1628,#1629,#1630,#1631,#1632,#1633,#1634,#1635,#1636,
#1637,#1638,#1639,#1640,#1641,#1642,#1643,#1644,#1645,#1646,#1647,#1648,
#1649,#1650,#1651,#1652,#1653,#1654,#1655,#1656,#1657,#1658,#1659,#1660,
#1661,#1662,#1663,#1664,#1665,#1666,#1667,#1668,#1669,#1670,#1671,#1672,
#1673,#1674,#1675,#1676,#1677,#1678,#1679,#1680,#1681,#1682,#1683,#1684,
#1685,#1686,#1687,#1688,#1689,#1690,#1691,#1692,#1693,#1694,#1695,#1696,
#1697,#1698,#1699,#1700,#1701,#1702,#1703,#1704,#1705,#1706,#1707,#1708,
#1709,#1710,#1711,#1712,#1713,#1714,#1715),(#1716,#1717,#1718,#1719,#1720,
#1721,#1722,#1723,#1724,#1725,#1726,#1727,#1728,#1729,#1730,#1731,#1732,
#1733,#1734,#1735,#1736,#1737,#1738,#1739,#1740,#1741,#1742,#1743,#1744,
#1745,#1746,#1747,#1748,#1749,#1750,#1751,#1752,#1753,#1754,#1755,#1756,
#1757,#1758,#1759,#1760,#1761,#1762,#1763,#1764,#1765,#1766,#1767,#1768,
#1769,#1770,#1771,#1772,#1773,#1774,#1775,#1776,#1777,#1778,#1779,#1780,
#1781,#1782,#1783,#1784,#1785,#1786,#1787,#1788,#1789,#1790,#1791,#1792,
#1793,#1794,#1795,#1796,#1797,#1798,#1799,#1800,#1801,#1802,#1803,#1804,
#1805,#1806,#1807,#1808,#1809,#1810,#1811),(#1812,#1813,#1814,#1815,#1816,
#1817,#1818,#1819,#1820,#1821,#1822,#1823,#1824,#1825,#1826,#1827,#1828,
#1829,#1830,#1831,#1832,#1833,#1834,#1835,#1836,#1837,#1838,#1839,#1840,
#1841,#1842,#1843,#1844,#1845,#1846,#1847,#1848,#1849,#1850,#1851,#1852,
#1853,#1854,#1855,#1856,#1857,#1858,#1859,#1860,#1861,#1862,#1863,#1864,
#1865,#1866,#1867,#1868,#1869,#1870,#1871,#1872,#1873,#1874,#1875,#1876,
#1877,#1878,#1879,#1880,#1881,#1882,#1883,#1884,#1885,#1886,#1887,#1888,
#1889,#1890,#1891,#1892,#1893,#1894,#1895,#1896,#1897,#1898,#1899,#1900,
#1901,#1902,#1903,#1904,#1905,#1906,#1907),(#1908,#1909,#1910,#1911,#1912,
#1913,#1914,#1915,#1916,#1917,#1918,#1919,#1920,#1921,#1922,#1923,#1924,
#1925,#1926,#1927,#1928,#1929,#1930,#1931,#1932,#1933,#1934,#1935,#1936,
#1937,#1938,#1939,#1940,#1941,#1942,#1943,#1944,#1945,#1946,#1947,#1948,
#1949,#1950,#1951,#1952,#1953,#1954,#1955,#1956,#1957,#1958,#1959,#1960,
#1961,#1962,#1963,#1964,#1965,#1966,#1967,#1968,#1969,#1970,#1971,#1972,
#1973,#1974,#1975,#1976,#1977,#1978,#1979,#1980,#1981,#1982,#1983,#1984,
#1985,#1986,#1987,#1988,#1989,#1990,#1991,#1992,#1993,#1994,#1995,#1996,
#1997,#1998,#1999,#2000,#2001,#2002,#2003),(#2004,#2005,#2006,#2007,#2008,
#2009,#2010,#2011,#2012,#2013,#2014,#2015,#2016,#2017,#2018,#2019,#2020,
#2021,#2022,#2023,#2024,#2025,#2026,#2027,#2028,#2029,#2030,#2031,#2032,
#2033,#2034,#2035,#2036,#2037,#2038,#2039,#2040,#2041,#2042,#2043,#2044,
#2045,#2046,#2047,#2048,#2049,#2050,#2051,#2052,#2053,#2054,#2055,#2056,
#2057,#2058,#2059,#2060,#2061,#2062,#2063,#2064,#2065,#2066,#2067,#2068,
#2069,#2070,#2071,#2072,#2073,#2074,#2075,#2076,#2077,#2078,#2079,#2080,
#2081,#2082,#2083,#2084,#2085,#2086,#2087,#2088,#2089,#2090,#2091,#2092,
#2093,#2094,#2095,#2096,#2097,#2098,#2099),(#2100,#2101,#2102,#2103,#2104,
#2105,#2106,#2107,#2108,#2109,#2110,#2111,#2112,#2113,#2114,#2115,#2116,
#2117,#2118,#2119,#2120,#2121,#2122,#2123,#2124,#2125,#2126,#2127,#2128,
#2129,#2130,#2131,#2132,#2133,#2134,#2135,#2136,#2137,#2138,#2139,#2140,
#2141,#2142,#2143,#2144,#2145,#2146,#2147,#2148,#2149,#2150,#2151,#2152,
#2153,#2154,#2155,#2156,#2157,#2158,#2159,#2160,#2161,#2162,#2163,#2164,
#2165,#2166,#2167,#2168,#2169,#2170,#2171,#2172,#2173,#2174,#2175,#2176,
#2177,#2178,#2179,#2180,#2181,#2182,#2183,#2184,#2185,#2186,#2187,#2188,
#2189,#2190,#2191,#2192,#2193,#2194,#2195),(#2196,#2197,#2198,#2199,#2200,
#2201,#2202,#2203,#2204,#2205,#2206,#2207,#2208,#2209,#2210,#2211,#2212,
#2213,#2214,#2215,#2216,#2217,#2218,#2219,#2220,#2221,#2222,#2223,#2224,
#2225,#2226,#2227,#2228,#2229,#2230,#2231,#2232,#2233,#2234,#2235,#2236,
#2237,#2238,#2239,#2240,#2241,#2242,#2243,#2244,#2245,#2246,#2247,#2248,
#2249,#2250,#2251,#2252,#2253,#2254,#2255,#2256,#2257,#2258,#2259,#2260,
#2261,#2262,#2263,#2264,#2265,#2266,#2267,#2268,#2269,#2270,#2271,#2272,
#2273,#2274,#2275,#2276,#2277,#2278,#2279,#2280,#2281,#2282,#2283,#2284,
#2285,#2286,#2287,#2288,#2289,#2290,#2291)),.UNSPECIFIED.,.T.,.F.,.F.,(4,
1,1,1,1,1,1,1,4),(4,1,1,1,1,1,1,1,1,1,1,1,1,1,1,1,1,1,1,1,1,1,1,1,1,1,1,
1,1,1,1,1,1,1,1,1,1,1,1,1,1,1,1,1,1,1,1,1,1,1,1,1,1,1,1,1,1,1,1,1,1,1,1,
1,1,1,1,1,1,1,1,1,1,1,1,1,1,1,1,1,1,1,1,1,1,1,1,1,1,1,1,1,1,4),(-3.14159265358979,
-2.24399475256414,-1.34639685153848,-0.448798950512828,0.448798950512828,
1.34639685153848,1.5707963267949,2.24399475256414,3.14159265358979),(0.5,
0.508928571428571,0.513392857142857,0.517857142857143,0.522321428571428,
0.526785714285714,0.53125,0.535714285714286,0.544642857142857,0.553571428571429,
0.558035714285714,0.5625,0.564732142857143,0.566964285714286,0.569196428571429,
0.571428571428571,0.579365079365079,0.587301587301587,0.595238095238095,
0.601190476190476,0.607142857142857,0.613095238095238,0.619047619047619,
0.62202380952381,0.625,0.630952380952381,0.636904761904762,0.642857142857143,
0.646825396825397,0.650793650793651,0.654761904761905,0.658730158730159,
0.662698412698413,0.666666666666667,0.670634920634921,0.674603174603175,
0.682539682539683,0.69047619047619,0.696428571428571,0.702380952380952,
0.708333333333333,0.714285714285714,0.720238095238095,0.726190476190476,
0.732142857142857,0.738095238095238,0.744047619047619,0.75,0.755952380952381,
0.761904761904762,0.767857142857143,0.773809523809524,0.777777777777778,
0.785714285714286,0.791666666666667,0.797619047619048,0.803571428571429,
0.808035714285714,0.8125,0.821428571428571,0.823660714285714,0.825892857142857,
0.828125,0.830357142857143,0.834821428571428,0.839285714285714,0.84375,
0.848214285714286,0.857142857142857,0.866071428571429,0.875,0.879464285714286,
0.883928571428571,0.888392857142857,0.892857142857143,0.900793650793651,
0.904761904761905,0.910714285714286,0.916666666666667,0.922619047619048,
0.928571428571429,0.933035714285714,0.9375,0.941964285714286,0.946428571428571,
0.955357142857143,0.964285714285714,0.96875,0.973214285714286,0.977678571428572,
0.982142857142857,0.986607142857143,0.991071428571429,1.),.UNSPECIFIED.);
#61=B_SPLINE_SURFACE_WITH_KNOTS('',3,3,((#2388,#2389,#2390,#2391,#2392,
#2393,#2394,#2395,#2396,#2397,#2398,#2399,#2400,#2401,#2402,#2403,#2404,
#2405,#2406,#2407,#2408,#2409,#2410,#2411,#2412,#2413,#2414,#2415,#2416,
#2417,#2418,#2419,#2420,#2421,#2422,#2423,#2424,#2425,#2426,#2427,#2428,
#2429,#2430,#2431,#2432,#2433,#2434,#2435,#2436,#2437,#2438,#2439,#2440,
#2441,#2442,#2443,#2444,#2445,#2446,#2447,#2448,#2449,#2450,#2451,#2452,
#2453,#2454,#2455),(#2456,#2457,#2458,#2459,#2460,#2461,#2462,#2463,#2464,
#2465,#2466,#2467,#2468,#2469,#2470,#2471,#2472,#2473,#2474,#2475,#2476,
#2477,#2478,#2479,#2480,#2481,#2482,#2483,#2484,#2485,#2486,#2487,#2488,
#2489,#2490,#2491,#2492,#2493,#2494,#2495,#2496,#2497,#2498,#2499,#2500,
#2501,#2502,#2503,#2504,#2505,#2506,#2507,#2508,#2509,#2510,#2511,#2512,
#2513,#2514,#2515,#2516,#2517,#2518,#2519,#2520,#2521,#2522,#2523),(#2524,
#2525,#2526,#2527,#2528,#2529,#2530,#2531,#2532,#2533,#2534,#2535,#2536,
#2537,#2538,#2539,#2540,#2541,#2542,#2543,#2544,#2545,#2546,#2547,#2548,
#2549,#2550,#2551,#2552,#2553,#2554,#2555,#2556,#2557,#2558,#2559,#2560,
#2561,#2562,#2563,#2564,#2565,#2566,#2567,#2568,#2569,#2570,#2571,#2572,
#2573,#2574,#2575,#2576,#2577,#2578,#2579,#2580,#2581,#2582,#2583,#2584,
#2585,#2586,#2587,#2588,#2589,#2590,#2591),(#2592,#2593,#2594,#2595,#2596,
#2597,#2598,#2599,#2600,#2601,#2602,#2603,#2604,#2605,#2606,#2607,#2608,
#2609,#2610,#2611,#2612,#2613,#2614,#2615,#2616,#2617,#2618,#2619,#2620,
#2621,#2622,#2623,#2624,#2625,#2626,#2627,#2628,#2629,#2630,#2631,#2632,
#2633,#2634,#2635,#2636,#2637,#2638,#2639,#2640,#2641,#2642,#2643,#2644,
#2645,#2646,#2647,#2648,#2649,#2650,#2651,#2652,#2653,#2654,#2655,#2656,
#2657,#2658,#2659),(#2660,#2661,#2662,#2663,#2664,#2665,#2666,#2667,#2668,
#2669,#2670,#2671,#2672,#2673,#2674,#2675,#2676,#2677,#2678,#2679,#2680,
#2681,#2682,#2683,#2684,#2685,#2686,#2687,#2688,#2689,#2690,#2691,#2692,
#2693,#2694,#2695,#2696,#2697,#2698,#2699,#2700,#2701,#2702,#2703,#2704,
#2705,#2706,#2707,#2708,#2709,#2710,#2711,#2712,#2713,#2714,#2715,#2716,
#2717,#2718,#2719,#2720,#2721,#2722,#2723,#2724,#2725,#2726,#2727),(#2728,
#2729,#2730,#2731,#2732,#2733,#2734,#2735,#2736,#2737,#2738,#2739,#2740,
#2741,#2742,#2743,#2744,#2745,#2746,#2747,#2748,#2749,#2750,#2751,#2752,
#2753,#2754,#2755,#2756,#2757,#2758,#2759,#2760,#2761,#2762,#2763,#2764,
#2765,#2766,#2767,#2768,#2769,#2770,#2771,#2772,#2773,#2774,#2775,#2776,
#2777,#2778,#2779,#2780,#2781,#2782,#2783,#2784,#2785,#2786,#2787,#2788,
#2789,#2790,#2791,#2792,#2793,#2794,#2795),(#2796,#2797,#2798,#2799,#2800,
#2801,#2802,#2803,#2804,#2805,#2806,#2807,#2808,#2809,#2810,#2811,#2812,
#2813,#2814,#2815,#2816,#2817,#2818,#2819,#2820,#2821,#2822,#2823,#2824,
#2825,#2826,#2827,#2828,#2829,#2830,#2831,#2832,#2833,#2834,#2835,#2836,
#2837,#2838,#2839,#2840,#2841,#2842,#2843,#2844,#2845,#2846,#2847,#2848,
#2849,#2850,#2851,#2852,#2853,#2854,#2855,#2856,#2857,#2858,#2859,#2860,
#2861,#2862,#2863),(#2864,#2865,#2866,#2867,#2868,#2869,#2870,#2871,#2872,
#2873,#2874,#2875,#2876,#2877,#2878,#2879,#2880,#2881,#2882,#2883,#2884,
#2885,#2886,#2887,#2888,#2889,#2890,#2891,#2892,#2893,#2894,#2895,#2896,
#2897,#2898,#2899,#2900,#2901,#2902,#2903,#2904,#2905,#2906,#2907,#2908,
#2909,#2910,#2911,#2912,#2913,#2914,#2915,#2916,#2917,#2918,#2919,#2920,
#2921,#2922,#2923,#2924,#2925,#2926,#2927,#2928,#2929,#2930,#2931),(#2932,
#2933,#2934,#2935,#2936,#2937,#2938,#2939,#2940,#2941,#2942,#2943,#2944,
#2945,#2946,#2947,#2948,#2949,#2950,#2951,#2952,#2953,#2954,#2955,#2956,
#2957,#2958,#2959,#2960,#2961,#2962,#2963,#2964,#2965,#2966,#2967,#2968,
#2969,#2970,#2971,#2972,#2973,#2974,#2975,#2976,#2977,#2978,#2979,#2980,
#2981,#2982,#2983,#2984,#2985,#2986,#2987,#2988,#2989,#2990,#2991,#2992,
#2993,#2994,#2995,#2996,#2997,#2998,#2999),(#3000,#3001,#3002,#3003,#3004,
#3005,#3006,#3007,#3008,#3009,#3010,#3011,#3012,#3013,#3014,#3015,#3016,
#3017,#3018,#3019,#3020,#3021,#3022,#3023,#3024,#3025,#3026,#3027,#3028,
#3029,#3030,#3031,#3032,#3033,#3034,#3035,#3036,#3037,#3038,#3039,#3040,
#3041,#3042,#3043,#3044,#3045,#3046,#3047,#3048,#3049,#3050,#3051,#3052,
#3053,#3054,#3055,#3056,#3057,#3058,#3059,#3060,#3061,#3062,#3063,#3064,
#3065,#3066,#3067)),.UNSPECIFIED.,.T.,.F.,.F.,(4,1,1,1,1,1,1,4),(4,1,1,
1,1,1,1,1,1,1,1,1,1,1,1,1,1,1,1,1,1,1,1,1,1,1,1,1,1,1,1,1,1,1,1,1,1,1,1,
1,1,1,1,1,1,1,1,1,1,1,1,1,1,1,1,1,1,1,1,1,1,1,1,1,1,4),(-3.14159265358979,
-2.24399475256414,-1.34639685153848,-0.448798950512828,0.448798950512828,
1.34639685153848,2.24399475256414,3.14159265358979),(0.,0.00892857142857143,
0.0178571428571429,0.0267857142857143,0.0357142857142857,0.0535714285714286,
0.0625,0.0714285714285714,0.0773809523809524,0.0833333333333333,0.0892857142857143,
0.0952380952380952,0.101190476190476,0.107142857142857,0.116071428571429,
0.125,0.133928571428571,0.142857142857143,0.151785714285714,0.160714285714286,
0.169642857142857,0.178571428571429,0.1875,0.196428571428571,0.205357142857143,
0.214285714285714,0.220238095238095,0.226190476190476,0.238095238095238,
0.246031746031746,0.253968253968254,0.261904761904762,0.267857142857143,
0.273809523809524,0.279761904761905,0.285714285714286,0.291666666666667,
0.297619047619048,0.303571428571428,0.309523809523809,0.321428571428571,
0.327380952380952,0.333333333333333,0.341269841269841,0.349206349206349,
0.353174603174603,0.357142857142857,0.363095238095238,0.369047619047619,
0.375,0.380952380952381,0.386904761904762,0.392857142857143,0.397321428571428,
0.401785714285714,0.410714285714286,0.419642857142857,0.428571428571429,
0.4375,0.446428571428571,0.455357142857143,0.464285714285714,0.473214285714286,
0.482142857142857,0.491071428571429,0.5),.UNSPECIFIED.);
#62=B_SPLINE_SURFACE_WITH_KNOTS('',3,3,((#3158,#3159,#3160,#3161,#3162,
#3163,#3164,#3165,#3166,#3167,#3168,#3169,#3170,#3171,#3172,#3173,#3174,
#3175,#3176,#3177,#3178,#3179,#3180,#3181,#3182,#3183,#3184,#3185,#3186,
#3187,#3188,#3189,#3190,#3191,#3192,#3193,#3194,#3195,#3196,#3197,#3198,
#3199,#3200,#3201,#3202,#3203,#3204,#3205,#3206,#3207,#3208,#3209,#3210,
#3211,#3212,#3213,#3214,#3215,#3216,#3217,#3218,#3219,#3220,#3221,#3222,
#3223,#3224,#3225,#3226,#3227,#3228,#3229,#3230,#3231),(#3232,#3233,#3234,
#3235,#3236,#3237,#3238,#3239,#3240,#3241,#3242,#3243,#3244,#3245,#3246,
#3247,#3248,#3249,#3250,#3251,#3252,#3253,#3254,#3255,#3256,#3257,#3258,
#3259,#3260,#3261,#3262,#3263,#3264,#3265,#3266,#3267,#3268,#3269,#3270,
#3271,#3272,#3273,#3274,#3275,#3276,#3277,#3278,#3279,#3280,#3281,#3282,
#3283,#3284,#3285,#3286,#3287,#3288,#3289,#3290,#3291,#3292,#3293,#3294,
#3295,#3296,#3297,#3298,#3299,#3300,#3301,#3302,#3303,#3304,#3305),(#3306,
#3307,#3308,#3309,#3310,#3311,#3312,#3313,#3314,#3315,#3316,#3317,#3318,
#3319,#3320,#3321,#3322,#3323,#3324,#3325,#3326,#3327,#3328,#3329,#3330,
#3331,#3332,#3333,#3334,#3335,#3336,#3337,#3338,#3339,#3340,#3341,#3342,
#3343,#3344,#3345,#3346,#3347,#3348,#3349,#3350,#3351,#3352,#3353,#3354,
#3355,#3356,#3357,#3358,#3359,#3360,#3361,#3362,#3363,#3364,#3365,#3366,
#3367,#3368,#3369,#3370,#3371,#3372,#3373,#3374,#3375,#3376,#3377,#3378,
#3379),(#3380,#3381,#3382,#3383,#3384,#3385,#3386,#3387,#3388,#3389,#3390,
#3391,#3392,#3393,#3394,#3395,#3396,#3397,#3398,#3399,#3400,#3401,#3402,
#3403,#3404,#3405,#3406,#3407,#3408,#3409,#3410,#3411,#3412,#3413,#3414,
#3415,#3416,#3417,#3418,#3419,#3420,#3421,#3422,#3423,#3424,#3425,#3426,
#3427,#3428,#3429,#3430,#3431,#3432,#3433,#3434,#3435,#3436,#3437,#3438,
#3439,#3440,#3441,#3442,#3443,#3444,#3445,#3446,#3447,#3448,#3449,#3450,
#3451,#3452,#3453),(#3454,#3455,#3456,#3457,#3458,#3459,#3460,#3461,#3462,
#3463,#3464,#3465,#3466,#3467,#3468,#3469,#3470,#3471,#3472,#3473,#3474,
#3475,#3476,#3477,#3478,#3479,#3480,#3481,#3482,#3483,#3484,#3485,#3486,
#3487,#3488,#3489,#3490,#3491,#3492,#3493,#3494,#3495,#3496,#3497,#3498,
#3499,#3500,#3501,#3502,#3503,#3504,#3505,#3506,#3507,#3508,#3509,#3510,
#3511,#3512,#3513,#3514,#3515,#3516,#3517,#3518,#3519,#3520,#3521,#3522,
#3523,#3524,#3525,#3526,#3527),(#3528,#3529,#3530,#3531,#3532,#3533,#3534,
#3535,#3536,#3537,#3538,#3539,#3540,#3541,#3542,#3543,#3544,#3545,#3546,
#3547,#3548,#3549,#3550,#3551,#3552,#3553,#3554,#3555,#3556,#3557,#3558,
#3559,#3560,#3561,#3562,#3563,#3564,#3565,#3566,#3567,#3568,#3569,#3570,
#3571,#3572,#3573,#3574,#3575,#3576,#3577,#3578,#3579,#3580,#3581,#3582,
#3583,#3584,#3585,#3586,#3587,#3588,#3589,#3590,#3591,#3592,#3593,#3594,
#3595,#3596,#3597,#3598,#3599,#3600,#3601),(#3602,#3603,#3604,#3605,#3606,
#3607,#3608,#3609,#3610,#3611,#3612,#3613,#3614,#3615,#3616,#3617,#3618,
#3619,#3620,#3621,#3622,#3623,#3624,#3625,#3626,#3627,#3628,#3629,#3630,
#3631,#3632,#3633,#3634,#3635,#3636,#3637,#3638,#3639,#3640,#3641,#3642,
#3643,#3644,#3645,#3646,#3647,#3648,#3649,#3650,#3651,#3652,#3653,#3654,
#3655,#3656,#3657,#3658,#3659,#3660,#3661,#3662,#3663,#3664,#3665,#3666,
#3667,#3668,#3669,#3670,#3671,#3672,#3673,#3674,#3675),(#3676,#3677,#3678,
#3679,#3680,#3681,#3682,#3683,#3684,#3685,#3686,#3687,#3688,#3689,#3690,
#3691,#3692,#3693,#3694,#3695,#3696,#3697,#3698,#3699,#3700,#3701,#3702,
#3703,#3704,#3705,#3706,#3707,#3708,#3709,#3710,#3711,#3712,#3713,#3714,
#3715,#3716,#3717,#3718,#3719,#3720,#3721,#3722,#3723,#3724,#3725,#3726,
#3727,#3728,#3729,#3730,#3731,#3732,#3733,#3734,#3735,#3736,#3737,#3738,
#3739,#3740,#3741,#3742,#3743,#3744,#3745,#3746,#3747,#3748,#3749),(#3750,
#3751,#3752,#3753,#3754,#3755,#3756,#3757,#3758,#3759,#3760,#3761,#3762,
#3763,#3764,#3765,#3766,#3767,#3768,#3769,#3770,#3771,#3772,#3773,#3774,
#3775,#3776,#3777,#3778,#3779,#3780,#3781,#3782,#3783,#3784,#3785,#3786,
#3787,#3788,#3789,#3790,#3791,#3792,#3793,#3794,#3795,#3796,#3797,#3798,
#3799,#3800,#3801,#3802,#3803,#3804,#3805,#3806,#3807,#3808,#3809,#3810,
#3811,#3812,#3813,#3814,#3815,#3816,#3817,#3818,#3819,#3820,#3821,#3822,
#3823),(#3824,#3825,#3826,#3827,#3828,#3829,#3830,#3831,#3832,#3833,#3834,
#3835,#3836,#3837,#3838,#3839,#3840,#3841,#3842,#3843,#3844,#3845,#3846,
#3847,#3848,#3849,#3850,#3851,#3852,#3853,#3854,#3855,#3856,#3857,#3858,
#3859,#3860,#3861,#3862,#3863,#3864,#3865,#3866,#3867,#3868,#3869,#3870,
#3871,#3872,#3873,#3874,#3875,#3876,#3877,#3878,#3879,#3880,#3881,#3882,
#3883,#3884,#3885,#3886,#3887,#3888,#3889,#3890,#3891,#3892,#3893,#3894,
#3895,#3896,#3897)),.UNSPECIFIED.,.T.,.F.,.F.,(4,1,1,1,1,1,1,4),(4,1,1,
1,1,1,1,1,1,1,1,1,1,1,1,1,1,1,1,1,1,1,1,1,1,1,1,1,1,1,1,1,1,1,1,1,1,1,1,
1,1,1,1,1,1,1,1,1,1,1,1,1,1,1,1,1,1,1,1,1,1,1,1,1,1,1,1,1,1,1,1,4),(-3.14159265358979,
-2.24399475256414,-1.34639685153848,-0.448798950512828,0.448798950512828,
1.34639685153848,2.24399475256414,3.14159265358979),(0.5,0.508928571428571,
0.517857142857143,0.526785714285714,0.535714285714286,0.544642857142857,
0.553571428571429,0.5625,0.571428571428571,0.579365079365079,0.587301587301587,
0.591269841269841,0.595238095238095,0.601190476190476,0.607142857142857,
0.613095238095238,0.619047619047619,0.625,0.630952380952381,0.636904761904762,
0.642857142857143,0.646825396825397,0.650793650793651,0.658730158730159,
0.666666666666667,0.674603174603175,0.682539682539683,0.69047619047619,
0.696428571428571,0.702380952380952,0.708333333333333,0.714285714285714,
0.720238095238095,0.726190476190476,0.732142857142857,0.738095238095238,
0.744047619047619,0.75,0.755952380952381,0.761904761904762,0.767857142857143,
0.773809523809524,0.785714285714286,0.791666666666667,0.797619047619048,
0.803571428571429,0.8125,0.821428571428571,0.830357142857143,0.839285714285714,
0.848214285714286,0.857142857142857,0.866071428571429,0.875,0.883928571428571,
0.892857142857143,0.896825396825397,0.904761904761905,0.910714285714286,
0.916666666666667,0.922619047619048,0.928571428571429,0.930803571428571,
0.933035714285714,0.9375,0.941964285714286,0.946428571428571,0.964285714285714,
0.973214285714286,0.982142857142857,0.991071428571429,1.),.UNSPECIFIED.);
#63=ADVANCED_FACE('',(#15),#59,.T.);
#64=ADVANCED_FACE('',(#16),#60,.T.);
#65=ADVANCED_FACE('',(#17),#61,.F.);
#66=ADVANCED_FACE('',(#18),#62,.F.);
#67=CLOSED_SHELL('',(#63,#64));
#68=CLOSED_SHELL('',(#65,#66));
#69=BREP_WITH_VOIDS('Body2',#67,(#14));
#70=DERIVED_UNIT_ELEMENT(#72,1.);
#71=DERIVED_UNIT_ELEMENT(#3977,-3.);
#72=(
MASS_UNIT()
NAMED_UNIT(*)
SI_UNIT(.KILO.,.GRAM.)
);
#73=DERIVED_UNIT((#70,#71));
#74=MEASURE_REPRESENTATION_ITEM('density measure',
POSITIVE_RATIO_MEASURE(7850.),#73);
#75=PROPERTY_DEFINITION_REPRESENTATION(#80,#77);
#76=PROPERTY_DEFINITION_REPRESENTATION(#81,#78);
#77=REPRESENTATION('material name',(#79),#3974);
#78=REPRESENTATION('density',(#74),#3974);
#79=DESCRIPTIVE_REPRESENTATION_ITEM('Steel','Steel');
#80=PROPERTY_DEFINITION('material property','material name',#3984);
#81=PROPERTY_DEFINITION('material property','density of part',#3984);
#82=AXIS2_PLACEMENT_3D('',#91,#85,#86);
#83=AXIS2_PLACEMENT_3D('',#1138,#87,#88);
#84=AXIS2_PLACEMENT_3D('',#1235,#89,#90);
#85=DIRECTION('axis',(0.,0.,1.));
#86=DIRECTION('refdir',(1.,0.,0.));
#87=DIRECTION('center_axis',(0.0460124365499199,0.32002352560845,0.946291603439383));
#88=DIRECTION('ref_axis',(-0.989821441880932,0.14231483827329,-3.36036753978419E-13));
#89=DIRECTION('center_axis',(-0.114215399060962,-0.794385549358029,-0.596578948328289));
#90=DIRECTION('ref_axis',(0.989821441880932,-0.142314838273291,0.));
#91=CARTESIAN_POINT('',(0.,0.,0.));
#92=CARTESIAN_POINT('Ctrl Pts',(-56.9147329081536,8.18310320071393,8.6540150046055E-13));
#93=CARTESIAN_POINT('Ctrl Pts',(-56.7307256984235,9.46290145550395,3.71950174104926));
#94=CARTESIAN_POINT('Ctrl Pts',(-55.0178686740421,11.1746887869866,9.27886260682962));
#95=CARTESIAN_POINT('Ctrl Pts',(-50.3626874918983,12.972707978375,14.574913650701));
#96=CARTESIAN_POINT('Ctrl Pts',(-45.9058574023838,14.098023402282,17.1869790254192));
#97=CARTESIAN_POINT('Ctrl Pts',(-40.5339044066329,15.0463935123996,18.2543579963853));
#98=CARTESIAN_POINT('Ctrl Pts',(-34.230717179956,15.8414240519781,17.5947826302103));
#99=CARTESIAN_POINT('Ctrl Pts',(-27.1113629358748,16.4861517079396,15.0981206391321));
#100=CARTESIAN_POINT('Ctrl Pts',(-16.8105456116278,17.1256357292525,9.56646200871246));
#101=CARTESIAN_POINT('Ctrl Pts',(-2.94409725937895,17.5089824776299,-0.575310005146523));
#102=CARTESIAN_POINT('Ctrl Pts',(11.2126700511376,17.3248382118597,-11.2670197187772));
#103=CARTESIAN_POINT('Ctrl Pts',(22.2559826750799,16.8193997567188,-17.80644879334));
#104=CARTESIAN_POINT('Ctrl Pts',(30.298699125383,16.2419290387527,-21.2428282240303));
#105=CARTESIAN_POINT('Ctrl Pts',(37.9892977515465,15.4485587022936,-22.8169556232294));
#106=CARTESIAN_POINT('Ctrl Pts',(45.9215231119917,14.2889320251352,-22.2127609172347));
#107=CARTESIAN_POINT('Ctrl Pts',(51.9556064400594,12.9496509602579,-19.1748072638008));
#108=CARTESIAN_POINT('Ctrl Pts',(55.5439834243226,11.7238164970748,-15.5438190986126));
#109=CARTESIAN_POINT('Ctrl Pts',(57.2612892439772,10.9743800788235,-13.1936347334915));
#110=CARTESIAN_POINT('Ctrl Pts',(59.4933405747985,9.80054138558427,-9.42798836617744));
#111=CARTESIAN_POINT('Ctrl Pts',(61.5189018326292,7.84794081705679,-3.03461647904216));
#112=CARTESIAN_POINT('Ctrl Pts',(61.2805855351396,4.51104306174558,6.7741635196208));
#113=CARTESIAN_POINT('Ctrl Pts',(57.7481241415694,1.06780202676673,14.4150022897639));
#114=CARTESIAN_POINT('Ctrl Pts',(53.0203056165105,-1.87304471878984,18.3952914970736));
#115=CARTESIAN_POINT('Ctrl Pts',(49.6944494813716,-3.6675628591571,19.9746802519632));
#116=CARTESIAN_POINT('Ctrl Pts',(46.7981620791706,-5.10464825319081,20.7432699987826));
#117=CARTESIAN_POINT('Ctrl Pts',(43.6827710996557,-6.54544824828078,21.0028475050453));
#118=CARTESIAN_POINT('Ctrl Pts',(39.2811388422397,-8.46052436261201,20.6686403454645));
#119=CARTESIAN_POINT('Ctrl Pts',(33.3868027491,-10.8271391664457,18.997103067564));
#120=CARTESIAN_POINT('Ctrl Pts',(23.344419854728,-14.5171801461156,13.9696966851144));
#121=CARTESIAN_POINT('Ctrl Pts',(9.96781377248927,-18.891232775814,4.19185096339105));
#122=CARTESIAN_POINT('Ctrl Pts',(-6.45205218079935,-23.5318186186385,-8.83764194104742));
#123=CARTESIAN_POINT('Ctrl Pts',(-19.6392370426157,-26.6525966979321,-16.725581759545));
#124=CARTESIAN_POINT('Ctrl Pts',(-29.3036468601807,-28.5097160183077,-19.4982516117353));
#125=CARTESIAN_POINT('Ctrl Pts',(-35.938280851241,-29.5254891595147,-19.6645266137719));
#126=CARTESIAN_POINT('Ctrl Pts',(-41.8035660470509,-30.1037962326692,-17.9197099961971));
#127=CARTESIAN_POINT('Ctrl Pts',(-48.398146363844,-30.2065427375656,-13.3173294378517));
#128=CARTESIAN_POINT('Ctrl Pts',(-53.1388470347896,-29.0654200234483,-5.23882693922415));
#129=CARTESIAN_POINT('Ctrl Pts',(-54.6110166781922,-26.096720669994,4.65631640537697));
#130=CARTESIAN_POINT('Ctrl Pts',(-53.3173550817106,-22.3754887433545,12.6060972213281));
#131=CARTESIAN_POINT('Ctrl Pts',(-49.9131123425893,-17.9722719137389,18.248081709384));
#132=CARTESIAN_POINT('Ctrl Pts',(-45.2839912376331,-13.3350495483183,21.2302953821908));
#133=CARTESIAN_POINT('Ctrl Pts',(-40.1794374118035,-8.83434657208906,21.9340926886049));
#134=CARTESIAN_POINT('Ctrl Pts',(-34.3953211743815,-4.1676877059344,20.5810978689251));
#135=CARTESIAN_POINT('Ctrl Pts',(-27.4231340391758,1.09805132170637,17.0072158732002));
#136=CARTESIAN_POINT('Ctrl Pts',(-19.2294047126168,6.90374039134186,10.8916018402685));
#137=CARTESIAN_POINT('Ctrl Pts',(-9.89312644562135,13.1230371236306,2.64020120923633));
#138=CARTESIAN_POINT('Ctrl Pts',(-0.407822468506752,19.0772320539435,-5.81722211867042));
#139=CARTESIAN_POINT('Ctrl Pts',(7.91892004111726,23.9843672137925,-12.2590157157333));
#140=CARTESIAN_POINT('Ctrl Pts',(14.9224099757059,27.8641996131627,-16.3186564756339));
#141=CARTESIAN_POINT('Ctrl Pts',(20.6189940120073,30.8318820404306,-18.4687884738072));
#142=CARTESIAN_POINT('Ctrl Pts',(25.890589953862,33.3726415806936,-19.1511793307272));
#143=CARTESIAN_POINT('Ctrl Pts',(30.6516372042107,35.4254188377858,-18.4039866524682));
#144=CARTESIAN_POINT('Ctrl Pts',(34.8660974894093,36.9562670636513,-16.3415608871119));
#145=CARTESIAN_POINT('Ctrl Pts',(39.1087270955442,38.0749939794413,-12.5830813080272));
#146=CARTESIAN_POINT('Ctrl Pts',(42.8413558860839,38.2757915801332,-6.69104874864639));
#147=CARTESIAN_POINT('Ctrl Pts',(45.2035195741337,36.8397371298306,0.983746695175813));
#148=CARTESIAN_POINT('Ctrl Pts',(45.6046621176161,33.7454064555367,8.37078860066524));
#149=CARTESIAN_POINT('Ctrl Pts',(44.2049380301629,29.2400109679506,14.1858655951888));
#150=CARTESIAN_POINT('Ctrl Pts',(41.3633681473756,23.6986288490881,17.5658130158767));
#151=CARTESIAN_POINT('Ctrl Pts',(37.2300719517872,17.127121475451,18.1299632817115));
#152=CARTESIAN_POINT('Ctrl Pts',(31.8538870533737,9.51917838054787,15.437777906445));
#153=CARTESIAN_POINT('Ctrl Pts',(21.9912795941919,-3.3518782657844,6.53824351158655));
#154=CARTESIAN_POINT('Ctrl Pts',(11.1861328676055,-16.011009088182,-7.27275885426806));
#155=CARTESIAN_POINT('Ctrl Pts',(0.998272158874681,-26.8683322615912,-16.5341773526803));
#156=CARTESIAN_POINT('Ctrl Pts',(-4.96795563399552,-32.9553403173113,-20.7116804339821));
#157=CARTESIAN_POINT('Ctrl Pts',(-11.7584183619705,-39.4559365569911,-23.2340158833259));
#158=CARTESIAN_POINT('Ctrl Pts',(-19.1735294136229,-45.8211739900951,-22.2516242700648));
#159=CARTESIAN_POINT('Ctrl Pts',(-25.7225324421056,-50.4657193558296,-17.4458970625262));
#160=CARTESIAN_POINT('Ctrl Pts',(-30.3965428738698,-52.6164531046959,-10.5710995451571));
#161=CARTESIAN_POINT('Ctrl Pts',(-33.4879195270712,-52.7752482662951,-3.30912385474742));
#162=CARTESIAN_POINT('Ctrl Pts',(-35.3517740902446,-51.4958028448337,3.46581198406687));
#163=CARTESIAN_POINT('Ctrl Pts',(-36.2997261014286,-48.8015487893726,9.92691083725529));
#164=CARTESIAN_POINT('Ctrl Pts',(-36.3741241926664,-44.3028431716442,16.1587037907119));
#165=CARTESIAN_POINT('Ctrl Pts',(-35.2585972626542,-37.5377560907419,21.0334465299804));
#166=CARTESIAN_POINT('Ctrl Pts',(-32.7927310337256,-28.5086944870998,22.7486323502701));
#167=CARTESIAN_POINT('Ctrl Pts',(-28.9253928553598,-17.0711190876926,20.2623869485257));
#168=CARTESIAN_POINT('Ctrl Pts',(-23.5227294898137,-3.35376148311494,12.0349472702298));
#169=CARTESIAN_POINT('Ctrl Pts',(-16.5760576764177,12.2644935809252,-0.940866547447674));
#170=CARTESIAN_POINT('Ctrl Pts',(-10.4064092777859,24.7427383632643,-10.8440533954553));
#171=CARTESIAN_POINT('Ctrl Pts',(-5.49516084675461,33.8536339526291,-16.0357527684979));
#172=CARTESIAN_POINT('Ctrl Pts',(-1.90553993197609,40.0705309825166,-18.2201368142672));
#173=CARTESIAN_POINT('Ctrl Pts',(1.50301182858224,45.5003905807415,-18.5374604110827));
#174=CARTESIAN_POINT('Ctrl Pts',(4.69603730675823,50.0405927369151,-17.0795598398526));
#175=CARTESIAN_POINT('Ctrl Pts',(7.67948540752591,53.637881097497,-14.0154868438922));
#176=CARTESIAN_POINT('Ctrl Pts',(11.3540272323268,57.0109250834127,-8.09623641153038));
#177=CARTESIAN_POINT('Ctrl Pts',(15.176065827652,58.0302948556158,1.85233300776274));
#178=CARTESIAN_POINT('Ctrl Pts',(17.587753540365,54.1403055089442,11.5937563895485));
#179=CARTESIAN_POINT('Ctrl Pts',(18.6854674304843,48.4728969709192,17.1242118385592));
#180=CARTESIAN_POINT('Ctrl Pts',(19.1291715730599,43.1218918909097,19.7578513442594));
#181=CARTESIAN_POINT('Ctrl Pts',(19.2292846661527,36.840841721103,20.5889062625266));
#182=CARTESIAN_POINT('Ctrl Pts',(19.024981355288,29.8151569765467,19.4790075999272));
#183=CARTESIAN_POINT('Ctrl Pts',(18.5514242313999,22.2310065949451,16.5082951294136));
#184=CARTESIAN_POINT('Ctrl Pts',(17.6027268223065,11.600475569781,10.4454649297003));
#185=CARTESIAN_POINT('Ctrl Pts',(16.5756875884195,3.26831554914584,4.184413124212));
#186=CARTESIAN_POINT('Ctrl Pts',(15.7795762330558,-2.26876055075208,2.39912256727592E-13));
#187=CARTESIAN_POINT('Ctrl Pts',(-56.8139989840091,8.88372303243841,-0.241838605690037));
#188=CARTESIAN_POINT('Ctrl Pts',(-56.6362258551805,10.1641333767036,3.47667234060871));
#189=CARTESIAN_POINT('Ctrl Pts',(-54.930898624019,11.8732013577291,9.02312439485955));
#190=CARTESIAN_POINT('Ctrl Pts',(-50.3228078322966,13.6600103301635,14.2799563637964));
#191=CARTESIAN_POINT('Ctrl Pts',(-45.92364028249,14.7753146047112,16.8668615710855));
#192=CARTESIAN_POINT('Ctrl Pts',(-40.6215348569097,15.7163624823305,17.930430693105));
#193=CARTESIAN_POINT('Ctrl Pts',(-34.3756834018376,16.5085338511092,17.2870343923973));
#194=CARTESIAN_POINT('Ctrl Pts',(-27.2911115515737,17.1546732353642,14.8134135738062));
#195=CARTESIAN_POINT('Ctrl Pts',(-17.0118230979729,17.798238369805,9.30691932739611));
#196=CARTESIAN_POINT('Ctrl Pts',(-3.13877042444232,18.1888973368303,-0.819559378568204));
#197=CARTESIAN_POINT('Ctrl Pts',(11.0523479494336,18.0109433434008,-11.5212547055134));
#198=CARTESIAN_POINT('Ctrl Pts',(22.1529117345275,17.5083566462485,-18.0818956469608));
#199=CARTESIAN_POINT('Ctrl Pts',(30.2613806317914,16.9299186799213,-21.538892428858));
#200=CARTESIAN_POINT('Ctrl Pts',(38.0494659059008,16.1306455850705,-23.1265255068687));
#201=CARTESIAN_POINT('Ctrl Pts',(46.1252930033093,14.9541344470885,-22.505365090593));
#202=CARTESIAN_POINT('Ctrl Pts',(52.2866727801269,13.5899813655484,-19.3940977561716));
#203=CARTESIAN_POINT('Ctrl Pts',(55.94487679911,12.3417398629111,-15.6829247664659));
#204=CARTESIAN_POINT('Ctrl Pts',(57.6937871916227,11.5793497295046,-13.2831692031674));
#205=CARTESIAN_POINT('Ctrl Pts',(59.9648174804353,10.3858736553757,-9.44042855275242));
#206=CARTESIAN_POINT('Ctrl Pts',(62.0202802006318,8.40184646621116,-2.92490847971178));
#207=CARTESIAN_POINT('Ctrl Pts',(61.7684538837924,5.00810214452765,7.07883912085102));
#208=CARTESIAN_POINT('Ctrl Pts',(58.1435042118289,1.48516246007569,14.9206641459146));
#209=CARTESIAN_POINT('Ctrl Pts',(53.2501154277411,-1.54776100774431,19.0359565248618));
#210=CARTESIAN_POINT('Ctrl Pts',(49.805086411795,-3.40060668281351,20.6680673868014));
#211=CARTESIAN_POINT('Ctrl Pts',(46.8087482604605,-4.88196802891999,21.4605392502727));
#212=CARTESIAN_POINT('Ctrl Pts',(43.5960769158253,-6.36279641449752,21.7257817187753));
#213=CARTESIAN_POINT('Ctrl Pts',(39.0765848320535,-8.32291863901765,21.379741544186));
#214=CARTESIAN_POINT('Ctrl Pts',(33.0678831542773,-10.726583499665,19.6704174746095));
#215=CARTESIAN_POINT('Ctrl Pts',(22.9131581697214,-14.4448343357752,14.5806246206861));
#216=CARTESIAN_POINT('Ctrl Pts',(9.48639111108869,-18.8182384682912,4.75957271303915));
#217=CARTESIAN_POINT('Ctrl Pts',(-6.91322506422362,-23.4337697485799,-8.25603314759991));
#218=CARTESIAN_POINT('Ctrl Pts',(-19.9971298718063,-26.512731514474,-16.0741903713829));
#219=CARTESIAN_POINT('Ctrl Pts',(-29.4663143045845,-28.3186828350189,-18.7852751750561));
#220=CARTESIAN_POINT('Ctrl Pts',(-35.8869442522284,-29.2916310814705,-18.9428069829889));
#221=CARTESIAN_POINT('Ctrl Pts',(-41.5098855195931,-29.8359750006632,-17.2686437778144));
#222=CARTESIAN_POINT('Ctrl Pts',(-47.8373463568283,-29.9235779348247,-12.8626553780175));
#223=CARTESIAN_POINT('Ctrl Pts',(-52.4425163058057,-28.8092884041886,-5.04516226524032));
#224=CARTESIAN_POINT('Ctrl Pts',(-53.8796578666556,-25.9053489257765,4.58794534329643));
#225=CARTESIAN_POINT('Ctrl Pts',(-52.6211135721232,-22.2738100379377,12.3113024319274));
#226=CARTESIAN_POINT('Ctrl Pts',(-49.3304828261526,-18.0076910989887,17.7555412077612));
#227=CARTESIAN_POINT('Ctrl Pts',(-44.8750234971323,-13.5328769409574,20.6213138475621));
#228=CARTESIAN_POINT('Ctrl Pts',(-39.9394472375355,-9.17109814555174,21.3012686007159));
#229=CARTESIAN_POINT('Ctrl Pts',(-34.2914137032031,-4.60316951269011,19.977094171304));
#230=CARTESIAN_POINT('Ctrl Pts',(-27.4209495901832,0.596250083788013,16.4496909740175));
#231=CARTESIAN_POINT('Ctrl Pts',(-19.2928752375289,6.36807914369874,10.3729846106407));
#232=CARTESIAN_POINT('Ctrl Pts',(-9.99074759988956,12.5770889445364,2.13890971659077));
#233=CARTESIAN_POINT('Ctrl Pts',(-0.511831713978933,18.5400188495194,-6.32678473123505));
#234=CARTESIAN_POINT('Ctrl Pts',(7.83848141991677,23.4723797669561,-12.7988592523617));
#235=CARTESIAN_POINT('Ctrl Pts',(14.895469045306,27.3912564523207,-16.898624736136));
#236=CARTESIAN_POINT('Ctrl Pts',(20.6694389470951,30.4082817021017,-19.0860692125862));
#237=CARTESIAN_POINT('Ctrl Pts',(26.0583735711098,33.0135684224474,-19.7907200639349));
#238=CARTESIAN_POINT('Ctrl Pts',(30.9643759503223,35.1379607784651,-19.0264956215326));
#239=CARTESIAN_POINT('Ctrl Pts',(35.3204067241869,36.7279498276379,-16.8968098198419));
#240=CARTESIAN_POINT('Ctrl Pts',(39.6893554519639,37.8889628452825,-13.0259253381398));
#241=CARTESIAN_POINT('Ctrl Pts',(43.505212031614,38.1022149108785,-6.99894002287282));
#242=CARTESIAN_POINT('Ctrl Pts',(45.9079910444665,36.6528367130357,0.805572421609829));
#243=CARTESIAN_POINT('Ctrl Pts',(46.3180405277734,33.52462491925,8.30296346079473));
#244=CARTESIAN_POINT('Ctrl Pts',(44.9017150706134,28.9636796801388,14.2112642472661));
#245=CARTESIAN_POINT('Ctrl Pts',(42.0175454490999,23.3430023771452,17.6538081156014));
#246=CARTESIAN_POINT('Ctrl Pts',(37.8346692824017,16.6975618771631,18.2327339543834));
#247=CARTESIAN_POINT('Ctrl Pts',(32.4222205570867,9.04226601691906,15.5339394257934));
#248=CARTESIAN_POINT('Ctrl Pts',(22.5217037672541,-3.8732852306445,6.62288079912458));
#249=CARTESIAN_POINT('Ctrl Pts',(11.6963528901073,-16.5514638283419,-7.18851211766815));
#250=CARTESIAN_POINT('Ctrl Pts',(1.49509083882686,-27.4197081363014,-16.4409356361192));
#251=CARTESIAN_POINT('Ctrl Pts',(-4.47698681548988,-33.5107509186054,-20.6113376559639));
#252=CARTESIAN_POINT('Ctrl Pts',(-11.2704580149888,-40.0120825410855,-23.1233413243461));
#253=CARTESIAN_POINT('Ctrl Pts',(-18.687878781152,-46.3769183556179,-22.1287863535578));
#254=CARTESIAN_POINT('Ctrl Pts',(-25.2432607853544,-51.0234318269699,-17.3070795380438));
#255=CARTESIAN_POINT('Ctrl Pts',(-29.9275252619103,-53.1753249961023,-10.4032236597945));
#256=CARTESIAN_POINT('Ctrl Pts',(-33.0283497092726,-53.3282595928625,-3.10011378550666));
#257=CARTESIAN_POINT('Ctrl Pts',(-34.8992066275663,-52.0342800645771,3.72406968754593));
#258=CARTESIAN_POINT('Ctrl Pts',(-35.8495835574496,-49.3082472610767,10.2476709807852));
#259=CARTESIAN_POINT('Ctrl Pts',(-35.9182092772625,-44.7461199692667,16.5602939250347));
#260=CARTESIAN_POINT('Ctrl Pts',(-34.7744782510232,-37.8531541783561,21.5211179264164));
#261=CARTESIAN_POINT('Ctrl Pts',(-32.2518876159375,-28.6484508456419,23.2567613818461));
#262=CARTESIAN_POINT('Ctrl Pts',(-28.3271986204876,-17.0748863022668,20.7179217255165));
#263=CARTESIAN_POINT('Ctrl Pts',(-22.8921829203534,-3.30855851467344,12.4358379316461));
#264=CARTESIAN_POINT('Ctrl Pts',(-15.936090256009,12.2993782913959,-0.554648081032243));
#265=CARTESIAN_POINT('Ctrl Pts',(-9.77934329224531,24.7258487960967,-10.432373147256));
#266=CARTESIAN_POINT('Ctrl Pts',(-4.90573187101299,33.748548555765,-15.5834416576639));
#267=CARTESIAN_POINT('Ctrl Pts',(-1.36634673560785,39.8637620360078,-17.7375744957519));
#268=CARTESIAN_POINT('Ctrl Pts',(1.96168489942441,45.1520380643853,-18.0479868764166));
#269=CARTESIAN_POINT('Ctrl Pts',(5.05255135733253,49.5337685711495,-16.6441962278238));
#270=CARTESIAN_POINT('Ctrl Pts',(7.93807125450607,53.0033748042327,-13.694690473704));
#271=CARTESIAN_POINT('Ctrl Pts',(11.5108553583112,56.2749076100711,-7.96811661978359));
#272=CARTESIAN_POINT('Ctrl Pts',(15.2537803126409,57.2743230725503,1.72784462606836));
#273=CARTESIAN_POINT('Ctrl Pts',(17.6116977713474,53.4827646078799,11.1929657649843));
#274=CARTESIAN_POINT('Ctrl Pts',(18.6786438085296,48.0258072011028,16.5078479825925));
#275=CARTESIAN_POINT('Ctrl Pts',(19.1135226984579,42.9017069249208,19.0281454141987));
#276=CARTESIAN_POINT('Ctrl Pts',(19.2193088432399,36.861857308839,19.8304080779925));
#277=CARTESIAN_POINT('Ctrl Pts',(19.0314514569536,30.024243869789,18.7551233015951));
#278=CARTESIAN_POINT('Ctrl Pts',(18.5746838764336,22.5609069533701,15.8346905306023));
#279=CARTESIAN_POINT('Ctrl Pts',(17.6478398547872,12.0234672976866,9.82753008774716));
#280=CARTESIAN_POINT('Ctrl Pts',(16.6329875303668,3.71081647373947,3.58410548913088));
#281=CARTESIAN_POINT('Ctrl Pts',(15.8430828078881,-1.82706262078105,-0.600309284364146));
#282=CARTESIAN_POINT('Ctrl Pts',(-57.3218848477799,10.3793634359312,-0.722949340723653));
#283=CARTESIAN_POINT('Ctrl Pts',(-57.1519761604011,11.692801263592,3.1067478214897));
#284=CARTESIAN_POINT('Ctrl Pts',(-55.4243211047683,13.4359941857643,8.78931012967682));
#285=CARTESIAN_POINT('Ctrl Pts',(-50.7314187516106,15.2591358722422,14.1871510989398));
#286=CARTESIAN_POINT('Ctrl Pts',(-46.2462829039849,16.3960638034712,16.8464902651939));
#287=CARTESIAN_POINT('Ctrl Pts',(-40.8547938562943,17.3519774145829,17.9479259591871));
#288=CARTESIAN_POINT('Ctrl Pts',(-34.5347419048542,18.1524927065088,17.3138039486795));
#289=CARTESIAN_POINT('Ctrl Pts',(-27.393229142596,18.8029107966495,14.8419636550903));
#290=CARTESIAN_POINT('Ctrl Pts',(-17.0540069347918,19.449225915762,9.33275085741731));
#291=CARTESIAN_POINT('Ctrl Pts',(-3.12268030958633,19.8402526611252,-0.793685652881732));
#292=CARTESIAN_POINT('Ctrl Pts',(11.1232079580816,19.660648703101,-11.4942585881087));
#293=CARTESIAN_POINT('Ctrl Pts',(22.2721310795551,19.1549726995232,-18.050281594839));
#294=CARTESIAN_POINT('Ctrl Pts',(30.4220192407534,18.5729607866123,-21.5035014710271));
#295=CARTESIAN_POINT('Ctrl Pts',(38.2605975933723,17.7677577393685,-23.0798674608108));
#296=CARTESIAN_POINT('Ctrl Pts',(46.4065037912769,16.5801631162863,-22.4327354140109));
#297=CARTESIAN_POINT('Ctrl Pts',(52.6357942450036,15.1994393706504,-19.2646719452003));
#298=CARTESIAN_POINT('Ctrl Pts',(56.3365044121214,13.9342024273114,-15.4898132790369));
#299=CARTESIAN_POINT('Ctrl Pts',(58.1047942435435,13.1609616440199,-13.0474828830115));
#300=CARTESIAN_POINT('Ctrl Pts',(60.3998709920158,11.9500135141527,-9.13565432618157));
#301=CARTESIAN_POINT('Ctrl Pts',(62.4760361879574,9.93309048544004,-2.49498537826079));
#302=CARTESIAN_POINT('Ctrl Pts',(62.1932982147999,6.46898560989883,7.74070702186344));
#303=CARTESIAN_POINT('Ctrl Pts',(58.4319125303932,2.83330133854089,15.858762991156));
#304=CARTESIAN_POINT('Ctrl Pts',(53.2852843225294,-0.337645844915391,20.1673505901067));
#305=CARTESIAN_POINT('Ctrl Pts',(49.6571119204939,-2.27897022825775,21.8743334093072));
#306=CARTESIAN_POINT('Ctrl Pts',(46.5059034163679,-3.82790239989303,22.6983580211438));
#307=CARTESIAN_POINT('Ctrl Pts',(43.1425769017299,-5.36990736760238,22.9675298100192));
#308=CARTESIAN_POINT('Ctrl Pts',(38.4406424203043,-7.39874730681933,22.5970281757524));
#309=CARTESIAN_POINT('Ctrl Pts',(32.2560577582595,-9.85798770835474,20.82114401869));
#310=CARTESIAN_POINT('Ctrl Pts',(21.9347016036441,-13.6152227504036,15.6243854864527));
#311=CARTESIAN_POINT('Ctrl Pts',(8.44638371841993,-17.9797800474639,5.72977731162284));
#312=CARTESIAN_POINT('Ctrl Pts',(-7.88970071750524,-22.5443214552779,-7.26267355182791));
#313=CARTESIAN_POINT('Ctrl Pts',(-20.7694687882939,-25.5451009349525,-14.9612952700713));
#314=CARTESIAN_POINT('Ctrl Pts',(-29.8729551207755,-27.2573058665937,-17.5701432289451));
#315=CARTESIAN_POINT('Ctrl Pts',(-35.8969699289816,-28.1522550165779,-17.7202305346622));
#316=CARTESIAN_POINT('Ctrl Pts',(-41.0693907936158,-28.634870708974,-16.1860887442823));
#317=CARTESIAN_POINT('Ctrl Pts',(-46.8952158082997,-28.6967556579286,-12.1620595981158));
#318=CARTESIAN_POINT('Ctrl Pts',(-51.237639164886,-27.6373996886787,-4.86402245437862));
#319=CARTESIAN_POINT('Ctrl Pts',(-52.6103524438748,-24.8757029318134,4.21104366606416));
#320=CARTESIAN_POINT('Ctrl Pts',(-51.4396509431634,-21.449734375998,11.4297221148312));
#321=CARTESIAN_POINT('Ctrl Pts',(-48.4206943037118,-17.5071090041068,16.4164513729885));
#322=CARTESIAN_POINT('Ctrl Pts',(-44.3876686919052,-13.4242983365952,19.0119440841284));
#323=CARTESIAN_POINT('Ctrl Pts',(-39.8645954967048,-9.3996439331548,19.6434811291484));
#324=CARTESIAN_POINT('Ctrl Pts',(-34.5479876389329,-5.06994477068453,18.4007733270427));
#325=CARTESIAN_POINT('Ctrl Pts',(-27.9216708223644,-0.0272195717336514,
14.9962753992134));
#326=CARTESIAN_POINT('Ctrl Pts',(-19.9444433658412,5.67105116959171,9.02259744953396));
#327=CARTESIAN_POINT('Ctrl Pts',(-10.712337586201,11.8662698298334,0.833957743091772));
#328=CARTESIAN_POINT('Ctrl Pts',(-1.22986636182088,17.8650084118839,-7.65300569839139));
#329=CARTESIAN_POINT('Ctrl Pts',(7.19941620602971,22.8738787138251,-14.2042965045363));
#330=CARTESIAN_POINT('Ctrl Pts',(14.4161626988419,26.9061377209509,-18.4094440638871));
#331=CARTESIAN_POINT('Ctrl Pts',(20.4143431232489,30.0638909028155,-20.6928234580625));
#332=CARTESIAN_POINT('Ctrl Pts',(26.1362061234151,32.8508359222527,-21.4519578391187));
#333=CARTESIAN_POINT('Ctrl Pts',(31.456034103313,35.1778147571806,-20.6284824855887));
#334=CARTESIAN_POINT('Ctrl Pts',(36.216750080863,36.9350077366099,-18.2966861135756));
#335=CARTESIAN_POINT('Ctrl Pts',(40.9528839991766,38.2155178962233,-14.0840022911361));
#336=CARTESIAN_POINT('Ctrl Pts',(45.0151821090229,38.4600159058645,-7.63592232186808));
#337=CARTESIAN_POINT('Ctrl Pts',(47.5411727775454,36.954850310795,0.608443503566564));
#338=CARTESIAN_POINT('Ctrl Pts',(47.9690342601511,33.6847307795947,8.51988412922202));
#339=CARTESIAN_POINT('Ctrl Pts',(46.4638857404041,28.8670014905431,14.8215337645267));
#340=CARTESIAN_POINT('Ctrl Pts',(43.3531101664233,22.8425737045442,18.5439524961603));
#341=CARTESIAN_POINT('Ctrl Pts',(38.8978165232815,15.8039642293738,19.1570927692667));
#342=CARTESIAN_POINT('Ctrl Pts',(33.2938401725543,7.91176094538572,16.3762879928981));
#343=CARTESIAN_POINT('Ctrl Pts',(23.2191781047023,-5.18796857063439,7.35398008991539));
#344=CARTESIAN_POINT('Ctrl Pts',(12.337104062858,-17.8908970467529,-6.4644660786785));
#345=CARTESIAN_POINT('Ctrl Pts',(2.16258828458607,-28.7002576408451,-15.6378316666501));
#346=CARTESIAN_POINT('Ctrl Pts',(-3.76145199782777,-34.7248526973811,-19.7475625542378));
#347=CARTESIAN_POINT('Ctrl Pts',(-10.4389826630008,-41.0950168124669,-22.1799926697223));
#348=CARTESIAN_POINT('Ctrl Pts',(-17.6254455366003,-47.239357097221,-21.1832167298343));
#349=CARTESIAN_POINT('Ctrl Pts',(-23.9667805320616,-51.7172682221257,-16.5063854321085));
#350=CARTESIAN_POINT('Ctrl Pts',(-28.5453884412766,-53.805776268152,-9.75017971152489));
#351=CARTESIAN_POINT('Ctrl Pts',(-31.5954257737171,-53.9372589338637,-2.54678798851463));
#352=CARTESIAN_POINT('Ctrl Pts',(-33.4427827262376,-52.6378126824108,4.21659361018269));
#353=CARTESIAN_POINT('Ctrl Pts',(-34.3807546663316,-49.9063133183741,10.7081256170715));
#354=CARTESIAN_POINT('Ctrl Pts',(-34.4404529357276,-45.3277904893664,17.0126319251468));
#355=CARTESIAN_POINT('Ctrl Pts',(-33.281232169415,-38.3844031227057,21.9863673550937));
#356=CARTESIAN_POINT('Ctrl Pts',(-30.7278744876584,-29.0953702808092,23.7111318987042));
#357=CARTESIAN_POINT('Ctrl Pts',(-26.7724579139768,-17.4590861424009,21.1211396309054));
#358=CARTESIAN_POINT('Ctrl Pts',(-21.3259245554009,-3.69191646455761,12.7913683587169));
#359=CARTESIAN_POINT('Ctrl Pts',(-14.3794639767486,11.8669183331035,-0.21246789519726));
#360=CARTESIAN_POINT('Ctrl Pts',(-8.25117929064156,24.2131168045982,-10.0684967693358));
#361=CARTESIAN_POINT('Ctrl Pts',(-3.42848298032067,33.1250717280816,-15.1848125547022));
#362=CARTESIAN_POINT('Ctrl Pts',(0.0491184723633135,39.1201958761156,-17.3163425550446));
#363=CARTESIAN_POINT('Ctrl Pts',(3.28271386388203,44.2459899599742,-17.6302379686945));
#364=CARTESIAN_POINT('Ctrl Pts',(6.25330645368683,48.4450329479289,-16.3016009301774));
#365=CARTESIAN_POINT('Ctrl Pts',(9.02024347270218,51.7640491925196,-13.5007428097145));
#366=CARTESIAN_POINT('Ctrl Pts',(12.4633001913442,54.9133144811524,-8.03356040140792));
#367=CARTESIAN_POINT('Ctrl Pts',(16.0927415251442,55.8920320162901,1.29107121065356));
#368=CARTESIAN_POINT('Ctrl Pts',(18.3630486675872,52.2732826577299,10.2973538281053));
#369=CARTESIAN_POINT('Ctrl Pts',(19.3773590890003,47.1974981477668,15.236160601625));
#370=CARTESIAN_POINT('Ctrl Pts',(19.7977633880007,42.4907570795975,17.5577817393169));
#371=CARTESIAN_POINT('Ctrl Pts',(19.9153326668013,36.8974180134497,18.3149498019346));
#372=CARTESIAN_POINT('Ctrl Pts',(19.7593537324101,30.407175454216,17.3135472405834));
#373=CARTESIAN_POINT('Ctrl Pts',(19.3346358062225,23.1632657404634,14.4937567056575));
#374=CARTESIAN_POINT('Ctrl Pts',(18.4491928157348,12.7875074336928,8.5985413733156));
#375=CARTESIAN_POINT('Ctrl Pts',(17.4566667776506,4.49929317203729,2.38967253239693));
#376=CARTESIAN_POINT('Ctrl Pts',(16.6777066916671,-1.05019017877131,-1.79455715981313));
#377=CARTESIAN_POINT('Ctrl Pts',(-59.6440413703678,11.2432532768646,-0.902193235905445));
#378=CARTESIAN_POINT('Ctrl Pts',(-59.4637337315413,12.6615973839406,3.29839978680725));
#379=CARTESIAN_POINT('Ctrl Pts',(-57.5935444415544,14.5424980865264,9.53667293671639));
#380=CARTESIAN_POINT('Ctrl Pts',(-52.3420773434248,16.5514979905231,15.6296819334602));
#381=CARTESIAN_POINT('Ctrl Pts',(-47.2271065869952,17.8206221976569,18.6820469922765));
#382=CARTESIAN_POINT('Ctrl Pts',(-41.125573511917,18.8695669763817,19.9335717789266));
#383=CARTESIAN_POINT('Ctrl Pts',(-34.2181108867763,19.715608986212,19.2387163157261));
#384=CARTESIAN_POINT('Ctrl Pts',(-26.6790708183105,20.3726766759186,16.6394895143176));
#385=CARTESIAN_POINT('Ctrl Pts',(-16.0117251652253,21.0047883647831,10.975353070769));
#386=CARTESIAN_POINT('Ctrl Pts',(-1.91644624633025,21.3547990246522,0.759613572244595));
#387=CARTESIAN_POINT('Ctrl Pts',(12.3060213980568,21.1337058005186,-9.87782714876398));
#388=CARTESIAN_POINT('Ctrl Pts',(23.2777348761348,20.6015599250586,-16.2949833642385));
#389=CARTESIAN_POINT('Ctrl Pts',(31.1760972787678,20.0138475804899,-19.615667988911));
#390=CARTESIAN_POINT('Ctrl Pts',(38.6057376174299,19.2245065257703,-21.0776879441137));
#391=CARTESIAN_POINT('Ctrl Pts',(46.1393453152442,18.0997626218741,-20.4456079789271));
#392=CARTESIAN_POINT('Ctrl Pts',(51.836058325956,16.8123014198258,-17.5246265379234));
#393=CARTESIAN_POINT('Ctrl Pts',(55.2668681183474,15.6224886365763,-14.009510538039));
#394=CARTESIAN_POINT('Ctrl Pts',(56.9140293928091,14.8892122746488,-11.71636391021));
#395=CARTESIAN_POINT('Ctrl Pts',(59.0604302797222,13.7355715117808,-8.02738438463183));
#396=CARTESIAN_POINT('Ctrl Pts',(61.0232316978572,11.7972647682352,-1.69824583279154));
#397=CARTESIAN_POINT('Ctrl Pts',(60.717880389714,8.4347338405013,8.1598154262191));
#398=CARTESIAN_POINT('Ctrl Pts',(57.0453610783101,4.89536068064614,16.0078857638269));
#399=CARTESIAN_POINT('Ctrl Pts',(52.032070022347,1.80860580166217,20.162154989854));
#400=CARTESIAN_POINT('Ctrl Pts',(48.4956745746255,-0.0835840329291868,21.8072165716221));
#401=CARTESIAN_POINT('Ctrl Pts',(45.4181022532107,-1.59655372018465,22.5951937281264));
#402=CARTESIAN_POINT('Ctrl Pts',(42.1261570497924,-3.10630867023135,22.8435974688413));
#403=CARTESIAN_POINT('Ctrl Pts',(37.5108206721114,-5.09856248780504,22.4609504743833));
#404=CARTESIAN_POINT('Ctrl Pts',(31.4160348256792,-7.52357530465454,20.6846757777559));
#405=CARTESIAN_POINT('Ctrl Pts',(21.2023426378679,-11.2439880843926,15.4985136922756));
#406=CARTESIAN_POINT('Ctrl Pts',(7.80946918373173,-15.5809417594009,5.61170386149499));
#407=CARTESIAN_POINT('Ctrl Pts',(-8.4327678136056,-20.1228846120428,-7.38619592657733));
#408=CARTESIAN_POINT('Ctrl Pts',(-21.2387057849157,-23.1093013804282,-15.0997921610712));
#409=CARTESIAN_POINT('Ctrl Pts',(-30.274844898373,-24.8110535527796,-17.7317146977933));
#410=CARTESIAN_POINT('Ctrl Pts',(-36.2391118672449,-25.6988081252379,-17.9092218125017));
#411=CARTESIAN_POINT('Ctrl Pts',(-41.3396358720004,-26.1765507521551,-16.426223054242));
#412=CARTESIAN_POINT('Ctrl Pts',(-47.069809399233,-26.242431021788,-12.5169519847481));
#413=CARTESIAN_POINT('Ctrl Pts',(-51.3369666167622,-25.2117307390372,-5.41883471532192));
#414=CARTESIAN_POINT('Ctrl Pts',(-52.7035256197481,-22.5436403668446,3.34196254628784));
#415=CARTESIAN_POINT('Ctrl Pts',(-51.6189733178017,-19.2741774898044,10.2147918996224));
#416=CARTESIAN_POINT('Ctrl Pts',(-48.8397272146612,-15.6050349321615,14.8413930433675));
#417=CARTESIAN_POINT('Ctrl Pts',(-45.1900130461231,-11.8706491012421,17.222942968607));
#418=CARTESIAN_POINT('Ctrl Pts',(-41.0451644086038,-8.15054313243801,17.8324056362122));
#419=CARTESIAN_POINT('Ctrl Pts',(-36.0310265870246,-4.03331166103552,16.6894941329241));
#420=CARTESIAN_POINT('Ctrl Pts',(-29.6188768180946,0.877562334136376,13.4189278471939));
#421=CARTESIAN_POINT('Ctrl Pts',(-21.7595233734955,6.52831630339646,7.55859996474864));
#422=CARTESIAN_POINT('Ctrl Pts',(-12.5582382421527,12.7385117190779,-0.58072300473957));
#423=CARTESIAN_POINT('Ctrl Pts',(-3.02699630784321,18.8042085116113,-9.08929677001255));
#424=CARTESIAN_POINT('Ctrl Pts',(5.53259936576629,23.9223069424499,-15.7249451971849));
#425=CARTESIAN_POINT('Ctrl Pts',(12.9680657359897,28.1026984133092,-20.0429297289319));
#426=CARTESIAN_POINT('Ctrl Pts',(19.2567895970197,31.4377509381555,-22.4238832808195));
#427=CARTESIAN_POINT('Ctrl Pts',(25.3999893359238,34.4507969960815,-23.2302830942961));
#428=CARTESIAN_POINT('Ctrl Pts',(31.240190236657,37.0282183683897,-22.3090195882866));
#429=CARTESIAN_POINT('Ctrl Pts',(36.5178839107535,38.9943618413555,-19.6973776467009));
#430=CARTESIAN_POINT('Ctrl Pts',(41.7319660981124,40.4226947789431,-15.0086323908753));
#431=CARTESIAN_POINT('Ctrl Pts',(46.1314648626396,40.6976298314099,-7.94461270046593));
#432=CARTESIAN_POINT('Ctrl Pts',(48.8307666477136,39.082481448006,1.00681805052573));
#433=CARTESIAN_POINT('Ctrl Pts',(49.2668143196062,35.5352767993234,9.65413723786265));
#434=CARTESIAN_POINT('Ctrl Pts',(47.5627946708882,30.1850678340842,16.7206298145389));
#435=CARTESIAN_POINT('Ctrl Pts',(43.9484303007766,23.2808129952173,21.0095950403241));
#436=CARTESIAN_POINT('Ctrl Pts',(38.8780693156731,15.3662963083422,21.6549138336516));
#437=CARTESIAN_POINT('Ctrl Pts',(32.8486541798029,6.96037975058176,18.6449471744284));
#438=CARTESIAN_POINT('Ctrl Pts',(22.4154419923227,-6.49475064992112,9.32390454867847));
#439=CARTESIAN_POINT('Ctrl Pts',(11.4620805134034,-19.1712360650986,-4.51534774100398));
#440=CARTESIAN_POINT('Ctrl Pts',(1.45664836285333,-29.7200190164899,-13.4805924905374));
#441=CARTESIAN_POINT('Ctrl Pts',(-4.27136829700325,-35.4989919295938,-17.432635838127));
#442=CARTESIAN_POINT('Ctrl Pts',(-10.537564294548,-41.4219247644357,-19.6648956758142));
#443=CARTESIAN_POINT('Ctrl Pts',(-16.9443785133557,-46.8387257415341,-18.7363338109821));
#444=CARTESIAN_POINT('Ctrl Pts',(-22.5269298612046,-50.7380053015824,-14.6414894527303));
#445=CARTESIAN_POINT('Ctrl Pts',(-26.6878724316532,-52.6069229465323,-8.55490706803241));
#446=CARTESIAN_POINT('Ctrl Pts',(-29.5098943661179,-52.7003943714617,-1.92880951517326));
#447=CARTESIAN_POINT('Ctrl Pts',(-31.2354390329569,-51.4693447705526,4.33734378441628));
#448=CARTESIAN_POINT('Ctrl Pts',(-32.1160476443207,-48.9076747324069,10.3503447994617));
#449=CARTESIAN_POINT('Ctrl Pts',(-32.1791431616555,-44.6521792660585,16.146371039051));
#450=CARTESIAN_POINT('Ctrl Pts',(-31.1329260710855,-38.2938562852412,20.6531144301628));
#451=CARTESIAN_POINT('Ctrl Pts',(-28.8104196290485,-29.7572063343589,22.2201926024981));
#452=CARTESIAN_POINT('Ctrl Pts',(-25.0910604639394,-18.7195607958335,19.7628329492945));
#453=CARTESIAN_POINT('Ctrl Pts',(-19.7993292649808,-5.24702048163231,11.5933098239611));
#454=CARTESIAN_POINT('Ctrl Pts',(-12.9414744619314,10.2049271093515,-1.37021860128657));
#455=CARTESIAN_POINT('Ctrl Pts',(-6.830739318794,22.5905047794972,-11.3049301195117));
#456=CARTESIAN_POINT('Ctrl Pts',(-1.95521797288231,31.6537911052228,-16.5439734112475));
#457=CARTESIAN_POINT('Ctrl Pts',(1.61343017532827,37.8490805904437,-18.7774413848521));
#458=CARTESIAN_POINT('Ctrl Pts',(5.00751292384942,43.2685761815237,-19.142553021912));
#459=CARTESIAN_POINT('Ctrl Pts',(8.17980828465677,47.7933360004488,-17.7449880196793));
#460=CARTESIAN_POINT('Ctrl Pts',(11.1294049886471,51.3641613101717,-14.7642401359741));
#461=CARTESIAN_POINT('Ctrl Pts',(14.7404878217077,54.7054233091928,-9.02628004446401));
#462=CARTESIAN_POINT('Ctrl Pts',(18.4628841244743,55.7390834662361,0.555297023044907));
#463=CARTESIAN_POINT('Ctrl Pts',(20.7605916367073,52.118547216259,9.66585839513991));
#464=CARTESIAN_POINT('Ctrl Pts',(21.7817141794016,47.0726962780791,14.6240195446179));
#465=CARTESIAN_POINT('Ctrl Pts',(22.2063061853183,42.4187039890095,16.9529116397554));
#466=CARTESIAN_POINT('Ctrl Pts',(22.3299814744132,36.8907201675297,17.7303064066707));
#467=CARTESIAN_POINT('Ctrl Pts',(22.1833910260842,30.448826462913,16.7712414427783));
#468=CARTESIAN_POINT('Ctrl Pts',(21.7666142651098,23.2235915086429,13.990706347386));
#469=CARTESIAN_POINT('Ctrl Pts',(20.890265986279,12.837941129154,8.14009043252571));
#470=CARTESIAN_POINT('Ctrl Pts',(19.9006776984805,4.51549927021834,1.94412297164638));
#471=CARTESIAN_POINT('Ctrl Pts',(19.1215936001004,-1.06742658918344,-2.239489324946));
#472=CARTESIAN_POINT('Ctrl Pts',(-61.774441182859,10.0695589631384,-0.401676612126934));
#473=CARTESIAN_POINT('Ctrl Pts',(-61.5692399328824,11.5699025665289,4.09722792611366));
#474=CARTESIAN_POINT('Ctrl Pts',(-59.5613314436583,13.5693836947214,10.8182277779189));
#475=CARTESIAN_POINT('Ctrl Pts',(-53.7381497720283,15.756625813877,17.5705338115946));
#476=CARTESIAN_POINT('Ctrl Pts',(-47.96553345624,17.1582754459607,21.004641945841));
#477=CARTESIAN_POINT('Ctrl Pts',(-41.1102477030374,18.3011487636957,22.3865320878966));
#478=CARTESIAN_POINT('Ctrl Pts',(-33.5801281621193,19.1913385101152,21.6006170332581));
#479=CARTESIAN_POINT('Ctrl Pts',(-25.6302121934564,19.8500742479442,18.8385757141031));
#480=CARTESIAN_POINT('Ctrl Pts',(-14.6429697833114,20.4600697865133,12.9839503757377));
#481=CARTESIAN_POINT('Ctrl Pts',(-0.43284524451814,20.7579499815193,2.65619547276559));
#482=CARTESIAN_POINT('Ctrl Pts',(13.6788727386492,20.4872796693814,-7.90409759672562));
#483=CARTESIAN_POINT('Ctrl Pts',(24.3563030207448,19.9264766008012,-14.1539870049926));
#484=CARTESIAN_POINT('Ctrl Pts',(31.8781590938938,19.3368625609364,-17.3140540039037));
#485=CARTESIAN_POINT('Ctrl Pts',(38.720840159643,18.5760529570612,-18.6491307207727));
#486=CARTESIAN_POINT('Ctrl Pts',(45.382597295873,17.5465633857391,-18.0745172445676));
#487=CARTESIAN_POINT('Ctrl Pts',(50.3131814584873,16.4001960090107,-15.5469782030616));
#488=CARTESIAN_POINT('Ctrl Pts',(53.3422616272701,15.3303533656146,-12.4529567821331));
#489=CARTESIAN_POINT('Ctrl Pts',(54.8085082017686,14.6634885631558,-10.4109149405312));
#490=CARTESIAN_POINT('Ctrl Pts',(56.7323902609338,13.607926024187,-7.10519731506425));
#491=CARTESIAN_POINT('Ctrl Pts',(58.5239752759005,11.8166364283269,-1.35176624722483));
#492=CARTESIAN_POINT('Ctrl Pts',(58.2366473542904,8.68685334536484,7.68495621439555));
#493=CARTESIAN_POINT('Ctrl Pts',(54.8812274715274,5.43707858994933,14.7810202353017));
#494=CARTESIAN_POINT('Ctrl Pts',(50.4156723795693,2.66306480987684,18.4519655367993));
#495=CARTESIAN_POINT('Ctrl Pts',(47.2699597800868,0.965515492107513,19.9070153142444));
#496=CARTESIAN_POINT('Ctrl Pts',(44.5176993226651,-0.400767982173832,20.6025063634462));
#497=CARTESIAN_POINT('Ctrl Pts',(41.541889945763,-1.77811380561189,20.819145765681));
#498=CARTESIAN_POINT('Ctrl Pts',(37.3096340676455,-3.6211468063373,20.4582407864024));
#499=CARTESIAN_POINT('Ctrl Pts',(31.5914913128507,-5.91996294412606,18.7820754862848));
#500=CARTESIAN_POINT('Ctrl Pts',(21.7631709601688,-9.5357398000009,13.7704169381557));
#501=CARTESIAN_POINT('Ctrl Pts',(8.58095815590424,-13.8520443775715,4.00462912401251));
#502=CARTESIAN_POINT('Ctrl Pts',(-7.63994483766143,-18.442586070056,-9.03472671766683));
#503=CARTESIAN_POINT('Ctrl Pts',(-20.6615477772247,-21.5288337640657,-16.9464397321591));
#504=CARTESIAN_POINT('Ctrl Pts',(-30.1638355438535,-23.3585467592095,-19.7609312156332));
#505=CARTESIAN_POINT('Ctrl Pts',(-36.6503262985225,-24.3546424818583,-19.9837490722007));
#506=CARTESIAN_POINT('Ctrl Pts',(-42.3389012289107,-24.9190345284939,-18.3536338902545));
#507=CARTESIAN_POINT('Ctrl Pts',(-48.7041956832828,-25.0285051127928,-14.0130295180955));
#508=CARTESIAN_POINT('Ctrl Pts',(-53.2723523698625,-23.9498369990375,-6.3807779340249));
#509=CARTESIAN_POINT('Ctrl Pts',(-54.727596883215,-21.1843254607842,2.82671721506418));
#510=CARTESIAN_POINT('Ctrl Pts',(-53.6184659461925,-17.8011484631396,10.0262381357339));
#511=CARTESIAN_POINT('Ctrl Pts',(-50.7289331319396,-13.9860986947198,14.8913702462733));
#512=CARTESIAN_POINT('Ctrl Pts',(-46.9230730335762,-10.0976725598759,17.4120320733903));
#513=CARTESIAN_POINT('Ctrl Pts',(-42.630546365983,-6.25107723382796,18.0671477934465));
#514=CARTESIAN_POINT('Ctrl Pts',(-37.4958503159901,-2.04086595535789,16.9269925447142));
#515=CARTESIAN_POINT('Ctrl Pts',(-30.9840503751334,2.94111884718392,13.6394671481351));
#516=CARTESIAN_POINT('Ctrl Pts',(-23.0444269477543,8.64375209959549,7.76604744252918));
#517=CARTESIAN_POINT('Ctrl Pts',(-13.7766437322283,14.8933645969342,-0.379981187119741));
#518=CARTESIAN_POINT('Ctrl Pts',(-4.18951122361404,20.9891948354227,-8.88372542457104));
#519=CARTESIAN_POINT('Ctrl Pts',(4.41244286388569,26.1279004262805,-15.5059982218506));
#520=CARTESIAN_POINT('Ctrl Pts',(11.8805632441498,30.3228111874005,-19.8070543047785));
#521=CARTESIAN_POINT('Ctrl Pts',(18.1954127137144,33.6680804150238,-22.1663111786139));
#522=CARTESIAN_POINT('Ctrl Pts',(24.363527845866,36.6902178571237,-22.9507387202561));
#523=CARTESIAN_POINT('Ctrl Pts',(30.2330721310479,39.276753814558,-21.9965386420461));
#524=CARTESIAN_POINT('Ctrl Pts',(35.5475118155779,41.2525073342795,-19.3398502514225));
#525=CARTESIAN_POINT('Ctrl Pts',(40.8071375233116,42.6862329807765,-14.5699064055164));
#526=CARTESIAN_POINT('Ctrl Pts',(45.2555923302024,42.9522895050665,-7.3715775554592));
#527=CARTESIAN_POINT('Ctrl Pts',(47.9856190287467,41.2842860634713,1.80060912130182));
#528=CARTESIAN_POINT('Ctrl Pts',(48.4046958127893,37.6051763924821,10.7433978663255));
#529=CARTESIAN_POINT('Ctrl Pts',(46.585777289001,31.9765373603498,18.1736566545873));
#530=CARTESIAN_POINT('Ctrl Pts',(42.6823184987229,24.5797703771779,22.7493101357804));
#531=CARTESIAN_POINT('Ctrl Pts',(37.2523336419957,16.1616372295161,23.3818238602538));
#532=CARTESIAN_POINT('Ctrl Pts',(30.9792137831853,7.47059724166041,20.2070516915113));
#533=CARTESIAN_POINT('Ctrl Pts',(20.3600408749671,-6.1507865190646,10.6784981160324));
#534=CARTESIAN_POINT('Ctrl Pts',(9.40328474899493,-18.7559233136726,-3.17628884127805));
#535=CARTESIAN_POINT('Ctrl Pts',(-0.43112922712078,-29.0672983778324,-11.9994594996396));
#536=CARTESIAN_POINT('Ctrl Pts',(-5.98662098115741,-34.6390914494438,-15.8447568193419));
#537=CARTESIAN_POINT('Ctrl Pts',(-11.914819127543,-40.2016074634842,-17.9451394455658));
#538=CARTESIAN_POINT('Ctrl Pts',(-17.6927290496923,-45.0385827802284,-17.1041181221031));
#539=CARTESIAN_POINT('Ctrl Pts',(-22.6504251547216,-48.4692070826403,-13.5179031468761));
#540=CARTESIAN_POINT('Ctrl Pts',(-26.4493424267907,-50.159240883935,-8.04504648942914));
#541=CARTESIAN_POINT('Ctrl Pts',(-29.0634284340791,-50.2377646452143,-1.99042670990849));
#542=CARTESIAN_POINT('Ctrl Pts',(-30.6725912262894,-49.1002522183242,3.74637297267107));
#543=CARTESIAN_POINT('Ctrl Pts',(-31.5006111475587,-46.7591031803521,9.20983866158325));
#544=CARTESIAN_POINT('Ctrl Pts',(-31.5816590355911,-42.9313620184379,14.383306088021));
#545=CARTESIAN_POINT('Ctrl Pts',(-30.7006429419678,-37.3812349955959,18.2870456669838));
#546=CARTESIAN_POINT('Ctrl Pts',(-28.7136073740249,-29.9135542166232,19.673443327792));
#547=CARTESIAN_POINT('Ctrl Pts',(-25.3357666208393,-19.7176131942718,17.4611014522693));
#548=CARTESIAN_POINT('Ctrl Pts',(-20.2543435395234,-6.61241168019526,9.56475819438019));
#549=CARTESIAN_POINT('Ctrl Pts',(-13.4925687000665,8.78092193865819,-3.3277347588891));
#550=CARTESIAN_POINT('Ctrl Pts',(-7.36130699942158,21.3361340421807,-13.3932981219282));
#551=CARTESIAN_POINT('Ctrl Pts',(-2.34322006414879,30.7553621925729,-18.8385121530539));
#552=CARTESIAN_POINT('Ctrl Pts',(1.43213113882159,37.3816287126102,-21.2338726821671));
#553=CARTESIAN_POINT('Ctrl Pts',(5.1690431932291,43.4130788505988,-21.658156995529));
#554=CARTESIAN_POINT('Ctrl Pts',(8.77470865391239,48.6203318250847,-20.0613173216664));
#555=CARTESIAN_POINT('Ctrl Pts',(12.1312246501584,52.7326636224473,-16.631655849262));
#556=CARTESIAN_POINT('Ctrl Pts',(16.1477147779401,56.4979264269004,-10.1641820112502));
#557=CARTESIAN_POINT('Ctrl Pts',(20.1558718978418,57.629637522636,0.296395264641413));
#558=CARTESIAN_POINT('Ctrl Pts',(22.6190614117894,53.745924328621,10.2268895675718));
#559=CARTESIAN_POINT('Ctrl Pts',(23.7277021628927,48.1635855415833,15.7749130222034));
#560=CARTESIAN_POINT('Ctrl Pts',(24.1792080679266,42.9474038612616,18.4116553846079));
#561=CARTESIAN_POINT('Ctrl Pts',(24.2927012422542,36.8291957984642,19.2820225274563));
#562=CARTESIAN_POINT('Ctrl Pts',(24.1098352616699,29.9249997890261,18.2646541973749));
#563=CARTESIAN_POINT('Ctrl Pts',(23.6547114062009,22.3928868267783,15.3816440582949));
#564=CARTESIAN_POINT('Ctrl Pts',(22.7274283209042,11.7514222100058,9.41838549934676));
#565=CARTESIAN_POINT('Ctrl Pts',(21.7077897962127,3.34953876628281,3.18604497692639));
#566=CARTESIAN_POINT('Ctrl Pts',(20.9120762194667,-2.25790828339206,-0.99707074841241));
#567=CARTESIAN_POINT('Ctrl Pts',(-62.1082077197073,7.74098201781806,0.402046904521501));
#568=CARTESIAN_POINT('Ctrl Pts',(-61.8824101280606,9.23825297287598,4.90056332682129));
#569=CARTESIAN_POINT('Ctrl Pts',(-59.8425987170445,11.2485809130179,11.6698069973139));
#570=CARTESIAN_POINT('Ctrl Pts',(-53.866508345068,13.4716565541041,18.5467986573122));
#571=CARTESIAN_POINT('Ctrl Pts',(-47.9046141823374,14.9062120725762,22.063442462771));
#572=CARTESIAN_POINT('Ctrl Pts',(-40.8209799213597,16.0730154663921,23.4576524902043));
#573=CARTESIAN_POINT('Ctrl Pts',(-33.1028635757915,16.9727372963014,22.6195235293863));
#574=CARTESIAN_POINT('Ctrl Pts',(-25.0386578139035,17.6269790567541,19.7824405435195));
#575=CARTESIAN_POINT('Ctrl Pts',(-13.9811779539478,18.2237198421927,13.8458587581666));
#576=CARTESIAN_POINT('Ctrl Pts',(0.208915026344619,18.4978108944285,3.46799414792924));
#577=CARTESIAN_POINT('Ctrl Pts',(14.2054961491939,18.2069714997211,-7.05932641250639));
#578=CARTESIAN_POINT('Ctrl Pts',(24.6934448915979,17.6370484766371,-13.240031911025));
#579=CARTESIAN_POINT('Ctrl Pts',(31.9976300977489,17.0508467878585,-16.3328659685998));
#580=CARTESIAN_POINT('Ctrl Pts',(38.5178976106265,16.3098340796435,-17.6246421824167));
#581=CARTESIAN_POINT('Ctrl Pts',(44.7062409721218,15.3361718819034,-17.1068275433001));
#582=CARTESIAN_POINT('Ctrl Pts',(49.214117936013,14.2725425934842,-14.8228771664797));
#583=CARTESIAN_POINT('Ctrl Pts',(52.0127790460828,13.2767072215434,-11.9935347840562));
#584=CARTESIAN_POINT('Ctrl Pts',(53.3749149985469,12.6525692888774,-10.1149337093523));
#585=CARTESIAN_POINT('Ctrl Pts',(55.1704737975456,11.6618429566643,-7.06359225061563));
#586=CARTESIAN_POINT('Ctrl Pts',(56.8614082071317,9.97553060434152,-1.71705723325001));
#587=CARTESIAN_POINT('Ctrl Pts',(56.6193865027742,7.03432706715052,6.67378856593743));
#588=CARTESIAN_POINT('Ctrl Pts',(53.5701437203679,4.04947053158901,13.1019339020535));
#589=CARTESIAN_POINT('Ctrl Pts',(49.6541551607753,1.58125025690065,16.3245032346252));
#590=CARTESIAN_POINT('Ctrl Pts',(46.9035249999288,0.0771655727025094,17.604602141002));
#591=CARTESIAN_POINT('Ctrl Pts',(44.483072339354,-1.14224399807217,18.2208389003677));
#592=CARTESIAN_POINT('Ctrl Pts',(41.8298937814474,-2.38679389746012,18.4186122781288));
#593=CARTESIAN_POINT('Ctrl Pts',(37.9884544041831,-4.08043403538993,18.0969203758032));
#594=CARTESIAN_POINT('Ctrl Pts',(32.6502389281079,-6.25603346157421,16.5457659867252));
#595=CARTESIAN_POINT('Ctrl Pts',(23.1946449804135,-9.77817094026238,11.7409465606307));
#596=CARTESIAN_POINT('Ctrl Pts',(10.1801872512203,-14.0960887224406,2.11802146190098));
#597=CARTESIAN_POINT('Ctrl Pts',(-6.1080055444904,-18.7698264047449,-10.9676478285381));
#598=CARTESIAN_POINT('Ctrl Pts',(-19.47240540174,-21.9949286054658,-19.1115785839759));
#599=CARTESIAN_POINT('Ctrl Pts',(-29.6234775153645,-23.9946934162305,-22.1306102386193));
#600=CARTESIAN_POINT('Ctrl Pts',(-36.8210462988656,-25.1331115705972,-22.3824851462356));
#601=CARTESIAN_POINT('Ctrl Pts',(-43.3150052225737,-25.810487062039,-20.5177524926862));
#602=CARTESIAN_POINT('Ctrl Pts',(-50.5681926534587,-25.9703492166309,-15.5243214395448));
#603=CARTESIAN_POINT('Ctrl Pts',(-55.5875566824107,-24.8035295328262,-7.02619962553452));
#604=CARTESIAN_POINT('Ctrl Pts',(-57.1597795193685,-21.8228700676709,3.05329925635585));
#605=CARTESIAN_POINT('Ctrl Pts',(-55.9337541688883,-18.1410813416101,11.0069131103002));
#606=CARTESIAN_POINT('Ctrl Pts',(-52.6668973598482,-13.8703662536311,16.5303230568623));
#607=CARTESIAN_POINT('Ctrl Pts',(-48.2821442227364,-9.44063230033893,19.43891322632));
#608=CARTESIAN_POINT('Ctrl Pts',(-43.4264059512139,-5.13110543423233,20.1729779794485));
#609=CARTESIAN_POINT('Ctrl Pts',(-37.8382795637462,-0.592078603672627,18.936091539449));
#610=CARTESIAN_POINT('Ctrl Pts',(-30.9876053545134,4.61066112751647,15.4930531015761));
#611=CARTESIAN_POINT('Ctrl Pts',(-22.829964548085,10.4254243744901,9.48967284440089));
#612=CARTESIAN_POINT('Ctrl Pts',(-13.4482052223326,16.709240854821,1.28588658823224));
#613=CARTESIAN_POINT('Ctrl Pts',(-3.84032749304384,22.7754578264703,-7.19012062012743));
#614=CARTESIAN_POINT('Ctrl Pts',(4.68452595163428,27.8307250799558,-13.7110383975274));
#615=CARTESIAN_POINT('Ctrl Pts',(11.9743644638325,31.895343191147,-17.8777079417431));
#616=CARTESIAN_POINT('Ctrl Pts',(18.0305796984693,35.0755880317494,-20.1118952934293));
#617=CARTESIAN_POINT('Ctrl Pts',(23.8079140594232,37.8825955271793,-20.8212135079923));
#618=CARTESIAN_POINT('Ctrl Pts',(29.1921164738707,40.2292499675448,-19.9238605257382));
#619=CARTESIAN_POINT('Ctrl Pts',(34.0346066304488,42.0076197505408,-17.4911200336859));
#620=CARTESIAN_POINT('Ctrl Pts',(38.8719354611178,43.2997993961939,-13.0970308231584));
#621=CARTESIAN_POINT('Ctrl Pts',(43.044201138256,43.5242165152486,-6.34755642938496));
#622=CARTESIAN_POINT('Ctrl Pts',(45.6390628704406,41.9002001433778,2.39199111959231));
#623=CARTESIAN_POINT('Ctrl Pts',(46.0288851760177,38.3338176135283,10.9664913199798));
#624=CARTESIAN_POINT('Ctrl Pts',(44.2658812940359,32.8911143414332,18.0842487197542));
#625=CARTESIAN_POINT('Ctrl Pts',(40.5066463353017,25.7617221764117,22.4499312639956));
#626=CARTESIAN_POINT('Ctrl Pts',(35.2446732268907,17.5932266537181,23.0348301532123));
#627=CARTESIAN_POINT('Ctrl Pts',(29.0939098020581,9.06108264476354,19.8848067715286));
#628=CARTESIAN_POINT('Ctrl Pts',(18.6019775192521,-4.4119019266332,10.3973465925445));
#629=CARTESIAN_POINT('Ctrl Pts',(7.71233213225389,-16.9548948111773,-3.45595077614999));
#630=CARTESIAN_POINT('Ctrl Pts',(-2.07817415775303,-27.2313906579061,-12.3108133611362));
#631=CARTESIAN_POINT('Ctrl Pts',(-7.61480290770605,-32.7909433235212,-16.1813600867073));
#632=CARTESIAN_POINT('Ctrl Pts',(-13.5328677004523,-38.3515294327237,-18.3184212903158));
#633=CARTESIAN_POINT('Ctrl Pts',(-19.3083424215438,-43.1952068713432,-17.5186842760943));
#634=CARTESIAN_POINT('Ctrl Pts',(-24.2463335451227,-46.6207105773748,-13.9841094401333));
#635=CARTESIAN_POINT('Ctrl Pts',(-28.0117692307332,-48.3075940075415,-8.60627024655549));
#636=CARTESIAN_POINT('Ctrl Pts',(-30.5947077539036,-48.4054627920644,-2.68602958740039));
#637=CARTESIAN_POINT('Ctrl Pts',(-32.1805607521816,-47.3161892978402,2.88845648719636));
#638=CARTESIAN_POINT('Ctrl Pts',(-33.00028760902,-45.0799310747097,8.14584990551774));
#639=CARTESIAN_POINT('Ctrl Pts',(-33.100223267794,-41.4623636991561,13.0519878376795));
#640=CARTESIAN_POINT('Ctrl Pts',(-32.311748761518,-36.3335703392047,16.6715137612411));
#641=CARTESIAN_POINT('Ctrl Pts',(-30.5115334479785,-29.444522320789,17.9905418900124));
#642=CARTESIAN_POINT('Ctrl Pts',(-27.3230276776216,-19.698982669302,15.9498908831295));
#643=CARTESIAN_POINT('Ctrl Pts',(-22.3490258146647,-6.75770041296076,8.23321465823445));
#644=CARTESIAN_POINT('Ctrl Pts',(-15.6183765741918,8.66914340221174,-4.61130529212804));
#645=CARTESIAN_POINT('Ctrl Pts',(-9.44371531065776,21.396720372245,-14.7612643161502));
#646=CARTESIAN_POINT('Ctrl Pts',(-4.30070709101367,31.1081875839232,-20.3404073300338));
#647=CARTESIAN_POINT('Ctrl Pts',(-0.358736770948563,38.0713840304768,-22.8353036279348));
#648=CARTESIAN_POINT('Ctrl Pts',(3.64490073752084,44.5716235255866,-23.2818577090386));
#649=CARTESIAN_POINT('Ctrl Pts',(7.58884622618512,50.3034966702735,-21.5055367676192));
#650=CARTESIAN_POINT('Ctrl Pts',(11.269781468023,54.8388038067367,-17.6963926648792));
#651=CARTESIAN_POINT('Ctrl Pts',(15.6234552912521,58.9404472278226,-10.590719354642));
#652=CARTESIAN_POINT('Ctrl Pts',(19.8954994783925,60.1401631356553,0.709300904827442));
#653=CARTESIAN_POINT('Ctrl Pts',(22.5379370201542,55.9301820040648,11.5584781258149));
#654=CARTESIAN_POINT('Ctrl Pts',(23.7489911149928,49.6489507424287,17.8228066378306));
#655=CARTESIAN_POINT('Ctrl Pts',(24.2299162439249,43.67884782483,20.8362807344172));
#656=CARTESIAN_POINT('Ctrl Pts',(24.3246373944991,36.7590949447703,21.8024360281523));
#657=CARTESIAN_POINT('Ctrl Pts',(24.087153792495,29.2299031105993,20.6700173520561));
#658=CARTESIAN_POINT('Ctrl Pts',(23.5762716959672,21.2963040574247,17.619962127994));
#659=CARTESIAN_POINT('Ctrl Pts',(22.5763692357575,10.3457746031558,11.4715600956378));
#660=CARTESIAN_POINT('Ctrl Pts',(21.516328525642,1.87875271983573,5.18110628638925));
#661=CARTESIAN_POINT('Ctrl Pts',(20.7000078552386,-3.72569646322187,0.997989914990179));
#662=CARTESIAN_POINT('Ctrl Pts',(-60.8242077929692,6.45164784041237,0.775649822159945));
#663=CARTESIAN_POINT('Ctrl Pts',(-60.5978171106803,7.88486814322263,5.051194657045));
#664=CARTESIAN_POINT('Ctrl Pts',(-58.6330776288294,9.81612115099945,11.5028170501526));
#665=CARTESIAN_POINT('Ctrl Pts',(-52.9418029895043,11.9394348479842,18.0035720774544));
#666=CARTESIAN_POINT('Ctrl Pts',(-47.2954735116586,13.3055061081379,21.311551587755));
#667=CARTESIAN_POINT('Ctrl Pts',(-40.5626151624219,14.4243676180443,22.6197107891523));
#668=CARTESIAN_POINT('Ctrl Pts',(-33.1349908377864,15.2999081679984,21.8007694350626));
#669=CARTESIAN_POINT('Ctrl Pts',(-25.2716617204521,15.9486668500554,19.0153313108921));
#670=CARTESIAN_POINT('Ctrl Pts',(-14.3879651800236,16.5495425490779,13.1446418006663));
#671=CARTESIAN_POINT('Ctrl Pts',(-0.302913590657573,16.8403842150372,2.80385674433775));
#672=CARTESIAN_POINT('Ctrl Pts',(13.6697613059101,16.5677595738741,-7.75039497209679));
#673=CARTESIAN_POINT('Ctrl Pts',(24.201374454893,16.0106971842329,-13.9915230340744));
#674=CARTESIAN_POINT('Ctrl Pts',(31.5845261403353,15.4290337247865,-17.1416181859846));
#675=CARTESIAN_POINT('Ctrl Pts',(38.2435929094646,14.6850260036498,-18.4876226837509));
#676=CARTESIAN_POINT('Ctrl Pts',(44.6427475212518,13.6921022831672,-17.9795295919965));
#677=CARTESIAN_POINT('Ctrl Pts',(49.330528962449,12.599800265885,-15.6277093773899));
#678=CARTESIAN_POINT('Ctrl Pts',(52.214883636874,11.5831846206481,-12.7300948514493));
#679=CARTESIAN_POINT('Ctrl Pts',(53.6152354426432,10.9492124017281,-10.8161065044207));
#680=CARTESIAN_POINT('Ctrl Pts',(55.4575026405419,9.94555709565373,-7.71527893417198));
#681=CARTESIAN_POINT('Ctrl Pts',(57.183149957793,8.24665515925846,-2.31611305238788));
#682=CARTESIAN_POINT('Ctrl Pts',(56.9695405592459,5.30686556682725,6.08749707471449));
#683=CARTESIAN_POINT('Ctrl Pts',(53.9682897183312,2.35184924402178,12.4565778070638));
#684=CARTESIAN_POINT('Ctrl Pts',(50.1542536115531,-0.0656523620713914,15.6232741810589));
#685=CARTESIAN_POINT('Ctrl Pts',(47.4795644293493,-1.53507993673612,16.8825597663819));
#686=CARTESIAN_POINT('Ctrl Pts',(45.12494415944,-2.72737951958253,17.4941872700477));
#687=CARTESIAN_POINT('Ctrl Pts',(42.5359068773469,-3.947260445296,17.6982111171086));
#688=CARTESIAN_POINT('Ctrl Pts',(38.7721175068902,-5.61331865676297,17.3968644366225));
#689=CARTESIAN_POINT('Ctrl Pts',(33.5057678387603,-7.76871083321268,15.8874857084477));
#690=CARTESIAN_POINT('Ctrl Pts',(24.10904853231,-11.2819565867904,11.1449768290705));
#691=CARTESIAN_POINT('Ctrl Pts',(11.0925882755383,-15.6171301350849,1.56473020679495));
#692=CARTESIAN_POINT('Ctrl Pts',(-5.27419682861072,-20.332027232065,-11.5330515403923));
#693=CARTESIAN_POINT('Ctrl Pts',(-18.7960878623042,-23.6117309829578,-19.7451144449678));
#694=CARTESIAN_POINT('Ctrl Pts',(-29.2027233330496,-25.6741970541913,-22.8182847543074));
#695=CARTESIAN_POINT('Ctrl Pts',(-36.6719479790897,-26.8641558193503,-23.0634488369462));
#696=CARTESIAN_POINT('Ctrl Pts',(-43.4761320091873,-27.5819710655278,-21.0903558665196));
#697=CARTESIAN_POINT('Ctrl Pts',(-51.0813071681687,-27.7561690879393,-15.8114284642064));
#698=CARTESIAN_POINT('Ctrl Pts',(-56.2947348722447,-26.5431683113597,-6.90732803553154));
#699=CARTESIAN_POINT('Ctrl Pts',(-57.9095166712828,-23.4350521407225,3.65005605627785));
#700=CARTESIAN_POINT('Ctrl Pts',(-56.5929140768096,-19.5602754936836,12.0614037283092));
#701=CARTESIAN_POINT('Ctrl Pts',(-53.0572488164647,-14.9745522387765,18.0190850782716));
#702=CARTESIAN_POINT('Ctrl Pts',(-48.2502831662176,-10.1560821693537,21.1847182816216));
#703=CARTESIAN_POINT('Ctrl Pts',(-42.9806491058497,-5.5102052031952,21.9580535818413));
#704=CARTESIAN_POINT('Ctrl Pts',(-37.0605649845443,-0.734631421334221,20.6289837253465));
#705=CARTESIAN_POINT('Ctrl Pts',(-29.9689642558302,4.62040627856037,17.0537913008845));
#706=CARTESIAN_POINT('Ctrl Pts',(-21.6684558234007,10.5006938254657,10.9391536643772));
#707=CARTESIAN_POINT('Ctrl Pts',(-12.230449390377,16.7867877716222,2.68654549990317));
#708=CARTESIAN_POINT('Ctrl Pts',(-2.64504599006787,22.8029038250442,-5.76727116826228));
#709=CARTESIAN_POINT('Ctrl Pts',(5.77622268102577,27.7650229785556,-12.2039110939348));
#710=CARTESIAN_POINT('Ctrl Pts',(12.8756497466735,31.697485346078,-16.2581809644473));
#711=CARTESIAN_POINT('Ctrl Pts',(18.6715845217326,34.7164886605652,-18.3921933258287));
#712=CARTESIAN_POINT('Ctrl Pts',(24.0664535400837,37.3164289778039,-19.0481107370165));
#713=CARTESIAN_POINT('Ctrl Pts',(28.9769855978117,39.4330108135964,-18.2283086413705));
#714=CARTESIAN_POINT('Ctrl Pts',(33.3526401897648,41.0204847748427,-16.0378246424859));
#715=CARTESIAN_POINT('Ctrl Pts',(37.7628539987152,42.1769239461188,-12.054335736768));
#716=CARTESIAN_POINT('Ctrl Pts',(41.6413811098509,42.3693369537949,-5.82335493591365));
#717=CARTESIAN_POINT('Ctrl Pts',(44.0874997445385,40.8259493340665,2.34826661071078));
#718=CARTESIAN_POINT('Ctrl Pts',(44.462854778875,37.4633220908342,10.358905094878));
#719=CARTESIAN_POINT('Ctrl Pts',(42.837889697248,32.4020193462601,16.9138114195273));
#720=CARTESIAN_POINT('Ctrl Pts',(39.4290055428951,25.8897055005416,20.8697209873407));
#721=CARTESIAN_POINT('Ctrl Pts',(34.5922034761313,18.3300452574722,21.4196756771653));
#722=CARTESIAN_POINT('Ctrl Pts',(28.7375257221776,10.1590524448891,18.415655254584));
#723=CARTESIAN_POINT('Ctrl Pts',(18.5031021975559,-3.05136200216048,9.12137196562988));
#724=CARTESIAN_POINT('Ctrl Pts',(7.67833107056896,-15.5898997308803,-4.7188311516228));
#725=CARTESIAN_POINT('Ctrl Pts',(-2.19914942367218,-26.0113275378232,-13.7092404047798));
#726=CARTESIAN_POINT('Ctrl Pts',(-7.84726266479652,-31.7143608383516,-17.6828885242671));
#727=CARTESIAN_POINT('Ctrl Pts',(-14.008984133651,-37.5428809696204,-19.9523405051023));
#728=CARTESIAN_POINT('Ctrl Pts',(-20.2520054734197,-42.8258298634723,-19.1253323973982));
#729=CARTESIAN_POINT('Ctrl Pts',(-25.639167267162,-46.5971011725177,-15.2582448811471));
#730=CARTESIAN_POINT('Ctrl Pts',(-29.6443208336238,-48.4147487904358,-9.50965435835968));
#731=CARTESIAN_POINT('Ctrl Pts',(-32.3538504882867,-48.5417951457991,-3.28718531477705));
#732=CARTESIAN_POINT('Ctrl Pts',(-34.0051015597235,-47.4273527311826,2.53216576087884));
#733=CARTESIAN_POINT('Ctrl Pts',(-34.8565011527103,-45.1237996931128,8.00867146643341));
#734=CARTESIAN_POINT('Ctrl Pts',(-34.9606104349668,-41.3817785627199,13.1315973355494));
#735=CARTESIAN_POINT('Ctrl Pts',(-34.1349294099749,-36.041251662992,16.9373703064652));
#736=CARTESIAN_POINT('Ctrl Pts',(-32.2580095475853,-28.8921861392785,18.3287664855519));
#737=CARTESIAN_POINT('Ctrl Pts',(-28.9904644022329,-18.9363075169758,16.2654401656734));
#738=CARTESIAN_POINT('Ctrl Pts',(-23.9590748146094,-5.8723164052091,8.51206749685002));
#739=CARTESIAN_POINT('Ctrl Pts',(-17.1855360512778,9.62984454265552,-4.34077688041529));
#740=CARTESIAN_POINT('Ctrl Pts',(-10.9860978485239,22.3906628062153,-14.4715195968144));
#741=CARTESIAN_POINT('Ctrl Pts',(-5.83343988528344,32.1080955604457,-20.0214300516527));
#742=CARTESIAN_POINT('Ctrl Pts',(-1.8909693122427,39.0627199292068,-22.4881914746657));
#743=CARTESIAN_POINT('Ctrl Pts',(2.10466372329053,45.5419585260639,-22.9114768177439));
#744=CARTESIAN_POINT('Ctrl Pts',(6.03958849334871,51.2521464639699,-21.1171301245107));
#745=CARTESIAN_POINT('Ctrl Pts',(9.71833618806772,55.7764469639652,-17.2902781171678));
#746=CARTESIAN_POINT('Ctrl Pts',(14.0828594588126,59.8743693512651,-10.1356739278103));
#747=CARTESIAN_POINT('Ctrl Pts',(18.3862479669474,61.0636069632329,1.28769705394055));
#748=CARTESIAN_POINT('Ctrl Pts',(21.071488070835,56.7471126011959,12.3782188689816));
#749=CARTESIAN_POINT('Ctrl Pts',(22.3123862103234,50.2161612500028,18.8684699765111));
#750=CARTESIAN_POINT('Ctrl Pts',(22.8005331840961,43.9644384338154,22.0024561623756));
#751=CARTESIAN_POINT('Ctrl Pts',(22.8853445004577,36.7397046975592,22.9881359736517));
#752=CARTESIAN_POINT('Ctrl Pts',(22.6240895841251,28.9743336394326,21.7920089484417));
#753=CARTESIAN_POINT('Ctrl Pts',(22.0899500449436,20.8966126108252,18.6629024967317));
#754=CARTESIAN_POINT('Ctrl Pts',(21.0604806811755,9.84959489487642,12.4262282526772));
#755=CARTESIAN_POINT('Ctrl Pts',(19.9853727295651,1.38229540983332,6.1088616391056));
#756=CARTESIAN_POINT('Ctrl Pts',(19.1622819800037,-4.20106501977317,1.92537410777838));
#757=CARTESIAN_POINT('Ctrl Pts',(-59.3649023929769,6.0850996367788,0.828654468006817));
#758=CARTESIAN_POINT('Ctrl Pts',(-59.1464693866851,7.45350375253613,4.87427368731851));
#759=CARTESIAN_POINT('Ctrl Pts',(-57.2704540577134,9.29927041706108,10.9801393240333));
#760=CARTESIAN_POINT('Ctrl Pts',(-51.9362035348352,11.3048278789157,17.0410460078941));
#761=CARTESIAN_POINT('Ctrl Pts',(-46.6932804053995,12.5867415563058,20.0999170326661));
#762=CARTESIAN_POINT('Ctrl Pts',(-40.416565331044,13.6462911250339,21.3143558801739));
#763=CARTESIAN_POINT('Ctrl Pts',(-33.3661043862237,14.4930152647004,20.5370698340795));
#764=CARTESIAN_POINT('Ctrl Pts',(-25.7569830637703,15.1380368938142,17.8361274705536));
#765=CARTESIAN_POINT('Ctrl Pts',(-15.0814324266831,15.748723410263,12.0674820813023));
#766=CARTESIAN_POINT('Ctrl Pts',(-1.09585314349447,16.0667501835076,1.78561947500391));
#767=CARTESIAN_POINT('Ctrl Pts',(12.8992094919295,15.8213355515485,-8.81013684966265));
#768=CARTESIAN_POINT('Ctrl Pts',(23.5541878049057,15.2813875754051,-15.1424376320623));
#769=CARTESIAN_POINT('Ctrl Pts',(31.1086687714056,14.7030624172732,-18.3796516630911));
#770=CARTESIAN_POINT('Ctrl Pts',(38.0440746172244,13.9478927828196,-19.7999143111671));
#771=CARTESIAN_POINT('Ctrl Pts',(44.8567657731429,12.9120419820867,-19.2785702756666));
#772=CARTESIAN_POINT('Ctrl Pts',(49.9041659272658,11.7562250545315,-16.7566398920135));
#773=CARTESIAN_POINT('Ctrl Pts',(52.9723972450146,10.6875488326973,-13.6789411665853));
#774=CARTESIAN_POINT('Ctrl Pts',(54.4553758874118,10.0257064756605,-11.6605917327703));
#775=CARTESIAN_POINT('Ctrl Pts',(56.3991412287831,8.98184653614295,-8.40317161315962));
#776=CARTESIAN_POINT('Ctrl Pts',(58.2018362706042,7.22706178582336,-2.78266961918285));
#777=CARTESIAN_POINT('Ctrl Pts',(57.9992027714172,4.21086100747609,5.90149681068299));
#778=CARTESIAN_POINT('Ctrl Pts',(54.9207088950335,1.17728720450579,12.4856072224688));
#779=CARTESIAN_POINT('Ctrl Pts',(50.9844488835248,-1.31435761903446,15.7801334420242));
#780=CARTESIAN_POINT('Ctrl Pts',(48.224100187497,-2.82828751141614,17.0904263491479));
#781=CARTESIAN_POINT('Ctrl Pts',(45.799707966643,-4.05353542059592,17.7300836660749));
#782=CARTESIAN_POINT('Ctrl Pts',(43.1429673163491,-5.30303772482069,17.9482661037366));
#783=CARTESIAN_POINT('Ctrl Pts',(39.2970375694071,-7.00263327187224,17.65150373452));
#784=CARTESIAN_POINT('Ctrl Pts',(33.9477841776835,-9.18799992946693,16.1330726886073));
#785=CARTESIAN_POINT('Ctrl Pts',(24.4574050635593,-12.7307749711926,11.3688028999071));
#786=CARTESIAN_POINT('Ctrl Pts',(11.3703545962739,-17.0826162221536,1.77321125686755));
#787=CARTESIAN_POINT('Ctrl Pts',(-5.04962008168629,-21.8054243425929,-11.3178529898117));
#788=CARTESIAN_POINT('Ctrl Pts',(-18.5926806489512,-25.0839690097744,-19.5037598375023));
#789=CARTESIAN_POINT('Ctrl Pts',(-28.9938675477355,-27.1405196792104,-22.5476256738563));
#790=CARTESIAN_POINT('Ctrl Pts',(-36.4484006163814,-28.3245703600398,-22.7736150695617));
#791=CARTESIAN_POINT('Ctrl Pts',(-43.238584473116,-29.0371758124929,-20.7858336778311));
#792=CARTESIAN_POINT('Ctrl Pts',(-50.8383526641194,-29.2052375542006,-15.4834338811181));
#793=CARTESIAN_POINT('Ctrl Pts',(-56.0665011855529,-27.9809043291533,-6.51777213928828));
#794=CARTESIAN_POINT('Ctrl Pts',(-57.6766566783738,-24.8304714084744,4.17081283064242));
#795=CARTESIAN_POINT('Ctrl Pts',(-56.3153367560123,-20.8805066683193,12.7415538565567));
#796=CARTESIAN_POINT('Ctrl Pts',(-52.6587102236472,-16.1585088504639,18.8745545892281));
#797=CARTESIAN_POINT('Ctrl Pts',(-47.6565315624745,-11.1636370350239,22.1445435994287));
#798=CARTESIAN_POINT('Ctrl Pts',(-42.1936541314647,-6.36281445236956,22.9258906569353));
#799=CARTESIAN_POINT('Ctrl Pts',(-36.119239368213,-1.47955782450964,21.542125571279));
#800=CARTESIAN_POINT('Ctrl Pts',(-28.9196330108245,3.94110816734259,17.8953654106118));
#801=CARTESIAN_POINT('Ctrl Pts',(-20.5619288417519,9.84272441562501,11.7200518792568));
#802=CARTESIAN_POINT('Ctrl Pts',(-11.1129773499636,16.1171567030791,3.44117129829709));
#803=CARTESIAN_POINT('Ctrl Pts',(-1.55926561408624,22.0939786008317,-5.0012607580998));
#804=CARTESIAN_POINT('Ctrl Pts',(6.78711736911231,26.9946305114624,-11.3929659467096));
#805=CARTESIAN_POINT('Ctrl Pts',(13.7641507999514,30.8448746437543,-15.3870911439825));
#806=CARTESIAN_POINT('Ctrl Pts',(19.3990054444815,33.7660910304632,-17.4697387383382));
#807=CARTESIAN_POINT('Ctrl Pts',(24.561524212175,36.2417093454528,-18.1017442009331));
#808=CARTESIAN_POINT('Ctrl Pts',(29.1850930930754,38.2206245789859,-17.3383282849839));
#809=CARTESIAN_POINT('Ctrl Pts',(33.275054948927,39.6930636876364,-15.3046863942232));
#810=CARTESIAN_POINT('Ctrl Pts',(37.4200338579089,40.7682195281767,-11.5885705999094));
#811=CARTESIAN_POINT('Ctrl Pts',(41.1099722511875,40.9447038690907,-5.70596902889912));
#812=CARTESIAN_POINT('Ctrl Pts',(43.4585979739307,39.4660260475868,2.05959348763095));
#813=CARTESIAN_POINT('Ctrl Pts',(43.8309470508882,36.2664998200378,9.64166439823235));
#814=CARTESIAN_POINT('Ctrl Pts',(42.324923177997,31.5210933887446,15.7458870059731));
#815=CARTESIAN_POINT('Ctrl Pts',(39.2172866962646,25.5339252929973,19.3663911226025));
#816=CARTESIAN_POINT('Ctrl Pts',(34.7490483780303,18.4983025704982,19.9000947029385));
#817=CARTESIAN_POINT('Ctrl Pts',(29.1488044940251,10.6336320485433,17.0363656254853));
#818=CARTESIAN_POINT('Ctrl Pts',(19.1270167405405,-2.36773441347409,7.92421015116915));
#819=CARTESIAN_POINT('Ctrl Pts',(8.34161266876646,-14.9271192599665,-5.90330562254886));
#820=CARTESIAN_POINT('Ctrl Pts',(-1.64369497474565,-25.5124241614371,-15.020392679241));
#821=CARTESIAN_POINT('Ctrl Pts',(-7.41442617638605,-31.3683685933439,-19.0900079498491));
#822=CARTESIAN_POINT('Ctrl Pts',(-13.8310420326345,-37.4735229463099,-21.4810258923402));
#823=CARTESIAN_POINT('Ctrl Pts',(-20.5571102110252,-43.2066958309858,-20.6090669164965));
#824=CARTESIAN_POINT('Ctrl Pts',(-26.414918970175,-47.336264467895,-16.3783800633419));
#825=CARTESIAN_POINT('Ctrl Pts',(-30.6807434042544,-49.2900667108233,-10.2088601149795));
#826=CARTESIAN_POINT('Ctrl Pts',(-33.5335075058278,-49.4392327510825,-3.61945562924667));
#827=CARTESIAN_POINT('Ctrl Pts',(-35.2617409502081,-48.2791004007418,2.5191709552198));
#828=CARTESIAN_POINT('Ctrl Pts',(-36.1491616450261,-45.8629086022238,8.30665613390023));
#829=CARTESIAN_POINT('Ctrl Pts',(-36.2497814842533,-41.9060386712836,13.7634289690444));
#830=CARTESIAN_POINT('Ctrl Pts',(-35.3473050760078,-36.1726322991356,17.8787971429292));
#831=CARTESIAN_POINT('Ctrl Pts',(-33.3137943569828,-28.5155034878154,19.3726588761426));
#832=CARTESIAN_POINT('Ctrl Pts',(-29.8864031615886,-18.1568380669764,17.2141414635769));
#833=CARTESIAN_POINT('Ctrl Pts',(-24.7515797240715,-4.89929061163964,9.34829009394366));
#834=CARTESIAN_POINT('Ctrl Pts',(-17.9209846647797,10.6662908993684,-3.53310272860643));
#835=CARTESIAN_POINT('Ctrl Pts',(-11.7135725309741,23.3906070061248,-13.608995970627));
#836=CARTESIAN_POINT('Ctrl Pts',(-6.60260922704567,32.9931751213403,-19.0730291332482));
#837=CARTESIAN_POINT('Ctrl Pts',(-2.72849562540171,39.7995141993026,-21.4692621907404));
#838=CARTESIAN_POINT('Ctrl Pts',(1.14847653605044,46.0629047019513,-21.859012913871));
#839=CARTESIAN_POINT('Ctrl Pts',(4.93398663624093,51.5333110307073,-20.1202682457005));
#840=CARTESIAN_POINT('Ctrl Pts',(8.47614691627312,55.871037547329,-16.4323153437986));
#841=CARTESIAN_POINT('Ctrl Pts',(12.7121917003979,59.8256385980994,-9.49176711953398));
#842=CARTESIAN_POINT('Ctrl Pts',(16.9395576194082,60.9764202996624,1.71260549665869));
#843=CARTESIAN_POINT('Ctrl Pts',(19.5951709613629,56.6842946759082,12.6727999948518));
#844=CARTESIAN_POINT('Ctrl Pts',(20.8244911660947,50.1856729337887,19.0990637782432));
#845=CARTESIAN_POINT('Ctrl Pts',(21.3079555128204,43.9560428685311,22.2012781852219));
#846=CARTESIAN_POINT('Ctrl Pts',(21.3903933466392,36.7490391236542,23.1676247509366));
#847=CARTESIAN_POINT('Ctrl Pts',(21.1273313686875,28.9990458064646,21.9538140877664));
#848=CARTESIAN_POINT('Ctrl Pts',(20.5923390067772,20.9386950825991,18.8126695071084));
#849=CARTESIAN_POINT('Ctrl Pts',(19.5625458612526,9.92023311087856,12.561935033504));
#850=CARTESIAN_POINT('Ctrl Pts',(18.4884821028682,1.47796328499137,6.24081634162412));
#851=CARTESIAN_POINT('Ctrl Pts',(17.6669793931395,-4.08488275018759,2.05694607464905));
#852=CARTESIAN_POINT('Ctrl Pts',(-57.8118011883617,6.3544777117163,0.66203638609317));
#853=CARTESIAN_POINT('Ctrl Pts',(-57.6068969005652,7.65906497099368,4.47842135133896));
#854=CARTESIAN_POINT('Ctrl Pts',(-55.8308642820193,9.41565106280257,10.2230544698488));
#855=CARTESIAN_POINT('Ctrl Pts',(-50.8949447603922,11.2938790575093,15.8109670713424));
#856=CARTESIAN_POINT('Ctrl Pts',(-46.1071611264969,12.4826107794484,18.5980885980775));
#857=CARTESIAN_POINT('Ctrl Pts',(-40.3485919807065,13.4763309080046,19.7153686368163));
#858=CARTESIAN_POINT('Ctrl Pts',(-33.726527046398,14.2915705079733,18.9935679614438));
#859=CARTESIAN_POINT('Ctrl Pts',(-26.402898120762,14.9340055872748,16.3972629131021));
#860=CARTESIAN_POINT('Ctrl Pts',(-15.9546507476899,15.5580302277206,10.7526804464054));
#861=CARTESIAN_POINT('Ctrl Pts',(-2.06384171878816,15.9096168039882,0.543372939646008));
#862=CARTESIAN_POINT('Ctrl Pts',(11.9856628949568,15.6968051852686,-10.1028047353289));
#863=CARTESIAN_POINT('Ctrl Pts',(22.8157154946784,15.1763530220453,-16.5448193310807));
#864=CARTESIAN_POINT('Ctrl Pts',(30.6010210290852,14.6003514161702,-19.8871523346262));
#865=CARTESIAN_POINT('Ctrl Pts',(37.900812599756,13.8284920631552,-21.3929580470851));
#866=CARTESIAN_POINT('Ctrl Pts',(45.255668071911,12.734471815951,-20.8426136583737));
#867=CARTESIAN_POINT('Ctrl Pts',(50.7788045783439,11.4922919083413,-18.0834957326988));
#868=CARTESIAN_POINT('Ctrl Pts',(54.0935128583759,10.351407192114,-14.7537837041681));
#869=CARTESIAN_POINT('Ctrl Pts',(55.6873254631188,9.65010653434013,-12.586796857079));
#870=CARTESIAN_POINT('Ctrl Pts',(57.7672952798446,8.54842472169383,-9.10379358767324));
#871=CARTESIAN_POINT('Ctrl Pts',(59.6750477615392,6.7085790839383,-3.14963174860042));
#872=CARTESIAN_POINT('Ctrl Pts',(59.4706369278974,3.56438256992588,5.99109923925566));
#873=CARTESIAN_POINT('Ctrl Pts',(56.2315002255927,0.379667591886926,12.9729942593742));
#874=CARTESIAN_POINT('Ctrl Pts',(52.0230119899567,-2.26966433086278,16.5178251582778));
#875=CARTESIAN_POINT('Ctrl Pts',(49.0696447436172,-3.88072465960472,17.9268049898183));
#876=CARTESIAN_POINT('Ctrl Pts',(46.4852590590122,-5.1788869922975,18.6161303446488));
#877=CARTESIAN_POINT('Ctrl Pts',(43.6730832511973,-6.49415274005708,18.8537056976853));
#878=CARTESIAN_POINT('Ctrl Pts',(39.6388116838103,-8.26790761323649,18.550973672212));
#879=CARTESIAN_POINT('Ctrl Pts',(34.1027771546274,-10.517044352031,16.9897596867626));
#880=CARTESIAN_POINT('Ctrl Pts',(24.4171568587615,-14.1149432193715,12.147663215029));
#881=CARTESIAN_POINT('Ctrl Pts',(11.2128437896875,-18.4834564875531,2.49801811950727));
#882=CARTESIAN_POINT('Ctrl Pts',(-5.24198422650049,-23.1915616233299,-10.5736924290829));
#883=CARTESIAN_POINT('Ctrl Pts',(-18.7122425250739,-26.4310661575255,-18.6702462534677));
#884=CARTESIAN_POINT('Ctrl Pts',(-28.9312840499353,-28.4354384821867,-21.6293631489962));
#885=CARTESIAN_POINT('Ctrl Pts',(-36.1774847385993,-29.5748554709926,-21.8284163002047));
#886=CARTESIAN_POINT('Ctrl Pts',(-42.734310958777,-30.2515135407626,-19.8899795223832));
#887=CARTESIAN_POINT('Ctrl Pts',(-50.0870251914335,-30.3997233513998,-14.7417090654673));
#888=CARTESIAN_POINT('Ctrl Pts',(-55.2055998584163,-29.1881042796791,-5.95151653969292));
#889=CARTESIAN_POINT('Ctrl Pts',(-56.779192068352,-26.053985982898,4.63070416137484));
#890=CARTESIAN_POINT('Ctrl Pts',(-55.4048292699036,-22.110196164507,13.1552642409925));
#891=CARTESIAN_POINT('Ctrl Pts',(-51.7300744398192,-17.3762485774578,19.2838838231162));
#892=CARTESIAN_POINT('Ctrl Pts',(-46.6904024310605,-12.3525360561799,22.5523760866947));
#893=CARTESIAN_POINT('Ctrl Pts',(-41.1877950940958,-7.52299555554891,23.3200885091099));
#894=CARTESIAN_POINT('Ctrl Pts',(-35.0826619957881,-2.62173388079863,21.9078939931835));
#895=CARTESIAN_POINT('Ctrl Pts',(-27.8674665026208,2.80433184232596,18.2318686810765));
#896=CARTESIAN_POINT('Ctrl Pts',(-19.5120938528838,8.69661540687693,12.0312160736025));
#897=CARTESIAN_POINT('Ctrl Pts',(-10.0834603211927,14.9499309266247,3.74171159082974));
#898=CARTESIAN_POINT('Ctrl Pts',(-0.56709542760661,20.8955248128772,-4.69692436504691));
#899=CARTESIAN_POINT('Ctrl Pts',(7.72520723681091,25.7573523115129,-11.0714277535752));
#900=CARTESIAN_POINT('Ctrl Pts',(14.6283914602954,29.5608779060682,-15.0421062408503));
#901=CARTESIAN_POINT('Ctrl Pts',(20.1726875211849,32.42931766579,-17.1075293843226));
#902=CARTESIAN_POINT('Ctrl Pts',(25.2092882787221,34.8392460056094,-17.7362300806152));
#903=CARTESIAN_POINT('Ctrl Pts',(29.678301200433,36.7459543717039,-17.0137167664202));
#904=CARTESIAN_POINT('Ctrl Pts',(33.6111776425492,38.1572091178951,-15.0760235887869));
#905=CARTESIAN_POINT('Ctrl Pts',(37.6061074354586,39.1897461803659,-11.5248422827893));
#906=CARTESIAN_POINT('Ctrl Pts',(41.1826844875036,39.3618202414716,-5.86862006273727));
#907=CARTESIAN_POINT('Ctrl Pts',(43.4707310415734,37.9360973332228,1.60860942923109));
#908=CARTESIAN_POINT('Ctrl Pts',(43.8481546936876,34.8692334246949,8.86232098500366));
#909=CARTESIAN_POINT('Ctrl Pts',(42.4459530207109,30.3892600840154,14.6010592159923));
#910=CARTESIAN_POINT('Ctrl Pts',(39.6001939428137,24.8543118389194,17.9434202033646));
#911=CARTESIAN_POINT('Ctrl Pts',(35.4545906904117,18.2745888642191,18.4735737311606));
#912=CARTESIAN_POINT('Ctrl Pts',(30.0754092675417,10.6730323105819,15.7430355112923));
#913=CARTESIAN_POINT('Ctrl Pts',(20.2316212354199,-2.1595485878457,6.80149761889393));
#914=CARTESIAN_POINT('Ctrl Pts',(9.46710225525054,-14.7567878654016,-7.01360731489733));
#915=CARTESIAN_POINT('Ctrl Pts',(-0.637990940476491,-25.5153524510179,-16.248488487494));
#916=CARTESIAN_POINT('Ctrl Pts',(-6.53656960213538,-31.5275223442098,-20.4068927051714));
#917=CARTESIAN_POINT('Ctrl Pts',(-13.2114066699703,-37.9102316659188,-22.908987250667));
#918=CARTESIAN_POINT('Ctrl Pts',(-20.4206667255002,-44.0911566901616,-21.9804606247951));
#919=CARTESIAN_POINT('Ctrl Pts',(-26.7550093827014,-48.5806485438016,-17.3716388527197));
#920=CARTESIAN_POINT('Ctrl Pts',(-31.2909591339533,-50.6714109553636,-10.7547625833319));
#921=CARTESIAN_POINT('Ctrl Pts',(-34.2956338577396,-50.8374172177142,-3.76168496915766));
#922=CARTESIAN_POINT('Ctrl Pts',(-36.107329969999,-49.6182428719399,2.74075890240303));
#923=CARTESIAN_POINT('Ctrl Pts',(-37.0331419351093,-47.0607188946988,8.89554387346272));
#924=CARTESIAN_POINT('Ctrl Pts',(-37.1251428154596,-42.8312746454834,14.7593331173489));
#925=CARTESIAN_POINT('Ctrl Pts',(-36.1208626814645,-36.5905153575983,19.2617803744832));
#926=CARTESIAN_POINT('Ctrl Pts',(-33.8801010839205,-28.268315883738,20.8764762345599));
#927=CARTESIAN_POINT('Ctrl Pts',(-30.2413006275984,-17.3836008750129,18.576923129837));
#928=CARTESIAN_POINT('Ctrl Pts',(-24.9735402201152,-3.88686328180205,10.5500216530302));
#929=CARTESIAN_POINT('Ctrl Pts',(-18.0773565358242,11.7334316076635,-2.37281934077344));
#930=CARTESIAN_POINT('Ctrl Pts',(-11.8741896159453,24.3737130837849,-12.3709218211021));
#931=CARTESIAN_POINT('Ctrl Pts',(-6.83905041191626,33.7817952662996,-17.712892485245));
#932=CARTESIAN_POINT('Ctrl Pts',(-3.07881159804579,40.3479854185808,-20.0118027935659));
#933=CARTESIAN_POINT('Ctrl Pts',(0.606801599893556,46.2678963242155,-20.3622832450272));
#934=CARTESIAN_POINT('Ctrl Pts',(4.15078304248861,51.3557808079138,-18.7281658303748));
#935=CARTESIAN_POINT('Ctrl Pts',(7.46796547542835,55.3917535018658,-15.2824653883527));
#936=CARTESIAN_POINT('Ctrl Pts',(11.4836956638395,59.111523551836,-8.72961832070712));
#937=CARTESIAN_POINT('Ctrl Pts',(15.5621677131233,60.2046332155237,2.02562970429634));
#938=CARTESIAN_POINT('Ctrl Pts',(18.1388128629219,56.0264399140488,12.6038688442486));
#939=CARTESIAN_POINT('Ctrl Pts',(19.328550184524,49.7503655867334,18.7710336247453));
#940=CARTESIAN_POINT('Ctrl Pts',(19.7992517222763,43.7482030036563,21.7387356232064));
#941=CARTESIAN_POINT('Ctrl Pts',(19.8843667439044,36.7773034602134,22.659446367444));
#942=CARTESIAN_POINT('Ctrl Pts',(19.6343187682895,29.2130604819346,21.459039350408));
#943=CARTESIAN_POINT('Ctrl Pts',(19.1136430537952,21.2797908427598,18.3511662702024));
#944=CARTESIAN_POINT('Ctrl Pts',(18.1032582882436,10.3740883098484,12.1366508737825));
#945=CARTESIAN_POINT('Ctrl Pts',(17.041358446633,1.97595269687623,5.82760646847816));
#946=CARTESIAN_POINT('Ctrl Pts',(16.2270339720435,-3.56724506373975,1.64335461670003));
#947=CARTESIAN_POINT('Ctrl Pts',(-57.0154668322981,7.48248336898944,0.241838605691768));
#948=CARTESIAN_POINT('Ctrl Pts',(-56.8253046363053,8.76102123131229,3.96003163504235));
#949=CARTESIAN_POINT('Ctrl Pts',(-55.1003495915325,10.4767520145318,9.53595379684613));
#950=CARTESIAN_POINT('Ctrl Pts',(-50.4002741087,12.2851020108246,14.8677147925794));
#951=CARTESIAN_POINT('Ctrl Pts',(-45.8871464512156,13.4202259031433,17.5043388337868));
#952=CARTESIAN_POINT('Ctrl Pts',(-40.4476263556547,14.3756790227458,18.5753453672216));
#953=CARTESIAN_POINT('Ctrl Pts',(-34.0886113645278,15.1736012039043,17.900593839508));
#954=CARTESIAN_POINT('Ctrl Pts',(-26.9352179773802,15.8170490851166,15.3818609396745));
#955=CARTESIAN_POINT('Ctrl Pts',(-16.6136399669916,16.4526510595615,9.82609316553162));
#956=CARTESIAN_POINT('Ctrl Pts',(-2.75249723849514,16.8290104335678,-0.330534505425326));
#957=CARTESIAN_POINT('Ctrl Pts',(11.3692460003399,16.6389319914089,-11.0123891237837));
#958=CARTESIAN_POINT('Ctrl Pts',(22.3557700209274,16.1308712311343,-17.5314357685085));
#959=CARTESIAN_POINT('Ctrl Pts',(30.3332155843806,15.5544984116774,-20.9480135456569));
#960=CARTESIAN_POINT('Ctrl Pts',(37.9272382869354,14.7671575953128,-22.5096573461054));
#961=CARTESIAN_POINT('Ctrl Pts',(45.7182105614285,13.6242472859858,-21.9227139956678));
#962=CARTESIAN_POINT('Ctrl Pts',(51.6250560692333,12.3099278376005,-18.958132439986));
#963=CARTESIAN_POINT('Ctrl Pts',(55.1446156164722,11.1062205109417,-15.4062138806096));
#964=CARTESIAN_POINT('Ctrl Pts',(56.8308937844665,10.3695354291884,-13.1047795312911));
#965=CARTESIAN_POINT('Ctrl Pts',(59.0247333132195,9.2150696924015,-9.41507465119073));
#966=CARTESIAN_POINT('Ctrl Pts',(61.0195241451273,7.2942922781975,-3.14461653091078));
#967=CARTESIAN_POINT('Ctrl Pts',(60.7950046826029,4.01405443219516,6.47045417324024));
#968=CARTESIAN_POINT('Ctrl Pts',(57.3542830001265,0.650585970349162,13.9102377156664));
#969=CARTESIAN_POINT('Ctrl Pts',(52.7916311337494,-2.19829368063444,17.7556684608848));
#970=CARTESIAN_POINT('Ctrl Pts',(49.5843123865009,-3.93472874796178,19.2824959037712));
#971=CARTESIAN_POINT('Ctrl Pts',(46.7876214410266,-5.3277125582924,20.0272684885359));
#972=CARTESIAN_POINT('Ctrl Pts',(43.7690762955701,-6.72863359130644,20.2811451851218));
#973=CARTESIAN_POINT('Ctrl Pts',(39.4847294564093,-8.59886612927974,19.9586853462));
#974=CARTESIAN_POINT('Ctrl Pts',(33.7046970129536,-10.9283559153279,18.3245438167379));
#975=CARTESIAN_POINT('Ctrl Pts',(23.774268912065,-14.5902475764569,13.3591819055862));
#976=CARTESIAN_POINT('Ctrl Pts',(10.4485799006736,-18.9645641712855,3.62406260166212));
#977=CARTESIAN_POINT('Ctrl Pts',(-5.99151296003273,-23.6301492037194,-9.41941952464211));
#978=CARTESIAN_POINT('Ctrl Pts',(-19.281727497522,-26.7926672265051,-17.3773201217302));
#979=CARTESIAN_POINT('Ctrl Pts',(-29.1413070166778,-28.7009412101895,-20.2114643034829));
#980=CARTESIAN_POINT('Ctrl Pts',(-35.9898137601527,-29.7595277396387,-20.3864721831959));
#981=CARTESIAN_POINT('Ctrl Pts',(-42.0973845613846,-30.3718586308964,-18.5711288959763));
#982=CARTESIAN_POINT('Ctrl Pts',(-48.959108890839,-30.4897863031779,-13.7723342623111));
#983=CARTESIAN_POINT('Ctrl Pts',(-53.8359274058199,-29.3224789651781,-5.43376722753558));
#984=CARTESIAN_POINT('Ctrl Pts',(-55.3434812818969,-26.2890882630851,4.72405356879385));
#985=CARTESIAN_POINT('Ctrl Pts',(-54.0146198027037,-22.4778688474207,12.9011877857627));
#986=CARTESIAN_POINT('Ctrl Pts',(-50.4969742315633,-17.937577402236,18.7415513412117));
#987=CARTESIAN_POINT('Ctrl Pts',(-45.693179541483,-13.1370367549557,21.8407668147898));
#988=CARTESIAN_POINT('Ctrl Pts',(-40.418700505786,-8.49669446550354,22.5682311679406));
#989=CARTESIAN_POINT('Ctrl Pts',(-34.4978244595841,-3.73090718978928,21.1858481546794));
#990=CARTESIAN_POINT('Ctrl Pts',(-27.4234463385813,1.60134835991125,17.5648651008672));
#991=CARTESIAN_POINT('Ctrl Pts',(-19.1641905582848,7.4406446557278,11.4099622451078));
#992=CARTESIAN_POINT('Ctrl Pts',(-9.79345063137581,13.6702522226779,3.14114268500465));
#993=CARTESIAN_POINT('Ctrl Pts',(-0.30205501328514,19.6153585360195,-5.30785514897693));
#994=CARTESIAN_POINT('Ctrl Pts',(8.00193336491203,24.4975460719013,-11.7189233256192));
#995=CARTESIAN_POINT('Ctrl Pts',(14.9516647589075,28.3380288702835,-15.7378051749638));
#996=CARTESIAN_POINT('Ctrl Pts',(20.5700053660978,31.2557477182897,-17.849971051043));
#997=CARTESIAN_POINT('Ctrl Pts',(25.7238365143681,33.7315964634802,-18.5093902318727));
#998=CARTESIAN_POINT('Ctrl Pts',(30.3377588600804,35.7116223220035,-17.7793635643557));
#999=CARTESIAN_POINT('Ctrl Pts',(34.4098363288335,37.1828407432882,-15.7843936082237));
#1000=CARTESIAN_POINT('Ctrl Pts',(38.5246682758422,38.2586668795467,-12.1396655774973));
#1001=CARTESIAN_POINT('Ctrl Pts',(42.174393954371,38.4468451640393,-6.38266284761143));
#1002=CARTESIAN_POINT('Ctrl Pts',(44.4958524734015,37.0238901400561,1.16159684885227));
#1003=CARTESIAN_POINT('Ctrl Pts',(44.8882981087208,33.9634453001073,8.43746189125729));
#1004=CARTESIAN_POINT('Ctrl Pts',(43.5055951596269,29.5143158486755,14.1577661847602));
#1005=CARTESIAN_POINT('Ctrl Pts',(40.7082038022383,24.0544919953891,17.4739983190772));
#1006=CARTESIAN_POINT('Ctrl Pts',(36.6264238464175,17.5592381613536,18.0243392539008));
#1007=CARTESIAN_POINT('Ctrl Pts',(31.2875831619463,9.99950497970539,15.3405023384212));
#1008=CARTESIAN_POINT('Ctrl Pts',(21.4636038888808,-2.82680680577536,6.45422156257078));
#1009=CARTESIAN_POINT('Ctrl Pts',(10.6786424825444,-15.4676079825898,-7.35628518018605));
#1010=CARTESIAN_POINT('Ctrl Pts',(0.503814221961709,-26.3148666116606,-16.6278130366638));
#1011=CARTESIAN_POINT('Ctrl Pts',(-5.45688621971343,-32.3985341023233,-20.8134516769469));
#1012=CARTESIAN_POINT('Ctrl Pts',(-12.2441363514373,-38.8986070760437,-23.3475978486938));
#1013=CARTESIAN_POINT('Ctrl Pts',(-19.6601413415265,-45.267548998946,-22.3779526691734));
#1014=CARTESIAN_POINT('Ctrl Pts',(-26.2035300910665,-49.9108996283642,-17.5874228346181));
#1015=CARTESIAN_POINT('Ctrl Pts',(-30.8675620409644,-52.0608828918506,-10.7408657013597));
#1016=CARTESIAN_POINT('Ctrl Pts',(-33.949594287691,-52.2254496173539,-3.51866860243854));
#1017=CARTESIAN_POINT('Ctrl Pts',(-35.8063912639698,-50.9605270096788,3.20776351753027));
#1018=CARTESIAN_POINT('Ctrl Pts',(-36.7517522207546,-48.2976337929864,9.60730469746311));
#1019=CARTESIAN_POINT('Ctrl Pts',(-36.8317353876081,-43.8620612183195,15.7589771261936));
#1020=CARTESIAN_POINT('Ctrl Pts',(-35.7436623927231,-37.2226134930871,20.5487374837139));
#1021=CARTESIAN_POINT('Ctrl Pts',(-33.3334667244595,-28.3660470849522,22.2438287500737));
#1022=CARTESIAN_POINT('Ctrl Pts',(-29.5227174573372,-17.0636267211789,19.8081652578742));
#1023=CARTESIAN_POINT('Ctrl Pts',(-24.1523882560314,-3.39610582471951,11.6341414077179));
#1024=CARTESIAN_POINT('Ctrl Pts',(-17.215040599991,12.2319202860607,-1.32750502273535));
#1025=CARTESIAN_POINT('Ctrl Pts',(-11.0321316342126,24.7621787023902,-11.2560188529122));
#1026=CARTESIAN_POINT('Ctrl Pts',(-6.08333427776095,33.9607396240695,-16.4876456883114));
#1027=CARTESIAN_POINT('Ctrl Pts',(-2.4436666051144,40.278718181425,-18.7016376718395));
#1028=CARTESIAN_POINT('Ctrl Pts',(1.04487704724343,45.8490896666611,-19.0254120883581));
#1029=CARTESIAN_POINT('Ctrl Pts',(4.33930485923004,50.5465010622509,-17.513602732347));
#1030=CARTESIAN_POINT('Ctrl Pts',(7.42005188924549,54.2706392389486,-14.3357448377902));
#1031=CARTESIAN_POINT('Ctrl Pts',(11.1957398998113,57.74458746508,-8.22515780692322));
#1032=CARTESIAN_POINT('Ctrl Pts',(15.0975893448547,58.7850396450873,1.97611577533956));
#1033=CARTESIAN_POINT('Ctrl Pts',(17.5634351442688,54.7971072788159,11.9942119495004));
#1034=CARTESIAN_POINT('Ctrl Pts',(18.6920239063012,48.9196197591389,17.7401341506061));
#1035=CARTESIAN_POINT('Ctrl Pts',(19.1446149370884,43.341855452963,20.4871454001428));
#1036=CARTESIAN_POINT('Ctrl Pts',(19.2391136524945,36.8196808447791,21.3470739517981));
#1037=CARTESIAN_POINT('Ctrl Pts',(19.0183974366922,29.6059703652921,20.2025863045671));
#1038=CARTESIAN_POINT('Ctrl Pts',(18.5280810605118,21.9010094608838,17.1816584624899));
#1039=CARTESIAN_POINT('Ctrl Pts',(17.557544047293,11.177593233016,11.0631047413732));
#1040=CARTESIAN_POINT('Ctrl Pts',(16.5183722551289,2.82560938771239,4.78472458706624));
#1041=CARTESIAN_POINT('Ctrl Pts',(15.7160696582234,-2.71045848072311,0.600309284364626));
#1042=CARTESIAN_POINT('Ctrl Pts',(-56.9147329081536,8.18310320071393,8.65627014512427E-13));
#1043=CARTESIAN_POINT('Ctrl Pts',(-56.7307256984235,9.46290145550395,3.71950174104926));
#1044=CARTESIAN_POINT('Ctrl Pts',(-55.0178686740421,11.1746887869866,9.27886260682962));
#1045=CARTESIAN_POINT('Ctrl Pts',(-50.3626874918983,12.972707978375,14.574913650701));
#1046=CARTESIAN_POINT('Ctrl Pts',(-45.9058574023838,14.098023402282,17.1869790254192));
#1047=CARTESIAN_POINT('Ctrl Pts',(-40.5339044066329,15.0463935123996,18.2543579963853));
#1048=CARTESIAN_POINT('Ctrl Pts',(-34.230717179956,15.8414240519781,17.5947826302103));
#1049=CARTESIAN_POINT('Ctrl Pts',(-27.1113629358748,16.4861517079396,15.0981206391321));
#1050=CARTESIAN_POINT('Ctrl Pts',(-16.8105456116278,17.1256357292525,9.56646200871246));
#1051=CARTESIAN_POINT('Ctrl Pts',(-2.94409725937895,17.5089824776299,-0.575310005146523));
#1052=CARTESIAN_POINT('Ctrl Pts',(11.2126700511376,17.3248382118597,-11.2670197187772));
#1053=CARTESIAN_POINT('Ctrl Pts',(22.2559826750799,16.8193997567188,-17.80644879334));
#1054=CARTESIAN_POINT('Ctrl Pts',(30.298699125383,16.2419290387527,-21.2428282240303));
#1055=CARTESIAN_POINT('Ctrl Pts',(37.9892977515465,15.4485587022936,-22.8169556232294));
#1056=CARTESIAN_POINT('Ctrl Pts',(45.9215231119917,14.2889320251352,-22.2127609172347));
#1057=CARTESIAN_POINT('Ctrl Pts',(51.9556064400594,12.9496509602579,-19.1748072638008));
#1058=CARTESIAN_POINT('Ctrl Pts',(55.5439834243226,11.7238164970748,-15.5438190986126));
#1059=CARTESIAN_POINT('Ctrl Pts',(57.2612892439772,10.9743800788235,-13.1936347334915));
#1060=CARTESIAN_POINT('Ctrl Pts',(59.4933405747985,9.80054138558427,-9.42798836617744));
#1061=CARTESIAN_POINT('Ctrl Pts',(61.5189018326292,7.84794081705679,-3.03461647904216));
#1062=CARTESIAN_POINT('Ctrl Pts',(61.2805855351396,4.51104306174558,6.7741635196208));
#1063=CARTESIAN_POINT('Ctrl Pts',(57.7481241415694,1.06780202676673,14.4150022897639));
#1064=CARTESIAN_POINT('Ctrl Pts',(53.0203056165105,-1.87304471878984,18.3952914970736));
#1065=CARTESIAN_POINT('Ctrl Pts',(49.6944494813716,-3.6675628591571,19.9746802519632));
#1066=CARTESIAN_POINT('Ctrl Pts',(46.7981620791706,-5.1046482531908,20.7432699987826));
#1067=CARTESIAN_POINT('Ctrl Pts',(43.6827710996557,-6.54544824828078,21.0028475050453));
#1068=CARTESIAN_POINT('Ctrl Pts',(39.2811388422397,-8.46052436261201,20.6686403454645));
#1069=CARTESIAN_POINT('Ctrl Pts',(33.3868027491,-10.8271391664457,18.997103067564));
#1070=CARTESIAN_POINT('Ctrl Pts',(23.344419854728,-14.5171801461156,13.9696966851144));
#1071=CARTESIAN_POINT('Ctrl Pts',(9.96781377248927,-18.891232775814,4.19185096339105));
#1072=CARTESIAN_POINT('Ctrl Pts',(-6.45205218079935,-23.5318186186385,-8.83764194104742));
#1073=CARTESIAN_POINT('Ctrl Pts',(-19.6392370426157,-26.6525966979321,-16.725581759545));
#1074=CARTESIAN_POINT('Ctrl Pts',(-29.3036468601807,-28.5097160183077,-19.4982516117353));
#1075=CARTESIAN_POINT('Ctrl Pts',(-35.938280851241,-29.5254891595147,-19.6645266137719));
#1076=CARTESIAN_POINT('Ctrl Pts',(-41.8035660470509,-30.1037962326692,-17.9197099961971));
#1077=CARTESIAN_POINT('Ctrl Pts',(-48.398146363844,-30.2065427375656,-13.3173294378517));
#1078=CARTESIAN_POINT('Ctrl Pts',(-53.1388470347896,-29.0654200234483,-5.23882693922415));
#1079=CARTESIAN_POINT('Ctrl Pts',(-54.6110166781922,-26.096720669994,4.65631640537697));
#1080=CARTESIAN_POINT('Ctrl Pts',(-53.3173550817107,-22.3754887433545,12.6060972213281));
#1081=CARTESIAN_POINT('Ctrl Pts',(-49.9131123425893,-17.9722719137389,18.248081709384));
#1082=CARTESIAN_POINT('Ctrl Pts',(-45.2839912376331,-13.3350495483183,21.2302953821908));
#1083=CARTESIAN_POINT('Ctrl Pts',(-40.1794374118035,-8.83434657208906,21.9340926886049));
#1084=CARTESIAN_POINT('Ctrl Pts',(-34.3953211743815,-4.1676877059344,20.5810978689251));
#1085=CARTESIAN_POINT('Ctrl Pts',(-27.4231340391758,1.09805132170637,17.0072158732002));
#1086=CARTESIAN_POINT('Ctrl Pts',(-19.2294047126168,6.90374039134186,10.8916018402685));
#1087=CARTESIAN_POINT('Ctrl Pts',(-9.89312644562135,13.1230371236306,2.64020120923634));
#1088=CARTESIAN_POINT('Ctrl Pts',(-0.407822468506755,19.0772320539435,-5.81722211867042));
#1089=CARTESIAN_POINT('Ctrl Pts',(7.91892004111726,23.9843672137925,-12.2590157157333));
#1090=CARTESIAN_POINT('Ctrl Pts',(14.9224099757059,27.8641996131627,-16.3186564756339));
#1091=CARTESIAN_POINT('Ctrl Pts',(20.6189940120073,30.8318820404306,-18.4687884738072));
#1092=CARTESIAN_POINT('Ctrl Pts',(25.890589953862,33.3726415806936,-19.1511793307272));
#1093=CARTESIAN_POINT('Ctrl Pts',(30.6516372042107,35.4254188377858,-18.4039866524682));
#1094=CARTESIAN_POINT('Ctrl Pts',(34.8660974894093,36.9562670636514,-16.3415608871119));
#1095=CARTESIAN_POINT('Ctrl Pts',(39.1087270955442,38.0749939794413,-12.5830813080272));
#1096=CARTESIAN_POINT('Ctrl Pts',(42.8413558860839,38.2757915801332,-6.69104874864639));
#1097=CARTESIAN_POINT('Ctrl Pts',(45.2035195741337,36.8397371298306,0.983746695175813));
#1098=CARTESIAN_POINT('Ctrl Pts',(45.6046621176161,33.7454064555367,8.37078860066524));
#1099=CARTESIAN_POINT('Ctrl Pts',(44.2049380301629,29.2400109679506,14.1858655951888));
#1100=CARTESIAN_POINT('Ctrl Pts',(41.3633681473756,23.6986288490881,17.5658130158767));
#1101=CARTESIAN_POINT('Ctrl Pts',(37.2300719517872,17.127121475451,18.1299632817115));
#1102=CARTESIAN_POINT('Ctrl Pts',(31.8538870533737,9.51917838054787,15.437777906445));
#1103=CARTESIAN_POINT('Ctrl Pts',(21.9912795941919,-3.3518782657844,6.53824351158655));
#1104=CARTESIAN_POINT('Ctrl Pts',(11.1861328676055,-16.011009088182,-7.27275885426806));
#1105=CARTESIAN_POINT('Ctrl Pts',(0.998272158874681,-26.8683322615912,-16.5341773526803));
#1106=CARTESIAN_POINT('Ctrl Pts',(-4.96795563399552,-32.9553403173113,-20.7116804339821));
#1107=CARTESIAN_POINT('Ctrl Pts',(-11.7584183619705,-39.4559365569911,-23.2340158833259));
#1108=CARTESIAN_POINT('Ctrl Pts',(-19.1735294136229,-45.8211739900951,-22.2516242700648));
#1109=CARTESIAN_POINT('Ctrl Pts',(-25.7225324421056,-50.4657193558296,-17.4458970625262));
#1110=CARTESIAN_POINT('Ctrl Pts',(-30.3965428738698,-52.6164531046959,-10.5710995451571));
#1111=CARTESIAN_POINT('Ctrl Pts',(-33.4879195270712,-52.7752482662951,-3.30912385474742));
#1112=CARTESIAN_POINT('Ctrl Pts',(-35.3517740902446,-51.4958028448337,3.46581198406687));
#1113=CARTESIAN_POINT('Ctrl Pts',(-36.2997261014286,-48.8015487893726,9.92691083725528));
#1114=CARTESIAN_POINT('Ctrl Pts',(-36.3741241926664,-44.3028431716442,16.1587037907119));
#1115=CARTESIAN_POINT('Ctrl Pts',(-35.2585972626542,-37.5377560907419,21.0334465299804));
#1116=CARTESIAN_POINT('Ctrl Pts',(-32.7927310337256,-28.5086944870998,22.7486323502701));
#1117=CARTESIAN_POINT('Ctrl Pts',(-28.9253928553598,-17.0711190876926,20.2623869485257));
#1118=CARTESIAN_POINT('Ctrl Pts',(-23.5227294898137,-3.35376148311494,12.0349472702298));
#1119=CARTESIAN_POINT('Ctrl Pts',(-16.5760576764177,12.2644935809252,-0.940866547447674));
#1120=CARTESIAN_POINT('Ctrl Pts',(-10.4064092777859,24.7427383632643,-10.8440533954553));
#1121=CARTESIAN_POINT('Ctrl Pts',(-5.49516084675462,33.8536339526291,-16.0357527684979));
#1122=CARTESIAN_POINT('Ctrl Pts',(-1.90553993197609,40.0705309825166,-18.2201368142672));
#1123=CARTESIAN_POINT('Ctrl Pts',(1.50301182858224,45.5003905807415,-18.5374604110827));
#1124=CARTESIAN_POINT('Ctrl Pts',(4.69603730675823,50.0405927369151,-17.0795598398526));
#1125=CARTESIAN_POINT('Ctrl Pts',(7.67948540752591,53.637881097497,-14.0154868438922));
#1126=CARTESIAN_POINT('Ctrl Pts',(11.3540272323268,57.0109250834127,-8.09623641153038));
#1127=CARTESIAN_POINT('Ctrl Pts',(15.176065827652,58.0302948556158,1.85233300776274));
#1128=CARTESIAN_POINT('Ctrl Pts',(17.587753540365,54.1403055089442,11.5937563895485));
#1129=CARTESIAN_POINT('Ctrl Pts',(18.6854674304843,48.4728969709192,17.1242118385592));
#1130=CARTESIAN_POINT('Ctrl Pts',(19.1291715730599,43.1218918909097,19.7578513442594));
#1131=CARTESIAN_POINT('Ctrl Pts',(19.2292846661527,36.840841721103,20.5889062625266));
#1132=CARTESIAN_POINT('Ctrl Pts',(19.024981355288,29.8151569765467,19.4790075999272));
#1133=CARTESIAN_POINT('Ctrl Pts',(18.5514242313999,22.2310065949451,16.5082951294136));
#1134=CARTESIAN_POINT('Ctrl Pts',(17.6027268223065,11.600475569781,10.4454649297003));
#1135=CARTESIAN_POINT('Ctrl Pts',(16.5756875884195,3.26831554914584,4.184413124212));
#1136=CARTESIAN_POINT('Ctrl Pts',(15.7795762330558,-2.26876055075208,2.40476041857285E-13));
#1137=CARTESIAN_POINT('',(-56.9147329081536,8.18310320071392,8.39894390184303E-13));
#1138=CARTESIAN_POINT('Origin',(-59.3892865128559,8.53889029639714,1.57776729871142E-17));
#1139=CARTESIAN_POINT('',(15.7795762330558,-2.2687605507521,2.26933674995896E-13));
#1140=CARTESIAN_POINT('Ctrl Pts',(-56.9147329081536,8.18310320071393,8.65627014512427E-13));
#1141=CARTESIAN_POINT('Ctrl Pts',(-56.7307256984235,9.46290145550395,3.71950174104926));
#1142=CARTESIAN_POINT('Ctrl Pts',(-55.0178686740421,11.1746887869866,9.27886260682962));
#1143=CARTESIAN_POINT('Ctrl Pts',(-50.3626874918983,12.972707978375,14.574913650701));
#1144=CARTESIAN_POINT('Ctrl Pts',(-45.9058574023838,14.098023402282,17.1869790254192));
#1145=CARTESIAN_POINT('Ctrl Pts',(-40.5339044066329,15.0463935123996,18.2543579963853));
#1146=CARTESIAN_POINT('Ctrl Pts',(-34.230717179956,15.8414240519781,17.5947826302103));
#1147=CARTESIAN_POINT('Ctrl Pts',(-27.1113629358748,16.4861517079396,15.0981206391321));
#1148=CARTESIAN_POINT('Ctrl Pts',(-16.8105456116278,17.1256357292525,9.56646200871246));
#1149=CARTESIAN_POINT('Ctrl Pts',(-2.94409725937895,17.5089824776299,-0.575310005146523));
#1150=CARTESIAN_POINT('Ctrl Pts',(11.2126700511376,17.3248382118597,-11.2670197187772));
#1151=CARTESIAN_POINT('Ctrl Pts',(22.2559826750799,16.8193997567188,-17.80644879334));
#1152=CARTESIAN_POINT('Ctrl Pts',(30.298699125383,16.2419290387527,-21.2428282240303));
#1153=CARTESIAN_POINT('Ctrl Pts',(37.9892977515465,15.4485587022936,-22.8169556232294));
#1154=CARTESIAN_POINT('Ctrl Pts',(45.9215231119917,14.2889320251352,-22.2127609172347));
#1155=CARTESIAN_POINT('Ctrl Pts',(51.9556064400594,12.9496509602579,-19.1748072638008));
#1156=CARTESIAN_POINT('Ctrl Pts',(55.5439834243226,11.7238164970748,-15.5438190986126));
#1157=CARTESIAN_POINT('Ctrl Pts',(57.2612892439772,10.9743800788235,-13.1936347334915));
#1158=CARTESIAN_POINT('Ctrl Pts',(59.4933405747985,9.80054138558427,-9.42798836617744));
#1159=CARTESIAN_POINT('Ctrl Pts',(61.5189018326292,7.84794081705679,-3.03461647904216));
#1160=CARTESIAN_POINT('Ctrl Pts',(61.2805855351396,4.51104306174558,6.7741635196208));
#1161=CARTESIAN_POINT('Ctrl Pts',(57.7481241415694,1.06780202676673,14.4150022897639));
#1162=CARTESIAN_POINT('Ctrl Pts',(53.0203056165105,-1.87304471878984,18.3952914970736));
#1163=CARTESIAN_POINT('Ctrl Pts',(49.6944494813716,-3.6675628591571,19.9746802519632));
#1164=CARTESIAN_POINT('Ctrl Pts',(46.7981620791706,-5.1046482531908,20.7432699987826));
#1165=CARTESIAN_POINT('Ctrl Pts',(43.6827710996557,-6.54544824828078,21.0028475050453));
#1166=CARTESIAN_POINT('Ctrl Pts',(39.2811388422397,-8.46052436261201,20.6686403454645));
#1167=CARTESIAN_POINT('Ctrl Pts',(33.3868027491,-10.8271391664457,18.997103067564));
#1168=CARTESIAN_POINT('Ctrl Pts',(23.344419854728,-14.5171801461156,13.9696966851144));
#1169=CARTESIAN_POINT('Ctrl Pts',(9.96781377248927,-18.891232775814,4.19185096339105));
#1170=CARTESIAN_POINT('Ctrl Pts',(-6.45205218079935,-23.5318186186385,-8.83764194104742));
#1171=CARTESIAN_POINT('Ctrl Pts',(-19.6392370426157,-26.6525966979321,-16.725581759545));
#1172=CARTESIAN_POINT('Ctrl Pts',(-29.3036468601807,-28.5097160183077,-19.4982516117353));
#1173=CARTESIAN_POINT('Ctrl Pts',(-35.938280851241,-29.5254891595147,-19.6645266137719));
#1174=CARTESIAN_POINT('Ctrl Pts',(-41.8035660470509,-30.1037962326692,-17.9197099961971));
#1175=CARTESIAN_POINT('Ctrl Pts',(-48.398146363844,-30.2065427375656,-13.3173294378517));
#1176=CARTESIAN_POINT('Ctrl Pts',(-53.1388470347896,-29.0654200234483,-5.23882693922415));
#1177=CARTESIAN_POINT('Ctrl Pts',(-54.6110166781922,-26.096720669994,4.65631640537697));
#1178=CARTESIAN_POINT('Ctrl Pts',(-53.3173550817107,-22.3754887433545,12.6060972213281));
#1179=CARTESIAN_POINT('Ctrl Pts',(-49.9131123425893,-17.9722719137389,18.248081709384));
#1180=CARTESIAN_POINT('Ctrl Pts',(-45.2839912376331,-13.3350495483183,21.2302953821908));
#1181=CARTESIAN_POINT('Ctrl Pts',(-40.1794374118035,-8.83434657208906,21.9340926886049));
#1182=CARTESIAN_POINT('Ctrl Pts',(-34.3953211743815,-4.1676877059344,20.5810978689251));
#1183=CARTESIAN_POINT('Ctrl Pts',(-27.4231340391758,1.09805132170637,17.0072158732002));
#1184=CARTESIAN_POINT('Ctrl Pts',(-19.2294047126168,6.90374039134186,10.8916018402685));
#1185=CARTESIAN_POINT('Ctrl Pts',(-9.89312644562135,13.1230371236306,2.64020120923634));
#1186=CARTESIAN_POINT('Ctrl Pts',(-0.407822468506755,19.0772320539435,-5.81722211867042));
#1187=CARTESIAN_POINT('Ctrl Pts',(7.91892004111726,23.9843672137925,-12.2590157157333));
#1188=CARTESIAN_POINT('Ctrl Pts',(14.9224099757059,27.8641996131627,-16.3186564756339));
#1189=CARTESIAN_POINT('Ctrl Pts',(20.6189940120073,30.8318820404306,-18.4687884738072));
#1190=CARTESIAN_POINT('Ctrl Pts',(25.890589953862,33.3726415806936,-19.1511793307272));
#1191=CARTESIAN_POINT('Ctrl Pts',(30.6516372042107,35.4254188377858,-18.4039866524682));
#1192=CARTESIAN_POINT('Ctrl Pts',(34.8660974894093,36.9562670636514,-16.3415608871119));
#1193=CARTESIAN_POINT('Ctrl Pts',(39.1087270955442,38.0749939794413,-12.5830813080272));
#1194=CARTESIAN_POINT('Ctrl Pts',(42.8413558860839,38.2757915801332,-6.69104874864639));
#1195=CARTESIAN_POINT('Ctrl Pts',(45.2035195741337,36.8397371298306,0.983746695175813));
#1196=CARTESIAN_POINT('Ctrl Pts',(45.6046621176161,33.7454064555367,8.37078860066524));
#1197=CARTESIAN_POINT('Ctrl Pts',(44.2049380301629,29.2400109679506,14.1858655951888));
#1198=CARTESIAN_POINT('Ctrl Pts',(41.3633681473756,23.6986288490881,17.5658130158767));
#1199=CARTESIAN_POINT('Ctrl Pts',(37.2300719517872,17.127121475451,18.1299632817115));
#1200=CARTESIAN_POINT('Ctrl Pts',(31.8538870533737,9.51917838054787,15.437777906445));
#1201=CARTESIAN_POINT('Ctrl Pts',(21.9912795941919,-3.3518782657844,6.53824351158655));
#1202=CARTESIAN_POINT('Ctrl Pts',(11.1861328676055,-16.011009088182,-7.27275885426806));
#1203=CARTESIAN_POINT('Ctrl Pts',(0.998272158874681,-26.8683322615912,-16.5341773526803));
#1204=CARTESIAN_POINT('Ctrl Pts',(-4.96795563399552,-32.9553403173113,-20.7116804339821));
#1205=CARTESIAN_POINT('Ctrl Pts',(-11.7584183619705,-39.4559365569911,-23.2340158833259));
#1206=CARTESIAN_POINT('Ctrl Pts',(-19.1735294136229,-45.8211739900951,-22.2516242700648));
#1207=CARTESIAN_POINT('Ctrl Pts',(-25.7225324421056,-50.4657193558296,-17.4458970625262));
#1208=CARTESIAN_POINT('Ctrl Pts',(-30.3965428738698,-52.6164531046959,-10.5710995451571));
#1209=CARTESIAN_POINT('Ctrl Pts',(-33.4879195270712,-52.7752482662951,-3.30912385474742));
#1210=CARTESIAN_POINT('Ctrl Pts',(-35.3517740902446,-51.4958028448337,3.46581198406687));
#1211=CARTESIAN_POINT('Ctrl Pts',(-36.2997261014286,-48.8015487893726,9.92691083725528));
#1212=CARTESIAN_POINT('Ctrl Pts',(-36.3741241926664,-44.3028431716442,16.1587037907119));
#1213=CARTESIAN_POINT('Ctrl Pts',(-35.2585972626542,-37.5377560907419,21.0334465299804));
#1214=CARTESIAN_POINT('Ctrl Pts',(-32.7927310337256,-28.5086944870998,22.7486323502701));
#1215=CARTESIAN_POINT('Ctrl Pts',(-28.9253928553598,-17.0711190876926,20.2623869485257));
#1216=CARTESIAN_POINT('Ctrl Pts',(-23.5227294898137,-3.35376148311494,12.0349472702298));
#1217=CARTESIAN_POINT('Ctrl Pts',(-16.5760576764177,12.2644935809252,-0.940866547447674));
#1218=CARTESIAN_POINT('Ctrl Pts',(-10.4064092777859,24.7427383632643,-10.8440533954553));
#1219=CARTESIAN_POINT('Ctrl Pts',(-5.49516084675462,33.8536339526291,-16.0357527684979));
#1220=CARTESIAN_POINT('Ctrl Pts',(-1.90553993197609,40.0705309825166,-18.2201368142672));
#1221=CARTESIAN_POINT('Ctrl Pts',(1.50301182858224,45.5003905807415,-18.5374604110827));
#1222=CARTESIAN_POINT('Ctrl Pts',(4.69603730675823,50.0405927369151,-17.0795598398526));
#1223=CARTESIAN_POINT('Ctrl Pts',(7.67948540752591,53.637881097497,-14.0154868438922));
#1224=CARTESIAN_POINT('Ctrl Pts',(11.3540272323268,57.0109250834127,-8.09623641153038));
#1225=CARTESIAN_POINT('Ctrl Pts',(15.176065827652,58.0302948556158,1.85233300776274));
#1226=CARTESIAN_POINT('Ctrl Pts',(17.587753540365,54.1403055089442,11.5937563895485));
#1227=CARTESIAN_POINT('Ctrl Pts',(18.6854674304843,48.4728969709192,17.1242118385592));
#1228=CARTESIAN_POINT('Ctrl Pts',(19.1291715730599,43.1218918909097,19.7578513442594));
#1229=CARTESIAN_POINT('Ctrl Pts',(19.2292846661527,36.840841721103,20.5889062625266));
#1230=CARTESIAN_POINT('Ctrl Pts',(19.024981355288,29.8151569765467,19.4790075999272));
#1231=CARTESIAN_POINT('Ctrl Pts',(18.5514242313999,22.2310065949451,16.5082951294136));
#1232=CARTESIAN_POINT('Ctrl Pts',(17.6027268223065,11.600475569781,10.4454649297003));
#1233=CARTESIAN_POINT('Ctrl Pts',(16.5756875884195,3.26831554914584,4.184413124212));
#1234=CARTESIAN_POINT('Ctrl Pts',(15.7795762330558,-2.26876055075208,2.40476041857285E-13));
#1235=CARTESIAN_POINT('Origin',(18.2541298377581,-2.62454764643533,2.27179386413923E-13));
#1236=CARTESIAN_POINT('Ctrl Pts',(15.7795762330558,-2.2687605507521,2.26103857858817E-13));
#1237=CARTESIAN_POINT('Ctrl Pts',(14.9834648776921,-7.80583665065011,-4.1844131242116));
#1238=CARTESIAN_POINT('Ctrl Pts',(13.6215815341159,-16.0892484820683,-10.4470701561791));
#1239=CARTESIAN_POINT('Ctrl Pts',(11.536697590145,-26.5573174657888,-16.5069241905358));
#1240=CARTESIAN_POINT('Ctrl Pts',(9.8545036360934,-33.9671261841171,-19.4810479071733));
#1241=CARTESIAN_POINT('Ctrl Pts',(8.07118333775003,-40.765704620163,-20.5871396201842));
#1242=CARTESIAN_POINT('Ctrl Pts',(6.20533671640316,-46.7649260399312,-19.7593406374724));
#1243=CARTESIAN_POINT('Ctrl Pts',(4.27246675552655,-51.7728042674111,-17.1229533649732));
#1244=CARTESIAN_POINT('Ctrl Pts',(1.62185121279219,-56.9033542826481,-11.5949925874046));
#1245=CARTESIAN_POINT('Ctrl Pts',(-1.78739834979994,-59.9550950418385,-1.85233185672366));
#1246=CARTESIAN_POINT('Ctrl Pts',(-5.16811427206366,-57.9008659908811,8.09660872698253));
#1247=CARTESIAN_POINT('Ctrl Pts',(-7.7429769933084,-53.628925393887,14.0150032214075));
#1248=CARTESIAN_POINT('Ctrl Pts',(-9.28408499971163,-50.0522613834298,16.5694740235501));
#1249=CARTESIAN_POINT('Ctrl Pts',(-10.4849210908582,-46.7089491764044,17.8084783301695));
#1250=CARTESIAN_POINT('Ctrl Pts',(-11.3700675979886,-43.9659490290523,18.3152869654497));
#1251=CARTESIAN_POINT('Ctrl Pts',(-12.2468961766607,-40.9964708177203,18.3783438005191));
#1252=CARTESIAN_POINT('Ctrl Pts',(-13.8496480486184,-35.0959158858458,17.6582018342719));
#1253=CARTESIAN_POINT('Ctrl Pts',(-16.1078545781367,-25.2388323903898,13.6733516387353));
#1254=CARTESIAN_POINT('Ctrl Pts',(-18.7468012848739,-10.8062104888095,3.76776159508977));
#1255=CARTESIAN_POINT('Ctrl Pts',(-20.7415263379752,2.94611872416126,-6.8490272467385));
#1256=CARTESIAN_POINT('Ctrl Pts',(-22.1379550380886,15.3754999342417,-15.2648742297558));
#1257=CARTESIAN_POINT('Ctrl Pts',(-23.0145798148806,26.2500755554662,-20.6132471149409));
#1258=CARTESIAN_POINT('Ctrl Pts',(-23.4319007182144,36.5961665138884,-22.7462640379933));
#1259=CARTESIAN_POINT('Ctrl Pts',(-23.2849494395751,44.389614603205,-21.3195709909081));
#1260=CARTESIAN_POINT('Ctrl Pts',(-22.7987655284082,49.6665809554171,-18.3756468879132));
#1261=CARTESIAN_POINT('Ctrl Pts',(-22.0589669549281,54.1755643419981,-14.4180103573689));
#1262=CARTESIAN_POINT('Ctrl Pts',(-20.6379913557465,58.2074006710796,-7.92952938871001));
#1263=CARTESIAN_POINT('Ctrl Pts',(-18.0955336554002,60.2306314720623,1.05624382517874));
#1264=CARTESIAN_POINT('Ctrl Pts',(-15.073325807106,59.4541284645399,8.95921270009581));
#1265=CARTESIAN_POINT('Ctrl Pts',(-11.8874515452244,56.9502515893172,14.969812101739));
#1266=CARTESIAN_POINT('Ctrl Pts',(-8.81503987773241,53.607515238793,19.1218659327568));
#1267=CARTESIAN_POINT('Ctrl Pts',(-5.45531789830877,49.1922469967777,21.8890139118512));
#1268=CARTESIAN_POINT('Ctrl Pts',(-1.94598012659146,43.9334854005291,22.9866156577581));
#1269=CARTESIAN_POINT('Ctrl Pts',(1.5957242866353,38.1235001276221,22.3455792422791));
#1270=CARTESIAN_POINT('Ctrl Pts',(5.08989148545695,31.9446169750723,20.1164983810097));
#1271=CARTESIAN_POINT('Ctrl Pts',(8.52716938538973,25.4998950512257,16.5337831304875));
#1272=CARTESIAN_POINT('Ctrl Pts',(13.0071077512922,16.6369860307537,10.3624828332083));
#1273=CARTESIAN_POINT('Ctrl Pts',(18.3738325923867,5.21490231934466,0.889737922537891));
#1274=CARTESIAN_POINT('Ctrl Pts',(23.7184311031343,-7.31129648307409,-9.07610183344113));
#1275=CARTESIAN_POINT('Ctrl Pts',(27.8800064470135,-18.1065491879079,-15.4384707337538));
#1276=CARTESIAN_POINT('Ctrl Pts',(30.8981478979539,-26.9240485780388,-18.1289509949849));
#1277=CARTESIAN_POINT('Ctrl Pts',(33.010593949643,-34.3921786138816,-17.5658350016352));
#1278=CARTESIAN_POINT('Ctrl Pts',(34.1771005698659,-40.5098861389586,-14.1855030723607));
#1279=CARTESIAN_POINT('Ctrl Pts',(34.2507019548013,-45.2269419572175,-8.37093521615774));
#1280=CARTESIAN_POINT('Ctrl Pts',(32.9928244922908,-48.0826701730749,-0.983225834597533));
#1281=CARTESIAN_POINT('Ctrl Pts',(30.3237780869657,-48.795802203226,6.69043677774521));
#1282=CARTESIAN_POINT('Ctrl Pts',(26.3546792254902,-47.3942184786802,13.3217679467296));
#1283=CARTESIAN_POINT('Ctrl Pts',(21.3612317304351,-44.1784989786493,17.7877320880385));
#1284=CARTESIAN_POINT('Ctrl Pts',(15.5166233855544,-39.4433227064049,19.4546248291025));
#1285=CARTESIAN_POINT('Ctrl Pts',(8.8630548462632,-33.3268908389197,17.8752583335403));
#1286=CARTESIAN_POINT('Ctrl Pts',(1.66618727003615,-26.1250659956894,13.0659126618728));
#1287=CARTESIAN_POINT('Ctrl Pts',(-5.76584496617552,-18.1899081282067,5.81637135541466));
#1288=CARTESIAN_POINT('Ctrl Pts',(-12.3647763955767,-10.7355594434004,-1.69784107832836));
#1289=CARTESIAN_POINT('Ctrl Pts',(-19.6071211344463,-2.17394285209357,-9.98993781531044));
#1290=CARTESIAN_POINT('Ctrl Pts',(-26.5014290045465,6.45770209330004,-17.1282407348744));
#1291=CARTESIAN_POINT('Ctrl Pts',(-33.358964963607,15.7826358389857,-21.508331922533));
#1292=CARTESIAN_POINT('Ctrl Pts',(-38.6567198716282,23.7492854249232,-21.9664380192038));
#1293=CARTESIAN_POINT('Ctrl Pts',(-42.3126652734098,30.245652450732,-19.0314390959569));
#1294=CARTESIAN_POINT('Ctrl Pts',(-44.3389799500081,35.1070095403318,-14.208684854874));
#1295=CARTESIAN_POINT('Ctrl Pts',(-45.3024891159371,39.7026792347395,-6.85559986140529));
#1296=CARTESIAN_POINT('Ctrl Pts',(-44.0768923473498,41.9401378649545,0.733744370655589));
#1297=CARTESIAN_POINT('Ctrl Pts',(-41.5725273386711,42.5534369657264,6.68025439253563));
#1298=CARTESIAN_POINT('Ctrl Pts',(-40.0492123255707,42.6124946355499,9.47592716370701));
#1299=CARTESIAN_POINT('Ctrl Pts',(-38.2657702677908,42.4308271321045,12.0309998470295));
#1300=CARTESIAN_POINT('Ctrl Pts',(-35.5641357903137,41.8831929882749,15.0390495390548));
#1301=CARTESIAN_POINT('Ctrl Pts',(-31.629642964044,40.6626472498516,17.921782507053));
#1302=CARTESIAN_POINT('Ctrl Pts',(-26.1641770454036,38.4540365522817,19.66259321095));
#1303=CARTESIAN_POINT('Ctrl Pts',(-20.0842727142161,35.6109113594283,19.4993042224587));
#1304=CARTESIAN_POINT('Ctrl Pts',(-11.3350361299685,31.1058399320842,16.7245522861939));
#1305=CARTESIAN_POINT('Ctrl Pts',(0.438956604315325,24.3963801227993,8.83752358920709));
#1306=CARTESIAN_POINT('Ctrl Pts',(14.8863316393412,15.3176779492025,-4.19203050925519));
#1307=CARTESIAN_POINT('Ctrl Pts',(26.4889624335889,7.35206840444895,-13.9705085283277));
#1308=CARTESIAN_POINT('Ctrl Pts',(35.0850403876405,0.98226664941176,-18.9970352269616));
#1309=CARTESIAN_POINT('Ctrl Pts',(41.0716801155328,-3.73570062374091,-21.0055698027382));
#1310=CARTESIAN_POINT('Ctrl Pts',(46.4441393246673,-8.31807957838641,-20.9990423865911));
#1311=CARTESIAN_POINT('Ctrl Pts',(52.1661458109937,-13.7704473005918,-18.4234888850341));
#1312=CARTESIAN_POINT('Ctrl Pts',(55.8451261067282,-18.3393759285151,-12.7981144394276));
#1313=CARTESIAN_POINT('Ctrl Pts',(57.3814775072702,-22.2442340117741,-4.80903452638448));
#1314=CARTESIAN_POINT('Ctrl Pts',(56.8173529507414,-24.8634893505788,3.03345392166057));
#1315=CARTESIAN_POINT('Ctrl Pts',(53.4904457315058,-26.5971261372432,11.5592291627772));
#1316=CARTESIAN_POINT('Ctrl Pts',(47.5733853481269,-27.1527829688028,18.4968374048111));
#1317=CARTESIAN_POINT('Ctrl Pts',(40.0360424791179,-26.6486828947777,22.2145963813804));
#1318=CARTESIAN_POINT('Ctrl Pts',(32.0981970181535,-25.5243804746045,22.8163549242912));
#1319=CARTESIAN_POINT('Ctrl Pts',(24.4953264013728,-24.1215690771926,21.2438330419016));
#1320=CARTESIAN_POINT('Ctrl Pts',(16.616353884069,-22.4070016161322,17.8059336744514));
#1321=CARTESIAN_POINT('Ctrl Pts',(5.87696748020768,-19.7834473291432,11.2677937585723));
#1322=CARTESIAN_POINT('Ctrl Pts',(-7.75686201822683,-15.9685758765045,0.574534016504319));
#1323=CARTESIAN_POINT('Ctrl Pts',(-20.9550773626652,-11.6970812128859,-9.56584213614059));
#1324=CARTESIAN_POINT('Ctrl Pts',(-30.6571539949963,-8.17887022761384,-15.0987578372272));
#1325=CARTESIAN_POINT('Ctrl Pts',(-37.3082026239182,-5.55792635688742,-17.5937123266281));
#1326=CARTESIAN_POINT('Ctrl Pts',(-43.1302403066962,-3.0152763064221,-18.2553107617568));
#1327=CARTESIAN_POINT('Ctrl Pts',(-48.0188075971719,-0.595325477793148,
-17.1862094376123));
#1328=CARTESIAN_POINT('Ctrl Pts',(-51.9771436459536,1.74270131174684,-14.575426038149));
#1329=CARTESIAN_POINT('Ctrl Pts',(-55.9379298141975,4.77693180134438,-9.27824573847836));
#1330=CARTESIAN_POINT('Ctrl Pts',(-57.0987401178838,6.90330494592388,-3.71950174104761));
#1331=CARTESIAN_POINT('Ctrl Pts',(-56.9147329081536,8.18310320071392,8.41176087118534E-13));
#1332=CARTESIAN_POINT('Ctrl Pts',(15.8430828078881,-1.82706262078107,-0.600309284364159));
#1333=CARTESIAN_POINT('Ctrl Pts',(15.0531780854095,-7.36494171530168,-4.78472405785925));
#1334=CARTESIAN_POINT('Ctrl Pts',(13.6978187012555,-15.6711962365568,-11.0647771127893));
#1335=CARTESIAN_POINT('Ctrl Pts',(11.6067644161814,-26.2342667259206,-17.1802464355527));
#1336=CARTESIAN_POINT('Ctrl Pts',(9.90764665487751,-33.7649577943229,-20.20449871143));
#1337=CARTESIAN_POINT('Ctrl Pts',(8.085968826261,-40.7480945318412,-21.3450987764248));
#1338=CARTESIAN_POINT('Ctrl Pts',(6.15863167411217,-46.9803719060516,-20.4883908234646));
#1339=CARTESIAN_POINT('Ctrl Pts',(4.15248402163683,-52.202806324663,-17.7387816501369));
#1340=CARTESIAN_POINT('Ctrl Pts',(1.4141093256863,-57.5264257041697,-11.9954649373179));
#1341=CARTESIAN_POINT('Ctrl Pts',(-2.07546229566899,-60.6569024921667,-1.97624294762106));
#1342=CARTESIAN_POINT('Ctrl Pts',(-5.52654764749626,-58.5599587870742,8.22566154230324));
#1343=CARTESIAN_POINT('Ctrl Pts',(-8.17020791970002,-54.1628228302255,14.3354358064546));
#1344=CARTESIAN_POINT('Ctrl Pts',(-9.7594242238692,-50.4615368515866,16.9845526147129));
#1345=CARTESIAN_POINT('Ctrl Pts',(-10.9961746375286,-47.0040018662166,18.2700925339603));
#1346=CARTESIAN_POINT('Ctrl Pts',(-11.9062282777524,-44.1743609915675,18.7951079183041));
#1347=CARTESIAN_POINT('Ctrl Pts',(-12.8033310768098,-41.1232671145862,18.8632135081176));
#1348=CARTESIAN_POINT('Ctrl Pts',(-14.4358391505907,-35.0879204741907,18.1316592163676));
#1349=CARTESIAN_POINT('Ctrl Pts',(-16.712567004748,-25.1063655933777,14.0972564554702));
#1350=CARTESIAN_POINT('Ctrl Pts',(-19.3518181528911,-10.6060657275982,4.15896037837262));
#1351=CARTESIAN_POINT('Ctrl Pts',(-21.3389494911641,3.16508914857564,-6.45643696943591));
#1352=CARTESIAN_POINT('Ctrl Pts',(-22.7238882719639,15.5748675133773,-14.8447908748931));
#1353=CARTESIAN_POINT('Ctrl Pts',(-23.5873607469555,26.3913386846927,-20.1512009840126));
#1354=CARTESIAN_POINT('Ctrl Pts',(-23.9909589693132,36.6123300950655,-22.2414865306979));
#1355=CARTESIAN_POINT('Ctrl Pts',(-23.839782421978,44.2542113564417,-20.8309594566064));
#1356=CARTESIAN_POINT('Ctrl Pts',(-23.3579182024375,49.4302739342108,-17.9372180340101));
#1357=CARTESIAN_POINT('Ctrl Pts',(-22.6254147656833,53.8598310989459,-14.0411338007188));
#1358=CARTESIAN_POINT('Ctrl Pts',(-21.2175293874852,57.8357232146645,-7.63374593884122));
#1359=CARTESIAN_POINT('Ctrl Pts',(-18.690030282489,59.8343631360276,1.27887125450593));
#1360=CARTESIAN_POINT('Ctrl Pts',(-15.6798041396292,59.053706477484,9.13578146083988));
#1361=CARTESIAN_POINT('Ctrl Pts',(-12.5022243222889,56.5521233577858,15.1207125124404));
#1362=CARTESIAN_POINT('Ctrl Pts',(-9.43474024685494,53.2113231794841,19.2570308123331));
#1363=CARTESIAN_POINT('Ctrl Pts',(-6.0777644678488,48.7972951965946,22.0150853235396));
#1364=CARTESIAN_POINT('Ctrl Pts',(-2.56926060735794,43.5368836852408,23.1033455707904));
#1365=CARTESIAN_POINT('Ctrl Pts',(0.971584716294807,37.7260450229223,22.4547980986696));
#1366=CARTESIAN_POINT('Ctrl Pts',(4.46314384237881,31.5487792543977,20.2165370973202));
#1367=CARTESIAN_POINT('Ctrl Pts',(7.89663135132044,25.1085128658532,16.6274441730777));
#1368=CARTESIAN_POINT('Ctrl Pts',(12.3702139318063,16.2542670313404,10.4494647724507));
#1369=CARTESIAN_POINT('Ctrl Pts',(17.7265298376304,4.84907983237888,0.973531884915634));
#1370=CARTESIAN_POINT('Ctrl Pts',(23.0571770399544,-7.65082878207078,-8.98816952691827));
#1371=CARTESIAN_POINT('Ctrl Pts',(27.2010076772085,-18.4069023299482,-15.3416278146047));
#1372=CARTESIAN_POINT('Ctrl Pts',(30.1972896489623,-27.1683481471078,-18.0237494225164));
#1373=CARTESIAN_POINT('Ctrl Pts',(32.2818574037338,-34.5489522568412,-17.4748734644746));
#1374=CARTESIAN_POINT('Ctrl Pts',(33.4292011913715,-40.5765311567432,-14.1578150143394));
#1375=CARTESIAN_POINT('Ctrl Pts',(33.5024233214329,-45.2349204470173,-8.43782986422981));
#1376=CARTESIAN_POINT('Ctrl Pts',(32.2623994233177,-48.0607545102901,-1.16119619815647));
#1377=CARTESIAN_POINT('Ctrl Pts',(29.6365310870369,-48.7728183223916,6.3819372708593));
#1378=CARTESIAN_POINT('Ctrl Pts',(25.7522541412003,-47.4108666379285,12.8618873902871));
#1379=CARTESIAN_POINT('Ctrl Pts',(20.9140247099931,-44.3072443130765,17.1821512789356));
#1380=CARTESIAN_POINT('Ctrl Pts',(15.2620559394334,-39.744107531834,18.8028633120338));
#1381=CARTESIAN_POINT('Ctrl Pts',(8.73735476209845,-33.7639324683896,17.2753051963413));
#1382=CARTESIAN_POINT('Ctrl Pts',(1.59851924310046,-26.6362593446607,12.5218534852384));
#1383=CARTESIAN_POINT('Ctrl Pts',(-5.81636574817657,-18.7357112314828,5.30697820681125));
#1384=CARTESIAN_POINT('Ctrl Pts',(-12.4227279197885,-11.2872940680096,-2.19990818404166));
#1385=CARTESIAN_POINT('Ctrl Pts',(-19.6920700290099,-2.71043391028045,-10.5048538220334));
#1386=CARTESIAN_POINT('Ctrl Pts',(-26.6375688672465,5.96788843033632,-17.6825110298021));
#1387=CARTESIAN_POINT('Ctrl Pts',(-33.6070935464646,15.423294072737,-22.1280866910265));
#1388=CARTESIAN_POINT('Ctrl Pts',(-39.0629754476707,23.6072737395545,-22.6036466710799));
#1389=CARTESIAN_POINT('Ctrl Pts',(-42.8632759532096,30.3405830790728,-19.5550041648632));
#1390=CARTESIAN_POINT('Ctrl Pts',(-44.9618444599607,35.3587501744761,-14.5582364815938));
#1391=CARTESIAN_POINT('Ctrl Pts',(-45.9572226205385,40.079599748454,-6.98109131807012));
#1392=CARTESIAN_POINT('Ctrl Pts',(-44.7042150694328,42.3634141521734,0.806546841611135));
#1393=CARTESIAN_POINT('Ctrl Pts',(-42.132899583643,42.9870489771461,6.92564459926149));
#1394=CARTESIAN_POINT('Ctrl Pts',(-40.565047885929,43.0438120352518,9.80820601725616));
#1395=CARTESIAN_POINT('Ctrl Pts',(-38.7245352969237,42.8518697222189,12.4496741865103));
#1396=CARTESIAN_POINT('Ctrl Pts',(-35.9277401502447,42.2794371080427,15.5683941752662));
#1397=CARTESIAN_POINT('Ctrl Pts',(-31.8360974142916,41.0022041882646,18.5724016713396));
#1398=CARTESIAN_POINT('Ctrl Pts',(-26.1477111555733,38.6933438880893,20.384376489484));
#1399=CARTESIAN_POINT('Ctrl Pts',(-19.8750317299378,35.7484222671158,20.212247499885));
#1400=CARTESIAN_POINT('Ctrl Pts',(-10.9528929004334,31.1398895835567,17.3761572115156));
#1401=CARTESIAN_POINT('Ctrl Pts',(0.908311877003412,24.3610880028836,9.41924965498393));
#1402=CARTESIAN_POINT('Ctrl Pts',(15.3680819752116,15.2527430963058,-3.62419677567042));
#1403=CARTESIAN_POINT('Ctrl Pts',(26.9218564078651,7.30121142461797,-13.3600235809224));
#1404=CARTESIAN_POINT('Ctrl Pts',(35.4184058529028,0.989864796926682,-18.3245103273672));
#1405=CARTESIAN_POINT('Ctrl Pts',(41.2862937076435,-3.64655270268023,-20.2884187556646));
#1406=CARTESIAN_POINT('Ctrl Pts',(46.4979224413764,-8.1041056559667,-20.2732047924376));
#1407=CARTESIAN_POINT('Ctrl Pts',(52.0073322758243,-13.3697674679275,-17.7846470513768));
#1408=CARTESIAN_POINT('Ctrl Pts',(55.5648246238236,-17.8005621670299,-12.3425629944269));
#1409=CARTESIAN_POINT('Ctrl Pts',(57.0565419784093,-21.6199458863187,-4.5420925962731));
#1410=CARTESIAN_POINT('Ctrl Pts',(56.4943800948081,-24.1910428933214,3.14212175308827));
#1411=CARTESIAN_POINT('Ctrl Pts',(53.217787709069,-25.896829087068,11.5075001953748));
#1412=CARTESIAN_POINT('Ctrl Pts',(47.4081693709252,-26.4435110373709,18.2959821893408));
#1413=CARTESIAN_POINT('Ctrl Pts',(40.0286604401861,-25.9536147033505,21.924447677016));
#1414=CARTESIAN_POINT('Ctrl Pts',(32.2309030482964,-24.8532884928882,22.5085555439812));
#1415=CARTESIAN_POINT('Ctrl Pts',(24.7225119428374,-23.4715914264651,20.9493162060358));
#1416=CARTESIAN_POINT('Ctrl Pts',(16.9065262229197,-21.7747605847111,17.5305044452432));
#1417=CARTESIAN_POINT('Ctrl Pts',(6.22072446635613,-19.1693094708299,11.0136085499382));
#1418=CARTESIAN_POINT('Ctrl Pts',(-7.38101958916442,-15.3705329370822,0.329289099581342));
#1419=CARTESIAN_POINT('Ctrl Pts',(-20.57613224334,-11.1068112264142,-9.82511840329661));
#1420=CARTESIAN_POINT('Ctrl Pts',(-30.2992535578505,-7.58689982612656,-15.3830580099427));
#1421=CARTESIAN_POINT('Ctrl Pts',(-36.9833757435744,-4.95704374812792,-17.8990924223662));
#1422=CARTESIAN_POINT('Ctrl Pts',(-42.8585279192677,-2.3964115941161,-18.5772570318013));
#1423=CARTESIAN_POINT('Ctrl Pts',(-47.8098222286531,0.0498733765142272,
-17.5034416083079));
#1424=CARTESIAN_POINT('Ctrl Pts',(-51.8199512953159,2.41299337254169,-14.8687973105046));
#1425=CARTESIAN_POINT('Ctrl Pts',(-55.8206369777907,5.47011719165974,-9.53486080498942));
#1426=CARTESIAN_POINT('Ctrl Pts',(-56.9917721128379,7.60331268817317,-3.96034955198886));
#1427=CARTESIAN_POINT('Ctrl Pts',(-56.8139989840091,8.8837230324384,-0.241838605690063));
#1428=CARTESIAN_POINT('Ctrl Pts',(16.6777065862215,-1.05019016197162,-1.79455716199548));
#1429=CARTESIAN_POINT('Ctrl Pts',(15.8987465002381,-6.59967351278028,-5.97878685420559));
#1430=CARTESIAN_POINT('Ctrl Pts',(14.5545193232736,-14.9639172738301,-12.2933470968048));
#1431=CARTESIAN_POINT('Ctrl Pts',(12.4466753108504,-25.7393508402631,-18.5197317805872));
#1432=CARTESIAN_POINT('Ctrl Pts',(10.7093248905139,-33.5312932000052,-21.6426383478337));
#1433=CARTESIAN_POINT('Ctrl Pts',(8.80450261844125,-40.908421185481,-22.848569812234));
#1434=CARTESIAN_POINT('Ctrl Pts',(6.74475817029668,-47.6372515489645,-21.9213051622357));
#1435=CARTESIAN_POINT('Ctrl Pts',(4.5798118339681,-53.3199163540775,-18.9199033845948));
#1436=CARTESIAN_POINT('Ctrl Pts',(1.64781764714451,-59.061894812254,-12.6933160717359));
#1437=CARTESIAN_POINT('Ctrl Pts',(-2.02632533988023,-62.3650708661243,-2.03365946950497));
#1438=CARTESIAN_POINT('Ctrl Pts',(-5.65329848491419,-60.1531114164966,8.80174425720288));
#1439=CARTESIAN_POINT('Ctrl Pts',(-8.48161529155655,-55.4089996948756,15.4174995484276));
#1440=CARTESIAN_POINT('Ctrl Pts',(-10.203079400065,-51.3592539242148,18.3205147939373));
#1441=CARTESIAN_POINT('Ctrl Pts',(-11.5400754298795,-47.5774317100328,19.7288910988208));
#1442=CARTESIAN_POINT('Ctrl Pts',(-12.5199491206385,-44.5017188047828,20.3002971786584));
#1443=CARTESIAN_POINT('Ctrl Pts',(-13.4736786148092,-41.2182049346143,20.3760535248613));
#1444=CARTESIAN_POINT('Ctrl Pts',(-15.1887947263777,-34.7999381623362,19.6000250814845));
#1445=CARTESIAN_POINT('Ctrl Pts',(-17.5126141751046,-24.4776170760061,15.4101217964764));
#1446=CARTESIAN_POINT('Ctrl Pts',(-20.1453011547242,-9.80768836358086,5.36818852285186));
#1447=CARTESIAN_POINT('Ctrl Pts',(-22.1032178794309,3.98604479247427,-5.24307777047481));
#1448=CARTESIAN_POINT('Ctrl Pts',(-23.4483842483305,16.3003185120976,-13.5456857944597));
#1449=CARTESIAN_POINT('Ctrl Pts',(-24.2675536517694,26.9011111154773,-18.7208197510856));
#1450=CARTESIAN_POINT('Ctrl Pts',(-24.6259156088791,36.676888026985,-20.6822783220948));
#1451=CARTESIAN_POINT('Ctrl Pts',(-24.4621691596897,43.7899772019847,-19.3436968701068));
#1452=CARTESIAN_POINT('Ctrl Pts',(-23.9987347730021,48.6034611627396,-16.6460794781755));
#1453=CARTESIAN_POINT('Ctrl Pts',(-23.2970200234293,52.7442550283626,-12.99446372005));
#1454=CARTESIAN_POINT('Ctrl Pts',(-21.9445418829157,56.5126241289322,-6.91933803957884));
#1455=CARTESIAN_POINT('Ctrl Pts',(-19.4958195140508,58.4226788078833,1.63905989318589));
#1456=CARTESIAN_POINT('Ctrl Pts',(-16.5716648277257,57.6552394760443,9.2134130070768));
#1457=CARTESIAN_POINT('Ctrl Pts',(-13.4937358466825,55.2317566580474,14.9739163153698));
#1458=CARTESIAN_POINT('Ctrl Pts',(-10.5292681086537,52.0070126948772,18.9404963664397));
#1459=CARTESIAN_POINT('Ctrl Pts',(-7.29172272873171,47.7555958392077,21.5813258115283));
#1460=CARTESIAN_POINT('Ctrl Pts',(-3.8948589170758,42.672476722031,22.6155912107603));
#1461=CARTESIAN_POINT('Ctrl Pts',(-0.441993740945214,37.0148560942924,21.9724944526551));
#1462=CARTESIAN_POINT('Ctrl Pts',(2.99087097558439,30.9536664738161,19.7573225702618));
#1463=CARTESIAN_POINT('Ctrl Pts',(6.38603318925994,24.5962686000842,16.1963281672376));
#1464=CARTESIAN_POINT('Ctrl Pts',(10.8273112063144,15.8224211125274,10.0452800415723));
#1465=CARTESIAN_POINT('Ctrl Pts',(16.1658027340895,4.47772963694363,0.581092613715651));
#1466=CARTESIAN_POINT('Ctrl Pts',(21.4948574225391,-7.99170845063023,-9.40131245902271));
#1467=CARTESIAN_POINT('Ctrl Pts',(25.6535631261092,-18.7585020315997,-15.799662241542));
#1468=CARTESIAN_POINT('Ctrl Pts',(28.6796249346078,-27.5775380057903,-18.5337089777373));
#1469=CARTESIAN_POINT('Ctrl Pts',(30.8063962872681,-35.0691424286294,-18.0080652199631));
#1470=CARTESIAN_POINT('Ctrl Pts',(31.981750587848,-41.1927353805674,-14.6615418073213));
#1471=CARTESIAN_POINT('Ctrl Pts',(32.0663513959139,-45.890216051485,-8.92197621098284));
#1472=CARTESIAN_POINT('Ctrl Pts',(30.8406943014687,-48.7277841613331,-1.67179805754781));
#1473=CARTESIAN_POINT('Ctrl Pts',(28.2510653278118,-49.4534657458953,5.79313005943782));
#1474=CARTESIAN_POINT('Ctrl Pts',(24.4503865061782,-48.1378209515749,12.1440106409465));
#1475=CARTESIAN_POINT('Ctrl Pts',(19.7816217458832,-45.1606011685903,16.3201719992873));
#1476=CARTESIAN_POINT('Ctrl Pts',(14.3491309569056,-40.7967114342395,17.902663724241));
#1477=CARTESIAN_POINT('Ctrl Pts',(7.97123680714506,-34.9750282790425,16.4501651850102));
#1478=CARTESIAN_POINT('Ctrl Pts',(0.890786583867632,-27.9275168144391,11.7737234537762));
#1479=CARTESIAN_POINT('Ctrl Pts',(-6.51726889480184,-20.0562786752545,4.60643071613491));
#1480=CARTESIAN_POINT('Ctrl Pts',(-13.1471517736659,-12.6007979990468,-2.89037028234772));
#1481=CARTESIAN_POINT('Ctrl Pts',(-20.4687441348596,-3.98480825426985,-11.2122177011778));
#1482=CARTESIAN_POINT('Ctrl Pts',(-27.5004760011236,4.77763723082283,-18.4439287739707));
#1483=CARTESIAN_POINT('Ctrl Pts',(-34.6459549841103,14.4424267950072,-22.9768499609381));
#1484=CARTESIAN_POINT('Ctrl Pts',(-40.3447838031573,22.9635833982196,-23.4666353311229));
#1485=CARTESIAN_POINT('Ctrl Pts',(-44.3683986453199,30.0674733987276,-20.2288754140936));
#1486=CARTESIAN_POINT('Ctrl Pts',(-46.5796732456228,35.3367723704674,-14.9419458849796));
#1487=CARTESIAN_POINT('Ctrl Pts',(-47.6219118632973,40.2636496520653,-6.97949654239661));
#1488=CARTESIAN_POINT('Ctrl Pts',(-46.315345573393,42.629066300564,1.17053322297204));
#1489=CARTESIAN_POINT('Ctrl Pts',(-43.6077990661986,43.2673487968068,7.62227262082914));
#1490=CARTESIAN_POINT('Ctrl Pts',(-41.9486482855722,43.3170054160574,10.6751573792617));
#1491=CARTESIAN_POINT('Ctrl Pts',(-39.9900559338038,43.1017891044224,13.4883631171965));
#1492=CARTESIAN_POINT('Ctrl Pts',(-36.9951963427081,42.4758265889887,16.8301701338198));
#1493=CARTESIAN_POINT('Ctrl Pts',(-32.5733910682037,41.0777043687506,20.0810391117157));
#1494=CARTESIAN_POINT('Ctrl Pts',(-26.4114338878612,38.554254937237,22.0357166390392));
#1495=CARTESIAN_POINT('Ctrl Pts',(-19.7286346569417,35.3910598355526,21.8350158473907));
#1496=CARTESIAN_POINT('Ctrl Pts',(-10.4418711146958,30.5619502904037,18.8562596193528));
#1497=CARTESIAN_POINT('Ctrl Pts',(1.59160921905405,23.640289126532,10.7400364000949));
#1498=CARTESIAN_POINT('Ctrl Pts',(16.0539001662729,14.4805091398444,-2.33561594748018));
#1499=CARTESIAN_POINT('Ctrl Pts',(27.4759948879387,6.57472983280453,-11.9739952227389));
#1500=CARTESIAN_POINT('Ctrl Pts',(35.7242356625178,0.412323473419124,-16.7972836432371));
#1501=CARTESIAN_POINT('Ctrl Pts',(41.3018400843078,-4.02297741425516,-18.6613865074587));
#1502=CARTESIAN_POINT('Ctrl Pts',(46.1224055184827,-8.17538914417221,-18.6338621845744));
#1503=CARTESIAN_POINT('Ctrl Pts',(51.1134366130515,-12.983327455641,-16.369440155448));
#1504=CARTESIAN_POINT('Ctrl Pts',(54.3719328311283,-17.0706510953478,-11.3937447793077));
#1505=CARTESIAN_POINT('Ctrl Pts',(55.7555545035632,-20.6681488304019,-4.09902987522672));
#1506=CARTESIAN_POINT('Ctrl Pts',(55.2090929585079,-23.1119852387089,3.14738448341879));
#1507=CARTESIAN_POINT('Ctrl Pts',(52.0956752981384,-24.7388234627683,11.0325335187278));
#1508=CARTESIAN_POINT('Ctrl Pts',(46.642974124629,-25.2626028014059,17.3515916700733));
#1509=CARTESIAN_POINT('Ctrl Pts',(39.8085055280388,-24.8254202259083,20.6907549416814));
#1510=CARTESIAN_POINT('Ctrl Pts',(32.5034187446606,-23.8129059558451,21.233193048359));
#1511=CARTESIAN_POINT('Ctrl Pts',(25.3230508885257,-22.5074334785447,19.7381861130954));
#1512=CARTESIAN_POINT('Ctrl Pts',(17.7176818955221,-20.8735969776498,16.4029349083302));
#1513=CARTESIAN_POINT('Ctrl Pts',(7.19948147674682,-18.3303514204472,9.97497352631466));
#1514=CARTESIAN_POINT('Ctrl Pts',(-6.33009383720704,-14.58172837736,-0.669956850238056));
#1515=CARTESIAN_POINT('Ctrl Pts',(-19.5657750876284,-10.3335689023412,-10.8830494195091));
#1516=CARTESIAN_POINT('Ctrl Pts',(-29.4313871050485,-6.78724252716758,-16.543378312542));
#1517=CARTESIAN_POINT('Ctrl Pts',(-36.3015389289024,-4.10168501053315,-19.1460849141917));
#1518=CARTESIAN_POINT('Ctrl Pts',(-42.4598537199124,-1.4398785822451,-19.8796797474319));
#1519=CARTESIAN_POINT('Ctrl Pts',(-47.746690637621,1.1525429895282,-18.751516925927));
#1520=CARTESIAN_POINT('Ctrl Pts',(-52.0411681376702,3.66130333132228,-15.9463759488348));
#1521=CARTESIAN_POINT('Ctrl Pts',(-56.2760180753781,6.87141742503108,-10.3202612487975));
#1522=CARTESIAN_POINT('Ctrl Pts',(-57.4917934291161,9.06592559562347,-4.55264650381626));
#1523=CARTESIAN_POINT('Ctrl Pts',(-57.3218847417373,10.3793634232842,-0.722949341602843));
#1524=CARTESIAN_POINT('Ctrl Pts',(19.1215935997915,-1.06742659103083,-2.23948932242691));
#1525=CARTESIAN_POINT('Ctrl Pts',(18.3425095014114,-6.65035245043259,-6.42310161901926));
#1526=CARTESIAN_POINT('Ctrl Pts',(16.9951157354415,-15.0806064347126,-12.7491713308998));
#1527=CARTESIAN_POINT('Ctrl Pts',(14.8674650309429,-26.0032838930201,-19.0162949299754));
#1528=CARTESIAN_POINT('Ctrl Pts',(13.1017934282202,-33.9546107276618,-22.1710396096177));
#1529=CARTESIAN_POINT('Ctrl Pts',(11.1455669553216,-41.5567092057045,-23.3895289221146));
#1530=CARTESIAN_POINT('Ctrl Pts',(9.00668747162253,-48.5657306597055,-22.3961161363524));
#1531=CARTESIAN_POINT('Ctrl Pts',(6.74423003133746,-54.516416501258,-19.2222039309816));
#1532=CARTESIAN_POINT('Ctrl Pts',(3.68393417328877,-60.5121406638051,-12.6545248412845));
#1533=CARTESIAN_POINT('Ctrl Pts',(-0.136009673080294,-63.9275961081124,
-1.48200518691185));
#1534=CARTESIAN_POINT('Ctrl Pts',(-3.94029845648846,-61.5738040210536,9.9846162481718));
#1535=CARTESIAN_POINT('Ctrl Pts',(-6.97841098642805,-56.4120392850462,17.1566274276617));
#1536=CARTESIAN_POINT('Ctrl Pts',(-8.85810583480062,-51.9331867973565,20.3492131885683));
#1537=CARTESIAN_POINT('Ctrl Pts',(-10.3165746711194,-47.7473733328337,21.891803707857));
#1538=CARTESIAN_POINT('Ctrl Pts',(-11.3818714953308,-44.3642503596961,22.5106409345482));
#1539=CARTESIAN_POINT('Ctrl Pts',(-12.4044429170032,-40.7892950722094,22.5826177786365));
#1540=CARTESIAN_POINT('Ctrl Pts',(-14.2188291788477,-33.8931581793053,21.7270454825898));
#1541=CARTESIAN_POINT('Ctrl Pts',(-16.5942418280712,-23.1547504863298,17.3127440662211));
#1542=CARTESIAN_POINT('Ctrl Pts',(-19.2031331530111,-8.32066720918894,7.1192845111453));
#1543=CARTESIAN_POINT('Ctrl Pts',(-21.1094411025574,5.43711195175673,-3.48729825665606));
#1544=CARTESIAN_POINT('Ctrl Pts',(-22.3897419337952,17.5449932506734,-11.6673984216675));
#1545=CARTESIAN_POINT('Ctrl Pts',(-23.1394135533442,27.7592558104697,-16.6570808976659));
#1546=CARTESIAN_POINT('Ctrl Pts',(-23.4284829360376,36.7937641498868,-18.4433380647819));
#1547=CARTESIAN_POINT('Ctrl Pts',(-23.2494315089372,43.0296418878348,-17.2569219428651));
#1548=CARTESIAN_POINT('Ctrl Pts',(-22.8222395865464,47.2332036355323,-14.9159042284504));
#1549=CARTESIAN_POINT('Ctrl Pts',(-22.1803529461954,50.8822577332678,-11.7144594372076));
#1550=CARTESIAN_POINT('Ctrl Pts',(-20.9393409728092,54.2835594773863,-6.27908973385233));
#1551=CARTESIAN_POINT('Ctrl Pts',(-18.6684226211684,56.0423940811873,1.5236115157338));
#1552=CARTESIAN_POINT('Ctrl Pts',(-15.9672888111599,55.3453002683955,8.41572628003288));
#1553=CARTESIAN_POINT('Ctrl Pts',(-13.1740097384005,53.1694293222244,13.5788656485983));
#1554=CARTESIAN_POINT('Ctrl Pts',(-10.5263117886638,50.3220162431616,17.0702578251932));
#1555=CARTESIAN_POINT('Ctrl Pts',(-7.67180721710424,46.6056099173955,19.3716556894988));
#1556=CARTESIAN_POINT('Ctrl Pts',(-4.64158320859983,42.1215529253671,20.2803741324861));
#1557=CARTESIAN_POINT('Ctrl Pts',(-1.4775103568,36.9792515542263,19.6962342564958));
#1558=CARTESIAN_POINT('Ctrl Pts',(1.77333763352295,31.297606765991,17.6101263965615));
#1559=CARTESIAN_POINT('Ctrl Pts',(5.06033894681517,25.1939493174207,14.178120760943));
#1560=CARTESIAN_POINT('Ctrl Pts',(9.43121616187417,16.6364257232624,8.15478688182117));
#1561=CARTESIAN_POINT('Ctrl Pts',(14.7679921019567,5.39980412400551,-1.25153397707705));
#1562=CARTESIAN_POINT('Ctrl Pts',(20.1759955682023,-7.12887289232814,-11.3271685617962));
#1563=CARTESIAN_POINT('Ctrl Pts',(24.4888424658102,-18.1646320441169,-17.9252238437346));
#1564=CARTESIAN_POINT('Ctrl Pts',(27.7438041615708,-27.510584713553,-20.8775907411783));
#1565=CARTESIAN_POINT('Ctrl Pts',(30.1750984592534,-35.889760776052,-20.3411698141192));
#1566=CARTESIAN_POINT('Ctrl Pts',(31.5567554196061,-42.8671288009921,-16.5214553724532));
#1567=CARTESIAN_POINT('Ctrl Pts',(31.6816876827774,-48.0452670773714,-10.1560993520483));
#1568=CARTESIAN_POINT('Ctrl Pts',(30.3979882997072,-51.1023095799968,-2.33447011350802));
#1569=CARTESIAN_POINT('Ctrl Pts',(27.6727025758926,-51.8820496126946,5.64491507115445));
#1570=CARTESIAN_POINT('Ctrl Pts',(23.6479288190852,-50.4876387656283,12.4628609233039));
#1571=CARTESIAN_POINT('Ctrl Pts',(18.6258812301081,-47.2706000287743,17.0226592731345));
#1572=CARTESIAN_POINT('Ctrl Pts',(12.7906490817121,-42.5581251565793,18.750151323204));
#1573=CARTESIAN_POINT('Ctrl Pts',(6.13736851108864,-36.4582696925845,17.2472468532282));
#1574=CARTESIAN_POINT('Ctrl Pts',(-1.09294941535385,-29.2388352182684,12.4994274358132));
#1575=CARTESIAN_POINT('Ctrl Pts',(-8.58196918165113,-21.2590804746565,5.28765899566525));
#1576=CARTESIAN_POINT('Ctrl Pts',(-15.247950647051,-13.7435558583264,-2.21796403397003));
#1577=CARTESIAN_POINT('Ctrl Pts',(-22.5848616272246,-5.08694261965658,-10.5205114515866));
#1578=CARTESIAN_POINT('Ctrl Pts',(-29.6013496207807,3.67963479641855,-17.6996190283777));
#1579=CARTESIAN_POINT('Ctrl Pts',(-36.6719717172422,13.2716951376434,-22.1372708358272));
#1580=CARTESIAN_POINT('Ctrl Pts',(-42.2480902368106,21.6351297859241,-22.5719865970516));
#1581=CARTESIAN_POINT('Ctrl Pts',(-46.1643028909567,28.57661114494,-19.3735560985293));
#1582=CARTESIAN_POINT('Ctrl Pts',(-48.3236183538419,33.7567889597726,-14.1450752940641));
#1583=CARTESIAN_POINT('Ctrl Pts',(-49.3337273034256,38.6317402665159,-6.21954241323341));
#1584=CARTESIAN_POINT('Ctrl Pts',(-48.0046140101607,40.9912309292311,1.9701837232219));
#1585=CARTESIAN_POINT('Ctrl Pts',(-45.2379642143238,41.6171562185393,8.51184132712071));
#1586=CARTESIAN_POINT('Ctrl Pts',(-43.5370976489136,41.6564419906477,11.6195056604939));
#1587=CARTESIAN_POINT('Ctrl Pts',(-41.5215295841431,41.4241059430753,14.4950654267607));
#1588=CARTESIAN_POINT('Ctrl Pts',(-38.4281742882893,40.7659707648072,17.9268383013365));
#1589=CARTESIAN_POINT('Ctrl Pts',(-33.8313870887583,39.2984146185282,21.2850412997798));
#1590=CARTESIAN_POINT('Ctrl Pts',(-27.4061428414147,36.6510963371043,23.2954693148279));
#1591=CARTESIAN_POINT('Ctrl Pts',(-20.4932374516074,33.3608331049675,23.0524317410919));
#1592=CARTESIAN_POINT('Ctrl Pts',(-11.0111886524804,28.4071013119962,19.9611722793266));
#1593=CARTESIAN_POINT('Ctrl Pts',(1.08457167791875,21.417277855298,11.7257844913614));
#1594=CARTESIAN_POINT('Ctrl Pts',(15.4815419898168,12.2616350424617,-1.37577754592881));
#1595=CARTESIAN_POINT('Ctrl Pts',(26.747740552414,4.4297799549999,-10.9428584272624));
#1596=CARTESIAN_POINT('Ctrl Pts',(34.7550735852012,-1.58010527860582,-15.6636137101926));
#1597=CARTESIAN_POINT('Ctrl Pts',(40.0648927686668,-5.82477555379836,-17.4609043167792));
#1598=CARTESIAN_POINT('Ctrl Pts',(44.5308529350713,-9.69572613181328,-17.4462405988406));
#1599=CARTESIAN_POINT('Ctrl Pts',(49.0489666689383,-14.0786475012008,-15.4187708864946));
#1600=CARTESIAN_POINT('Ctrl Pts',(52.0240296092987,-17.8302612231452,-10.9231501924207));
#1601=CARTESIAN_POINT('Ctrl Pts',(53.3133754025309,-21.194962606304,-4.19716244006726));
#1602=CARTESIAN_POINT('Ctrl Pts',(52.8095910356364,-23.4934263420048,2.5110575552015));
#1603=CARTESIAN_POINT('Ctrl Pts',(49.9458946626585,-25.0229410498633,9.74532974615233));
#1604=CARTESIAN_POINT('Ctrl Pts',(45.0565902487319,-25.5214888628265,15.3705936945529));
#1605=CARTESIAN_POINT('Ctrl Pts',(39.1121505963464,-25.1764594334279,18.2702701952548));
#1606=CARTESIAN_POINT('Ctrl Pts',(32.6221052228767,-24.3140891958934,18.7742627609189));
#1607=CARTESIAN_POINT('Ctrl Pts',(25.979344139865,-23.1378063424361,17.4118157715483));
#1608=CARTESIAN_POINT('Ctrl Pts',(18.7067455048828,-21.6091646558251,14.2399479658999));
#1609=CARTESIAN_POINT('Ctrl Pts',(8.43190500339214,-19.1659725506492,7.98103466313235));
#1610=CARTESIAN_POINT('Ctrl Pts',(-5.04127045884287,-15.4903005449753,-2.58528397744212));
#1611=CARTESIAN_POINT('Ctrl Pts',(-18.43894686869,-11.2447767762383,-12.9107797872481));
#1612=CARTESIAN_POINT('Ctrl Pts',(-28.6564267413267,-7.61925704228356,-18.7620052279471));
#1613=CARTESIAN_POINT('Ctrl Pts',(-35.9540023095148,-4.79914400624457,-21.5264500303139));
#1614=CARTESIAN_POINT('Ctrl Pts',(-42.7444218444319,-1.90471811189729,-22.3430831559594));
#1615=CARTESIAN_POINT('Ctrl Pts',(-48.7795912058401,1.01966218105808,-21.0601858154838));
#1616=CARTESIAN_POINT('Ctrl Pts',(-53.7193354488063,3.86788488284136,-17.824452291326));
#1617=CARTESIAN_POINT('Ctrl Pts',(-58.4977639961998,7.45085607117993,-11.4479702666977));
#1618=CARTESIAN_POINT('Ctrl Pts',(-59.8243490095747,9.82490916684253,-5.10278625760327));
#1619=CARTESIAN_POINT('Ctrl Pts',(-59.6440413707481,11.2432532739185,-0.902193234890616));
#1620=CARTESIAN_POINT('Ctrl Pts',(20.9120762004479,-2.2579082851192,-0.997070742471412));
#1621=CARTESIAN_POINT('Ctrl Pts',(20.116362623702,-7.86535533479399,-5.18018646781016));
#1622=CARTESIAN_POINT('Ctrl Pts',(18.7487842232687,-16.2886894405782,-11.4689813033615));
#1623=CARTESIAN_POINT('Ctrl Pts',(16.6216959824373,-27.0760161224914,-17.6204038410572));
#1624=CARTESIAN_POINT('Ctrl Pts',(14.8783486261093,-34.8330485798372,-20.6668831902421));
#1625=CARTESIAN_POINT('Ctrl Pts',(12.9831092056331,-42.1234934181199,-21.8032441401958));
#1626=CARTESIAN_POINT('Ctrl Pts',(10.9446635096225,-48.7357488050145,-20.8337139728687));
#1627=CARTESIAN_POINT('Ctrl Pts',(8.79935304681833,-54.3291782944274,-17.8232769878806));
#1628=CARTESIAN_POINT('Ctrl Pts',(5.87013533360515,-60.0132384373738,-11.5564068834184));
#1629=CARTESIAN_POINT('Ctrl Pts',(2.14688616838884,-63.3089033978116,-0.709005717889291));
#1630=CARTESIAN_POINT('Ctrl Pts',(-1.61268686087211,-60.9538651230175,10.5903299965995));
#1631=CARTESIAN_POINT('Ctrl Pts',(-4.63530742607986,-55.7917010662541,17.6971147378443));
#1632=CARTESIAN_POINT('Ctrl Pts',(-6.51355788195024,-51.3012811737852,20.8693655039852));
#1633=CARTESIAN_POINT('Ctrl Pts',(-7.97336049711761,-47.097194892208,22.3952010572082));
#1634=CARTESIAN_POINT('Ctrl Pts',(-9.04055445887727,-43.6993305854278,23.0034964690785));
#1635=CARTESIAN_POINT('Ctrl Pts',(-10.0641163378879,-40.1090331175258,23.0590814177171));
#1636=CARTESIAN_POINT('Ctrl Pts',(-11.8785279503889,-33.1903773119201,22.1705232860488));
#1637=CARTESIAN_POINT('Ctrl Pts',(-14.2464587677095,-22.4485935452604,17.7090450205966));
#1638=CARTESIAN_POINT('Ctrl Pts',(-16.8354954575601,-7.66384533323022,7.48170523271911));
#1639=CARTESIAN_POINT('Ctrl Pts',(-18.7209184553745,6.01501644744984,-3.1249768892545));
#1640=CARTESIAN_POINT('Ctrl Pts',(-19.9799506191167,18.0095214409834,-11.2805340416878));
#1641=CARTESIAN_POINT('Ctrl Pts',(-20.7091811976783,28.0678958187336,-16.2344289547931));
#1642=CARTESIAN_POINT('Ctrl Pts',(-20.9794850326558,36.8436973950829,-17.9947590770259));
#1643=CARTESIAN_POINT('Ctrl Pts',(-20.7997113733257,42.7805801282339,-16.8881448337163));
#1644=CARTESIAN_POINT('Ctrl Pts',(-20.3900361533743,46.7657901562126,-14.6984005321523));
#1645=CARTESIAN_POINT('Ctrl Pts',(-19.7765892761494,50.2335939269933,-11.6926794259782));
#1646=CARTESIAN_POINT('Ctrl Pts',(-18.590453886932,53.4895976596673,-6.55446479937544));
#1647=CARTESIAN_POINT('Ctrl Pts',(-16.4223906000247,55.1928739394899,0.837876702989416));
#1648=CARTESIAN_POINT('Ctrl Pts',(-13.8687138578327,54.5633684732806,7.30532149740098));
#1649=CARTESIAN_POINT('Ctrl Pts',(-11.2811473103218,52.5794875270862,12.0591143233152));
#1650=CARTESIAN_POINT('Ctrl Pts',(-8.87397255159203,50.0289006567619,15.2121484347038));
#1651=CARTESIAN_POINT('Ctrl Pts',(-6.31858248130678,46.7369920799759,17.2660208884002));
#1652=CARTESIAN_POINT('Ctrl Pts',(-3.57918606426851,42.7360395941057,18.0991385950212));
#1653=CARTESIAN_POINT('Ctrl Pts',(-0.643814696115972,38.0079543090095,17.5815937994134));
#1654=CARTESIAN_POINT('Ctrl Pts',(2.46817933900529,32.6257955184295,15.6228079978135));
#1655=CARTESIAN_POINT('Ctrl Pts',(5.67836704499412,26.7137350254171,12.3105621602455));
#1656=CARTESIAN_POINT('Ctrl Pts',(10.0098530157287,18.3060045786573,6.40690235906913));
#1657=CARTESIAN_POINT('Ctrl Pts',(15.3724047095161,7.11173251904519,-2.94467457752814));
#1658=CARTESIAN_POINT('Ctrl Pts',(20.8809966656679,-5.53522919529629,-13.1058398485448));
#1659=CARTESIAN_POINT('Ctrl Pts',(25.364329568302,-16.8907211408725,-19.8869080318032));
#1660=CARTESIAN_POINT('Ctrl Pts',(28.8606338494573,-26.8079310321277,-23.0354541883607));
#1661=CARTESIAN_POINT('Ctrl Pts',(31.6095622788073,-36.1300716858229,-22.4518270275843));
#1662=CARTESIAN_POINT('Ctrl Pts',(33.2071874464005,-44.0304405620861,-18.0849795811158));
#1663=CARTESIAN_POINT('Ctrl Pts',(33.3654003424255,-49.7498074351385,-10.9669555102713));
#1664=CARTESIAN_POINT('Ctrl Pts',(31.9876425842396,-53.0625767515988,-2.39188918297083));
#1665=CARTESIAN_POINT('Ctrl Pts',(29.0386124376121,-53.8887507960902,6.34729716141327));
#1666=CARTESIAN_POINT('Ctrl Pts',(24.6083640814702,-52.3259040179516,13.9425593403398));
#1667=CARTESIAN_POINT('Ctrl Pts',(18.8900268909372,-48.6185602467547,19.197869664114));
#1668=CARTESIAN_POINT('Ctrl Pts',(12.2200092798209,-43.1694797531713,21.1642945560212));
#1669=CARTESIAN_POINT('Ctrl Pts',(5.0025884676194,-36.4838653860639,19.4838817184196));
#1670=CARTESIAN_POINT('Ctrl Pts',(-2.50246235300742,-28.9291988870954,14.5303748230346));
#1671=CARTESIAN_POINT('Ctrl Pts',(-10.102293160174,-20.7701742455955,7.19093309756626));
#1672=CARTESIAN_POINT('Ctrl Pts',(-16.7775825677282,-13.1906096111471,-0.341135929363817));
#1673=CARTESIAN_POINT('Ctrl Pts',(-24.0548976542971,-4.5420998527118,-8.5940537428202));
#1674=CARTESIAN_POINT('Ctrl Pts',(-30.9227320405821,4.10330119827694,-15.6261844285284));
#1675=CARTESIAN_POINT('Ctrl Pts',(-37.635094809569,13.2895269137123,-19.8132284850854));
#1676=CARTESIAN_POINT('Ctrl Pts',(-42.69196565877,20.9480494466281,-20.1575035426461));
#1677=CARTESIAN_POINT('Ctrl Pts',(-46.1377741749725,27.1285789528512,-17.2931119680764));
#1678=CARTESIAN_POINT('Ctrl Pts',(-48.0628730537221,31.8196382587944,-12.5747286199961));
#1679=CARTESIAN_POINT('Ctrl Pts',(-48.9623557641389,36.3196118412437,-5.27543024598357));
#1680=CARTESIAN_POINT('Ctrl Pts',(-47.687340524715,38.5501812570927,2.41806132723866));
#1681=CARTESIAN_POINT('Ctrl Pts',(-45.0517702168084,39.1386638910471,8.57179506404939));
#1682=CARTESIAN_POINT('Ctrl Pts',(-43.4361594595906,39.1757352602799,11.4917617467972));
#1683=CARTESIAN_POINT('Ctrl Pts',(-41.5270423571095,38.9570553738085,14.1869860367469));
#1684=CARTESIAN_POINT('Ctrl Pts',(-38.6084581753669,38.3392447573262,17.3957881532486));
#1685=CARTESIAN_POINT('Ctrl Pts',(-34.2901212208796,36.9670294542677,20.5167611071941));
#1686=CARTESIAN_POINT('Ctrl Pts',(-28.2481750436721,34.4877028829824,22.3821917578164));
#1687=CARTESIAN_POINT('Ctrl Pts',(-21.6647279619559,31.3669874130087,22.1289639675955));
#1688=CARTESIAN_POINT('Ctrl Pts',(-12.4871061541628,26.5892398621626,19.1113182334438));
#1689=CARTESIAN_POINT('Ctrl Pts',(-0.573469516961498,19.72946233364,10.9667262064074));
#1690=CARTESIAN_POINT('Ctrl Pts',(13.738163868708,10.6561958870994,-2.11862802757544));
#1691=CARTESIAN_POINT('Ctrl Pts',(25.0090490389836,2.84663968152618,-11.7426079884388));
#1692=CARTESIAN_POINT('Ctrl Pts',(33.0888180795433,-3.19686293919746,-16.5469651083766));
#1693=CARTESIAN_POINT('Ctrl Pts',(38.5007306690958,-7.50612915201876,-18.4101077017187));
#1694=CARTESIAN_POINT('Ctrl Pts',(43.1115858020123,-11.4844203291385,-18.4292743632083));
#1695=CARTESIAN_POINT('Ctrl Pts',(47.8179921316266,-16.0247293232072,-16.3600054566607));
#1696=CARTESIAN_POINT('Ctrl Pts',(50.8895033002042,-19.8749862960784,-11.761049390855));
#1697=CARTESIAN_POINT('Ctrl Pts',(52.2227837376569,-23.2816301234794,-4.98670401893835));
#1698=CARTESIAN_POINT('Ctrl Pts',(51.7481958590139,-25.5913243306676,1.71084560951109));
#1699=CARTESIAN_POINT('Ctrl Pts',(48.9505481973336,-27.1174475524728,8.85252447844362));
#1700=CARTESIAN_POINT('Ctrl Pts',(44.2266804436279,-27.6194447603393,14.318931812501));
#1701=CARTESIAN_POINT('Ctrl Pts',(38.5741108426496,-27.3102978066953,17.1047725669627));
#1702=CARTESIAN_POINT('Ctrl Pts',(32.3624546834234,-26.5039352392278,17.6244714335438));
#1703=CARTESIAN_POINT('Ctrl Pts',(25.8981112747355,-25.37465128865,16.3321350445889));
#1704=CARTESIAN_POINT('Ctrl Pts',(18.7241560755716,-23.8828488181745,13.2396593757531));
#1705=CARTESIAN_POINT('Ctrl Pts',(8.50128435369966,-21.4713543645815,7.05899681341522));
#1706=CARTESIAN_POINT('Ctrl Pts',(-5.01146736417112,-17.8112499060238,-3.46827299110543));
#1707=CARTESIAN_POINT('Ctrl Pts',(-18.5482475725895,-13.5466018334036,-13.8461949482304));
#1708=CARTESIAN_POINT('Ctrl Pts',(-28.9911644850996,-9.8621109979365,-19.7829609541569));
#1709=CARTESIAN_POINT('Ctrl Pts',(-36.5427620019061,-6.95792817361569,-22.6201330946398));
#1710=CARTESIAN_POINT('Ctrl Pts',(-43.6973353538513,-3.92518713319028,-23.4584084675597));
#1711=CARTESIAN_POINT('Ctrl Pts',(-50.1637224305704,-0.805510606786794,
-22.0641367039073));
#1712=CARTESIAN_POINT('Ctrl Pts',(-55.481883602021,2.24759928533742,-18.5472150507419));
#1713=CARTESIAN_POINT('Ctrl Pts',(-60.5883941358054,6.06738091829151,-11.6697453269081));
#1714=CARTESIAN_POINT('Ctrl Pts',(-61.9796424154423,8.56921535017015,-4.90058114797406));
#1715=CARTESIAN_POINT('Ctrl Pts',(-61.7744411654656,10.0695589535606,-0.401676609733545));
#1716=CARTESIAN_POINT('Ctrl Pts',(20.7000078697374,-3.72569647996226,0.997989934505363));
#1717=CARTESIAN_POINT('Ctrl Pts',(19.883687199334,-9.33014566301978,-3.18512643689363));
#1718=CARTESIAN_POINT('Ctrl Pts',(18.4939449348936,-17.6793095924422,-9.41576068246068));
#1719=CARTESIAN_POINT('Ctrl Pts',(16.387392420454,-28.1502495856629,-15.3820029981288));
#1720=CARTESIAN_POINT('Ctrl Pts',(14.7002045248715,-35.5053837934494,-18.2614443968459));
#1721=CARTESIAN_POINT('Ctrl Pts',(12.9324862363524,-42.1817498697401,-19.2826575874355));
#1722=CARTESIAN_POINT('Ctrl Pts',(11.0985403948999,-48.0184005059126,-18.409056435248));
#1723=CARTESIAN_POINT('Ctrl Pts',(9.19699275181437,-52.8976634194081,-15.7752419090123));
#1724=CARTESIAN_POINT('Ctrl Pts',(6.55974884232647,-57.9385656720164,-10.2252351416937));
#1725=CARTESIAN_POINT('Ctrl Pts',(3.10279719063562,-60.9722662725617,-0.29633855999784));
#1726=CARTESIAN_POINT('Ctrl Pts',(-0.423922086995246,-58.7566398821599,
10.1629399576505));
#1727=CARTESIAN_POINT('Ctrl Pts',(-3.21697070759814,-54.0125610894923,16.6307434541223));
#1728=CARTESIAN_POINT('Ctrl Pts',(-4.93496098756117,-49.9374649804314,19.487571236629));
#1729=CARTESIAN_POINT('Ctrl Pts',(-6.27459908599744,-46.1158033476843,20.8579255368706));
#1730=CARTESIAN_POINT('Ctrl Pts',(-7.25850612907289,-43.0078244687629,21.405557351023));
#1731=CARTESIAN_POINT('Ctrl Pts',(-8.21427566676914,-39.6906717729819,21.4445412709091));
#1732=CARTESIAN_POINT('Ctrl Pts',(-9.92917062580396,-33.2232152337084,20.5947148922195));
#1733=CARTESIAN_POINT('Ctrl Pts',(-12.2364646176944,-22.8927090193096,16.299428606562));
#1734=CARTESIAN_POINT('Ctrl Pts',(-14.824577581631,-8.33422313969419,6.18180630610252));
#1735=CARTESIAN_POINT('Ctrl Pts',(-16.7357789942171,5.28219621086708,-4.4298109922743));
#1736=CARTESIAN_POINT('Ctrl Pts',(-18.03328764023,17.341731622212,-12.6776732536882));
#1737=CARTESIAN_POINT('Ctrl Pts',(-18.8067480340298,27.5919045365212,-17.7733374810508));
#1738=CARTESIAN_POINT('Ctrl Pts',(-19.1231562170616,36.7885225495778,-19.6771613716979));
#1739=CARTESIAN_POINT('Ctrl Pts',(-18.9580206858823,43.2307064961003,-18.5184666741434));
#1740=CARTESIAN_POINT('Ctrl Pts',(-18.5339046085368,47.5552771960522,-16.1598639251826));
#1741=CARTESIAN_POINT('Ctrl Pts',(-17.8959946531484,51.2901368379106,-12.9468801245474));
#1742=CARTESIAN_POINT('Ctrl Pts',(-16.6670630569874,54.7322504032035,-7.53931549985181));
#1743=CARTESIAN_POINT('Ctrl Pts',(-14.4494871259309,56.5177189430472,0.0978817125151164));
#1744=CARTESIAN_POINT('Ctrl Pts',(-11.8570034165179,55.902267555357,6.71806694566817));
#1745=CARTESIAN_POINT('Ctrl Pts',(-9.24086235229371,53.9097619414945,11.5599971122463));
#1746=CARTESIAN_POINT('Ctrl Pts',(-6.8164566414038,51.3514103605068,14.7670693157145));
#1747=CARTESIAN_POINT('Ctrl Pts',(-4.25032426896646,48.0527196801513,16.8521805606026));
#1748=CARTESIAN_POINT('Ctrl Pts',(-1.5060796377516,44.0536327732029,17.7167690199937));
#1749=CARTESIAN_POINT('Ctrl Pts',(1.43345151610764,39.3255826765037,17.2227615171391));
#1750=CARTESIAN_POINT('Ctrl Pts',(4.55449735451354,33.9367721373397,15.2931577152029));
#1751=CARTESIAN_POINT('Ctrl Pts',(7.77695894185219,28.0098040713606,12.000711241024));
#1752=CARTESIAN_POINT('Ctrl Pts',(12.1298552950268,19.5719936939169,6.11811799705021));
#1753=CARTESIAN_POINT('Ctrl Pts',(17.5258236623042,8.32295932232948,-3.22318288947152));
#1754=CARTESIAN_POINT('Ctrl Pts',(23.0809883867476,-4.41289463343961,-13.3975299895568));
#1755=CARTESIAN_POINT('Ctrl Pts',(27.6224338635333,-15.8978329536458,-20.2063462679605));
#1756=CARTESIAN_POINT('Ctrl Pts',(31.1903818745989,-25.9998975789035,-23.3801997594299));
#1757=CARTESIAN_POINT('Ctrl Pts',(34.0301337531383,-35.60858696353,-22.7479461828223));
#1758=CARTESIAN_POINT('Ctrl Pts',(35.6902930494034,-43.8045721891427,-18.1727887856232));
#1759=CARTESIAN_POINT('Ctrl Pts',(35.8495847334727,-49.7176846388715,-10.7429693590014));
#1760=CARTESIAN_POINT('Ctrl Pts',(34.4125905873695,-53.1298843622097,-1.80045764247417));
#1761=CARTESIAN_POINT('Ctrl Pts',(31.3202308623707,-53.9600527074279,7.37132298291013));
#1762=CARTESIAN_POINT('Ctrl Pts',(26.6085786781374,-52.2661451650524,15.4683907327376));
#1763=CARTESIAN_POINT('Ctrl Pts',(20.3756462852748,-48.1877041309341,21.2071275925201));
#1764=CARTESIAN_POINT('Ctrl Pts',(13.0685709743752,-42.1697269946966,23.3261737932596));
#1765=CARTESIAN_POINT('Ctrl Pts',(5.42299860488367,-35.0320456659182,21.475612030929));
#1766=CARTESIAN_POINT('Ctrl Pts',(-2.27474907943144,-27.2314063629793,16.3373676301237));
#1767=CARTESIAN_POINT('Ctrl Pts',(-9.93198743732924,-18.9572899144197,8.88347629432118));
#1768=CARTESIAN_POINT('Ctrl Pts',(-16.5828865566352,-11.3578748582527,1.32735905783338));
#1769=CARTESIAN_POINT('Ctrl Pts',(-23.7706089234508,-2.76014779189138,-6.88304098623916));
#1770=CARTESIAN_POINT('Ctrl Pts',(-30.4681816597827,5.72976983058654,-13.7845612320267));
#1771=CARTESIAN_POINT('Ctrl Pts',(-36.8086475353758,14.4825562573385,-17.7546221372951));
#1772=CARTESIAN_POINT('Ctrl Pts',(-41.3410504486476,21.4201722471989,-18.0414377074237));
#1773=CARTESIAN_POINT('Ctrl Pts',(-44.3078757116403,26.8145460290586,-15.5541289217746));
#1774=CARTESIAN_POINT('Ctrl Pts',(-45.9927975020197,30.9847714376479,-11.4132425743181));
#1775=CARTESIAN_POINT('Ctrl Pts',(-46.78647797579,35.0691602794254,-4.85774211915339));
#1776=CARTESIAN_POINT('Ctrl Pts',(-45.60092648254,37.1441401544713,2.17677242039478));
#1777=CARTESIAN_POINT('Ctrl Pts',(-43.1880347306745,37.6982918692057,7.75661599664921));
#1778=CARTESIAN_POINT('Ctrl Pts',(-41.7205277519549,37.7429631765952,10.3875853477276));
#1779=CARTESIAN_POINT('Ctrl Pts',(-40.001249044826,37.5584497595423,12.7954000536411));
#1780=CARTESIAN_POINT('Ctrl Pts',(-37.3993387140846,37.0231559236518,15.6359275298337));
#1781=CARTESIAN_POINT('Ctrl Pts',(-33.6034994279956,35.8393310792609,18.3534246415687));
#1782=CARTESIAN_POINT('Ctrl Pts',(-28.3034316379381,33.6936299588618,19.9821199489012));
#1783=CARTESIAN_POINT('Ctrl Pts',(-22.3614429498815,30.9116911250419,19.7586337617863));
#1784=CARTESIAN_POINT('Ctrl Pts',(-13.7591894956071,26.4783209884912,16.9456123639778));
#1785=CARTESIAN_POINT('Ctrl Pts',(-2.13499008321428,19.848994730765,9.03356723517476));
#1786=CARTESIAN_POINT('Ctrl Pts',(12.1355838402809,10.8744033003416,-4.00567898496264));
#1787=CARTESIAN_POINT('Ctrl Pts',(23.5679932210978,3.01904027310109,-13.7722973506273));
#1788=CARTESIAN_POINT('Ctrl Pts',(31.9794937447642,-3.21915096749915,-18.7838806248028));
#1789=CARTESIAN_POINT('Ctrl Pts',(37.7870206606383,-7.799884375209,-20.7963690980191));
#1790=CARTESIAN_POINT('Ctrl Pts',(42.9339657546707,-12.1940375841692,-20.8451086822554));
#1791=CARTESIAN_POINT('Ctrl Pts',(48.349229949852,-17.3564894886754,-18.4865714992335));
#1792=CARTESIAN_POINT('Ctrl Pts',(51.8247695843186,-21.665644180591,-13.2783461850175));
#1793=CARTESIAN_POINT('Ctrl Pts',(53.3076077615128,-25.3581626832127,-5.87326597962666));
#1794=CARTESIAN_POINT('Ctrl Pts',(52.8269408940647,-27.8270362349774,1.34902508233501));
#1795=CARTESIAN_POINT('Ctrl Pts',(49.8616810599028,-29.4466334103315,9.02794014715167));
#1796=CARTESIAN_POINT('Ctrl Pts',(44.7803526229112,-29.9780517185054,14.9906465977079));
#1797=CARTESIAN_POINT('Ctrl Pts',(38.600253257635,-29.6213285343208,18.0747926869578));
#1798=CARTESIAN_POINT('Ctrl Pts',(31.9188347055549,-28.7342162479393,18.6522122703539));
#1799=CARTESIAN_POINT('Ctrl Pts',(25.1383645043889,-27.5340315078865,17.3141040968148));
#1800=CARTESIAN_POINT('Ctrl Pts',(17.7541720516809,-25.9827264662257,14.1566105744257));
#1801=CARTESIAN_POINT('Ctrl Pts',(7.35229344771572,-23.5104277244401,7.9038808115364));
#1802=CARTESIAN_POINT('Ctrl Pts',(-6.2657965744093,-19.7966977831079,-2.65345241433292));
#1803=CARTESIAN_POINT('Ctrl Pts',(-19.8147194000639,-15.5051507317667,-12.9840309962381));
#1804=CARTESIAN_POINT('Ctrl Pts',(-30.1862529586549,-11.8263483967658,-18.8358220846874));
#1805=CARTESIAN_POINT('Ctrl Pts',(-37.6265521390268,-8.95200485615437,-21.6012574323076));
#1806=CARTESIAN_POINT('Ctrl Pts',(-44.6019322893285,-5.97973653430222,-22.3828218049456));
#1807=CARTESIAN_POINT('Ctrl Pts',(-50.8560762423162,-2.94918246425201,-21.0045662692183));
#1808=CARTESIAN_POINT('Ctrl Pts',(-55.9998015400112,0.0194631845219296,
-17.568158202552));
#1809=CARTESIAN_POINT('Ctrl Pts',(-60.9704780790751,3.76063306342387,-10.8187582549495));
#1810=CARTESIAN_POINT('Ctrl Pts',(-62.3340053311921,6.24371104236551,-4.09646950991634));
#1811=CARTESIAN_POINT('Ctrl Pts',(-62.1082077395453,7.74098199742341,0.402046912383347));
#1812=CARTESIAN_POINT('Ctrl Pts',(19.1622819433594,-4.20106504318578,1.92537414596945));
#1813=CARTESIAN_POINT('Ctrl Pts',(18.3391911937982,-9.78442547279224,-2.25811338535776));
#1814=CARTESIAN_POINT('Ctrl Pts',(16.9438524149095,-18.0701849832235,-8.46262872849964));
#1815=CARTESIAN_POINT('Ctrl Pts',(14.8559682143916,-28.3478101139868,-14.3428979007057));
#1816=CARTESIAN_POINT('Ctrl Pts',(13.2043402055449,-35.4741766279854,-17.14772796697));
#1817=CARTESIAN_POINT('Ctrl Pts',(11.5097269344456,-41.8118917410157,-18.1230672532368));
#1818=CARTESIAN_POINT('Ctrl Pts',(9.7910781820649,-47.2231123804526,-17.320893290078));
#1819=CARTESIAN_POINT('Ctrl Pts',(8.02888957534073,-51.7046224300353,-14.9155177645943));
#1820=CARTESIAN_POINT('Ctrl Pts',(5.56548458261284,-56.3798077078047,-9.80809405493845));
#1821=CARTESIAN_POINT('Ctrl Pts',(2.28401078841747,-59.2597101381453,-0.491020759229069));
#1822=CARTESIAN_POINT('Ctrl Pts',(-1.05942020246253,-57.1751389377275,9.31146941766774));
#1823=CARTESIAN_POINT('Ctrl Pts',(-3.65037443353731,-52.8206234819882,15.2332928325478));
#1824=CARTESIAN_POINT('Ctrl Pts',(-5.22027501106207,-49.1408480761877,17.8117618089403));
#1825=CARTESIAN_POINT('Ctrl Pts',(-6.44707412233348,-45.688796072385,19.0499211991955));
#1826=CARTESIAN_POINT('Ctrl Pts',(-7.35204407657593,-42.8616582242957,19.5489708842784));
#1827=CARTESIAN_POINT('Ctrl Pts',(-8.24397499932685,-39.8102074473564,19.5847494169027));
#1828=CARTESIAN_POINT('Ctrl Pts',(-9.86622511118519,-33.7795369102168,18.7956109314704));
#1829=CARTESIAN_POINT('Ctrl Pts',(-12.1226573682192,-23.8345004757977,14.6903924238606));
#1830=CARTESIAN_POINT('Ctrl Pts',(-14.7247502909065,-9.4497081082469,4.70020433354332));
#1831=CARTESIAN_POINT('Ctrl Pts',(-16.675555693373,4.16771485728909,-5.91584616901266));
#1832=CARTESIAN_POINT('Ctrl Pts',(-18.0247818675716,16.372694434128,-14.2679165676405));
#1833=CARTESIAN_POINT('Ctrl Pts',(-18.8546623988788,26.918301689081,-19.5220805150918));
#1834=CARTESIAN_POINT('Ctrl Pts',(-19.2279965132032,36.6998637814089,-21.5787927255403));
#1835=CARTESIAN_POINT('Ctrl Pts',(-19.076934754495,43.8361755503535,-20.3116141681687));
#1836=CARTESIAN_POINT('Ctrl Pts',(-18.6262607722588,48.6397186656971,-17.6827781186192));
#1837=CARTESIAN_POINT('Ctrl Pts',(-17.9443003657048,52.758545427777,-14.1306099919905));
#1838=CARTESIAN_POINT('Ctrl Pts',(-16.6342870561757,56.4825795434355,-8.24970224446935));
#1839=CARTESIAN_POINT('Ctrl Pts',(-14.2935443431145,58.3860033202102,-0.0775521964648361));
#1840=CARTESIAN_POINT('Ctrl Pts',(-11.5543353912584,57.7328470416685,7.00278852080362));
#1841=CARTESIAN_POINT('Ctrl Pts',(-8.75776191952651,55.5887221098508,12.2327105144042));
#1842=CARTESIAN_POINT('Ctrl Pts',(-6.13741024497529,52.8011389428576,15.7430490043258));
#1843=CARTESIAN_POINT('Ctrl Pts',(-3.33766147217483,49.1788254837234,18.042330920125));
#1844=CARTESIAN_POINT('Ctrl Pts',(-0.371585844615725,44.8205081482529,18.9927403322787));
#1845=CARTESIAN_POINT('Ctrl Pts',(2.74277637734023,39.7829310223938,18.4710644268324));
#1846=CARTESIAN_POINT('Ctrl Pts',(5.97612266269635,34.1639756302792,16.4735731663133));
#1847=CARTESIAN_POINT('Ctrl Pts',(9.26758421388548,28.0796966327572,13.1101667955475));
#1848=CARTESIAN_POINT('Ctrl Pts',(13.6698557511285,19.501991557828,7.15782273488482));
#1849=CARTESIAN_POINT('Ctrl Pts',(19.0778750177018,8.16998243677788,-2.21486497249463));
#1850=CARTESIAN_POINT('Ctrl Pts',(24.6010312753834,-4.55967426739929,-12.3376294119918));
#1851=CARTESIAN_POINT('Ctrl Pts',(29.0691390817319,-15.9259197712737,-19.0357253838985));
#1852=CARTESIAN_POINT('Ctrl Pts',(32.5233501519632,-25.7727376070831,-22.0868804859697));
#1853=CARTESIAN_POINT('Ctrl Pts',(35.2103124777562,-34.9432737819397,-21.4450468055811));
#1854=CARTESIAN_POINT('Ctrl Pts',(36.7673227512523,-42.7244362509607,-17.0851395084101));
#1855=CARTESIAN_POINT('Ctrl Pts',(36.9028072103312,-48.4130908432209,-9.92793364243045));
#1856=CARTESIAN_POINT('Ctrl Pts',(35.4811279434915,-51.7264732953712,-1.20695227218067));
#1857=CARTESIAN_POINT('Ctrl Pts',(32.4228568544785,-52.5255764563178,7.79913281700417));
#1858=CARTESIAN_POINT('Ctrl Pts',(27.7526480705761,-50.8356332524774,15.7819634973589));
#1859=CARTESIAN_POINT('Ctrl Pts',(21.5614275534938,-46.7782987596217,21.4504889670821));
#1860=CARTESIAN_POINT('Ctrl Pts',(14.2849237809858,-40.7809749933999,23.5330690579015));
#1861=CARTESIAN_POINT('Ctrl Pts',(6.66299964431212,-33.6606441219598,21.6562311746407));
#1862=CARTESIAN_POINT('Ctrl Pts',(-1.00855518938837,-25.8817638884453,16.4995713349656));
#1863=CARTESIAN_POINT('Ctrl Pts',(-8.6360941283428,-17.6347565271545,9.0344265181929));
#1864=CARTESIAN_POINT('Ctrl Pts',(-15.2572582555449,-10.0647652073858,1.47565867299982));
#1865=CARTESIAN_POINT('Ctrl Pts',(-22.4060137875585,-1.50832691353767,-6.73221485525672));
#1866=CARTESIAN_POINT('Ctrl Pts',(-29.0564857867184,6.92785416544208,-13.6219452152317));
#1867=CARTESIAN_POINT('Ctrl Pts',(-35.3187890551222,15.5809191113916,-17.5771231735372));
#1868=CARTESIAN_POINT('Ctrl Pts',(-39.7509415180152,22.3742299777106,-17.8777858780895));
#1869=CARTESIAN_POINT('Ctrl Pts',(-42.6234525808922,27.6055336160937,-15.491793207221));
#1870=CARTESIAN_POINT('Ctrl Pts',(-44.2599527155605,31.6567647854057,-11.5070534393123));
#1871=CARTESIAN_POINT('Ctrl Pts',(-45.0378726653517,35.6345363645805,-5.17615088061954));
#1872=CARTESIAN_POINT('Ctrl Pts',(-43.8951979229323,37.6619845736179,1.61747696668075));
#1873=CARTESIAN_POINT('Ctrl Pts',(-41.5916824220875,38.212168510309,6.95286369908118));
#1874=CARTESIAN_POINT('Ctrl Pts',(-40.198346500667,38.2656002448281,9.45507695097103));
#1875=CARTESIAN_POINT('Ctrl Pts',(-38.5762374407261,38.1027000049273,11.7301017052179));
#1876=CARTESIAN_POINT('Ctrl Pts',(-36.138543263268,37.6141091786774,14.3943962289796));
#1877=CARTESIAN_POINT('Ctrl Pts',(-32.6208147958666,36.5343905302192,16.9138073812071));
#1878=CARTESIAN_POINT('Ctrl Pts',(-27.724846027463,34.5737250612847,18.4306124299425));
#1879=CARTESIAN_POINT('Ctrl Pts',(-22.1336441492639,31.9804263117065,18.2426085347328));
#1880=CARTESIAN_POINT('Ctrl Pts',(-13.8394247508417,27.7361161136542,15.5651955354855));
#1881=CARTESIAN_POINT('Ctrl Pts',(-2.34802370756213,21.2238858144427,7.80197793043513));
#1882=CARTESIAN_POINT('Ctrl Pts',(11.9482485001999,12.2795112107727,-5.20640508538086));
#1883=CARTESIAN_POINT('Ctrl Pts',(23.5276047923706,4.36479220861022,-15.0631738131973));
#1884=CARTESIAN_POINT('Ctrl Pts',(32.1937638607016,-2.02949761995885,-20.205190064482));
#1885=CARTESIAN_POINT('Ctrl Pts',(38.2932503825117,-6.81465339009261,-22.307482030061));
#1886=CARTESIAN_POINT('Ctrl Pts',(43.830930418233,-11.5157032282346,-22.3584555154815));
#1887=CARTESIAN_POINT('Ctrl Pts',(49.7652972628961,-17.1396716977957,-19.761829537832));
#1888=CARTESIAN_POINT('Ctrl Pts',(53.5446847064055,-21.8022097149168,-14.0635743921819));
#1889=CARTESIAN_POINT('Ctrl Pts',(55.1338831837394,-25.7294980647665,-6.10749470150225));
#1890=CARTESIAN_POINT('Ctrl Pts',(54.6254653166868,-28.3380871302511,1.61137932311848));
#1891=CARTESIAN_POINT('Ctrl Pts',(51.4547380792256,-30.0472048811011,9.85953218328848));
#1892=CARTESIAN_POINT('Ctrl Pts',(45.9166913436998,-30.6033691359697,16.4030300994509));
#1893=CARTESIAN_POINT('Ctrl Pts',(39.0272560288568,-30.1755113821594,19.8499261227418));
#1894=CARTESIAN_POINT('Ctrl Pts',(31.7005120377061,-29.1713850515486,20.4694000525822));
#1895=CARTESIAN_POINT('Ctrl Pts',(24.4923870445153,-27.8700806893732,19.036359425099));
#1896=CARTESIAN_POINT('Ctrl Pts',(16.8387054582067,-26.2358543245957,15.7590647621747));
#1897=CARTESIAN_POINT('Ctrl Pts',(6.23135420231436,-23.6832869941066,9.38081615343543));
#1898=CARTESIAN_POINT('Ctrl Pts',(-7.45525983497789,-19.9080066412807,-1.2337507275271));
#1899=CARTESIAN_POINT('Ctrl Pts',(-20.9110144376336,-15.6059100605079,-11.4811542258719));
#1900=CARTESIAN_POINT('Ctrl Pts',(-31.0475331378137,-11.9765405112491,-17.1900565744108));
#1901=CARTESIAN_POINT('Ctrl Pts',(-38.1942385632545,-9.19288570481501,-19.8345099132037));
#1902=CARTESIAN_POINT('Ctrl Pts',(-44.7305516238984,-6.38036823031563,-20.5473257829991));
#1903=CARTESIAN_POINT('Ctrl Pts',(-50.464824761876,-3.57875926290093,-19.2673120016201));
#1904=CARTESIAN_POINT('Ctrl Pts',(-55.1631975438535,-0.84198534524275,-16.116214888291));
#1905=CARTESIAN_POINT('Ctrl Pts',(-59.7623039551496,2.64912376387788,-9.86011741943696));
#1906=CARTESIAN_POINT('Ctrl Pts',(-61.0505984490626,5.01842748834166,-3.4998949973395));
#1907=CARTESIAN_POINT('Ctrl Pts',(-60.8242077667737,6.45164779115189,0.775649837545489));
#1908=CARTESIAN_POINT('Ctrl Pts',(17.6669793782849,-4.08488273681674,2.05694605968876));
#1909=CARTESIAN_POINT('Ctrl Pts',(16.8454766685563,-9.64772877199572,-2.12692420728632));
#1910=CARTESIAN_POINT('Ctrl Pts',(15.453740248597,-17.8976463371871,-8.32838607931866));
#1911=CARTESIAN_POINT('Ctrl Pts',(13.3766488470819,-28.10706009032,-14.1969393545814));
#1912=CARTESIAN_POINT('Ctrl Pts',(11.7384983387702,-35.1638393910574,-16.9942150824384));
#1913=CARTESIAN_POINT('Ctrl Pts',(10.06645921143,-41.4068422465182,-17.9701923498575));
#1914=CARTESIAN_POINT('Ctrl Pts',(8.38194561449311,-46.7009214126843,-17.2020080922927));
#1915=CARTESIAN_POINT('Ctrl Pts',(6.66241278836729,-51.0683464446159,-14.876035761556));
#1916=CARTESIAN_POINT('Ctrl Pts',(4.25720968867354,-55.6331060007744,-9.92760992016668));
#1917=CARTESIAN_POINT('Ctrl Pts',(1.04674941917793,-58.4620615125605,-0.861423077418984));
#1918=CARTESIAN_POINT('Ctrl Pts',(-2.20382710421685,-56.4547761116595,8.61125674226695));
#1919=CARTESIAN_POINT('Ctrl Pts',(-4.68155511402133,-52.328374304831,14.2350552784921));
#1920=CARTESIAN_POINT('Ctrl Pts',(-6.16513980046795,-48.8839976610149,16.6571301820433));
#1921=CARTESIAN_POINT('Ctrl Pts',(-7.32544833692651,-45.6543171598789,17.8234769896686));
#1922=CARTESIAN_POINT('Ctrl Pts',(-8.18357397979411,-42.9964609903973,18.2975635534193));
#1923=CARTESIAN_POINT('Ctrl Pts',(-9.03780271706651,-40.1056273921591,18.336893919074));
#1924=CARTESIAN_POINT('Ctrl Pts',(-10.6058129812771,-34.3380855318492,17.5942118844731));
#1925=CARTESIAN_POINT('Ctrl Pts',(-12.8347464179581,-24.6205616392374,13.6157545082659));
#1926=CARTESIAN_POINT('Ctrl Pts',(-15.4516356316456,-10.3210209632565,3.7114259526775));
#1927=CARTESIAN_POINT('Ctrl Pts',(-17.4325258310836,3.32306044788068,-6.90724976456508));
#1928=CARTESIAN_POINT('Ctrl Pts',(-18.8191076598993,15.6509016593609,-15.3285163726479));
#1929=CARTESIAN_POINT('Ctrl Pts',(-19.688829443029,26.421437851227,-20.6874162587516));
#1930=CARTESIAN_POINT('Ctrl Pts',(-20.1017294983879,36.6314777191151,-22.8422382668983));
#1931=CARTESIAN_POINT('Ctrl Pts',(-19.9591743789513,44.2738026592864,-21.4850251520616));
#1932=CARTESIAN_POINT('Ctrl Pts',(-19.4871366041992,49.4304067119626,-18.6476805006306));
#1933=CARTESIAN_POINT('Ctrl Pts',(-18.7699386027792,53.8343489525618,-14.8318459069061));
#1934=CARTESIAN_POINT('Ctrl Pts',(-17.3942663404877,57.7719865075441,-8.57500694709859));
#1935=CARTESIAN_POINT('Ctrl Pts',(-14.9472589862286,59.7631173272976,0.0468335949361683));
#1936=CARTESIAN_POINT('Ctrl Pts',(-12.0732109154753,59.0656513130334,7.53781041872632));
#1937=CARTESIAN_POINT('Ctrl Pts',(-9.10258783030649,56.7689642006093,13.1311187947795));
#1938=CARTESIAN_POINT('Ctrl Pts',(-6.28753675012431,53.7485152206889,16.9316106849274));
#1939=CARTESIAN_POINT('Ctrl Pts',(-3.25151069437121,49.7955382548688,19.4386477018163));
#1940=CARTESIAN_POINT('Ctrl Pts',(-0.0587755309208439,45.0661340158709,
20.4644661170153));
#1941=CARTESIAN_POINT('Ctrl Pts',(3.23403025713938,39.7095240151819,19.9043833180719));
#1942=CARTESIAN_POINT('Ctrl Pts',(6.57929695695541,33.8562186616944,17.8247642875208));
#1943=CARTESIAN_POINT('Ctrl Pts',(9.93665543389684,27.6161848756545,14.3799477241254));
#1944=CARTESIAN_POINT('Ctrl Pts',(14.380948205432,18.9066913340643,8.34692768602646));
#1945=CARTESIAN_POINT('Ctrl Pts',(19.7873875651214,7.51211515405073,-1.06229557598523));
#1946=CARTESIAN_POINT('Ctrl Pts',(25.2584671191207,-5.17494128525979,-11.1263232225556));
#1947=CARTESIAN_POINT('Ctrl Pts',(29.6269446679089,-16.3655011197682,-17.6985495633095));
#1948=CARTESIAN_POINT('Ctrl Pts',(32.9343031016112,-25.8730712754784,-20.6123564885537));
#1949=CARTESIAN_POINT('Ctrl Pts',(35.4260942193354,-34.4734728248379,-19.9803321762122));
#1950=CARTESIAN_POINT('Ctrl Pts',(36.8508035779976,-41.7047976769965,-15.9282553798157));
#1951=CARTESIAN_POINT('Ctrl Pts',(36.961187808095,-47.0821328419269,-9.18078389508006));
#1952=CARTESIAN_POINT('Ctrl Pts',(35.5795950218246,-50.252679777477,-0.839795999678853));
#1953=CARTESIAN_POINT('Ctrl Pts',(32.6154418290472,-51.0181164529768,7.81690025848857));
#1954=CARTESIAN_POINT('Ctrl Pts',(28.1040669392355,-49.3863867571023,15.4745371307979));
#1955=CARTESIAN_POINT('Ctrl Pts',(22.168600097374,-45.504373087682,20.87085622711));
#1956=CARTESIAN_POINT('Ctrl Pts',(15.1879831414667,-39.7644508573667,22.8525543256632));
#1957=CARTESIAN_POINT('Ctrl Pts',(7.76708614926882,-32.848796011702,21.0198156454759));
#1958=CARTESIAN_POINT('Ctrl Pts',(0.202073374597737,-25.194035111467,15.9209305023469));
#1959=CARTESIAN_POINT('Ctrl Pts',(-7.3714816170673,-17.022314414992,8.49176430538767));
#1960=CARTESIAN_POINT('Ctrl Pts',(-13.9721482062134,-9.49088871887665,0.940237210782921));
#1961=CARTESIAN_POINT('Ctrl Pts',(-21.1180285256308,-0.955843635356546,
-7.28270956210365));
#1962=CARTESIAN_POINT('Ctrl Pts',(-27.7900377426309,7.48867585234331,-14.2145368659846));
#1963=CARTESIAN_POINT('Ctrl Pts',(-34.1254457218986,16.2178413601172,-18.2446300897874));
#1964=CARTESIAN_POINT('Ctrl Pts',(-38.671760852611,23.1612198168163,-18.5837939954413));
#1965=CARTESIAN_POINT('Ctrl Pts',(-41.6455602377691,28.5501476560021,-16.1461013471326));
#1966=CARTESIAN_POINT('Ctrl Pts',(-43.3315673793659,32.6941211921553,-12.0833995237607));
#1967=CARTESIAN_POINT('Ctrl Pts',(-44.1370166391776,36.7342324180319,-5.67538799162468));
#1968=CARTESIAN_POINT('Ctrl Pts',(-43.0017334202203,38.7757635519647,1.14004641178304));
#1969=CARTESIAN_POINT('Ctrl Pts',(-40.7185811034053,39.33608392069,6.46159542570364));
#1970=CARTESIAN_POINT('Ctrl Pts',(-39.3402899484942,39.3953544180445,8.95090133079493));
#1971=CARTESIAN_POINT('Ctrl Pts',(-37.7396507245456,39.2405560919661,11.208222587618));
#1972=CARTESIAN_POINT('Ctrl Pts',(-35.3398839421404,38.7658628513013,13.8436207379688));
#1973=CARTESIAN_POINT('Ctrl Pts',(-31.8926607301153,37.7154426197734,16.3257135632577));
#1974=CARTESIAN_POINT('Ctrl Pts',(-27.1058207953518,35.8072027616962,17.8250993554859));
#1975=CARTESIAN_POINT('Ctrl Pts',(-21.6105626786081,33.2679606112535,17.6609870424781));
#1976=CARTESIAN_POINT('Ctrl Pts',(-13.3954796501456,29.0757732245749,15.0382340746908));
#1977=CARTESIAN_POINT('Ctrl Pts',(-1.92205548393718,22.5892009657806,7.3316993535534));
#1978=CARTESIAN_POINT('Ctrl Pts',(12.4175055770295,13.6351668136035,-5.664047155537));
#1979=CARTESIAN_POINT('Ctrl Pts',(24.0815182734779,5.67808933313872,-15.5546995482046));
#1980=CARTESIAN_POINT('Ctrl Pts',(32.8727188010458,-0.796478168741102,-20.7451408559635));
#1981=CARTESIAN_POINT('Ctrl Pts',(39.1092430632805,-5.67991874097986,-22.8779667677705));
#1982=CARTESIAN_POINT('Ctrl Pts',(44.8275109777644,-10.5249923670155,-22.9188597608437));
#1983=CARTESIAN_POINT('Ctrl Pts',(51.0031842024378,-16.3668682172209,-20.1966310307637));
#1984=CARTESIAN_POINT('Ctrl Pts',(54.9288120948735,-21.2039174423298,-14.2455832163563));
#1985=CARTESIAN_POINT('Ctrl Pts',(56.5655504536502,-25.2545711263495,-5.98321586023635));
#1986=CARTESIAN_POINT('Ctrl Pts',(56.0314127544832,-27.9416136534264,2.03049807237187));
#1987=CARTESIAN_POINT('Ctrl Pts',(52.7183580115979,-29.704225884758,10.6426424364923));
#1988=CARTESIAN_POINT('Ctrl Pts',(46.8578470532705,-30.2739164341529,17.5794590093769));
#1989=CARTESIAN_POINT('Ctrl Pts',(39.4559034589807,-29.7924944048601,21.2767526288006));
#1990=CARTESIAN_POINT('Ctrl Pts',(31.6586943990956,-28.7012659980081,21.9157510648054));
#1991=CARTESIAN_POINT('Ctrl Pts',(24.1407650934706,-27.3251279088001,20.4038825013501));
#1992=CARTESIAN_POINT('Ctrl Pts',(16.2964218192383,-25.6301000026486,17.0300956560673));
#1993=CARTESIAN_POINT('Ctrl Pts',(5.55142453679793,-23.0199863295488,10.5523714404019));
#1994=CARTESIAN_POINT('Ctrl Pts',(-8.1623741539748,-19.2034428270132,-0.108618825554076));
#1995=CARTESIAN_POINT('Ctrl Pts',(-21.5174817439612,-14.9014664555653,-10.2898038771035));
#1996=CARTESIAN_POINT('Ctrl Pts',(-31.4414378845436,-11.320642978817,-15.8865531740289));
#1997=CARTESIAN_POINT('Ctrl Pts',(-38.3317701343904,-8.61803554871804,-18.4359356997704));
#1998=CARTESIAN_POINT('Ctrl Pts',(-44.4898913919949,-5.9450436419232,-19.101240590185));
#1999=CARTESIAN_POINT('Ctrl Pts',(-49.7763341971695,-3.34244053097292,-17.9157584669546));
#2000=CARTESIAN_POINT('Ctrl Pts',(-54.0880804909333,-0.809557286959727,
-15.025164488408));
#2001=CARTESIAN_POINT('Ctrl Pts',(-58.3604672115436,2.45633331732233,-9.22464189311574));
#2002=CARTESIAN_POINT('Ctrl Pts',(-59.583335380321,4.71669553611829,-3.2169647573317));
#2003=CARTESIAN_POINT('Ctrl Pts',(-59.3649023740292,6.08509965187562,0.828654461979967));
#2004=CARTESIAN_POINT('Ctrl Pts',(16.2270338430464,-3.56724503759948,1.64335460658903));
#2005=CARTESIAN_POINT('Ctrl Pts',(15.4127093684569,-9.11044279821553,-2.54089724518915));
#2006=CARTESIAN_POINT('Ctrl Pts',(14.0305442516469,-17.3453731504756,-8.75537763942779));
#2007=CARTESIAN_POINT('Ctrl Pts',(11.9586094247004,-27.5728458713649,-14.6625708077497));
#2008=CARTESIAN_POINT('Ctrl Pts',(10.3185889409154,-34.669729386388,-17.4977482347976));
#2009=CARTESIAN_POINT('Ctrl Pts',(8.6343509389249,-40.9854066277727,-18.5056382927539));
#2010=CARTESIAN_POINT('Ctrl Pts',(6.92824881294779,-46.3736981335292,-17.7452720712562));
#2011=CARTESIAN_POINT('Ctrl Pts',(5.18495522376285,-50.821676333955,-15.3961225870435));
#2012=CARTESIAN_POINT('Ctrl Pts',(2.75841745300846,-55.4513220629804,-10.4114883077204));
#2013=CARTESIAN_POINT('Ctrl Pts',(-0.453789124782899,-58.3014432049471,
-1.34562420834113));
#2014=CARTESIAN_POINT('Ctrl Pts',(-3.67503609176384,-56.333940818599,8.02643066815307));
#2015=CARTESIAN_POINT('Ctrl Pts',(-6.10216140708058,-52.3217822376357,13.5265026688209));
#2016=CARTESIAN_POINT('Ctrl Pts',(-7.54313655758235,-48.9996625923503,15.8782532690463));
#2017=CARTESIAN_POINT('Ctrl Pts',(-8.66973863482384,-45.8880320026439,17.0151941673851));
#2018=CARTESIAN_POINT('Ctrl Pts',(-9.50374204961529,-43.3203866579223,17.4808651875703));
#2019=CARTESIAN_POINT('Ctrl Pts',(-10.3387623202646,-40.5156563521947,17.5282628489009));
#2020=CARTESIAN_POINT('Ctrl Pts',(-11.8796807698973,-34.8881454744806,16.821437340324));
#2021=CARTESIAN_POINT('Ctrl Pts',(-14.0976254444135,-25.2861722803702,12.9245601250852));
#2022=CARTESIAN_POINT('Ctrl Pts',(-16.7295575998282,-11.0101326229272,3.07613771602395));
#2023=CARTESIAN_POINT('Ctrl Pts',(-18.7334939111451,2.67781128249365,-7.54369563983143));
#2024=CARTESIAN_POINT('Ctrl Pts',(-20.1469416725997,15.1109961630277,-16.0089008694638));
#2025=CARTESIAN_POINT('Ctrl Pts',(-21.0443975362887,26.054676980248,-21.4335646733683));
#2026=CARTESIAN_POINT('Ctrl Pts',(-21.4842641597269,36.5781853891788,-23.6472750181747));
#2027=CARTESIAN_POINT('Ctrl Pts',(-21.3460931566629,44.5890894244716,-22.2137353545769));
#2028=CARTESIAN_POINT('Ctrl Pts',(-20.856600921138,50.0059875961417,-19.2139857269634));
#2029=CARTESIAN_POINT('Ctrl Pts',(-20.1108115036295,54.622047296718,-15.191101543258));
#2030=CARTESIAN_POINT('Ctrl Pts',(-18.6808381242455,58.7226266555781,-8.63111269372499));
#2031=CARTESIAN_POINT('Ctrl Pts',(-16.1408071808733,60.778930630719,0.373996540840878));
#2032=CARTESIAN_POINT('Ctrl Pts',(-13.1419873208448,60.0329621027271,8.2346615482614));
#2033=CARTESIAN_POINT('Ctrl Pts',(-10.0050486578792,57.585985518891,14.1672059695664));
#2034=CARTESIAN_POINT('Ctrl Pts',(-6.99987110020197,54.3346579764672,18.2431239219951));
#2035=CARTESIAN_POINT('Ctrl Pts',(-3.73050423821435,50.0529401155511,20.9494546031031));
#2036=CARTESIAN_POINT('Ctrl Pts',(-0.312586111333997,44.9522375458373,22.0421105476697));
#2037=CARTESIAN_POINT('Ctrl Pts',(3.15749846928218,39.2767476854288,21.4375016132704));
#2038=CARTESIAN_POINT('Ctrl Pts',(6.61231078326947,33.1908303041645,19.2679924702021));
#2039=CARTESIAN_POINT('Ctrl Pts',(10.0324300304585,26.7988312530514,15.7365728032851));
#2040=CARTESIAN_POINT('Ctrl Pts',(14.5129006422112,17.9658820273704,9.61728868025546));
#2041=CARTESIAN_POINT('Ctrl Pts',(19.9089554968534,6.5231885708557,0.168693825604049));
#2042=CARTESIAN_POINT('Ctrl Pts',(25.315035075645,-6.09630869598928,-9.83313053460377));
#2043=CARTESIAN_POINT('Ctrl Pts',(29.5680750435561,-17.0756759156152,-16.2723080693548));
#2044=CARTESIAN_POINT('Ctrl Pts',(32.7090534036268,-26.1932596336531,-19.0424472416115));
#2045=CARTESIAN_POINT('Ctrl Pts',(34.9811010953422,-34.1455213042804,-18.4340436395492));
#2046=CARTESIAN_POINT('Ctrl Pts',(36.2566027360818,-40.7464801104597,-14.7467489172441));
#2047=CARTESIAN_POINT('Ctrl Pts',(36.3416895167932,-45.7594205171406,-8.49422426544115));
#2048=CARTESIAN_POINT('Ctrl Pts',(35.0165239824184,-48.7597552293693,-0.633819233165843));
#2049=CARTESIAN_POINT('Ctrl Pts',(32.185894197135,-49.4903368613127,7.55506272858173));
#2050=CARTESIAN_POINT('Ctrl Pts',(27.9104297491633,-47.9526049880196,14.7503886981821));
#2051=CARTESIAN_POINT('Ctrl Pts',(22.3712580320123,-44.3470687172293,19.7423607835833));
#2052=CARTESIAN_POINT('Ctrl Pts',(15.8594931861695,-39.0189774861827,21.5816984869));
#2053=CARTESIAN_POINT('Ctrl Pts',(8.75697152856111,-32.4315876270362,19.8386048383459));
#2054=CARTESIAN_POINT('Ctrl Pts',(1.3512809360526,-24.9681510612222,14.8475437872291));
#2055=CARTESIAN_POINT('Ctrl Pts',(-6.15222500953383,-16.903403383431,7.48532402459664));
#2056=CARTESIAN_POINT('Ctrl Pts',(-12.7389405614441,-9.41599184509057,-0.0524581051987765));
#2057=CARTESIAN_POINT('Ctrl Pts',(-19.9061999330697,-0.888599613989885,
-8.30199707152946));
#2058=CARTESIAN_POINT('Ctrl Pts',(-26.6465206936922,7.60721298603691,-15.3114039520612));
#2059=CARTESIAN_POINT('Ctrl Pts',(-33.1566812229222,16.5311298268679,-19.4752085880099));
#2060=CARTESIAN_POINT('Ctrl Pts',(-37.9598131709807,23.820782203641,-19.8681472047666));
#2061=CARTESIAN_POINT('Ctrl Pts',(-41.1653116925571,29.5814375608258,-17.2759996763522));
#2062=CARTESIAN_POINT('Ctrl Pts',(-42.9663740873523,33.9603744397367,-12.9777966053634));
#2063=CARTESIAN_POINT('Ctrl Pts',(-43.8282280033229,38.1759848215762,-6.29045589515462));
#2064=CARTESIAN_POINT('Ctrl Pts',(-42.6760151734452,40.2753039128121,0.728585787792436));
#2065=CARTESIAN_POINT('Ctrl Pts',(-40.3526405420115,40.8551166274498,6.1923987190775));
#2066=CARTESIAN_POINT('Ctrl Pts',(-38.9490785722789,40.9181965480319,8.747499521646));
#2067=CARTESIAN_POINT('Ctrl Pts',(-37.3182083017089,40.7622109386223,11.0653759754462));
#2068=CARTESIAN_POINT('Ctrl Pts',(-34.8701667409985,40.2789715595686,13.7721235020961));
#2069=CARTESIAN_POINT('Ctrl Pts',(-31.3508740130627,39.2065148679133,16.3270934293002));
#2070=CARTESIAN_POINT('Ctrl Pts',(-26.4709967992971,37.2598375766146,17.8737087082402));
#2071=CARTESIAN_POINT('Ctrl Pts',(-20.8967753702845,34.6823466490222,17.7256263387519));
#2072=CARTESIAN_POINT('Ctrl Pts',(-12.6040151689269,30.4484746578347,15.1019734126585));
#2073=CARTESIAN_POINT('Ctrl Pts',(-1.06900700633341,23.9244563036828,7.38905274478703));
#2074=CARTESIAN_POINT('Ctrl Pts',(13.3252049005947,14.9337888059238,-5.60654344498691));
#2075=CARTESIAN_POINT('Ctrl Pts',(25.0299758557089,6.94677078936509,-15.4920647721754));
#2076=CARTESIAN_POINT('Ctrl Pts',(33.8557975650809,0.444999869972773,-20.6744789770604));
#2077=CARTESIAN_POINT('Ctrl Pts',(40.1215330206883,-4.46273791152445,-22.7971371479169));
#2078=CARTESIAN_POINT('Ctrl Pts',(45.8742764419557,-9.33850519754576,-22.8198788821894));
#2079=CARTESIAN_POINT('Ctrl Pts',(52.0980237900992,-15.2287408608695,-20.050811665525));
#2080=CARTESIAN_POINT('Ctrl Pts',(56.0595473618017,-20.1151413063377,-14.0128774771867));
#2081=CARTESIAN_POINT('Ctrl Pts',(57.7030293972706,-24.2112372864947,-5.61616097076577));
#2082=CARTESIAN_POINT('Ctrl Pts',(57.1444575429917,-26.933256948417,2.54954882146441));
#2083=CARTESIAN_POINT('Ctrl Pts',(53.7346792925237,-28.7238391128553,11.3790932307817));
#2084=CARTESIAN_POINT('Ctrl Pts',(47.6487485223782,-29.2989512670132,18.573989282424));
#2085=CARTESIAN_POINT('Ctrl Pts',(39.878017621484,-28.7769063278713,22.4403015235714));
#2086=CARTESIAN_POINT('Ctrl Pts',(31.7385447087974,-27.6206289173686,23.0831868757065));
#2087=CARTESIAN_POINT('Ctrl Pts',(23.9970039102586,-26.1890113591813,21.5051020769229));
#2088=CARTESIAN_POINT('Ctrl Pts',(16.0192595281916,-24.4494178168039,18.0526611168192));
#2089=CARTESIAN_POINT('Ctrl Pts',(5.18543501589856,-21.798377825855,11.4952078251266));
#2090=CARTESIAN_POINT('Ctrl Pts',(-8.52691672916067,-17.9551989943317,0.795913966306299));
#2091=CARTESIAN_POINT('Ctrl Pts',(-21.7773902684047,-13.6609502387278,-9.33208643981959));
#2092=CARTESIAN_POINT('Ctrl Pts',(-31.5082083476756,-10.1271931774316,-14.840082574818));
#2093=CARTESIAN_POINT('Ctrl Pts',(-38.1723982357982,-7.49758424684704,-17.3141911430195));
#2094=CARTESIAN_POINT('Ctrl Pts',(-44.0011605029685,-4.94770549689144,-17.9477631026719));
#2095=CARTESIAN_POINT('Ctrl Pts',(-48.8977581918763,-2.51977809950962,-16.8525420017307));
#2096=CARTESIAN_POINT('Ctrl Pts',(-52.8703408876489,-0.167857451324626,
-14.2007032422784));
#2097=CARTESIAN_POINT('Ctrl Pts',(-56.8532581905538,2.89447421348317,-8.82018394530051));
#2098=CARTESIAN_POINT('Ctrl Pts',(-58.0167053443947,5.04989044553865,-3.15434858322595));
#2099=CARTESIAN_POINT('Ctrl Pts',(-57.8118010565982,6.35447770481604,0.662036382019876));
#2100=CARTESIAN_POINT('Ctrl Pts',(15.7160696582234,-2.71045848072313,0.600309284364612));
#2101=CARTESIAN_POINT('Ctrl Pts',(14.913767061318,-8.24652634915873,-3.58410601833706));
#2102=CARTESIAN_POINT('Ctrl Pts',(13.5450637393538,-16.5081457461715,-9.8291331040899));
#2103=CARTESIAN_POINT('Ctrl Pts',(11.4663681740245,-26.8808286996887,-15.8331748610142));
#2104=CARTESIAN_POINT('Ctrl Pts',(9.80104224506888,-34.1696784884409,-18.756909156966));
#2105=CARTESIAN_POINT('Ctrl Pts',(8.05609679156949,-40.7832989423652,-19.8282168467916));
#2106=CARTESIAN_POINT('Ctrl Pts',(6.2518106534637,-46.5488640450419,-19.0292235647895));
#2107=CARTESIAN_POINT('Ctrl Pts',(4.39233973710006,-51.3415520214985,-16.5062280027895));
#2108=CARTESIAN_POINT('Ctrl Pts',(1.82964886172735,-56.2781407682018,-11.194254326348));
#2109=CARTESIAN_POINT('Ctrl Pts',(-1.49969773217352,-59.2509226226,-1.72767888464719));
#2110=CARTESIAN_POINT('Ctrl Pts',(-4.8107089097823,-57.2377396284108,7.9688065378674));
#2111=CARTESIAN_POINT('Ctrl Pts',(-7.31622637027308,-53.0921689347096,13.6940663346675));
#2112=CARTESIAN_POINT('Ctrl Pts',(-8.80901741197996,-49.6407648196252,16.1533882673074));
#2113=CARTESIAN_POINT('Ctrl Pts',(-9.97345324954492,-46.413373785923,17.3453630214477));
#2114=CARTESIAN_POINT('Ctrl Pts',(-10.8333866441598,-43.7581808547154,17.8338756536133));
#2115=CARTESIAN_POINT('Ctrl Pts',(-11.6896935514276,-40.8714630615322,17.8919959818733));
#2116=CARTESIAN_POINT('Ctrl Pts',(-13.2623139929775,-35.1076479124747,17.1837603880206));
#2117=CARTESIAN_POINT('Ctrl Pts',(-15.5025859971104,-25.3734447108287,13.2493575283));
#2118=CARTESIAN_POINT('Ctrl Pts',(-18.1412799925208,-11.0093168054566,3.37709127479959));
#2119=CARTESIAN_POINT('Ctrl Pts',(-20.1439303176946,2.72424258705357,-7.24129405333332));
#2120=CARTESIAN_POINT('Ctrl Pts',(-21.5520198932429,15.1730981758827,-15.6852066518487));
#2121=CARTESIAN_POINT('Ctrl Pts',(-22.4421148353373,26.1048457129619,-21.076986989894));
#2122=CARTESIAN_POINT('Ctrl Pts',(-22.8734613797809,36.5791049352623,-23.2536412218878));
#2123=CARTESIAN_POINT('Ctrl Pts',(-22.731118189879,44.5249288269795,-21.8118849095955));
#2124=CARTESIAN_POINT('Ctrl Pts',(-22.2405701931014,49.9052332510788,-18.8165289562706));
#2125=CARTESIAN_POINT('Ctrl Pts',(-21.4933519787996,54.4955120170169,-14.7957154359726));
#2126=CARTESIAN_POINT('Ctrl Pts',(-20.0597773945635,58.5833369275694,-8.22640869470633));
#2127=CARTESIAN_POINT('Ctrl Pts',(-17.5025407845579,60.6314361012516,0.833444520609212));
#2128=CARTESIAN_POINT('Ctrl Pts',(-14.4690707757714,59.8592874510709,8.78208528016639));
#2129=CARTESIAN_POINT('Ctrl Pts',(-11.2743224914109,57.352537202916,14.8200383736349));
#2130=CARTESIAN_POINT('Ctrl Pts',(-8.19651171338147,54.0071053387421,18.9888399136175));
#2131=CARTESIAN_POINT('Ctrl Pts',(-4.83309373423792,49.5890112099817,21.7656573231359));
#2132=CARTESIAN_POINT('Ctrl Pts',(-1.32166687910184,44.3297037507904,22.8728449930114));
#2133=CARTESIAN_POINT('Ctrl Pts',(2.22166935669153,38.5188865478596,22.2384084953433));
#2134=CARTESIAN_POINT('Ctrl Pts',(5.71864659325425,32.3376557298189,20.0176789206842));
#2135=CARTESIAN_POINT('Ctrl Pts',(9.15947500053252,25.888482954189,16.4404683709869));
#2136=CARTESIAN_POINT('Ctrl Pts',(13.6459379549674,17.0161272240933,10.2751449390659));
#2137=CARTESIAN_POINT('Ctrl Pts',(19.0223054685825,5.57808207487536,0.805400593481224));
#2138=CARTESIAN_POINT('Ctrl Pts',(24.381017898131,-6.97543355122916,-9.16422295232134));
#2139=CARTESIAN_POINT('Ctrl Pts',(28.5598199891756,-17.8094499511268,-15.5343306261308));
#2140=CARTESIAN_POINT('Ctrl Pts',(31.5992278028812,-26.6822194644925,-18.2316030383021));
#2141=CARTESIAN_POINT('Ctrl Pts',(33.7384384377595,-34.2352896081017,-17.653380055087));
#2142=CARTESIAN_POINT('Ctrl Pts',(34.9234062617498,-40.4408008099595,-14.2109222002577));
#2143=CARTESIAN_POINT('Ctrl Pts',(34.997271010739,-45.2158537899212,-8.30324716598396));
#2144=CARTESIAN_POINT('Ctrl Pts',(33.7215756502132,-48.1015857494746,-0.80540404781759));
#2145=CARTESIAN_POINT('Ctrl Pts',(31.0094068820139,-48.8160825834429,6.9981537970759));
#2146=CARTESIAN_POINT('Ctrl Pts',(26.9557305964937,-47.3752602513541,13.7801519235547));
#2147=CARTESIAN_POINT('Ctrl Pts',(21.8077803775438,-44.0483183465129,18.3914056070455));
#2148=CARTESIAN_POINT('Ctrl Pts',(15.7725224948009,-39.1429073709854,20.1039523278882));
#2149=CARTESIAN_POINT('Ctrl Pts',(8.99007095374692,-32.8906312165901,18.4741215053714));
#2150=CARTESIAN_POINT('Ctrl Pts',(1.73523206820185,-25.614907318132,13.6095414669248));
#2151=CARTESIAN_POINT('Ctrl Pts',(-5.7142609242216,-17.645051933698,6.32582605955129));
#2152=CARTESIAN_POINT('Ctrl Pts',(-12.3059686745718,-10.1846723711928,-1.19552115399771));
#2153=CARTESIAN_POINT('Ctrl Pts',(-19.5214172440485,-1.63835898767992,-9.47488857685961));
#2154=CARTESIAN_POINT('Ctrl Pts',(-26.364418670398,6.9463379179372,-16.5739545011545));
#2155=CARTESIAN_POINT('Ctrl Pts',(-33.1101160830037,16.1408587609225,-20.8889876175577));
#2156=CARTESIAN_POINT('Ctrl Pts',(-38.2504213857172,23.8910521188665,-21.3300096896847));
#2157=CARTESIAN_POINT('Ctrl Pts',(-41.7624981089645,30.1512974358604,-18.5082736999597));
#2158=CARTESIAN_POINT('Ctrl Pts',(-43.7165174948187,34.8560114382378,-13.8590278099698));
#2159=CARTESIAN_POINT('Ctrl Pts',(-44.6482210430389,39.3267869328902,-6.72941722352424));
#2160=CARTESIAN_POINT('Ctrl Pts',(-43.4489989833278,41.5168156153466,0.661478973997689));
#2161=CARTESIAN_POINT('Ctrl Pts',(-41.0116697787777,42.1197896335177,6.43526219874765));
#2162=CARTESIAN_POINT('Ctrl Pts',(-39.532933253926,42.1811199299534,9.14392282102615));
#2163=CARTESIAN_POINT('Ctrl Pts',(-37.8066508813021,42.0097335257067,11.6124465847787));
#2164=CARTESIAN_POINT('Ctrl Pts',(-35.2004049334432,41.4869500517976,14.5095645403405));
#2165=CARTESIAN_POINT('Ctrl Pts',(-31.4231769110709,40.3230720633302,17.2707590359091));
#2166=CARTESIAN_POINT('Ctrl Pts',(-26.1812095907285,38.214962315503,18.9402658795204));
#2167=CARTESIAN_POINT('Ctrl Pts',(-20.2945288695987,35.4738942483112,18.7860147114223));
#2168=CARTESIAN_POINT('Ctrl Pts',(-11.7186152258033,31.072585445921,16.0730431110272));
#2169=CARTESIAN_POINT('Ctrl Pts',(-0.0316247822731761,24.432477467042,8.25603519848403));
#2170=CARTESIAN_POINT('Ctrl Pts',(14.4034140901652,15.3835241459592,-4.75967798152816));
#2171=CARTESIAN_POINT('Ctrl Pts',(26.0543299210395,7.40447071824489,-14.5813634908698));
#2172=CARTESIAN_POINT('Ctrl Pts',(34.7504899848055,0.975980210132382,-19.6705596162887));
#2173=CARTESIAN_POINT('Ctrl Pts',(40.8564261515373,-3.8237773152923,-21.724354864023));
#2174=CARTESIAN_POINT('Ctrl Pts',(46.3906386627636,-8.53156095757668,-21.7269580793478));
#2175=CARTESIAN_POINT('Ctrl Pts',(52.3266003760909,-14.1715786208962,-19.0643702739474));
#2176=CARTESIAN_POINT('Ctrl Pts',(56.1272046349915,-18.8784710618434,-13.2557373513889));
#2177=CARTESIAN_POINT('Ctrl Pts',(57.7089397350853,-22.8698933449616,-5.07570256977974));
#2178=CARTESIAN_POINT('Ctrl Pts',(57.1431714958922,-25.5367413045731,2.92414699798059));
#2179=CARTESIAN_POINT('Ctrl Pts',(53.7657540253558,-27.2987886643478,11.6128303456304));
#2180=CARTESIAN_POINT('Ctrl Pts',(47.7411455139681,-27.8631684541492,18.6998689891937));
#2181=CARTESIAN_POINT('Ctrl Pts',(40.0442633671816,-27.3446504466125,22.5078181904744));
#2182=CARTESIAN_POINT('Ctrl Pts',(31.9638317852887,-26.1957254180383,23.1266217381776));
#2183=CARTESIAN_POINT('Ctrl Pts',(24.2652379303449,-24.771362731927,21.5398067111665));
#2184=CARTESIAN_POINT('Ctrl Pts',(16.3227740111449,-23.0387268155861,18.0818456356068));
#2185=CARTESIAN_POINT('Ctrl Pts',(5.52926583779306,-20.3966816660402,11.5215634394817));
#2186=CARTESIAN_POINT('Ctrl Pts',(-8.13581806210294,-16.5656426209571,0.81916358731041));
#2187=CARTESIAN_POINT('Ctrl Pts',(-21.3383725023261,-12.2856823572518,-9.30674308796517));
#2188=CARTESIAN_POINT('Ctrl Pts',(-31.0185624065237,-8.76917545020762,-14.8135116115465));
#2189=CARTESIAN_POINT('Ctrl Pts',(-37.6357543124821,-6.15725129257817,-17.2863392400928));
#2190=CARTESIAN_POINT('Ctrl Pts',(-43.4031117709343,-3.63298270455279,-17.9303197057481));
#2191=CARTESIAN_POINT('Ctrl Pts',(-48.2267012483437,-1.2403177819543,-16.866116850862));
#2192=CARTESIAN_POINT('Ctrl Pts',(-52.1319165336719,1.07201212181718,-14.2798643978109));
#2193=CARTESIAN_POINT('Ctrl Pts',(-56.0508495314683,4.08180674301112,-9.02308138591734));
#2194=CARTESIAN_POINT('Ctrl Pts',(-57.205629028291,6.20394550666657,-3.47635442365888));
#2195=CARTESIAN_POINT('Ctrl Pts',(-57.0154668322981,7.48248336898944,0.241838605691745));
#2196=CARTESIAN_POINT('Ctrl Pts',(15.7795762330558,-2.2687605507521,2.26728358310169E-13));
#2197=CARTESIAN_POINT('Ctrl Pts',(14.9834648776921,-7.80583665065011,-4.1844131242116));
#2198=CARTESIAN_POINT('Ctrl Pts',(13.6215815341159,-16.0892484820683,-10.4470701561791));
#2199=CARTESIAN_POINT('Ctrl Pts',(11.536697590145,-26.5573174657888,-16.5069241905358));
#2200=CARTESIAN_POINT('Ctrl Pts',(9.8545036360934,-33.9671261841171,-19.4810479071733));
#2201=CARTESIAN_POINT('Ctrl Pts',(8.07118333775003,-40.765704620163,-20.5871396201842));
#2202=CARTESIAN_POINT('Ctrl Pts',(6.20533671640316,-46.7649260399312,-19.7593406374724));
#2203=CARTESIAN_POINT('Ctrl Pts',(4.27246675552655,-51.7728042674111,-17.1229533649732));
#2204=CARTESIAN_POINT('Ctrl Pts',(1.62185121279219,-56.9033542826481,-11.5949925874046));
#2205=CARTESIAN_POINT('Ctrl Pts',(-1.78739834979994,-59.9550950418385,-1.85233185672366));
#2206=CARTESIAN_POINT('Ctrl Pts',(-5.16811427206366,-57.9008659908811,8.09660872698253));
#2207=CARTESIAN_POINT('Ctrl Pts',(-7.74297699330841,-53.628925393887,14.0150032214075));
#2208=CARTESIAN_POINT('Ctrl Pts',(-9.28408499971164,-50.0522613834298,16.5694740235501));
#2209=CARTESIAN_POINT('Ctrl Pts',(-10.4849210908583,-46.7089491764044,17.8084783301695));
#2210=CARTESIAN_POINT('Ctrl Pts',(-11.3700675979887,-43.9659490290523,18.3152869654497));
#2211=CARTESIAN_POINT('Ctrl Pts',(-12.2468961766607,-40.9964708177203,18.3783438005191));
#2212=CARTESIAN_POINT('Ctrl Pts',(-13.8496480486184,-35.0959158858458,17.6582018342719));
#2213=CARTESIAN_POINT('Ctrl Pts',(-16.1078545781367,-25.2388323903898,13.6733516387353));
#2214=CARTESIAN_POINT('Ctrl Pts',(-18.7468012848739,-10.8062104888095,3.76776159508977));
#2215=CARTESIAN_POINT('Ctrl Pts',(-20.7415263379752,2.94611872416126,-6.8490272467385));
#2216=CARTESIAN_POINT('Ctrl Pts',(-22.1379550380886,15.3754999342417,-15.2648742297558));
#2217=CARTESIAN_POINT('Ctrl Pts',(-23.0145798148806,26.2500755554662,-20.6132471149409));
#2218=CARTESIAN_POINT('Ctrl Pts',(-23.4319007182144,36.5961665138884,-22.7462640379933));
#2219=CARTESIAN_POINT('Ctrl Pts',(-23.2849494395751,44.389614603205,-21.3195709909081));
#2220=CARTESIAN_POINT('Ctrl Pts',(-22.7987655284082,49.6665809554171,-18.3756468879132));
#2221=CARTESIAN_POINT('Ctrl Pts',(-22.0589669549281,54.1755643419981,-14.4180103573689));
#2222=CARTESIAN_POINT('Ctrl Pts',(-20.6379913557465,58.2074006710796,-7.92952938871001));
#2223=CARTESIAN_POINT('Ctrl Pts',(-18.0955336554002,60.2306314720623,1.05624382517874));
#2224=CARTESIAN_POINT('Ctrl Pts',(-15.073325807106,59.4541284645399,8.95921270009581));
#2225=CARTESIAN_POINT('Ctrl Pts',(-11.8874515452244,56.9502515893172,14.969812101739));
#2226=CARTESIAN_POINT('Ctrl Pts',(-8.81503987773241,53.607515238793,19.1218659327568));
#2227=CARTESIAN_POINT('Ctrl Pts',(-5.45531789830877,49.1922469967777,21.8890139118512));
#2228=CARTESIAN_POINT('Ctrl Pts',(-1.94598012659146,43.9334854005291,22.9866156577581));
#2229=CARTESIAN_POINT('Ctrl Pts',(1.5957242866353,38.1235001276221,22.3455792422791));
#2230=CARTESIAN_POINT('Ctrl Pts',(5.08989148545695,31.9446169750723,20.1164983810097));
#2231=CARTESIAN_POINT('Ctrl Pts',(8.52716938538973,25.4998950512257,16.5337831304875));
#2232=CARTESIAN_POINT('Ctrl Pts',(13.0071077512922,16.6369860307537,10.3624828332083));
#2233=CARTESIAN_POINT('Ctrl Pts',(18.3738325923867,5.21490231934466,0.889737922537891));
#2234=CARTESIAN_POINT('Ctrl Pts',(23.7184311031343,-7.31129648307409,-9.07610183344113));
#2235=CARTESIAN_POINT('Ctrl Pts',(27.8800064470135,-18.1065491879079,-15.4384707337538));
#2236=CARTESIAN_POINT('Ctrl Pts',(30.8981478979539,-26.9240485780388,-18.1289509949849));
#2237=CARTESIAN_POINT('Ctrl Pts',(33.010593949643,-34.3921786138816,-17.5658350016352));
#2238=CARTESIAN_POINT('Ctrl Pts',(34.1771005698659,-40.5098861389586,-14.1855030723607));
#2239=CARTESIAN_POINT('Ctrl Pts',(34.2507019548013,-45.2269419572175,-8.37093521615774));
#2240=CARTESIAN_POINT('Ctrl Pts',(32.9928244922908,-48.0826701730749,-0.983225834597533));
#2241=CARTESIAN_POINT('Ctrl Pts',(30.3237780869657,-48.795802203226,6.69043677774521));
#2242=CARTESIAN_POINT('Ctrl Pts',(26.3546792254902,-47.3942184786802,13.3217679467296));
#2243=CARTESIAN_POINT('Ctrl Pts',(21.3612317304351,-44.1784989786493,17.7877320880385));
#2244=CARTESIAN_POINT('Ctrl Pts',(15.5166233855544,-39.4433227064049,19.4546248291025));
#2245=CARTESIAN_POINT('Ctrl Pts',(8.8630548462632,-33.3268908389197,17.8752583335403));
#2246=CARTESIAN_POINT('Ctrl Pts',(1.66618727003615,-26.1250659956894,13.0659126618728));
#2247=CARTESIAN_POINT('Ctrl Pts',(-5.76584496617552,-18.1899081282067,5.81637135541466));
#2248=CARTESIAN_POINT('Ctrl Pts',(-12.3647763955767,-10.7355594434004,-1.69784107832836));
#2249=CARTESIAN_POINT('Ctrl Pts',(-19.6071211344463,-2.17394285209357,-9.98993781531044));
#2250=CARTESIAN_POINT('Ctrl Pts',(-26.5014290045465,6.45770209330004,-17.1282407348744));
#2251=CARTESIAN_POINT('Ctrl Pts',(-33.358964963607,15.7826358389857,-21.508331922533));
#2252=CARTESIAN_POINT('Ctrl Pts',(-38.6567198716282,23.7492854249232,-21.9664380192038));
#2253=CARTESIAN_POINT('Ctrl Pts',(-42.3126652734098,30.245652450732,-19.0314390959569));
#2254=CARTESIAN_POINT('Ctrl Pts',(-44.3389799500081,35.1070095403318,-14.208684854874));
#2255=CARTESIAN_POINT('Ctrl Pts',(-45.3024891159371,39.7026792347395,-6.85559986140529));
#2256=CARTESIAN_POINT('Ctrl Pts',(-44.0768923473498,41.9401378649545,0.733744370655589));
#2257=CARTESIAN_POINT('Ctrl Pts',(-41.5725273386711,42.5534369657264,6.68025439253563));
#2258=CARTESIAN_POINT('Ctrl Pts',(-40.0492123255707,42.6124946355499,9.47592716370701));
#2259=CARTESIAN_POINT('Ctrl Pts',(-38.2657702677908,42.4308271321045,12.0309998470295));
#2260=CARTESIAN_POINT('Ctrl Pts',(-35.5641357903137,41.8831929882749,15.0390495390548));
#2261=CARTESIAN_POINT('Ctrl Pts',(-31.629642964044,40.6626472498516,17.921782507053));
#2262=CARTESIAN_POINT('Ctrl Pts',(-26.1641770454036,38.4540365522817,19.66259321095));
#2263=CARTESIAN_POINT('Ctrl Pts',(-20.0842727142161,35.6109113594283,19.4993042224587));
#2264=CARTESIAN_POINT('Ctrl Pts',(-11.3350361299685,31.1058399320842,16.7245522861939));
#2265=CARTESIAN_POINT('Ctrl Pts',(0.438956604315325,24.3963801227993,8.8375235892071));
#2266=CARTESIAN_POINT('Ctrl Pts',(14.8863316393412,15.3176779492025,-4.19203050925519));
#2267=CARTESIAN_POINT('Ctrl Pts',(26.4889624335889,7.35206840444895,-13.9705085283277));
#2268=CARTESIAN_POINT('Ctrl Pts',(35.0850403876405,0.98226664941176,-18.9970352269616));
#2269=CARTESIAN_POINT('Ctrl Pts',(41.0716801155328,-3.73570062374091,-21.0055698027382));
#2270=CARTESIAN_POINT('Ctrl Pts',(46.4441393246673,-8.31807957838641,-20.9990423865911));
#2271=CARTESIAN_POINT('Ctrl Pts',(52.1661458109937,-13.7704473005918,-18.4234888850341));
#2272=CARTESIAN_POINT('Ctrl Pts',(55.8451261067282,-18.3393759285151,-12.7981144394276));
#2273=CARTESIAN_POINT('Ctrl Pts',(57.3814775072702,-22.2442340117741,-4.80903452638448));
#2274=CARTESIAN_POINT('Ctrl Pts',(56.8173529507414,-24.8634893505788,3.03345392166057));
#2275=CARTESIAN_POINT('Ctrl Pts',(53.4904457315058,-26.5971261372432,11.5592291627772));
#2276=CARTESIAN_POINT('Ctrl Pts',(47.5733853481269,-27.1527829688028,18.4968374048111));
#2277=CARTESIAN_POINT('Ctrl Pts',(40.0360424791179,-26.6486828947777,22.2145963813804));
#2278=CARTESIAN_POINT('Ctrl Pts',(32.0981970181535,-25.5243804746045,22.8163549242912));
#2279=CARTESIAN_POINT('Ctrl Pts',(24.4953264013728,-24.1215690771926,21.2438330419016));
#2280=CARTESIAN_POINT('Ctrl Pts',(16.616353884069,-22.4070016161322,17.8059336744514));
#2281=CARTESIAN_POINT('Ctrl Pts',(5.87696748020768,-19.7834473291432,11.2677937585723));
#2282=CARTESIAN_POINT('Ctrl Pts',(-7.75686201822683,-15.9685758765045,0.574534016504319));
#2283=CARTESIAN_POINT('Ctrl Pts',(-20.9550773626652,-11.6970812128859,-9.56584213614059));
#2284=CARTESIAN_POINT('Ctrl Pts',(-30.6571539949963,-8.17887022761384,-15.0987578372272));
#2285=CARTESIAN_POINT('Ctrl Pts',(-37.3082026239182,-5.55792635688742,-17.5937123266281));
#2286=CARTESIAN_POINT('Ctrl Pts',(-43.1302403066962,-3.0152763064221,-18.2553107617568));
#2287=CARTESIAN_POINT('Ctrl Pts',(-48.0188075971719,-0.595325477793148,
-17.1862094376123));
#2288=CARTESIAN_POINT('Ctrl Pts',(-51.9771436459536,1.74270131174684,-14.575426038149));
#2289=CARTESIAN_POINT('Ctrl Pts',(-55.9379298141975,4.77693180134438,-9.27824573847835));
#2290=CARTESIAN_POINT('Ctrl Pts',(-57.0987401178838,6.90330494592388,-3.71950174104761));
#2291=CARTESIAN_POINT('Ctrl Pts',(-56.9147329081536,8.18310320071392,8.4141894840517E-13));
#2292=CARTESIAN_POINT('Ctrl Pts',(15.7795762330558,-2.2687605507521,2.26728358310169E-13));
#2293=CARTESIAN_POINT('Ctrl Pts',(14.9834648776921,-7.80583665065011,-4.1844131242116));
#2294=CARTESIAN_POINT('Ctrl Pts',(13.6215815341159,-16.0892484820683,-10.4470701561791));
#2295=CARTESIAN_POINT('Ctrl Pts',(11.536697590145,-26.5573174657888,-16.5069241905358));
#2296=CARTESIAN_POINT('Ctrl Pts',(9.8545036360934,-33.9671261841171,-19.4810479071733));
#2297=CARTESIAN_POINT('Ctrl Pts',(8.07118333775003,-40.765704620163,-20.5871396201842));
#2298=CARTESIAN_POINT('Ctrl Pts',(6.20533671640316,-46.7649260399312,-19.7593406374724));
#2299=CARTESIAN_POINT('Ctrl Pts',(4.27246675552655,-51.7728042674111,-17.1229533649732));
#2300=CARTESIAN_POINT('Ctrl Pts',(1.62185121279219,-56.9033542826481,-11.5949925874046));
#2301=CARTESIAN_POINT('Ctrl Pts',(-1.78739834979994,-59.9550950418385,-1.85233185672366));
#2302=CARTESIAN_POINT('Ctrl Pts',(-5.16811427206366,-57.9008659908811,8.09660872698253));
#2303=CARTESIAN_POINT('Ctrl Pts',(-7.74297699330841,-53.628925393887,14.0150032214075));
#2304=CARTESIAN_POINT('Ctrl Pts',(-9.28408499971164,-50.0522613834298,16.5694740235501));
#2305=CARTESIAN_POINT('Ctrl Pts',(-10.4849210908583,-46.7089491764044,17.8084783301695));
#2306=CARTESIAN_POINT('Ctrl Pts',(-11.3700675979887,-43.9659490290523,18.3152869654497));
#2307=CARTESIAN_POINT('Ctrl Pts',(-12.2468961766607,-40.9964708177203,18.3783438005191));
#2308=CARTESIAN_POINT('Ctrl Pts',(-13.8496480486184,-35.0959158858458,17.6582018342719));
#2309=CARTESIAN_POINT('Ctrl Pts',(-16.1078545781367,-25.2388323903898,13.6733516387353));
#2310=CARTESIAN_POINT('Ctrl Pts',(-18.7468012848739,-10.8062104888095,3.76776159508977));
#2311=CARTESIAN_POINT('Ctrl Pts',(-20.7415263379752,2.94611872416126,-6.8490272467385));
#2312=CARTESIAN_POINT('Ctrl Pts',(-22.1379550380886,15.3754999342417,-15.2648742297558));
#2313=CARTESIAN_POINT('Ctrl Pts',(-23.0145798148806,26.2500755554662,-20.6132471149409));
#2314=CARTESIAN_POINT('Ctrl Pts',(-23.4319007182144,36.5961665138884,-22.7462640379933));
#2315=CARTESIAN_POINT('Ctrl Pts',(-23.2849494395751,44.389614603205,-21.3195709909081));
#2316=CARTESIAN_POINT('Ctrl Pts',(-22.7987655284082,49.6665809554171,-18.3756468879132));
#2317=CARTESIAN_POINT('Ctrl Pts',(-22.0589669549281,54.1755643419981,-14.4180103573689));
#2318=CARTESIAN_POINT('Ctrl Pts',(-20.6379913557465,58.2074006710796,-7.92952938871001));
#2319=CARTESIAN_POINT('Ctrl Pts',(-18.0955336554002,60.2306314720623,1.05624382517874));
#2320=CARTESIAN_POINT('Ctrl Pts',(-15.073325807106,59.4541284645399,8.95921270009581));
#2321=CARTESIAN_POINT('Ctrl Pts',(-11.8874515452244,56.9502515893172,14.969812101739));
#2322=CARTESIAN_POINT('Ctrl Pts',(-8.81503987773241,53.607515238793,19.1218659327568));
#2323=CARTESIAN_POINT('Ctrl Pts',(-5.45531789830877,49.1922469967777,21.8890139118512));
#2324=CARTESIAN_POINT('Ctrl Pts',(-1.94598012659146,43.9334854005291,22.9866156577581));
#2325=CARTESIAN_POINT('Ctrl Pts',(1.5957242866353,38.1235001276221,22.3455792422791));
#2326=CARTESIAN_POINT('Ctrl Pts',(5.08989148545695,31.9446169750723,20.1164983810097));
#2327=CARTESIAN_POINT('Ctrl Pts',(8.52716938538973,25.4998950512257,16.5337831304875));
#2328=CARTESIAN_POINT('Ctrl Pts',(13.0071077512922,16.6369860307537,10.3624828332083));
#2329=CARTESIAN_POINT('Ctrl Pts',(18.3738325923867,5.21490231934466,0.889737922537891));
#2330=CARTESIAN_POINT('Ctrl Pts',(23.7184311031343,-7.31129648307409,-9.07610183344113));
#2331=CARTESIAN_POINT('Ctrl Pts',(27.8800064470135,-18.1065491879079,-15.4384707337538));
#2332=CARTESIAN_POINT('Ctrl Pts',(30.8981478979539,-26.9240485780388,-18.1289509949849));
#2333=CARTESIAN_POINT('Ctrl Pts',(33.010593949643,-34.3921786138816,-17.5658350016352));
#2334=CARTESIAN_POINT('Ctrl Pts',(34.1771005698659,-40.5098861389586,-14.1855030723607));
#2335=CARTESIAN_POINT('Ctrl Pts',(34.2507019548013,-45.2269419572175,-8.37093521615774));
#2336=CARTESIAN_POINT('Ctrl Pts',(32.9928244922908,-48.0826701730749,-0.983225834597533));
#2337=CARTESIAN_POINT('Ctrl Pts',(30.3237780869657,-48.795802203226,6.69043677774521));
#2338=CARTESIAN_POINT('Ctrl Pts',(26.3546792254902,-47.3942184786802,13.3217679467296));
#2339=CARTESIAN_POINT('Ctrl Pts',(21.3612317304351,-44.1784989786493,17.7877320880385));
#2340=CARTESIAN_POINT('Ctrl Pts',(15.5166233855544,-39.4433227064049,19.4546248291025));
#2341=CARTESIAN_POINT('Ctrl Pts',(8.8630548462632,-33.3268908389197,17.8752583335403));
#2342=CARTESIAN_POINT('Ctrl Pts',(1.66618727003615,-26.1250659956894,13.0659126618728));
#2343=CARTESIAN_POINT('Ctrl Pts',(-5.76584496617552,-18.1899081282067,5.81637135541466));
#2344=CARTESIAN_POINT('Ctrl Pts',(-12.3647763955767,-10.7355594434004,-1.69784107832836));
#2345=CARTESIAN_POINT('Ctrl Pts',(-19.6071211344463,-2.17394285209357,-9.98993781531044));
#2346=CARTESIAN_POINT('Ctrl Pts',(-26.5014290045465,6.45770209330004,-17.1282407348744));
#2347=CARTESIAN_POINT('Ctrl Pts',(-33.358964963607,15.7826358389857,-21.508331922533));
#2348=CARTESIAN_POINT('Ctrl Pts',(-38.6567198716282,23.7492854249232,-21.9664380192038));
#2349=CARTESIAN_POINT('Ctrl Pts',(-42.3126652734098,30.245652450732,-19.0314390959569));
#2350=CARTESIAN_POINT('Ctrl Pts',(-44.3389799500081,35.1070095403318,-14.208684854874));
#2351=CARTESIAN_POINT('Ctrl Pts',(-45.3024891159371,39.7026792347395,-6.85559986140529));
#2352=CARTESIAN_POINT('Ctrl Pts',(-44.0768923473498,41.9401378649545,0.733744370655589));
#2353=CARTESIAN_POINT('Ctrl Pts',(-41.5725273386711,42.5534369657264,6.68025439253563));
#2354=CARTESIAN_POINT('Ctrl Pts',(-40.0492123255707,42.6124946355499,9.47592716370701));
#2355=CARTESIAN_POINT('Ctrl Pts',(-38.2657702677908,42.4308271321045,12.0309998470295));
#2356=CARTESIAN_POINT('Ctrl Pts',(-35.5641357903137,41.8831929882749,15.0390495390548));
#2357=CARTESIAN_POINT('Ctrl Pts',(-31.629642964044,40.6626472498516,17.921782507053));
#2358=CARTESIAN_POINT('Ctrl Pts',(-26.1641770454036,38.4540365522817,19.66259321095));
#2359=CARTESIAN_POINT('Ctrl Pts',(-20.0842727142161,35.6109113594283,19.4993042224587));
#2360=CARTESIAN_POINT('Ctrl Pts',(-11.3350361299685,31.1058399320842,16.7245522861939));
#2361=CARTESIAN_POINT('Ctrl Pts',(0.438956604315325,24.3963801227993,8.8375235892071));
#2362=CARTESIAN_POINT('Ctrl Pts',(14.8863316393412,15.3176779492025,-4.19203050925519));
#2363=CARTESIAN_POINT('Ctrl Pts',(26.4889624335889,7.35206840444895,-13.9705085283277));
#2364=CARTESIAN_POINT('Ctrl Pts',(35.0850403876405,0.98226664941176,-18.9970352269616));
#2365=CARTESIAN_POINT('Ctrl Pts',(41.0716801155328,-3.73570062374091,-21.0055698027382));
#2366=CARTESIAN_POINT('Ctrl Pts',(46.4441393246673,-8.31807957838641,-20.9990423865911));
#2367=CARTESIAN_POINT('Ctrl Pts',(52.1661458109937,-13.7704473005918,-18.4234888850341));
#2368=CARTESIAN_POINT('Ctrl Pts',(55.8451261067282,-18.3393759285151,-12.7981144394276));
#2369=CARTESIAN_POINT('Ctrl Pts',(57.3814775072702,-22.2442340117741,-4.80903452638448));
#2370=CARTESIAN_POINT('Ctrl Pts',(56.8173529507414,-24.8634893505788,3.03345392166057));
#2371=CARTESIAN_POINT('Ctrl Pts',(53.4904457315058,-26.5971261372432,11.5592291627772));
#2372=CARTESIAN_POINT('Ctrl Pts',(47.5733853481269,-27.1527829688028,18.4968374048111));
#2373=CARTESIAN_POINT('Ctrl Pts',(40.0360424791179,-26.6486828947777,22.2145963813804));
#2374=CARTESIAN_POINT('Ctrl Pts',(32.0981970181535,-25.5243804746045,22.8163549242912));
#2375=CARTESIAN_POINT('Ctrl Pts',(24.4953264013728,-24.1215690771926,21.2438330419016));
#2376=CARTESIAN_POINT('Ctrl Pts',(16.616353884069,-22.4070016161322,17.8059336744514));
#2377=CARTESIAN_POINT('Ctrl Pts',(5.87696748020768,-19.7834473291432,11.2677937585723));
#2378=CARTESIAN_POINT('Ctrl Pts',(-7.75686201822683,-15.9685758765045,0.574534016504319));
#2379=CARTESIAN_POINT('Ctrl Pts',(-20.9550773626652,-11.6970812128859,-9.56584213614059));
#2380=CARTESIAN_POINT('Ctrl Pts',(-30.6571539949963,-8.17887022761384,-15.0987578372272));
#2381=CARTESIAN_POINT('Ctrl Pts',(-37.3082026239182,-5.55792635688742,-17.5937123266281));
#2382=CARTESIAN_POINT('Ctrl Pts',(-43.1302403066962,-3.0152763064221,-18.2553107617568));
#2383=CARTESIAN_POINT('Ctrl Pts',(-48.0188075971719,-0.595325477793148,
-17.1862094376123));
#2384=CARTESIAN_POINT('Ctrl Pts',(-51.9771436459536,1.74270131174684,-14.575426038149));
#2385=CARTESIAN_POINT('Ctrl Pts',(-55.9379298141975,4.77693180134438,-9.27824573847835));
#2386=CARTESIAN_POINT('Ctrl Pts',(-57.0987401178838,6.90330494592388,-3.71950174104761));
#2387=CARTESIAN_POINT('Ctrl Pts',(-56.9147329081536,8.18310320071392,8.4141894840517E-13));
#2388=CARTESIAN_POINT('Ctrl Pts',(-58.8943757919155,8.4677328772605,1.72561625196412E-13));
#2389=CARTESIAN_POINT('Ctrl Pts',(-58.6979673505166,9.83378359286537,4.02637732089864));
#2390=CARTESIAN_POINT('Ctrl Pts',(-56.244250600556,12.2718534284602,12.0711204684468));
#2391=CARTESIAN_POINT('Ctrl Pts',(-47.1959608797555,14.9649737562748,19.8085505599794));
#2392=CARTESIAN_POINT('Ctrl Pts',(-34.205193277395,16.8165321455963,20.3551100635514));
#2393=CARTESIAN_POINT('Ctrl Pts',(-13.4252188412287,18.2988280792317,10.7407953412298));
#2394=CARTESIAN_POINT('Ctrl Pts',(9.75680925297126,18.396329905813,-9.04952382412533));
#2395=CARTESIAN_POINT('Ctrl Pts',(31.1856141155474,17.1094930377521,-20.4624180488284));
#2396=CARTESIAN_POINT('Ctrl Pts',(43.7320407767797,15.5528661574748,-21.3391765853097));
#2397=CARTESIAN_POINT('Ctrl Pts',(52.320234459824,13.6123303979659,-16.9788842471775));
#2398=CARTESIAN_POINT('Ctrl Pts',(57.4593096991641,11.539416071981,-10.528782747269));
#2399=CARTESIAN_POINT('Ctrl Pts',(60.0135251633451,9.04892926456079,-2.44179351548592));
#2400=CARTESIAN_POINT('Ctrl Pts',(59.78691195376,6.15185761652627,5.99508924094706));
#2401=CARTESIAN_POINT('Ctrl Pts',(56.843300077609,2.89789454960542,13.4557458715991));
#2402=CARTESIAN_POINT('Ctrl Pts',(50.5793678931869,-1.21863704700333,19.6467736306271));
#2403=CARTESIAN_POINT('Ctrl Pts',(40.1249456325798,-6.18815389424489,21.4748664772396));
#2404=CARTESIAN_POINT('Ctrl Pts',(25.6547191707589,-11.7328346223021,15.4509314553495));
#2405=CARTESIAN_POINT('Ctrl Pts',(9.73743884090791,-16.9544151529965,3.74035241692507));
#2406=CARTESIAN_POINT('Ctrl Pts',(-6.61933994803246,-21.5922542767835,-9.28802328186121));
#2407=CARTESIAN_POINT('Ctrl Pts',(-22.4439300620867,-25.3523708461319,-18.8445123170027));
#2408=CARTESIAN_POINT('Ctrl Pts',(-36.630894188257,-27.861568175067,-21.2635299919821));
#2409=CARTESIAN_POINT('Ctrl Pts',(-47.7836784414928,-28.6133146736937,-15.757876324677));
#2410=CARTESIAN_POINT('Ctrl Pts',(-54.3888550466397,-27.0480581903217,-4.57059486425076));
#2411=CARTESIAN_POINT('Ctrl Pts',(-55.3402792502249,-22.8289788683832,8.29884531477426));
#2412=CARTESIAN_POINT('Ctrl Pts',(-50.7334476365297,-16.1583443801302,18.363661742193));
#2413=CARTESIAN_POINT('Ctrl Pts',(-41.658216967377,-7.70242975701153,21.8628322287113));
#2414=CARTESIAN_POINT('Ctrl Pts',(-31.0422329430721,0.575427290414948,17.7042754625512));
#2415=CARTESIAN_POINT('Ctrl Pts',(-20.69007035057,7.93998551848089,10.0004731817791));
#2416=CARTESIAN_POINT('Ctrl Pts',(-8.24731066991726,16.2562298972554,-0.967978899122235));
#2417=CARTESIAN_POINT('Ctrl Pts',(5.66380823029449,24.7659395503111,-13.3400534112746));
#2418=CARTESIAN_POINT('Ctrl Pts',(19.8031489038047,32.4237747199336,-20.2937305424677));
#2419=CARTESIAN_POINT('Ctrl Pts',(30.5551951927506,37.4038528611001,-20.1461432893055));
#2420=CARTESIAN_POINT('Ctrl Pts',(38.4057525280741,39.9573816506315,-14.656953686625));
#2421=CARTESIAN_POINT('Ctrl Pts',(43.3571945499663,40.230115329305,-6.75568768624864));
#2422=CARTESIAN_POINT('Ctrl Pts',(45.8371923078488,38.7114290801282,1.42180778973041));
#2423=CARTESIAN_POINT('Ctrl Pts',(46.2398558350292,35.408957576311,9.34957236547664));
#2424=CARTESIAN_POINT('Ctrl Pts',(44.6860359371291,30.4978141710033,15.738802667769));
#2425=CARTESIAN_POINT('Ctrl Pts',(41.4546246306932,24.2783548810848,19.5482746955834));
#2426=CARTESIAN_POINT('Ctrl Pts',(36.8440551039876,17.0287861119639,20.1298266158639));
#2427=CARTESIAN_POINT('Ctrl Pts',(31.1382815347393,9.02558472194481,17.2519314227354));
#2428=CARTESIAN_POINT('Ctrl Pts',(22.4527250957298,-2.23470046112068,9.41841205698224));
#2429=CARTESIAN_POINT('Ctrl Pts',(12.6732024738309,-13.8173169913425,-2.45431777851295));
#2430=CARTESIAN_POINT('Ctrl Pts',(2.61421382108548,-24.7940432554293,-12.8414344449093));
#2431=CARTESIAN_POINT('Ctrl Pts',(-5.71317690210772,-33.3390550378088,-19.211420153296));
#2432=CARTESIAN_POINT('Ctrl Pts',(-14.5414244954866,-41.6195203649213,-21.7988641783381));
#2433=CARTESIAN_POINT('Ctrl Pts',(-21.6874978664576,-47.2549568941997,-18.7604121608994));
#2434=CARTESIAN_POINT('Ctrl Pts',(-26.4254933836798,-50.073820828304,-13.7239306117373));
#2435=CARTESIAN_POINT('Ctrl Pts',(-29.9096570277184,-51.4498533311512,-8.19420832809964));
#2436=CARTESIAN_POINT('Ctrl Pts',(-32.8413439699847,-51.3343181512093,-0.824156509501005));
#2437=CARTESIAN_POINT('Ctrl Pts',(-34.6093107348722,-48.8204951698583,7.58145637216088));
#2438=CARTESIAN_POINT('Ctrl Pts',(-34.876759897533,-44.0369497263467,14.7940299471255));
#2439=CARTESIAN_POINT('Ctrl Pts',(-33.7809791782187,-37.2704923241938,19.6363603054009));
#2440=CARTESIAN_POINT('Ctrl Pts',(-31.5400798207889,-28.9700425040309,21.2061030149859));
#2441=CARTESIAN_POINT('Ctrl Pts',(-28.6827763368786,-20.4378044916026,19.3573361295909));
#2442=CARTESIAN_POINT('Ctrl Pts',(-25.6032261482792,-12.2275973208997,15.3438139552763));
#2443=CARTESIAN_POINT('Ctrl Pts',(-21.5038544478834,-2.07728850251596,8.63453290597625));
#2444=CARTESIAN_POINT('Ctrl Pts',(-15.7792451091655,10.8715031558883,-2.12427041750843));
#2445=CARTESIAN_POINT('Ctrl Pts',(-8.38595855483467,25.9192290002496,-14.1290661743978));
#2446=CARTESIAN_POINT('Ctrl Pts',(-0.890314286762342,39.4891978758989,-20.7188011841147));
#2447=CARTESIAN_POINT('Ctrl Pts',(6.18182244629409,50.3217689748113,-19.4321358026016));
#2448=CARTESIAN_POINT('Ctrl Pts',(12.3476727961216,57.0733256483678,-11.0641705015456));
#2449=CARTESIAN_POINT('Ctrl Pts',(17.086951937069,58.3677568748339,1.32205965225771));
#2450=CARTESIAN_POINT('Ctrl Pts',(20.0469288739225,53.6255868704401,13.3202816593057));
#2451=CARTESIAN_POINT('Ctrl Pts',(21.3033109952501,43.659927686516,20.6598108566701));
#2452=CARTESIAN_POINT('Ctrl Pts',(21.1571301743414,29.9876585567325,20.4504613423332));
#2453=CARTESIAN_POINT('Ctrl Pts',(19.9350734015624,14.1724768471243,12.5424667431504));
#2454=CARTESIAN_POINT('Ctrl Pts',(18.5592303205373,3.01080991370144,4.18390229716227));
#2455=CARTESIAN_POINT('Ctrl Pts',(17.7592191168176,-2.55339022729867,2.29983234193517E-13));
#2456=CARTESIAN_POINT('Ctrl Pts',(-58.8742290070866,8.6078568436054,-0.0483677211380082));
#2457=CARTESIAN_POINT('Ctrl Pts',(-58.6790677601315,9.97402698686885,3.97780082781436));
#2458=CARTESIAN_POINT('Ctrl Pts',(-56.2268470427476,12.4114176052209,12.0191947230816));
#2459=CARTESIAN_POINT('Ctrl Pts',(-47.1983135834885,15.1001217094461,19.7418512172976));
#2460=CARTESIAN_POINT('Ctrl Pts',(-34.2372148369035,16.9494712201463,20.2927763250883));
#2461=CARTESIAN_POINT('Ctrl Pts',(-13.4681465208154,18.4335729738401,10.6917395736151));
#2462=CARTESIAN_POINT('Ctrl Pts',(9.72036812220225,18.5335109606321,-9.09794792509189));
#2463=CARTESIAN_POINT('Ctrl Pts',(31.1741111860977,17.2476953354959,-20.5219738665018));
#2464=CARTESIAN_POINT('Ctrl Pts',(43.7634171036317,15.6877517623218,-21.4028756373124));
#2465=CARTESIAN_POINT('Ctrl Pts',(52.3925067725679,13.7391847328895,-17.0194218376943));
#2466=CARTESIAN_POINT('Ctrl Pts',(57.5514814219864,11.6585406407869,-10.5394118480528));
#2467=CARTESIAN_POINT('Ctrl Pts',(60.1138925115141,9.15978387631604,-2.42000719232233));
#2468=CARTESIAN_POINT('Ctrl Pts',(59.8846181021824,6.25228509838177,6.0524940723832));
#2469=CARTESIAN_POINT('Ctrl Pts',(56.9252956356586,2.98356310535873,13.5515678220576));
#2470=CARTESIAN_POINT('Ctrl Pts',(50.6165200834919,-1.15966478239605,19.7879502662261));
#2471=CARTESIAN_POINT('Ctrl Pts',(40.0820681172747,-6.16268329723532,21.6229141077378));
#2472=CARTESIAN_POINT('Ctrl Pts',(25.5705500538613,-11.7182027954684,15.5737905512197));
#2473=CARTESIAN_POINT('Ctrl Pts',(9.6408578418874,-16.9399588485008,3.85421961105593));
#2474=CARTESIAN_POINT('Ctrl Pts',(-6.71078523446506,-21.5724269782737,-9.17164022245784));
#2475=CARTESIAN_POINT('Ctrl Pts',(-22.5132075367941,-25.3231730869558,-18.7120639101438));
#2476=CARTESIAN_POINT('Ctrl Pts',(-36.6238487977664,-27.8137321604724,-21.1098660217272));
#2477=CARTESIAN_POINT('Ctrl Pts',(-47.6758732848636,-28.5548685152708,-15.6534361817295));
#2478=CARTESIAN_POINT('Ctrl Pts',(-54.2464558489052,-26.9981711366855,-4.54087546824955));
#2479=CARTESIAN_POINT('Ctrl Pts',(-55.1924867793493,-22.796294477356,8.26423354794168));
#2480=CARTESIAN_POINT('Ctrl Pts',(-50.6144159487137,-16.165342283369,18.2563816388444));
#2481=CARTESIAN_POINT('Ctrl Pts',(-41.614056249353,-7.77440487589359,21.7295562281786));
#2482=CARTESIAN_POINT('Ctrl Pts',(-31.0387555728633,0.476790463654585,17.5916816170802));
#2483=CARTESIAN_POINT('Ctrl Pts',(-20.7026305581351,7.83284613410689,9.8965612642189));
#2484=CARTESIAN_POINT('Ctrl Pts',(-8.26923153983659,16.1463545334511,-1.06699284184298));
#2485=CARTESIAN_POINT('Ctrl Pts',(5.64398569184681,24.6610496561977,-13.4448658932057));
#2486=CARTESIAN_POINT('Ctrl Pts',(19.8082816167063,32.3368628137334,-20.4187851553729));
#2487=CARTESIAN_POINT('Ctrl Pts',(30.618345120217,37.3477011454329,-20.2761999995292));
#2488=CARTESIAN_POINT('Ctrl Pts',(38.518661141774,39.9199295524106,-14.7518781218626));
#2489=CARTESIAN_POINT('Ctrl Pts',(43.4897119580503,40.1952354490884,-6.81718349947613));
#2490=CARTESIAN_POINT('Ctrl Pts',(45.978222184398,38.674072074544,1.38626360604376));
#2491=CARTESIAN_POINT('Ctrl Pts',(46.3824463397809,35.3647329411071,9.33600745105412));
#2492=CARTESIAN_POINT('Ctrl Pts',(44.8253914700556,30.4425355056306,15.743855028249));
#2493=CARTESIAN_POINT('Ctrl Pts',(41.5854407609723,24.2072362879024,19.5658123291842));
#2494=CARTESIAN_POINT('Ctrl Pts',(36.9649935437099,16.9429163422981,20.1503252938029));
#2495=CARTESIAN_POINT('Ctrl Pts',(31.2519893046914,8.93027411326837,17.271118981049));
#2496=CARTESIAN_POINT('Ctrl Pts',(22.5599120773135,-2.33768704313036,9.43564915815829));
#2497=CARTESIAN_POINT('Ctrl Pts',(12.7762758514445,-13.9244293261672,-2.43751692648101));
#2498=CARTESIAN_POINT('Ctrl Pts',(2.7142106371435,-24.9038405575869,-12.8233721936451));
#2499=CARTESIAN_POINT('Ctrl Pts',(-5.61494049800671,-33.4501359340228,-19.1915157256902));
#2500=CARTESIAN_POINT('Ctrl Pts',(-14.4439140313645,-41.7306562071845,-21.7758459054346));
#2501=CARTESIAN_POINT('Ctrl Pts',(-21.5906694974969,-47.3661765702841,-18.7348742951443));
#2502=CARTESIAN_POINT('Ctrl Pts',(-26.3304721124856,-50.1855744676547,-13.6941659967986));
#2503=CARTESIAN_POINT('Ctrl Pts',(-29.8163709696989,-51.5614946698959,-8.15881344409948));
#2504=CARTESIAN_POINT('Ctrl Pts',(-32.7501143749412,-51.4446129892935,-0.779646013996572));
#2505=CARTESIAN_POINT('Ctrl Pts',(-34.5194710541972,-48.9250575912609,7.64088057913438));
#2506=CARTESIAN_POINT('Ctrl Pts',(-34.7860975861571,-44.1278898936777,14.8727971058727));
#2507=CARTESIAN_POINT('Ctrl Pts',(-33.6842498121686,-37.3337197788216,19.7340774180079));
#2508=CARTESIAN_POINT('Ctrl Pts',(-31.4319362617904,-28.9981373519012,21.3075767766713));
#2509=CARTESIAN_POINT('Ctrl Pts',(-28.5656312532683,-20.4444544602934,19.450729991301));
#2510=CARTESIAN_POINT('Ctrl Pts',(-25.4807739288001,-12.2241679452485,15.430045250516));
#2511=CARTESIAN_POINT('Ctrl Pts',(-21.3774286206391,-2.0684828025861,8.71412870567457));
#2512=CARTESIAN_POINT('Ctrl Pts',(-15.6510834316248,10.878586673898,-2.04665023138788));
#2513=CARTESIAN_POINT('Ctrl Pts',(-8.26138213757893,25.9135759524076,-14.0465135540864));
#2514=CARTESIAN_POINT('Ctrl Pts',(-0.77866421530775,39.4530671292121,-20.619195992385));
#2515=CARTESIAN_POINT('Ctrl Pts',(6.2526122092012,50.2172378303556,-19.3378492004728));
#2516=CARTESIAN_POINT('Ctrl Pts',(12.3814845052408,56.9254981746001,-11.029054500398));
#2517=CARTESIAN_POINT('Ctrl Pts',(17.1028647523973,58.2179939166218,1.29740201659655));
#2518=CARTESIAN_POINT('Ctrl Pts',(20.0492958864525,53.4955946344085,13.2291318106355));
#2519=CARTESIAN_POINT('Ctrl Pts',(21.2983672170555,43.6143162803716,20.5042030835273));
#2520=CARTESIAN_POINT('Ctrl Pts',(21.1582290911166,30.0384148455036,20.3039627328455));
#2521=CARTESIAN_POINT('Ctrl Pts',(19.9432939185249,14.254567723597,12.418609841496));
#2522=CARTESIAN_POINT('Ctrl Pts',(18.5706902246754,3.09930915328313,4.06384078781251));
#2523=CARTESIAN_POINT('Ctrl Pts',(17.7719204317841,-2.46505064130447,-0.120061856872648));
#2524=CARTESIAN_POINT('Ctrl Pts',(-58.9758482671821,8.90761109363368,-0.144799584023728));
#2525=CARTESIAN_POINT('Ctrl Pts',(-58.7822599223122,10.2803862776753,3.90360461201043));
#2526=CARTESIAN_POINT('Ctrl Pts',(-56.3245484741972,12.7269417861164,11.9818061404317));
#2527=CARTESIAN_POINT('Ctrl Pts',(-47.263136483216,15.4256901800551,19.7419910903788));
#2528=CARTESIAN_POINT('Ctrl Pts',(-34.2666555037625,17.2793755739428,20.2990547451617));
#2529=CARTESIAN_POINT('Ctrl Pts',(-13.4730848563113,18.764656493596,10.6964052633869));
#2530=CARTESIAN_POINT('Ctrl Pts',(9.7321644636915,18.8643166112395,-9.0927216051229));
#2531=CARTESIAN_POINT('Ctrl Pts',(31.2053123172556,17.5771247098337,-20.5152193157344));
#2532=CARTESIAN_POINT('Ctrl Pts',(43.8151326480607,16.0146223040196,-21.3917532898646));
#2533=CARTESIAN_POINT('Ctrl Pts',(52.4656988350379,14.0608971437794,-16.9911469213742));
#2534=CARTESIAN_POINT('Ctrl Pts',(57.6374501157188,11.973959332686,-10.4863115267244));
#2535=CARTESIAN_POINT('Ctrl Pts',(60.2052562702052,9.4666644014685,-2.33408954194098));
#2536=CARTESIAN_POINT('Ctrl Pts',(59.9701984434279,6.54619917242501,6.1810120146988));
#2537=CARTESIAN_POINT('Ctrl Pts',(56.9874082354451,3.25693363641749,13.7316115809369));
#2538=CARTESIAN_POINT('Ctrl Pts',(50.6105581045429,-0.926056031512229,20.0333117844742));
#2539=CARTESIAN_POINT('Ctrl Pts',(39.9513223671501,-5.98089568612635,21.8761351017077));
#2540=CARTESIAN_POINT('Ctrl Pts',(25.377040068511,-11.552108596816,15.7842249184844));
#2541=CARTESIAN_POINT('Ctrl Pts',(9.43208737848527,-16.7722407835366,4.04919220469869));
#2542=CARTESIAN_POINT('Ctrl Pts',(-6.90493503250007,-21.3938984072416,-8.97232214017575));
#2543=CARTESIAN_POINT('Ctrl Pts',(-22.6627823473161,-25.1270169740238,-18.4854604024337));
#2544=CARTESIAN_POINT('Ctrl Pts',(-36.6318958367595,-27.5836058154049,-20.8477422001377));
#2545=CARTESIAN_POINT('Ctrl Pts',(-47.4958769434729,-28.3053955586674,-15.4859502072482));
#2546=CARTESIAN_POINT('Ctrl Pts',(-53.9989282384676,-26.7663651096981,-4.52293691391442));
#2547=CARTESIAN_POINT('Ctrl Pts',(-54.9355744957969,-22.602515769995,8.14363246881001));
#2548=CARTESIAN_POINT('Ctrl Pts',(-50.4256621960024,-16.0645048367889,17.9677906638103));
#2549=CARTESIAN_POINT('Ctrl Pts',(-41.6084121301698,-7.83167426814526,21.3808246559581));
#2550=CARTESIAN_POINT('Ctrl Pts',(-31.1319265848124,0.355585028832614,17.2974355180795));
#2551=CARTESIAN_POINT('Ctrl Pts',(-20.8327536562725,7.69305923461989,9.62540183767333));
#2552=CARTESIAN_POINT('Ctrl Pts',(-8.41852380049464,16.0030107957743,-1.32529550161429));
#2553=CARTESIAN_POINT('Ctrl Pts',(5.50541557767355,24.5340762195854,-13.7183148675117));
#2554=CARTESIAN_POINT('Ctrl Pts',(19.7432261480943,32.2616273416358,-20.745631705527));
#2555=CARTESIAN_POINT('Ctrl Pts',(30.7182049460909,37.3592652118346,-20.6133859370824));
#2556=CARTESIAN_POINT('Ctrl Pts',(38.7616697146095,39.9847613937725,-14.9848190944555));
#2557=CARTESIAN_POINT('Ctrl Pts',(43.791557385556,40.2664445909809,-6.94488164642121));
#2558=CARTESIAN_POINT('Ctrl Pts',(46.3058714100801,38.7346359356585,1.34672977264836));
#2559=CARTESIAN_POINT('Ctrl Pts',(46.7131451185317,35.3966004905686,9.37937144137849));
#2560=CARTESIAN_POINT('Ctrl Pts',(45.1385077037811,30.4230525044561,15.8660125605704));
#2561=CARTESIAN_POINT('Ctrl Pts',(41.8530910601148,24.1068677346982,19.7440073322985));
#2562=CARTESIAN_POINT('Ctrl Pts',(37.1780746841311,16.7637524459051,20.3354171095503));
#2563=CARTESIAN_POINT('Ctrl Pts',(31.4267776439777,8.70376003078161,17.4397788975922));
#2564=CARTESIAN_POINT('Ctrl Pts',(22.7044263608191,-2.59632063816816,9.58533205856159));
#2565=CARTESIAN_POINT('Ctrl Pts',(12.9075746050959,-14.1914890598076,-2.2926792636257));
#2566=CARTESIAN_POINT('Ctrl Pts',(2.84533209086698,-25.1648343191346,-12.667460408547));
#2567=CARTESIAN_POINT('Ctrl Pts',(-5.47419773124392,-33.6961065899458,-19.0192983834047));
#2568=CARTESIAN_POINT('Ctrl Pts',(-14.2654507014076,-41.9346286930421,-21.5798784905917));
#2569=CARTESIAN_POINT('Ctrl Pts',(-21.3557344587835,-47.520704543483,-18.5561082854162));
#2570=CARTESIAN_POINT('Ctrl Pts',(-26.0668055033175,-50.3201284306944,-13.545052181255));
#2571=CARTESIAN_POINT('Ctrl Pts',(-29.5360179804439,-51.6860012921263,-8.03303262223921));
#2572=CARTESIAN_POINT('Ctrl Pts',(-32.4605941078,-51.5660136850795,-0.674313739590133));
#2573=CARTESIAN_POINT('Ctrl Pts',(-34.2255706322301,-49.0454034779128,7.73415589287954));
#2574=CARTESIAN_POINT('Ctrl Pts',(-34.4902550927278,-44.2452931143292,14.9633477959704));
#2575=CARTESIAN_POINT('Ctrl Pts',(-33.3850069068312,-37.4401370983804,19.8273919509829));
#2576=CARTESIAN_POINT('Ctrl Pts',(-31.1265323058122,-29.0876298899113,21.3986552810174));
#2577=CARTESIAN_POINT('Ctrl Pts',(-28.2553919379456,-20.5240433660389,19.5338086890853));
#2578=CARTESIAN_POINT('Ctrl Pts',(-25.1682398633692,-12.3011123957414,15.5067097215533));
#2579=CARTESIAN_POINT('Ctrl Pts',(-21.0639895065419,-2.1469980559326,8.7849314200277));
#2580=CARTESIAN_POINT('Ctrl Pts',(-15.3390339274448,10.7920159708643,-1.97760507974591));
#2581=CARTESIAN_POINT('Ctrl Pts',(-7.95674167760366,25.8073344954314,-13.9734588664842));
#2582=CARTESIAN_POINT('Ctrl Pts',(-0.490965519230201,39.3096294547033,-20.531312458689));
#2583=CARTESIAN_POINT('Ctrl Pts',(6.49291226657123,49.995993389725,-19.2604732758514));
#2584=CARTESIAN_POINT('Ctrl Pts',(12.5759181495129,56.6515023812368,-11.0279007859292));
#2585=CARTESIAN_POINT('Ctrl Pts',(17.2713450950914,57.9434922227092,1.2099935817449));
#2586=CARTESIAN_POINT('Ctrl Pts',(20.1959328344923,53.2558956573252,13.031798403919));
#2587=CARTESIAN_POINT('Ctrl Pts',(21.432004577458,43.5286288751672,20.1918036905848));
#2588=CARTESIAN_POINT('Ctrl Pts',(21.3036507259073,30.1321813716035,20.0118949990247));
#2589=CARTESIAN_POINT('Ctrl Pts',(20.1022460913009,14.4037628486914,12.1716135001423));
#2590=CARTESIAN_POINT('Ctrl Pts',(18.7356106168009,3.25736876222446,3.82443362719454));
#2591=CARTESIAN_POINT('Ctrl Pts',(17.939029720787,-2.30931173525461,-0.359432003890489));
#2592=CARTESIAN_POINT('Ctrl Pts',(-59.4400407507513,9.07914833559559,-0.180240377989069));
#2593=CARTESIAN_POINT('Ctrl Pts',(-59.2443717289533,10.4729113914182,3.94236649632234));
#2594=CARTESIAN_POINT('Ctrl Pts',(-56.7561641523707,12.9549315703876,12.1657031063958));
#2595=CARTESIAN_POINT('Ctrl Pts',(-47.468149992606,15.7132231530037,20.1376687774096));
#2596=CARTESIAN_POINT('Ctrl Pts',(-34.1781748414538,17.5948981535806,20.6916356529136));
#2597=CARTESIAN_POINT('Ctrl Pts',(-13.2376457034497,19.0738236298036,11.0066911341629));
#2598=CARTESIAN_POINT('Ctrl Pts',(9.98590354916549,19.1587465964122,-8.78406762895842));
#2599=CARTESIAN_POINT('Ctrl Pts',(31.3754818124659,17.8612830697181,-20.1368619444527));
#2600=CARTESIAN_POINT('Ctrl Pts',(43.7995835569492,16.3103621591792,-20.9761674150152));
#2601=CARTESIAN_POINT('Ctrl Pts',(52.2809761948075,14.38686766104,-16.6551444723387));
#2602=CARTESIAN_POINT('Ctrl Pts',(57.3773555489777,12.3248687864304,-10.2445433001122));
#2603=CARTESIAN_POINT('Ctrl Pts',(59.914043767079,9.8382461005451,-2.1749401009663));
#2604=CARTESIAN_POINT('Ctrl Pts',(59.6754409287227,6.93633708047419,6.27166428457451));
#2605=CARTESIAN_POINT('Ctrl Pts',(56.706864437969,3.66594967888701,13.7667420387605));
#2606=CARTESIAN_POINT('Ctrl Pts',(50.3679544278173,-0.491773036289354,20.0181657154497));
#2607=CARTESIAN_POINT('Ctrl Pts',(39.7660100470397,-5.52071769853126,21.8449389251699));
#2608=CARTESIAN_POINT('Ctrl Pts',(25.2271651874129,-11.079743874232,15.758393216312));
#2609=CARTESIAN_POINT('Ctrl Pts',(9.30532646186351,-16.2930283335827,4.02441083863091));
#2610=CARTESIAN_POINT('Ctrl Pts',(-7.01306815852899,-20.9102596135629,-8.99770019119585));
#2611=CARTESIAN_POINT('Ctrl Pts',(-22.7533917581883,-24.6399542613391,-18.5149287678835));
#2612=CARTESIAN_POINT('Ctrl Pts',(-36.7018651516731,-27.0935096490521,-20.8841615900446));
#2613=CARTESIAN_POINT('Ctrl Pts',(-47.5345274122272,-27.813602246054,-15.5472216213041));
#2614=CARTESIAN_POINT('Ctrl Pts',(-54.017756920117,-26.2833681005735,-4.64148207442927));
#2615=CARTESIAN_POINT('Ctrl Pts',(-54.9552469057126,-22.1446558930983,7.94372020439273));
#2616=CARTESIAN_POINT('Ctrl Pts',(-50.5032794629486,-15.682362475817,17.6377393397582));
#2617=CARTESIAN_POINT('Ctrl Pts',(-41.8535574756431,-7.59222863100262,21.0040210639749));
#2618=CARTESIAN_POINT('Ctrl Pts',(-31.4662910801818,0.539161277288579,16.9795633620108));
#2619=CARTESIAN_POINT('Ctrl Pts',(-21.1953477627706,7.8649461836996,9.33304883886469));
#2620=CARTESIAN_POINT('Ctrl Pts',(-8.7898687229942,16.1789982599413,-1.60371932831726));
#2621=CARTESIAN_POINT('Ctrl Pts',(5.15879250025336,24.7357823591979,-14.0126003876609));
#2622=CARTESIAN_POINT('Ctrl Pts',(19.4947889301952,32.5295219619795,-21.0970229971829));
#2623=CARTESIAN_POINT('Ctrl Pts',(30.6756753917753,37.7340768024516,-20.9691910351506));
#2624=CARTESIAN_POINT('Ctrl Pts',(38.9028695192765,40.4262551089137,-15.199352412928));
#2625=CARTESIAN_POINT('Ctrl Pts',(44.0131294562336,40.7137121323252,-7.00596563234201));
#2626=CARTESIAN_POINT('Ctrl Pts',(46.5633281440232,39.1605753783147,1.42680791470276));
#2627=CARTESIAN_POINT('Ctrl Pts',(46.9714993193212,35.7668676966205,9.6063207211376));
#2628=CARTESIAN_POINT('Ctrl Pts',(45.3573086837265,30.6870125138259,16.2457379685672));
#2629=CARTESIAN_POINT('Ctrl Pts',(41.9711067820947,24.1949694808609,20.2368539674402));
#2630=CARTESIAN_POINT('Ctrl Pts',(37.1729995985685,16.6766019863337,20.8346442942613));
#2631=CARTESIAN_POINT('Ctrl Pts',(31.3368892297925,8.51425653090334,17.8929848708169));
#2632=CARTESIAN_POINT('Ctrl Pts',(22.5520770332672,-2.84795900091627,9.98762739441707));
#2633=CARTESIAN_POINT('Ctrl Pts',(12.7357244429377,-14.4472543664269,-1.90399608410106));
#2634=CARTESIAN_POINT('Ctrl Pts',(2.69078658344746,-25.3849968549421,-12.2495814753891));
#2635=CARTESIAN_POINT('Ctrl Pts',(-5.58470710323332,-33.8575741934466,-18.5590821606923));
#2636=CARTESIAN_POINT('Ctrl Pts',(-14.2461151997093,-41.9562010268599,-21.0597880999008));
#2637=CARTESIAN_POINT('Ctrl Pts',(-21.1441738426317,-47.3775878254542,-18.1094715763103));
#2638=CARTESIAN_POINT('Ctrl Pts',(-25.7485437869104,-50.1072411876475,-13.2221465444364));
#2639=CARTESIAN_POINT('Ctrl Pts',(-29.1520265669169,-51.4405660541883,-7.82085282645215));
#2640=CARTESIAN_POINT('Ctrl Pts',(-32.0328787495947,-51.3181541290558,-0.585609855853961));
#2641=CARTESIAN_POINT('Ctrl Pts',(-33.7746488468255,-48.8285827796112,7.69351410055493));
#2642=CARTESIAN_POINT('Ctrl Pts',(-34.0371417050096,-44.0994543098658,14.7981856414914));
#2643=CARTESIAN_POINT('Ctrl Pts',(-32.9563167353888,-37.42130237806,19.5598468293045));
#2644=CARTESIAN_POINT('Ctrl Pts',(-30.7441624674073,-29.2192832424971,21.1004740328038));
#2645=CARTESIAN_POINT('Ctrl Pts',(-27.9101400036,-20.7500839135075,19.2559113812804));
#2646=CARTESIAN_POINT('Ctrl Pts',(-24.8466210702846,-12.5782572412613,15.2490381762269));
#2647=CARTESIAN_POINT('Ctrl Pts',(-20.7627645275611,-2.46134820716341,8.54651629619933));
#2648=CARTESIAN_POINT('Ctrl Pts',(-15.0528861109848,10.4599667696644,-2.21049792651606));
#2649=CARTESIAN_POINT('Ctrl Pts',(-7.67379997393199,25.4852125604171,-14.2220305928771));
#2650=CARTESIAN_POINT('Ctrl Pts',(-0.187597119662435,39.044018953138,-20.8303653414313));
#2651=CARTESIAN_POINT('Ctrl Pts',(6.87971387349718,49.8748253718294,-19.5623433177157));
#2652=CARTESIAN_POINT('Ctrl Pts',(13.0286267901086,56.6106778200139,-11.234401277179));
#2653=CARTESIAN_POINT('Ctrl Pts',(17.7440281275395,57.9131807565817,1.0621115488349));
#2654=CARTESIAN_POINT('Ctrl Pts',(20.6763458179505,53.2249601587153,12.9111574360595));
#2655=CARTESIAN_POINT('Ctrl Pts',(21.9126224801656,43.5125016783757,20.0691684238424));
#2656=CARTESIAN_POINT('Ctrl Pts',(21.7880396520311,30.1444171567663,19.9038705630473));
#2657=CARTESIAN_POINT('Ctrl Pts',(20.5897457864912,14.4152507498358,12.0803761733299));
#2658=CARTESIAN_POINT('Ctrl Pts',(19.2238971394723,3.2599256889857,3.73633640597741));
#2659=CARTESIAN_POINT('Ctrl Pts',(18.427291205533,-2.31344539696783,-0.447405706855567));
#2660=CARTESIAN_POINT('Ctrl Pts',(-59.8669760524792,8.84518347960857,-0.0803572222899446));
#2661=CARTESIAN_POINT('Ctrl Pts',(-59.6663282912044,10.2553396737153,4.1018883962381));
#2662=CARTESIAN_POINT('Ctrl Pts',(-57.1489171557989,12.7678006443556,12.4510629811129));
#2663=CARTESIAN_POINT('Ctrl Pts',(-47.6268840176438,15.5855096953266,20.63176616559));
#2664=CARTESIAN_POINT('Ctrl Pts',(-34.0229303992985,17.4955991736554,21.1722571945206));
#2665=CARTESIAN_POINT('Ctrl Pts',(-12.9355440206935,18.9647292939927,11.3864929918363));
#2666=CARTESIAN_POINT('Ctrl Pts',(10.2858885964254,19.0314910725692,-8.40704587662829));
#2667=CARTESIAN_POINT('Ctrl Pts',(31.542080583747,17.723142944919,-19.6746271859159));
#2668=CARTESIAN_POINT('Ctrl Pts',(43.7033875116969,16.1903727347875,-20.4733389286082));
#2669=CARTESIAN_POINT('Ctrl Pts',(51.9407474588873,14.3124084278902,-16.2775452385874));
#2670=CARTESIAN_POINT('Ctrl Pts',(56.92375785748,12.2909330931694,-10.0218769178424));
#2671=CARTESIAN_POINT('Ctrl Pts',(59.4135772408623,9.84286711184306,-2.10463823563487));
#2672=CARTESIAN_POINT('Ctrl Pts',(59.1791371505229,6.98353570243728,6.19242626642549));
#2673=CARTESIAN_POINT('Ctrl Pts',(56.2636143066593,3.76752106594247,13.54083648271));
#2674=CARTESIAN_POINT('Ctrl Pts',(50.0742828549614,-0.298972442347586,19.6313397789415));
#2675=CARTESIAN_POINT('Ctrl Pts',(39.730962911077,-5.21806065330804,21.4268544358976));
#2676=CARTESIAN_POINT('Ctrl Pts',(25.330296901251,-10.7385034258033,15.411550982132));
#2677=CARTESIAN_POINT('Ctrl Pts',(9.46000987463319,-15.9458256677939,3.7022485963996));
#2678=CARTESIAN_POINT('Ctrl Pts',(-6.8569988447915,-20.5737884253436,-9.32712940649241));
#2679=CARTESIAN_POINT('Ctrl Pts',(-22.6420252338114,-24.3256441058667,-18.8905047046826));
#2680=CARTESIAN_POINT('Ctrl Pts',(-36.7768213266159,-26.8264226908637,-21.3220958172169));
#2681=CARTESIAN_POINT('Ctrl Pts',(-47.8523546031053,-27.5734339457843,-15.8743095111078));
#2682=CARTESIAN_POINT('Ctrl Pts',(-54.4117017472154,-26.0277875438963,-4.81625370950937));
#2683=CARTESIAN_POINT('Ctrl Pts',(-55.364174308973,-21.8634594178047,7.87497728157541));
#2684=CARTESIAN_POINT('Ctrl Pts',(-50.8824847736929,-15.3566545961922,17.6579260285475));
#2685=CARTESIAN_POINT('Ctrl Pts',(-42.1676165269202,-7.20793281333894,21.0556982503321));
#2686=CARTESIAN_POINT('Ctrl Pts',(-31.7438872567359,0.949284588615306,17.0230021691279));
#2687=CARTESIAN_POINT('Ctrl Pts',(-21.4528680854938,8.28826842027591,9.37370335991633));
#2688=CARTESIAN_POINT('Ctrl Pts',(-9.02963178422869,16.6127294587259,-1.56496889162835));
#2689=CARTESIAN_POINT('Ctrl Pts',(4.93384564952859,25.1771149728042,-13.9710504964104));
#2690=CARTESIAN_POINT('Ctrl Pts',(19.2823976508047,32.9760493501204,-21.0468291100335));
#2691=CARTESIAN_POINT('Ctrl Pts',(30.4734603917915,38.1841434068209,-20.9090144891525));
#2692=CARTESIAN_POINT('Ctrl Pts',(38.7158348987685,40.8799291178347,-15.1189282054377));
#2693=CARTESIAN_POINT('Ctrl Pts',(43.8384440472678,41.1651172987463,-6.89149621738205));
#2694=CARTESIAN_POINT('Ctrl Pts',(46.3949018175715,39.6013615668533,1.58557958541509));
#2695=CARTESIAN_POINT('Ctrl Pts',(46.7996991318741,36.1811533278271,9.82446295433421));
#2696=CARTESIAN_POINT('Ctrl Pts',(45.1624709723726,31.0454182934151,16.5368311937638));
#2697=CARTESIAN_POINT('Ctrl Pts',(41.7184000800546,24.454717594783,20.5854320878214));
#2698=CARTESIAN_POINT('Ctrl Pts',(36.8481496973827,16.8353004295913,21.1808023543211));
#2699=CARTESIAN_POINT('Ctrl Pts',(30.9633729808155,8.61596630008651,18.2061514566105));
#2700=CARTESIAN_POINT('Ctrl Pts',(22.1458680821459,-2.77573450636076,10.2654988035625));
#2701=CARTESIAN_POINT('Ctrl Pts',(12.3247718227489,-14.367664552809,-1.63576383650752));
#2702=CARTESIAN_POINT('Ctrl Pts',(2.3018014154298,-25.2698922137295,-11.9614089359807));
#2703=CARTESIAN_POINT('Ctrl Pts',(-5.93332431867563,-33.6917689980844,-18.2421803646161));
#2704=CARTESIAN_POINT('Ctrl Pts',(-14.4889011994167,-41.6783658195587,-20.7034669285616));
#2705=CARTESIAN_POINT('Ctrl Pts',(-21.2312533858009,-46.9678078786824,-17.8189459735972));
#2706=CARTESIAN_POINT('Ctrl Pts',(-25.7453074253433,-49.6401311206833,-13.041862889559));
#2707=CARTESIAN_POINT('Ctrl Pts',(-29.091577972969,-50.9477384395164,-7.74408980146709));
#2708=CARTESIAN_POINT('Ctrl Pts',(-31.9316486278766,-50.8268662865049,-0.632281171633162));
#2709=CARTESIAN_POINT('Ctrl Pts',(-33.650996977614,-48.3774577210835,7.50337819617965));
#2710=CARTESIAN_POINT('Ctrl Pts',(-33.9137359459074,-43.7413779721364,14.4566284694491));
#2711=CARTESIAN_POINT('Ctrl Pts',(-32.8685590328501,-37.2385577336239,19.0859704864597));
#2712=CARTESIAN_POINT('Ctrl Pts',(-30.7237054309323,-29.2503045384741,20.5918542265128));
#2713=CARTESIAN_POINT('Ctrl Pts',(-27.9433391112229,-20.9138319507918,18.7848385102583));
#2714=CARTESIAN_POINT('Ctrl Pts',(-24.9128338715382,-12.8097904740417,14.8130513319132));
#2715=CARTESIAN_POINT('Ctrl Pts',(-20.8558599865648,-2.73700520796734,8.14350283426738));
#2716=CARTESIAN_POINT('Ctrl Pts',(-15.1627373769728,10.1744553585739,-2.60395309901366));
#2717=CARTESIAN_POINT('Ctrl Pts',(-7.77668325314336,25.2414819293303,-14.6411947592114));
#2718=CARTESIAN_POINT('Ctrl Pts',(-0.239744591029138,38.9265583600046,-21.3352651095257));
#2719=CARTESIAN_POINT('Ctrl Pts',(7.00295891932831,50.054832371987,-20.0553824794776));
#2720=CARTESIAN_POINT('Ctrl Pts',(13.3029558283307,56.970251777982,-11.4939196532707));
#2721=CARTESIAN_POINT('Ctrl Pts',(18.0819918337592,58.2865588398704,1.00839077483045));
#2722=CARTESIAN_POINT('Ctrl Pts',(21.0565615692631,53.5455630120912,13.0560561470109));
#2723=CARTESIAN_POINT('Ctrl Pts',(22.3124859221447,43.6206849044593,20.383993903608));
#2724=CARTESIAN_POINT('Ctrl Pts',(22.1748578675578,30.0191087591184,20.2060741874932));
#2725=CARTESIAN_POINT('Ctrl Pts',(20.9601183293779,14.2062415565852,12.3357225645412));
#2726=CARTESIAN_POINT('Ctrl Pts',(19.5863250921479,3.0269973220242,3.98417432668794));
#2727=CARTESIAN_POINT('Ctrl Pts',(18.786392592636,-2.55127578030373,-0.199468511110586));
#2728=CARTESIAN_POINT('Ctrl Pts',(-59.9324801795005,8.37991257058788,0.0801764235799329));
#2729=CARTESIAN_POINT('Ctrl Pts',(-59.7277148835956,9.78947006391605,4.26239872661625));
#2730=CARTESIAN_POINT('Ctrl Pts',(-57.2047934032469,12.3041766466235,12.6224258514448));
#2731=CARTESIAN_POINT('Ctrl Pts',(-47.6185325638453,15.1361735955125,20.8507449469031));
#2732=CARTESIAN_POINT('Ctrl Pts',(-33.9178577255601,17.0535333151595,21.3772902427151));
#2733=CARTESIAN_POINT('Ctrl Pts',(-12.7949972550274,18.5167962610032,11.5483140328805));
#2734=CARTESIAN_POINT('Ctrl Pts',(10.4051038716931,18.5756830176985,-8.24719974507767));
#2735=CARTESIAN_POINT('Ctrl Pts',(31.5789018639235,17.2640735840577,-19.4784947835925));
#2736=CARTESIAN_POINT('Ctrl Pts',(43.5989698974418,15.7423213034577,-20.2639991499197));
#2737=CARTESIAN_POINT('Ctrl Pts',(51.7018636784346,13.8907999788761,-16.1445125416079));
#2738=CARTESIAN_POINT('Ctrl Pts',(56.6192298947917,11.8948454801102,-9.98750034435669));
#2739=CARTESIAN_POINT('Ctrl Pts',(59.0819042012066,9.47412572075912,-2.1773549733719));
#2740=CARTESIAN_POINT('Ctrl Pts',(58.8562836623803,6.64928796459143,6.0019740855576));
#2741=CARTESIAN_POINT('Ctrl Pts',(55.9926998088419,3.48213929282591,13.2232288382246));
#2742=CARTESIAN_POINT('Ctrl Pts',(49.9518580333487,-0.495940719846896,19.1635631761618));
#2743=CARTESIAN_POINT('Ctrl Pts',(39.8736794110343,-5.30395944055429,20.9361273420111));
#2744=CARTESIAN_POINT('Ctrl Pts',(25.609851279483,-10.7884655034682,15.0042277554855));
#2745=CARTESIAN_POINT('Ctrl Pts',(9.7806909585094,-15.9951931489867,3.32465132118528));
#2746=CARTESIAN_POINT('Ctrl Pts',(-6.55338493387095,-20.640980232764,-9.71313430026841));
#2747=CARTESIAN_POINT('Ctrl Pts',(-22.4119721497882,-24.4239288719398,-19.3298495681643));
#2748=CARTESIAN_POINT('Ctrl Pts',(-36.800035828408,-26.9865947497503,-21.8319227006612));
#2749=CARTESIAN_POINT('Ctrl Pts',(-48.2100041612019,-27.76884817166,-16.220797781694));
#2750=CARTESIAN_POINT('Ctrl Pts',(-54.8843263337038,-26.1949380854015,-4.91478775647018));
#2751=CARTESIAN_POINT('Ctrl Pts',(-55.8547013259113,-21.9734007690931,7.99040442138229));
#2752=CARTESIAN_POINT('Ctrl Pts',(-51.2774916874716,-15.3347139772864,18.015190521878));
#2753=CARTESIAN_POINT('Ctrl Pts',(-42.3131379983302,-6.96953253287353,21.4994056572973));
#2754=CARTESIAN_POINT('Ctrl Pts',(-31.7540655220248,1.27628894553811,17.3975233703022));
#2755=CARTESIAN_POINT('Ctrl Pts',(-21.4096444089007,8.6435270274688,9.71920433489828));
#2756=CARTESIAN_POINT('Ctrl Pts',(-8.95537657211509,16.9769536480407,-1.23580952635571));
#2757=CARTESIAN_POINT('Ctrl Pts',(5.00140070223842,25.5248283244279,-13.6224855739617));
#2758=CARTESIAN_POINT('Ctrl Pts',(19.266777958665,33.263728667647,-20.6304057961634));
#2759=CARTESIAN_POINT('Ctrl Pts',(30.26387314834,38.3689598691982,-20.4758262072211));
#2760=CARTESIAN_POINT('Ctrl Pts',(38.3403193010624,41.0022478815854,-14.802732803686));
#2761=CARTESIAN_POINT('Ctrl Pts',(43.3974727028653,41.278813820365,-6.68705631651749));
#2762=CARTESIAN_POINT('Ctrl Pts',(45.9255648287363,39.7232926595264,1.70328042328588));
#2763=CARTESIAN_POINT('Ctrl Pts',(46.325197405374,36.3260510417689,9.86851553136012));
#2764=CARTESIAN_POINT('Ctrl Pts',(44.6989414735264,31.22750224128,16.518283124773));
#2765=CARTESIAN_POINT('Ctrl Pts',(41.2838859758313,24.6904285216941,20.5248486612579));
#2766=CARTESIAN_POINT('Ctrl Pts',(36.4472503965911,17.1210391281368,21.1106044865422));
#2767=CARTESIAN_POINT('Ctrl Pts',(30.5869850161045,8.93354084968332,18.1408485385273));
#2768=CARTESIAN_POINT('Ctrl Pts',(21.7914663514747,-2.43243631158399,10.207183012504));
#2769=CARTESIAN_POINT('Ctrl Pts',(11.9841344173483,-14.0108274683523,-1.6925158775197));
#2770=CARTESIAN_POINT('Ctrl Pts',(1.97120349101141,-24.9044732866149,-12.0225849559799));
#2771=CARTESIAN_POINT('Ctrl Pts',(-6.25798557677002,-33.322201817053,-18.3099661932635));
#2772=CARTESIAN_POINT('Ctrl Pts',(-14.8119795383246,-41.3095568866222,-20.7821450849941));
#2773=CARTESIAN_POINT('Ctrl Pts',(-21.5532334139393,-46.5998395722191,-17.9058040185562));
#2774=CARTESIAN_POINT('Ctrl Pts',(-26.0618710272152,-49.2707867730062,-13.141963199022));
#2775=CARTESIAN_POINT('Ctrl Pts',(-29.4028092635011,-50.5790133129936,-7.86212120818885));
#2776=CARTESIAN_POINT('Ctrl Pts',(-32.2360754291675,-50.462578951082,-0.780118338920227));
#2777=CARTESIAN_POINT('Ctrl Pts',(-33.9508466675303,-48.0321092126261,7.30662353526296));
#2778=CARTESIAN_POINT('Ctrl Pts',(-34.2161825375153,-43.4408231959448,14.1962049285162));
#2779=CARTESIAN_POINT('Ctrl Pts',(-33.1909569821226,-37.0291319337709,18.7633666099773));
#2780=CARTESIAN_POINT('Ctrl Pts',(-31.0835606217636,-29.1563712115121,20.2567633819512));
#2781=CARTESIAN_POINT('Ctrl Pts',(-28.3328365086817,-20.8906018070346,18.4762596072346));
#2782=CARTESIAN_POINT('Ctrl Pts',(-25.3197760105335,-12.8197579354147,14.5279611967338));
#2783=CARTESIAN_POINT('Ctrl Pts',(-21.2758472900141,-2.76462305516698,7.88022183084446));
#2784=CARTESIAN_POINT('Ctrl Pts',(-15.5884423497117,10.1524267227483,-2.86079617301469));
#2785=CARTESIAN_POINT('Ctrl Pts',(-8.19043870534003,25.2616564858189,-14.9143085501426));
#2786=CARTESIAN_POINT('Ctrl Pts',(-0.610678562682758,39.0475323440791,-21.664526245661));
#2787=CARTESIAN_POINT('Ctrl Pts',(6.76703519653101,50.401757138973,-20.3669002137232));
#2788=CARTESIAN_POINT('Ctrl Pts',(13.1893259277592,57.4603975597049,-11.609831018359));
#2789=CARTESIAN_POINT('Ctrl Pts',(18.0277205719249,58.7832503789095,1.09044542852169));
#2790=CARTESIAN_POINT('Ctrl Pts',(21.0472544287482,53.9768192176197,13.3585987719949));
#2791=CARTESIAN_POINT('Ctrl Pts',(22.3274864252436,43.7719999945004,20.9004921637462));
#2792=CARTESIAN_POINT('Ctrl Pts',(22.169816965736,29.8505684953705,20.6923106206579));
#2793=CARTESIAN_POINT('Ctrl Pts',(20.9314471430695,13.9338113363846,12.7467586261698));
#2794=CARTESIAN_POINT('Ctrl Pts',(19.546923755511,2.73339792153373,4.38266259608257));
#2795=CARTESIAN_POINT('Ctrl Pts',(18.7428730754592,-2.84428097241671,0.199019719472927));
#2796=CARTESIAN_POINT('Ctrl Pts',(-59.5909210967238,8.03351661898971,0.180715081766099));
#2797=CARTESIAN_POINT('Ctrl Pts',(-59.3859949545631,9.42594575932349,4.30331169900695));
#2798=CARTESIAN_POINT('Ctrl Pts',(-56.884439996906,11.9133888225575,12.5523255012354));
#2799=CARTESIAN_POINT('Ctrl Pts',(-47.4509375588738,14.7040610856565,20.6321372747196));
#2800=CARTESIAN_POINT('Ctrl Pts',(-33.9421204634752,16.6023249755214,21.1552713550741));
#2801=CARTESIAN_POINT('Ctrl Pts',(-12.9209712309353,18.0681223981427,11.3731684737414));
#2802=CARTESIAN_POINT('Ctrl Pts',(10.2548696728235,18.1354168399982,-8.42199398498587));
#2803=CARTESIAN_POINT('Ctrl Pts',(31.4585657013435,16.8306629511885,-19.6931758521795));
#2804=CARTESIAN_POINT('Ctrl Pts',(43.5640433971855,15.3047016721561,-20.5030799786758));
#2805=CARTESIAN_POINT('Ctrl Pts',(51.7425242660188,13.4407999006863,-16.3539888947422));
#2806=CARTESIAN_POINT('Ctrl Pts',(56.6908585064667,11.4363673965455,-10.1657366447882));
#2807=CARTESIAN_POINT('Ctrl Pts',(59.1661996093247,9.01140281936705,-2.33745740711903));
#2808=CARTESIAN_POINT('Ctrl Pts',(58.947424199029,6.1871915349255,5.84406403027549));
#2809=CARTESIAN_POINT('Ctrl Pts',(56.09561985567,3.02681933179675,13.0528725270644));
#2810=CARTESIAN_POINT('Ctrl Pts',(50.0907865156461,-0.931944382519131,18.9663648741232));
#2811=CARTESIAN_POINT('Ctrl Pts',(40.0854677349986,-5.71081552186168,20.7410292891496));
#2812=CARTESIAN_POINT('Ctrl Pts',(25.8546884126307,-11.1888507016721,14.841852571367));
#2813=CARTESIAN_POINT('Ctrl Pts',(10.0256068314315,-16.4006640417447,3.17458793449594));
#2814=CARTESIAN_POINT('Ctrl Pts',(-6.33103712593003,-21.0579282796333,-9.86648284149085));
#2815=CARTESIAN_POINT('Ctrl Pts',(-22.2367537270911,-24.8575256941067,-19.5037040051351));
#2816=CARTESIAN_POINT('Ctrl Pts',(-36.7547601618914,-27.4502584135604,-22.0314422903733));
#2817=CARTESIAN_POINT('Ctrl Pts',(-48.3394330221199,-28.2496210464958,-16.327329098399));
#2818=CARTESIAN_POINT('Ctrl Pts',(-55.0813769588637,-26.6559651287396,-4.86424564738891));
#2819=CARTESIAN_POINT('Ctrl Pts',(-56.0592027395017,-22.3887100111214,8.20185834659635));
#2820=CARTESIAN_POINT('Ctrl Pts',(-51.3928233253712,-15.6302245720099,18.4393125175605));
#2821=CARTESIAN_POINT('Ctrl Pts',(-42.1826530278966,-7.0538101537969,21.9998407670566));
#2822=CARTESIAN_POINT('Ctrl Pts',(-31.491433791096,1.27655204780047,17.8199511718737));
#2823=CARTESIAN_POINT('Ctrl Pts',(-21.100470798007,8.66583427950438,10.1082572635445));
#2824=CARTESIAN_POINT('Ctrl Pts',(-8.62527553842945,17.0000233548317,-0.865195135820047));
#2825=CARTESIAN_POINT('Ctrl Pts',(5.30874138969011,25.5199269938955,-13.2304134589554));
#2826=CARTESIAN_POINT('Ctrl Pts',(19.4582419386888,33.1789293392053,-20.162179813033));
#2827=CARTESIAN_POINT('Ctrl Pts',(30.2035706462232,38.1524636767133,-19.9965503950167));
#2828=CARTESIAN_POINT('Ctrl Pts',(38.0585225479576,40.7042808817306,-14.4888881694899));
#2829=CARTESIAN_POINT('Ctrl Pts',(43.0219442333708,40.9723008246419,-6.54612981500382));
#2830=CARTESIAN_POINT('Ctrl Pts',(45.5085380481905,39.4374738768457,1.69232697546579));
#2831=CARTESIAN_POINT('Ctrl Pts',(45.905081161428,36.0950325875164,9.70693792355114));
#2832=CARTESIAN_POINT('Ctrl Pts',(44.3153771825749,31.0982391621147,16.2062569193804));
#2833=CARTESIAN_POINT('Ctrl Pts',(40.9940657775221,24.7260808873079,20.1033456547194));
#2834=CARTESIAN_POINT('Ctrl Pts',(36.2711289915725,17.3195240850222,20.6797487825046));
#2835=CARTESIAN_POINT('Ctrl Pts',(30.4898029240243,9.22826390623148,17.7491353230162));
#2836=CARTESIAN_POINT('Ctrl Pts',(21.754147391403,-2.07647058382855,9.85946640708459));
#2837=CARTESIAN_POINT('Ctrl Pts',(11.9687356686622,-13.6454224572118,-2.02871750770635));
#2838=CARTESIAN_POINT('Ctrl Pts',(1.94638093329476,-24.5638286293454,-12.3841895226065));
#2839=CARTESIAN_POINT('Ctrl Pts',(-6.3151920196749,-33.026573296654,-18.7086497739954));
#2840=CARTESIAN_POINT('Ctrl Pts',(-14.9725223784323,-41.1264034412117,-21.2338105287679));
#2841=CARTESIAN_POINT('Ctrl Pts',(-21.8672916394277,-46.5491231553067,-18.3025093982662));
#2842=CARTESIAN_POINT('Ctrl Pts',(-26.4589596161391,-49.2753751588159,-13.4454820121978));
#2843=CARTESIAN_POINT('Ctrl Pts',(-29.8502026800352,-50.6100226219135,-8.0849157378624));
#2844=CARTESIAN_POINT('Ctrl Pts',(-32.7153190529969,-50.4975812095379,-0.917594194555785));
#2845=CARTESIAN_POINT('Ctrl Pts',(-34.4466029960745,-48.0509111360152,7.25070616038987));
#2846=CARTESIAN_POINT('Ctrl Pts',(-34.7147882977606,-43.4229061642917,14.2113743964592));
#2847=CARTESIAN_POINT('Ctrl Pts',(-33.678916655312,-36.9502140913254,18.8328514746262));
#2848=CARTESIAN_POINT('Ctrl Pts',(-31.5510559376558,-29.0084064739767,20.3450213872408));
#2849=CARTESIAN_POINT('Ctrl Pts',(-28.7838688998304,-20.69879098812,18.5599737343612));
#2850=CARTESIAN_POINT('Ctrl Pts',(-25.7596650651632,-12.6019340858191,14.6058347897935));
#2851=CARTESIAN_POINT('Ctrl Pts',(-21.7052167781777,-2.52493013740283,7.95234079240412));
#2852=CARTESIAN_POINT('Ctrl Pts',(-16.0083063723295,10.4086280660213,-2.79023940150143));
#2853=CARTESIAN_POINT('Ctrl Pts',(-8.60227967141527,25.5288940189264,-14.8384012385864));
#2854=CARTESIAN_POINT('Ctrl Pts',(-1.0195498200918,39.3147441244174,-21.5730013597579));
#2855=CARTESIAN_POINT('Ctrl Pts',(6.35175051224433,50.6542256061062,-20.2648788834588));
#2856=CARTESIAN_POINT('Ctrl Pts',(12.776056223658,57.7126005836229,-11.496658097059));
#2857=CARTESIAN_POINT('Ctrl Pts',(17.6252242385729,59.0300525337223,1.24549046696848));
#2858=CARTESIAN_POINT('Ctrl Pts',(20.6588250704666,54.1946969055526,13.5907153978118));
#2859=CARTESIAN_POINT('Ctrl Pts',(21.9498546193419,43.8527385149033,21.2300577316178));
#2860=CARTESIAN_POINT('Ctrl Pts',(21.7802681784584,29.7653404548514,20.9969503876339));
#2861=CARTESIAN_POINT('Ctrl Pts',(20.5288688984074,13.8024184162213,13.0045055890933));
#2862=CARTESIAN_POINT('Ctrl Pts',(19.1388982433549,2.59926263932858,4.63232618082393));
#2863=CARTESIAN_POINT('Ctrl Pts',(18.3330349049009,-2.97277650745622,0.448584050916982));
#2864=CARTESIAN_POINT('Ctrl Pts',(-59.0962767580017,8.06961380912001,0.144455918971489));
#2865=CARTESIAN_POINT('Ctrl Pts',(-58.8952662391664,9.44133327009563,4.19289993852544));
#2866=CARTESIAN_POINT('Ctrl Pts',(-56.4270711002485,11.8921726507898,12.2914891312786));
#2867=CARTESIAN_POINT('Ctrl Pts',(-47.2491292768936,14.6168609177158,20.138096720184));
#2868=CARTESIAN_POINT('Ctrl Pts',(-34.0773390184111,16.483806124284,20.6703183392438));
#2869=CARTESIAN_POINT('Ctrl Pts',(-13.2192432827879,17.958543530829,10.9897263784496));
#2870=CARTESIAN_POINT('Ctrl Pts',(9.94773606629546,18.0440407202255,-8.80293115294727));
#2871=CARTESIAN_POINT('Ctrl Pts',(31.2719862936635,16.7509844063849,-20.1599578800121));
#2872=CARTESIAN_POINT('Ctrl Pts',(43.626540336857,15.2084463708465,-21.0128082891349));
#2873=CARTESIAN_POINT('Ctrl Pts',(52.0343169536267,13.3024751555933,-16.7499808938875));
#2874=CARTESIAN_POINT('Ctrl Pts',(57.087455982742,11.2616487606456,-10.423301633954));
#2875=CARTESIAN_POINT('Ctrl Pts',(59.6061439675699,8.80374489828301,-2.46443471896931));
#2876=CARTESIAN_POINT('Ctrl Pts',(59.3869710027146,5.94553298037199,5.83823345249921));
#2877=CARTESIAN_POINT('Ctrl Pts',(56.4977893747042,2.74442492522618,13.1594296704377));
#2878=CARTESIAN_POINT('Ctrl Pts',(50.3886864304897,-1.27911663172712,19.1902978588675));
#2879=CARTESIAN_POINT('Ctrl Pts',(40.2075771900882,-6.13358964345129,20.9914849699467));
#2880=CARTESIAN_POINT('Ctrl Pts',(25.8801358319643,-11.6399308366518,15.0498096536848));
#2881=CARTESIAN_POINT('Ctrl Pts',(10.0094699080184,-16.8589170806138,3.36828686746771));
#2882=CARTESIAN_POINT('Ctrl Pts',(-6.35822137360401,-21.5126706699363,-9.66841358167145));
#2883=CARTESIAN_POINT('Ctrl Pts',(-22.2486057841697,-25.3018162188686,-19.2777240479823));
#2884=CARTESIAN_POINT('Ctrl Pts',(-36.674164910818,-27.86995336951,-21.7670728948237));
#2885=CARTESIAN_POINT('Ctrl Pts',(-48.1408551315712,-28.6552730100117,-16.110990497595));
#2886=CARTESIAN_POINT('Ctrl Pts',(-54.8511904737281,-27.0653963057321,-4.70129088647446));
#2887=CARTESIAN_POINT('Ctrl Pts',(-55.8201402906418,-22.798516062418,8.35070850221181));
#2888=CARTESIAN_POINT('Ctrl Pts',(-51.1383437719352,-16.0230993060274,18.6103978971459));
#2889=CARTESIAN_POINT('Ctrl Pts',(-41.8718925452574,-7.40052339447825,22.1790991541378));
#2890=CARTESIAN_POINT('Ctrl Pts',(-31.1517827490539,0.946214414513095,17.9711256888619));
#2891=CARTESIAN_POINT('Ctrl Pts',(-20.7564233295966,8.33457738052119,10.2468469356567));
#2892=CARTESIAN_POINT('Ctrl Pts',(-8.28631347803587,16.6606716347971,-0.733258874653887));
#2893=CARTESIAN_POINT('Ctrl Pts',(5.62582060134611,25.1621448438572,-13.0913031199098));
#2894=CARTESIAN_POINT('Ctrl Pts',(19.7141136911732,32.7816963512075,-19.9963163950415));
#2895=CARTESIAN_POINT('Ctrl Pts',(30.3400041450842,37.6941840469925,-19.8337985281656));
#2896=CARTESIAN_POINT('Ctrl Pts',(38.0850693921764,40.2071957514488,-14.415457787348));
#2897=CARTESIAN_POINT('Ctrl Pts',(42.9972538563873,40.4733183149426,-6.57643535816698));
#2898=CARTESIAN_POINT('Ctrl Pts',(45.4605816488941,38.9562180404952,1.55937608015829));
#2899=CARTESIAN_POINT('Ctrl Pts',(45.8585442406235,35.659317681418,9.45980284330262));
#2900=CARTESIAN_POINT('Ctrl Pts',(44.3035491320883,30.7523910894658,15.8341223131271));
#2901=CARTESIAN_POINT('Ctrl Pts',(41.070149553381,24.5323219893521,19.636730529626));
#2902=CARTESIAN_POINT('Ctrl Pts',(36.4553862755934,17.278846762543,20.210954058938));
#2903=CARTESIAN_POINT('Ctrl Pts',(30.748010530179,9.27586489575031,17.3241291197373));
#2904=CARTESIAN_POINT('Ctrl Pts',(22.0650765538954,-1.97810891704895,9.48222517103872));
#2905=CARTESIAN_POINT('Ctrl Pts',(12.2930019455476,-13.548948154609,-2.39301455866786));
#2906=CARTESIAN_POINT('Ctrl Pts',(2.24887209298335,-24.5067764348257,-12.7757119372707));
#2907=CARTESIAN_POINT('Ctrl Pts',(-6.05960342286462,-33.0302426207219,-19.1394803566735));
#2908=CARTESIAN_POINT('Ctrl Pts',(-14.8476108680559,-41.2697397337053,-21.7196220741759));
#2909=CARTESIAN_POINT('Ctrl Pts',(-21.9353035993392,-46.8568855775495,-18.7109973356764));
#2910=CARTESIAN_POINT('Ctrl Pts',(-26.6362348394638,-49.6535996056569,-13.7241945671717));
#2911=CARTESIAN_POINT('Ctrl Pts',(-30.0956445535713,-51.0205213907708,-8.24480642153911));
#2912=CARTESIAN_POINT('Ctrl Pts',(-33.0076771808372,-50.908519296013,-0.940402831630024));
#2913=CARTESIAN_POINT('Ctrl Pts',(-34.7642751185858,-48.4222351611836,7.37934153994213));
#2914=CARTESIAN_POINT('Ctrl Pts',(-35.033554054634,-43.7031290819491,14.4932201394358));
#2915=CARTESIAN_POINT('Ctrl Pts',(-33.9643324420649,-37.06261672255,19.2449101364374));
#2916=CARTESIAN_POINT('Ctrl Pts',(-31.7734410647776,-28.9186665321912,20.7934351821153));
#2917=CARTESIAN_POINT('Ctrl Pts',(-28.9558539536529,-20.482912340666,18.97633247412));
#2918=CARTESIAN_POINT('Ctrl Pts',(-25.9002101993389,-12.3200302570062,14.9915386921407));
#2919=CARTESIAN_POINT('Ctrl Pts',(-21.8195290530594,-2.19787598077402,8.30907594827886));
#2920=CARTESIAN_POINT('Ctrl Pts',(-16.1049534764569,10.751016524496,-2.44187941312059));
#2921=CARTESIAN_POINT('Ctrl Pts',(-8.70109339599174,25.8424654486259,-14.4670978518836));
#2922=CARTESIAN_POINT('Ctrl Pts',(-1.15800107420396,39.5266786128,-21.1262032694843));
#2923=CARTESIAN_POINT('Ctrl Pts',(6.06948821108014,50.6207162593394,-19.823290340235));
#2924=CARTESIAN_POINT('Ctrl Pts',(12.3731698021219,57.5346762171803,-11.2378735504735));
#2925=CARTESIAN_POINT('Ctrl Pts',(17.1757458509594,58.8386023474165,1.35710905509956));
#2926=CARTESIAN_POINT('Ctrl Pts',(20.1814691914131,54.033091873983,13.5765143261539));
#2927=CARTESIAN_POINT('Ctrl Pts',(21.4613993628173,43.8013057539406,21.1222442225822));
#2928=CARTESIAN_POINT('Ctrl Pts',(21.2969601261814,29.8283835883644,20.8879226553743));
#2929=CARTESIAN_POINT('Ctrl Pts',(20.0529853837635,13.9126661538636,12.9121942169553));
#2930=CARTESIAN_POINT('Ctrl Pts',(18.6670173151143,2.72801252577065,4.54244449842764));
#2931=CARTESIAN_POINT('Ctrl Pts',(17.8630153483672,-2.83760457549431,0.358578933633086));
#2932=CARTESIAN_POINT('Ctrl Pts',(-58.9145225767444,8.3276089109156,0.0483677211383534));
#2933=CARTESIAN_POINT('Ctrl Pts',(-58.716884879419,9.69341518495389,4.07450904789856));
#2934=CARTESIAN_POINT('Ctrl Pts',(-56.2610682238693,12.132251704245,12.1227439650386));
#2935=CARTESIAN_POINT('Ctrl Pts',(-47.1936413995878,14.8296066523322,19.8742026119934));
#2936=CARTESIAN_POINT('Ctrl Pts',(-34.1740362972331,16.6833918260413,20.4168807480656));
#2937=CARTESIAN_POINT('Ctrl Pts',(-13.3834152671324,18.1639833466922,10.7898657565017));
#2938=CARTESIAN_POINT('Ctrl Pts',(9.79227932139097,18.2592150285386,-9.00102413207206));
#2939=CARTESIAN_POINT('Ctrl Pts',(31.1962562809404,16.9714586734578,-20.4032432071325));
#2940=CARTESIAN_POINT('Ctrl Pts',(43.70027627438,15.4182110411871,-21.2763356893869));
#2941=CARTESIAN_POINT('Ctrl Pts',(52.2483229336344,13.4855956760964,-16.9389046446092));
#2942=CARTESIAN_POINT('Ctrl Pts',(57.3676774829295,11.4203707167815,-10.5184258998488));
#2943=CARTESIAN_POINT('Ctrl Pts',(59.9136644706903,8.93812896605469,-2.4636364213559));
#2944=CARTESIAN_POINT('Ctrl Pts',(59.6897137234345,6.05143925025171,5.93789958790959));
#2945=CARTESIAN_POINT('Ctrl Pts',(56.761652913099,2.81217581177239,13.360331759859));
#2946=CARTESIAN_POINT('Ctrl Pts',(50.5423230711566,-1.27778303167289,19.5062517319765));
#2947=CARTESIAN_POINT('Ctrl Pts',(40.1676398615758,-6.21381940913828,21.3272071507672));
#2948=CARTESIAN_POINT('Ctrl Pts',(25.738634621787,-11.747633346954,15.3282163095017));
#2949=CARTESIAN_POINT('Ctrl Pts',(9.83379864228528,-16.9689795666571,3.62649487369736));
#2950=CARTESIAN_POINT('Ctrl Pts',(-6.52810201114028,-21.6121633395053,-9.40443551593156));
#2951=CARTESIAN_POINT('Ctrl Pts',(-22.3748574281844,-25.3816291851883,-18.9769680522538));
#2952=CARTESIAN_POINT('Ctrl Pts',(-36.6380338432073,-27.9094447144706,-21.4171456971677));
#2953=CARTESIAN_POINT('Ctrl Pts',(-47.891437508307,-28.6718017332552,-15.8623774204487));
#2954=CARTESIAN_POINT('Ctrl Pts',(-54.5313466376017,-27.0980912306095,-4.60048500335603));
#2955=CARTESIAN_POINT('Ctrl Pts',(-55.4881970396282,-22.8617880620066,8.33341632231889));
#2956=CARTESIAN_POINT('Ctrl Pts',(-50.8526683444538,-16.1514551129106,18.4711604437038));
#2957=CARTESIAN_POINT('Ctrl Pts',(-41.7021967211977,-7.63025323791154,21.9964032012109));
#2958=CARTESIAN_POINT('Ctrl Pts',(-31.0454419811362,0.674281171903071,17.8169396709151));
#2959=CARTESIAN_POINT('Ctrl Pts',(-20.6771671081759,8.04735233742075,10.1043739595955));
#2960=CARTESIAN_POINT('Ctrl Pts',(-8.22508391762486,16.3662666482957,-0.869001012621256));
#2961=CARTESIAN_POINT('Ctrl Pts',(5.68417097302249,24.8710635743613,-13.2351730415843));
#2962=CARTESIAN_POINT('Ctrl Pts',(19.7984774296731,32.5107748774444,-20.1682262068904));
#2963=CARTESIAN_POINT('Ctrl Pts',(30.4918693142932,37.4597334397758,-20.0155306569131));
#2964=CARTESIAN_POINT('Ctrl Pts',(38.2924167743459,39.9943475616315,-14.5614805915683));
#2965=CARTESIAN_POINT('Ctrl Pts',(43.2241059731843,40.2644414961026,-6.69394789177813));
#2966=CARTESIAN_POINT('Ctrl Pts',(45.6955544033949,38.7481852642794,1.45740640247253));
#2967=CARTESIAN_POINT('Ctrl Pts',(46.0966524050978,35.4525926014716,9.36293287960552));
#2968=CARTESIAN_POINT('Ctrl Pts',(44.5461582997108,30.5526728997219,15.7332038201776));
#2969=CARTESIAN_POINT('Ctrl Pts',(41.3236092128727,24.3495326168851,19.529934932415));
#2970=CARTESIAN_POINT('Ctrl Pts',(36.7233251413763,17.1152100047165,20.1087047875391));
#2971=CARTESIAN_POINT('Ctrl Pts',(31.025019249282,9.12164249898925,17.2324576196385));
#2972=CARTESIAN_POINT('Ctrl Pts',(22.3461235274647,-2.13090432854185,9.40119757435476));
#2973=CARTESIAN_POINT('Ctrl Pts',(12.570802469909,-13.7094896714975,-2.47106247745855));
#2974=CARTESIAN_POINT('Ctrl Pts',(2.51477653918991,-24.6837360061122,-12.8595733598331));
#2975=CARTESIAN_POINT('Ctrl Pts',(-5.81065481627151,-33.2274141582454,-19.2317463201035));
#2976=CARTESIAN_POINT('Ctrl Pts',(-14.6385744468439,-41.5082990450058,-21.8226470696152));
#2977=CARTESIAN_POINT('Ctrl Pts',(-21.7845071154299,-47.1442339663795,-18.7867583865909));
#2978=CARTESIAN_POINT('Ctrl Pts',(-26.5209417191893,-49.9627486319303,-13.7541321409004));
#2979=CARTESIAN_POINT('Ctrl Pts',(-30.0035853922893,-51.3390395114744,-8.2296534713427));
#2980=CARTESIAN_POINT('Ctrl Pts',(-32.9331294333411,-51.2248441256314,-0.86865243371068));
#2981=CARTESIAN_POINT('Ctrl Pts',(-34.6996903103827,-48.7167899749201,7.52222782946199));
#2982=CARTESIAN_POINT('Ctrl Pts',(-34.9678445051579,-43.9466950125396,14.7156136665867));
#2983=CARTESIAN_POINT('Ctrl Pts',(-33.8780286912766,-37.2075041450807,19.5393992029699));
#2984=CARTESIAN_POINT('Ctrl Pts',(-31.6482663328208,-28.9415431695156,21.1052765185127));
#2985=CARTESIAN_POINT('Ctrl Pts',(-28.7998488202789,-20.4305758819758,19.2643505024456));
#2986=CARTESIAN_POINT('Ctrl Pts',(-25.7255114297721,-12.2303556132057,15.2577704763885));
#2987=CARTESIAN_POINT('Ctrl Pts',(-21.6300332054908,-2.08534817306513,8.55497069860254));
#2988=CARTESIAN_POINT('Ctrl Pts',(-15.9071537059048,10.8649983259062,-2.20193971002028));
#2989=CARTESIAN_POINT('Ctrl Pts',(-8.51022226213948,25.9254463956376,-14.2115945529012));
#2990=CARTESIAN_POINT('Ctrl Pts',(-1.00163851375506,39.5257403762829,-20.8180334022215));
#2991=CARTESIAN_POINT('Ctrl Pts',(6.11102214505954,50.4260681821299,-19.5259038120615));
#2992=CARTESIAN_POINT('Ctrl Pts',(12.3136340592534,57.2206651827073,-11.0992229570396));
#2993=CARTESIAN_POINT('Ctrl Pts',(17.0708557068867,58.5171580724334,1.34658991316713));
#2994=CARTESIAN_POINT('Ctrl Pts',(20.044423153113,53.7553190551108,13.4112127198273));
#2995=CARTESIAN_POINT('Ctrl Pts',(21.3081653466008,43.7054586228607,20.8151847270461));
#2996=CARTESIAN_POINT('Ctrl Pts',(21.1559847242929,29.9369086562028,20.5968330670107));
#2997=CARTESIAN_POINT('Ctrl Pts',(19.9268329442293,14.0904128037645,12.6662678543604));
#2998=CARTESIAN_POINT('Ctrl Pts',(18.5477647992499,2.92227135720896,4.30396454687249));
#2999=CARTESIAN_POINT('Ctrl Pts',(17.7465178018512,-2.64172981329288,0.120061856873108));
#3000=CARTESIAN_POINT('Ctrl Pts',(-58.8943757919155,8.4677328772605,1.72612603478917E-13));
#3001=CARTESIAN_POINT('Ctrl Pts',(-58.6979673505166,9.83378359286537,4.02637732089864));
#3002=CARTESIAN_POINT('Ctrl Pts',(-56.244250600556,12.2718534284602,12.0711204684468));
#3003=CARTESIAN_POINT('Ctrl Pts',(-47.1959608797555,14.9649737562748,19.8085505599794));
#3004=CARTESIAN_POINT('Ctrl Pts',(-34.205193277395,16.8165321455963,20.3551100635514));
#3005=CARTESIAN_POINT('Ctrl Pts',(-13.4252188412287,18.2988280792317,10.7407953412298));
#3006=CARTESIAN_POINT('Ctrl Pts',(9.75680925297126,18.396329905813,-9.04952382412533));
#3007=CARTESIAN_POINT('Ctrl Pts',(31.1856141155474,17.1094930377521,-20.4624180488284));
#3008=CARTESIAN_POINT('Ctrl Pts',(43.7320407767797,15.5528661574748,-21.3391765853097));
#3009=CARTESIAN_POINT('Ctrl Pts',(52.320234459824,13.6123303979659,-16.9788842471775));
#3010=CARTESIAN_POINT('Ctrl Pts',(57.4593096991641,11.539416071981,-10.528782747269));
#3011=CARTESIAN_POINT('Ctrl Pts',(60.0135251633451,9.04892926456079,-2.44179351548592));
#3012=CARTESIAN_POINT('Ctrl Pts',(59.78691195376,6.15185761652627,5.99508924094706));
#3013=CARTESIAN_POINT('Ctrl Pts',(56.843300077609,2.89789454960542,13.4557458715991));
#3014=CARTESIAN_POINT('Ctrl Pts',(50.5793678931869,-1.21863704700333,19.6467736306271));
#3015=CARTESIAN_POINT('Ctrl Pts',(40.1249456325798,-6.18815389424489,21.4748664772396));
#3016=CARTESIAN_POINT('Ctrl Pts',(25.6547191707589,-11.7328346223021,15.4509314553495));
#3017=CARTESIAN_POINT('Ctrl Pts',(9.73743884090791,-16.9544151529965,3.74035241692507));
#3018=CARTESIAN_POINT('Ctrl Pts',(-6.61933994803246,-21.5922542767835,-9.28802328186121));
#3019=CARTESIAN_POINT('Ctrl Pts',(-22.4439300620867,-25.3523708461319,-18.8445123170027));
#3020=CARTESIAN_POINT('Ctrl Pts',(-36.630894188257,-27.861568175067,-21.2635299919821));
#3021=CARTESIAN_POINT('Ctrl Pts',(-47.7836784414928,-28.6133146736937,-15.757876324677));
#3022=CARTESIAN_POINT('Ctrl Pts',(-54.3888550466397,-27.0480581903217,-4.57059486425077));
#3023=CARTESIAN_POINT('Ctrl Pts',(-55.3402792502249,-22.8289788683832,8.29884531477426));
#3024=CARTESIAN_POINT('Ctrl Pts',(-50.7334476365297,-16.1583443801302,18.363661742193));
#3025=CARTESIAN_POINT('Ctrl Pts',(-41.658216967377,-7.70242975701152,21.8628322287113));
#3026=CARTESIAN_POINT('Ctrl Pts',(-31.0422329430721,0.57542729041495,17.7042754625512));
#3027=CARTESIAN_POINT('Ctrl Pts',(-20.69007035057,7.93998551848089,10.0004731817791));
#3028=CARTESIAN_POINT('Ctrl Pts',(-8.24731066991726,16.2562298972554,-0.967978899122235));
#3029=CARTESIAN_POINT('Ctrl Pts',(5.66380823029449,24.7659395503111,-13.3400534112746));
#3030=CARTESIAN_POINT('Ctrl Pts',(19.8031489038047,32.4237747199336,-20.2937305424677));
#3031=CARTESIAN_POINT('Ctrl Pts',(30.5551951927506,37.4038528611001,-20.1461432893055));
#3032=CARTESIAN_POINT('Ctrl Pts',(38.4057525280741,39.9573816506315,-14.656953686625));
#3033=CARTESIAN_POINT('Ctrl Pts',(43.3571945499663,40.230115329305,-6.75568768624864));
#3034=CARTESIAN_POINT('Ctrl Pts',(45.8371923078488,38.7114290801282,1.42180778973041));
#3035=CARTESIAN_POINT('Ctrl Pts',(46.2398558350292,35.408957576311,9.34957236547664));
#3036=CARTESIAN_POINT('Ctrl Pts',(44.6860359371291,30.4978141710033,15.738802667769));
#3037=CARTESIAN_POINT('Ctrl Pts',(41.4546246306932,24.2783548810848,19.5482746955834));
#3038=CARTESIAN_POINT('Ctrl Pts',(36.8440551039876,17.0287861119639,20.1298266158639));
#3039=CARTESIAN_POINT('Ctrl Pts',(31.1382815347393,9.02558472194481,17.2519314227354));
#3040=CARTESIAN_POINT('Ctrl Pts',(22.4527250957298,-2.23470046112068,9.41841205698224));
#3041=CARTESIAN_POINT('Ctrl Pts',(12.6732024738309,-13.8173169913425,-2.45431777851295));
#3042=CARTESIAN_POINT('Ctrl Pts',(2.61421382108548,-24.7940432554293,-12.8414344449093));
#3043=CARTESIAN_POINT('Ctrl Pts',(-5.71317690210772,-33.3390550378088,-19.211420153296));
#3044=CARTESIAN_POINT('Ctrl Pts',(-14.5414244954866,-41.6195203649213,-21.7988641783381));
#3045=CARTESIAN_POINT('Ctrl Pts',(-21.6874978664576,-47.2549568941997,-18.7604121608994));
#3046=CARTESIAN_POINT('Ctrl Pts',(-26.4254933836798,-50.073820828304,-13.7239306117373));
#3047=CARTESIAN_POINT('Ctrl Pts',(-29.9096570277184,-51.4498533311512,-8.19420832809964));
#3048=CARTESIAN_POINT('Ctrl Pts',(-32.8413439699847,-51.3343181512093,-0.824156509501004));
#3049=CARTESIAN_POINT('Ctrl Pts',(-34.6093107348722,-48.8204951698583,7.58145637216088));
#3050=CARTESIAN_POINT('Ctrl Pts',(-34.876759897533,-44.0369497263467,14.7940299471255));
#3051=CARTESIAN_POINT('Ctrl Pts',(-33.7809791782187,-37.2704923241938,19.6363603054009));
#3052=CARTESIAN_POINT('Ctrl Pts',(-31.5400798207889,-28.9700425040309,21.2061030149859));
#3053=CARTESIAN_POINT('Ctrl Pts',(-28.6827763368786,-20.4378044916026,19.3573361295909));
#3054=CARTESIAN_POINT('Ctrl Pts',(-25.6032261482792,-12.2275973208997,15.3438139552763));
#3055=CARTESIAN_POINT('Ctrl Pts',(-21.5038544478834,-2.07728850251596,8.63453290597625));
#3056=CARTESIAN_POINT('Ctrl Pts',(-15.7792451091655,10.8715031558883,-2.12427041750843));
#3057=CARTESIAN_POINT('Ctrl Pts',(-8.38595855483467,25.9192290002496,-14.1290661743978));
#3058=CARTESIAN_POINT('Ctrl Pts',(-0.890314286762342,39.4891978758989,-20.7188011841147));
#3059=CARTESIAN_POINT('Ctrl Pts',(6.18182244629409,50.3217689748113,-19.4321358026016));
#3060=CARTESIAN_POINT('Ctrl Pts',(12.3476727961216,57.0733256483678,-11.0641705015456));
#3061=CARTESIAN_POINT('Ctrl Pts',(17.086951937069,58.3677568748339,1.32205965225771));
#3062=CARTESIAN_POINT('Ctrl Pts',(20.0469288739225,53.6255868704401,13.3202816593057));
#3063=CARTESIAN_POINT('Ctrl Pts',(21.3033109952501,43.659927686516,20.6598108566701));
#3064=CARTESIAN_POINT('Ctrl Pts',(21.1571301743414,29.9876585567325,20.4504613423332));
#3065=CARTESIAN_POINT('Ctrl Pts',(19.9350734015624,14.1724768471243,12.5424667431504));
#3066=CARTESIAN_POINT('Ctrl Pts',(18.5592303205373,3.01080991370144,4.18390229716227));
#3067=CARTESIAN_POINT('Ctrl Pts',(17.7592191168176,-2.55339022729867,2.30153490991066E-13));
#3068=CARTESIAN_POINT('',(-58.8943757919155,8.4677328772605,1.66790482687609E-13));
#3069=CARTESIAN_POINT('Ctrl Pts',(-58.8943757919155,8.4677328772605,1.72561625196412E-13));
#3070=CARTESIAN_POINT('Ctrl Pts',(-58.8742290070866,8.6078568436054,-0.0483677211380082));
#3071=CARTESIAN_POINT('Ctrl Pts',(-58.9758482671821,8.90761109363368,-0.144799584023728));
#3072=CARTESIAN_POINT('Ctrl Pts',(-59.4400407507513,9.07914833559559,-0.180240377989069));
#3073=CARTESIAN_POINT('Ctrl Pts',(-59.8669760524792,8.84518347960857,-0.0803572222899446));
#3074=CARTESIAN_POINT('Ctrl Pts',(-59.9324801795005,8.37991257058788,0.0801764235799329));
#3075=CARTESIAN_POINT('Ctrl Pts',(-59.5909210967238,8.03351661898971,0.180715081766099));
#3076=CARTESIAN_POINT('Ctrl Pts',(-59.0962767580017,8.06961380912001,0.144455918971489));
#3077=CARTESIAN_POINT('Ctrl Pts',(-58.9145225767444,8.3276089109156,0.0483677211383534));
#3078=CARTESIAN_POINT('Ctrl Pts',(-58.8943757919155,8.4677328772605,1.72612603478917E-13));
#3079=CARTESIAN_POINT('',(17.7592191168176,-2.55339022729869,2.16611124129677E-13));
#3080=CARTESIAN_POINT('Ctrl Pts',(-58.8943757919155,8.4677328772605,1.72612603478917E-13));
#3081=CARTESIAN_POINT('Ctrl Pts',(-58.6979673505166,9.83378359286537,4.02637732089864));
#3082=CARTESIAN_POINT('Ctrl Pts',(-56.244250600556,12.2718534284602,12.0711204684468));
#3083=CARTESIAN_POINT('Ctrl Pts',(-47.1959608797555,14.9649737562748,19.8085505599794));
#3084=CARTESIAN_POINT('Ctrl Pts',(-34.205193277395,16.8165321455963,20.3551100635514));
#3085=CARTESIAN_POINT('Ctrl Pts',(-13.4252188412287,18.2988280792317,10.7407953412298));
#3086=CARTESIAN_POINT('Ctrl Pts',(9.75680925297126,18.396329905813,-9.04952382412533));
#3087=CARTESIAN_POINT('Ctrl Pts',(31.1856141155474,17.1094930377521,-20.4624180488284));
#3088=CARTESIAN_POINT('Ctrl Pts',(43.7320407767797,15.5528661574748,-21.3391765853097));
#3089=CARTESIAN_POINT('Ctrl Pts',(52.320234459824,13.6123303979659,-16.9788842471775));
#3090=CARTESIAN_POINT('Ctrl Pts',(57.4593096991641,11.539416071981,-10.528782747269));
#3091=CARTESIAN_POINT('Ctrl Pts',(60.0135251633451,9.04892926456079,-2.44179351548592));
#3092=CARTESIAN_POINT('Ctrl Pts',(59.78691195376,6.15185761652627,5.99508924094706));
#3093=CARTESIAN_POINT('Ctrl Pts',(56.843300077609,2.89789454960542,13.4557458715991));
#3094=CARTESIAN_POINT('Ctrl Pts',(50.5793678931869,-1.21863704700333,19.6467736306271));
#3095=CARTESIAN_POINT('Ctrl Pts',(40.1249456325798,-6.18815389424489,21.4748664772396));
#3096=CARTESIAN_POINT('Ctrl Pts',(25.6547191707589,-11.7328346223021,15.4509314553495));
#3097=CARTESIAN_POINT('Ctrl Pts',(9.73743884090791,-16.9544151529965,3.74035241692507));
#3098=CARTESIAN_POINT('Ctrl Pts',(-6.61933994803246,-21.5922542767835,-9.28802328186121));
#3099=CARTESIAN_POINT('Ctrl Pts',(-22.4439300620867,-25.3523708461319,-18.8445123170027));
#3100=CARTESIAN_POINT('Ctrl Pts',(-36.630894188257,-27.861568175067,-21.2635299919821));
#3101=CARTESIAN_POINT('Ctrl Pts',(-47.7836784414928,-28.6133146736937,-15.757876324677));
#3102=CARTESIAN_POINT('Ctrl Pts',(-54.3888550466397,-27.0480581903217,-4.57059486425077));
#3103=CARTESIAN_POINT('Ctrl Pts',(-55.3402792502249,-22.8289788683832,8.29884531477426));
#3104=CARTESIAN_POINT('Ctrl Pts',(-50.7334476365297,-16.1583443801302,18.363661742193));
#3105=CARTESIAN_POINT('Ctrl Pts',(-41.658216967377,-7.70242975701152,21.8628322287113));
#3106=CARTESIAN_POINT('Ctrl Pts',(-31.0422329430721,0.57542729041495,17.7042754625512));
#3107=CARTESIAN_POINT('Ctrl Pts',(-20.69007035057,7.93998551848089,10.0004731817791));
#3108=CARTESIAN_POINT('Ctrl Pts',(-8.24731066991726,16.2562298972554,-0.967978899122235));
#3109=CARTESIAN_POINT('Ctrl Pts',(5.66380823029449,24.7659395503111,-13.3400534112746));
#3110=CARTESIAN_POINT('Ctrl Pts',(19.8031489038047,32.4237747199336,-20.2937305424677));
#3111=CARTESIAN_POINT('Ctrl Pts',(30.5551951927506,37.4038528611001,-20.1461432893055));
#3112=CARTESIAN_POINT('Ctrl Pts',(38.4057525280741,39.9573816506315,-14.656953686625));
#3113=CARTESIAN_POINT('Ctrl Pts',(43.3571945499663,40.230115329305,-6.75568768624864));
#3114=CARTESIAN_POINT('Ctrl Pts',(45.8371923078488,38.7114290801282,1.42180778973041));
#3115=CARTESIAN_POINT('Ctrl Pts',(46.2398558350292,35.408957576311,9.34957236547664));
#3116=CARTESIAN_POINT('Ctrl Pts',(44.6860359371291,30.4978141710033,15.738802667769));
#3117=CARTESIAN_POINT('Ctrl Pts',(41.4546246306932,24.2783548810848,19.5482746955834));
#3118=CARTESIAN_POINT('Ctrl Pts',(36.8440551039876,17.0287861119639,20.1298266158639));
#3119=CARTESIAN_POINT('Ctrl Pts',(31.1382815347393,9.02558472194481,17.2519314227354));
#3120=CARTESIAN_POINT('Ctrl Pts',(22.4527250957298,-2.23470046112068,9.41841205698224));
#3121=CARTESIAN_POINT('Ctrl Pts',(12.6732024738309,-13.8173169913425,-2.45431777851295));
#3122=CARTESIAN_POINT('Ctrl Pts',(2.61421382108548,-24.7940432554293,-12.8414344449093));
#3123=CARTESIAN_POINT('Ctrl Pts',(-5.71317690210772,-33.3390550378088,-19.211420153296));
#3124=CARTESIAN_POINT('Ctrl Pts',(-14.5414244954866,-41.6195203649213,-21.7988641783381));
#3125=CARTESIAN_POINT('Ctrl Pts',(-21.6874978664576,-47.2549568941997,-18.7604121608994));
#3126=CARTESIAN_POINT('Ctrl Pts',(-26.4254933836798,-50.073820828304,-13.7239306117373));
#3127=CARTESIAN_POINT('Ctrl Pts',(-29.9096570277184,-51.4498533311512,-8.19420832809964));
#3128=CARTESIAN_POINT('Ctrl Pts',(-32.8413439699847,-51.3343181512093,-0.824156509501004));
#3129=CARTESIAN_POINT('Ctrl Pts',(-34.6093107348722,-48.8204951698583,7.58145637216088));
#3130=CARTESIAN_POINT('Ctrl Pts',(-34.876759897533,-44.0369497263467,14.7940299471255));
#3131=CARTESIAN_POINT('Ctrl Pts',(-33.7809791782187,-37.2704923241938,19.6363603054009));
#3132=CARTESIAN_POINT('Ctrl Pts',(-31.5400798207889,-28.9700425040309,21.2061030149859));
#3133=CARTESIAN_POINT('Ctrl Pts',(-28.6827763368786,-20.4378044916026,19.3573361295909));
#3134=CARTESIAN_POINT('Ctrl Pts',(-25.6032261482792,-12.2275973208997,15.3438139552763));
#3135=CARTESIAN_POINT('Ctrl Pts',(-21.5038544478834,-2.07728850251596,8.63453290597625));
#3136=CARTESIAN_POINT('Ctrl Pts',(-15.7792451091655,10.8715031558883,-2.12427041750843));
#3137=CARTESIAN_POINT('Ctrl Pts',(-8.38595855483467,25.9192290002496,-14.1290661743978));
#3138=CARTESIAN_POINT('Ctrl Pts',(-0.890314286762342,39.4891978758989,-20.7188011841147));
#3139=CARTESIAN_POINT('Ctrl Pts',(6.18182244629409,50.3217689748113,-19.4321358026016));
#3140=CARTESIAN_POINT('Ctrl Pts',(12.3476727961216,57.0733256483678,-11.0641705015456));
#3141=CARTESIAN_POINT('Ctrl Pts',(17.086951937069,58.3677568748339,1.32205965225771));
#3142=CARTESIAN_POINT('Ctrl Pts',(20.0469288739225,53.6255868704401,13.3202816593057));
#3143=CARTESIAN_POINT('Ctrl Pts',(21.3033109952501,43.659927686516,20.6598108566701));
#3144=CARTESIAN_POINT('Ctrl Pts',(21.1571301743414,29.9876585567325,20.4504613423332));
#3145=CARTESIAN_POINT('Ctrl Pts',(19.9350734015624,14.1724768471243,12.5424667431504));
#3146=CARTESIAN_POINT('Ctrl Pts',(18.5592303205373,3.01080991370144,4.18390229716227));
#3147=CARTESIAN_POINT('Ctrl Pts',(17.7592191168176,-2.55339022729867,2.30153490991066E-13));
#3148=CARTESIAN_POINT('Ctrl Pts',(17.7592191168176,-2.55339022729867,2.29983234193517E-13));
#3149=CARTESIAN_POINT('Ctrl Pts',(17.7719204317841,-2.46505064130447,-0.120061856872648));
#3150=CARTESIAN_POINT('Ctrl Pts',(17.939029720787,-2.30931173525461,-0.359432003890489));
#3151=CARTESIAN_POINT('Ctrl Pts',(18.427291205533,-2.31344539696783,-0.447405706855567));
#3152=CARTESIAN_POINT('Ctrl Pts',(18.786392592636,-2.55127578030373,-0.199468511110586));
#3153=CARTESIAN_POINT('Ctrl Pts',(18.7428730754592,-2.84428097241671,0.199019719472927));
#3154=CARTESIAN_POINT('Ctrl Pts',(18.3330349049009,-2.97277650745622,0.448584050916982));
#3155=CARTESIAN_POINT('Ctrl Pts',(17.8630153483672,-2.83760457549431,0.358578933633086));
#3156=CARTESIAN_POINT('Ctrl Pts',(17.7465178018512,-2.64172981329288,0.120061856873108));
#3157=CARTESIAN_POINT('Ctrl Pts',(17.7592191168176,-2.55339022729867,2.30153490991066E-13));
#3158=CARTESIAN_POINT('Ctrl Pts',(17.7592191168176,-2.55339022729868,2.26966593048516E-13));
#3159=CARTESIAN_POINT('Ctrl Pts',(16.959207913098,-8.11759036829881,-4.18390229716182));
#3160=CARTESIAN_POINT('Ctrl Pts',(15.1347238645634,-19.2146706164422,-12.5424409570522));
#3161=CARTESIAN_POINT('Ctrl Pts',(11.8516227715323,-34.7336210387894,-20.4505430381321));
#3162=CARTESIAN_POINT('Ctrl Pts',(8.13996198242499,-47.8931527852123,-20.6594580677197));
#3163=CARTESIAN_POINT('Ctrl Pts',(4.12679122752815,-57.1013975929356,-13.3207862969228));
#3164=CARTESIAN_POINT('Ctrl Pts',(-0.0492810507090491,-60.8173112881119,
-1.32177993112124));
#3165=CARTESIAN_POINT('Ctrl Pts',(-4.23189963684113,-58.2404683967219,11.0628642541343));
#3166=CARTESIAN_POINT('Ctrl Pts',(-8.24579936668109,-50.0245674783492,19.4332960583317));
#3167=CARTESIAN_POINT('Ctrl Pts',(-11.8414530387846,-38.0985629914954,20.6654884660079));
#3168=CARTESIAN_POINT('Ctrl Pts',(-14.9796335519785,-24.2264586800967,14.9824531691839));
#3169=CARTESIAN_POINT('Ctrl Pts',(-17.161624102506,-12.1219722423898,6.64427436776751));
#3170=CARTESIAN_POINT('Ctrl Pts',(-18.665425059717,-2.22179980530867,-0.815511703026571));
#3171=CARTESIAN_POINT('Ctrl Pts',(-19.8251061267451,6.46482428382486,-7.30360161209734));
#3172=CARTESIAN_POINT('Ctrl Pts',(-20.904833673317,16.2813559704299,-13.9708659337587));
#3173=CARTESIAN_POINT('Ctrl Pts',(-21.7321963146675,26.8725389946921,-19.1913431134271));
#3174=CARTESIAN_POINT('Ctrl Pts',(-22.1006763892847,36.6824393719253,-21.2057804365735));
#3175=CARTESIAN_POINT('Ctrl Pts',(-21.9122741764979,45.2779284469892,-19.6336756256806));
#3176=CARTESIAN_POINT('Ctrl Pts',(-21.0573181829645,52.079609812217,-14.7938674071803));
#3177=CARTESIAN_POINT('Ctrl Pts',(-19.4530930197563,56.5938607509499,-7.58078058249779));
#3178=CARTESIAN_POINT('Ctrl Pts',(-17.0483130469324,58.5076774153673,0.824311213048621));
#3179=CARTESIAN_POINT('Ctrl Pts',(-14.2031338391178,57.7923602187482,8.19472454066));
#3180=CARTESIAN_POINT('Ctrl Pts',(-11.2471769313089,55.490763543313,13.7240723444184));
#3181=CARTESIAN_POINT('Ctrl Pts',(-7.49588501044351,51.4510179193098,18.7615107186892));
#3182=CARTESIAN_POINT('Ctrl Pts',(-2.22727381664927,44.0297674687769,21.798124326045));
#3183=CARTESIAN_POINT('Ctrl Pts',(4.46874755095415,32.6506471619477,18.9806255565878));
#3184=CARTESIAN_POINT('Ctrl Pts',(11.1692362646771,19.8129542095334,10.6322233618918));
#3185=CARTESIAN_POINT('Ctrl Pts',(17.6161645148217,6.19902316158781,-0.673624719476309));
#3186=CARTESIAN_POINT('Ctrl Pts',(23.0338850758285,-6.39082087277022,-10.7202077811722));
#3187=CARTESIAN_POINT('Ctrl Pts',(27.3337919574702,-17.4325328764756,-17.2529847965926));
#3188=CARTESIAN_POINT('Ctrl Pts',(30.5542535541863,-26.7193005345752,-20.1290470706152));
#3189=CARTESIAN_POINT('Ctrl Pts',(32.9352748865648,-34.9740563251478,-19.5483115157744));
#3190=CARTESIAN_POINT('Ctrl Pts',(34.2838600633844,-41.8519757005588,-15.7385097145702));
#3191=CARTESIAN_POINT('Ctrl Pts',(34.3910004486515,-47.0019204979898,-9.34921141644977));
#3192=CARTESIAN_POINT('Ctrl Pts',(33.0742481868464,-50.0572120333648,-1.42159285838633));
#3193=CARTESIAN_POINT('Ctrl Pts',(30.2667105691787,-50.8156446647507,6.7569743325227));
#3194=CARTESIAN_POINT('Ctrl Pts',(26.0606161499567,-49.3247570016227,13.8665487706547));
#3195=CARTESIAN_POINT('Ctrl Pts',(20.6803417084472,-45.8423438972733,18.7390651694069));
#3196=CARTESIAN_POINT('Ctrl Pts',(14.3853215940188,-40.7140593753256,20.5532848390242));
#3197=CARTESIAN_POINT('Ctrl Pts',(7.4251902655195,-34.2843518883011,18.9031154041704));
#3198=CARTESIAN_POINT('Ctrl Pts',(0.069433106434859,-26.8953855023807,13.9959094724836));
#3199=CARTESIAN_POINT('Ctrl Pts',(-7.44106407538748,-18.8487889885349,6.70055796467148));
#3200=CARTESIAN_POINT('Ctrl Pts',(-17.3745768328881,-7.58903095244346,-4.62007542014997));
#3201=CARTESIAN_POINT('Ctrl Pts',(-26.8061802805193,4.01265570737868,-15.3396938525153));
#3202=CARTESIAN_POINT('Ctrl Pts',(-34.8808922561822,15.0359256885605,-20.4325652295324));
#3203=CARTESIAN_POINT('Ctrl Pts',(-39.9798288378254,22.7387766603901,-20.8394433910976));
#3204=CARTESIAN_POINT('Ctrl Pts',(-44.4083116045169,30.6524780742172,-17.2368351873868));
#3205=CARTESIAN_POINT('Ctrl Pts',(-46.6684579967751,37.4966251805163,-8.30546058283389));
#3206=CARTESIAN_POINT('Ctrl Pts',(-44.5627473743306,41.2732825130833,4.57396792597818));
#3207=CARTESIAN_POINT('Ctrl Pts',(-37.7869654642934,40.9165848311607,15.756398241835));
#3208=CARTESIAN_POINT('Ctrl Pts',(-27.2970283424676,37.052668998497,21.2643603658503));
#3209=CARTESIAN_POINT('Ctrl Pts',(-14.3921712737394,30.6485898973844,18.8441791941763));
#3210=CARTESIAN_POINT('Ctrl Pts',(-0.267971398932215,22.5824570150474,9.28822337868087));
#3211=CARTESIAN_POINT('Ctrl Pts',(14.1198602734465,13.5241438581183,-3.74055074350897));
#3212=CARTESIAN_POINT('Ctrl Pts',(27.9206070432471,4.03004644282979,-15.450411601658));
#3213=CARTESIAN_POINT('Ctrl Pts',(40.244169428392,-5.36771730253363,-21.4755957567382));
#3214=CARTESIAN_POINT('Ctrl Pts',(48.1528319516035,-12.4367882848696,-19.7971334438333));
#3215=CARTESIAN_POINT('Ctrl Pts',(53.3688037292871,-18.29229584508,-14.2247711121105));
#3216=CARTESIAN_POINT('Ctrl Pts',(55.6999118599228,-22.4313482584323,-6.93731911231523));
#3217=CARTESIAN_POINT('Ctrl Pts',(55.0318091293912,-25.5894735112865,2.44460495392495));
#3218=CARTESIAN_POINT('Ctrl Pts',(51.8825845544388,-27.2609353829872,10.5258569148812));
#3219=CARTESIAN_POINT('Ctrl Pts',(46.3638157287618,-27.8003670608869,16.9841734757423));
#3220=CARTESIAN_POINT('Ctrl Pts',(40.4064649642384,-27.4240670681983,19.9278456897308));
#3221=CARTESIAN_POINT('Ctrl Pts',(35.4224441048969,-26.8054829856221,20.7126593815384));
#3222=CARTESIAN_POINT('Ctrl Pts',(30.9125184991632,-26.1313736617101,20.7291353800327));
#3223=CARTESIAN_POINT('Ctrl Pts',(24.8984319388558,-25.0397008601987,19.5025190330389));
#3224=CARTESIAN_POINT('Ctrl Pts',(17.255298843517,-23.4017881917573,16.1888885534294));
#3225=CARTESIAN_POINT('Ctrl Pts',(1.4013637176434,-19.5719051538923,6.56873929467043));
#3226=CARTESIAN_POINT('Ctrl Pts',(-18.0367014793035,-13.7754672365412,-10.7383015958807));
#3227=CARTESIAN_POINT('Ctrl Pts',(-37.5576228274468,-6.49879028757263,-20.3556146940946));
#3228=CARTESIAN_POINT('Ctrl Pts',(-49.5003067417982,-1.06193059333021,-19.8082478914595));
#3229=CARTESIAN_POINT('Ctrl Pts',(-57.4234894543727,4.07096240051442,-12.07119356156));
#3230=CARTESIAN_POINT('Ctrl Pts',(-59.0907842333144,7.10168216165563,-4.0263773208983));
#3231=CARTESIAN_POINT('Ctrl Pts',(-58.8943757919155,8.4677328772605,1.68233289562799E-13));
#3232=CARTESIAN_POINT('Ctrl Pts',(17.7719204317841,-2.46505064130447,-0.12006185687265));
#3233=CARTESIAN_POINT('Ctrl Pts',(16.9731506388928,-8.02941043589207,-4.30396450155781));
#3234=CARTESIAN_POINT('Ctrl Pts',(15.1499550776962,-19.1336059470456,-12.6662541230545));
#3235=CARTESIAN_POINT('Ctrl Pts',(11.8648339195797,-34.684607228667,-20.5969314881739));
#3236=CARTESIAN_POINT('Ctrl Pts',(8.13172551660695,-47.9381947465956,-20.8148628345676));
#3237=CARTESIAN_POINT('Ctrl Pts',(4.0879181680692,-57.2252236825563,-13.4117266534443));
#3238=CARTESIAN_POINT('Ctrl Pts',(-0.106828077710501,-60.9561577640391,
-1.34635170337589));
#3239=CARTESIAN_POINT('Ctrl Pts',(-4.30605148997619,-58.3722870699306,11.0979804386706));
#3240=CARTESIAN_POINT('Ctrl Pts',(-8.34315960355328,-50.1046924413122,19.5269499924836));
#3241=CARTESIAN_POINT('Ctrl Pts',(-11.9578423038618,-38.1049212487239,20.7648531155178));
#3242=CARTESIAN_POINT('Ctrl Pts',(-15.1003806790347,-24.2003607088746,15.066698427546));
#3243=CARTESIAN_POINT('Ctrl Pts',(-17.2826701182565,-12.0840550236209,6.72369427916693));
#3244=CARTESIAN_POINT('Ctrl Pts',(-18.785614291067,-2.1796935828948,-0.737172247385799));
#3245=CARTESIAN_POINT('Ctrl Pts',(-19.9441367489753,6.50788539459008,-7.22394109996873));
#3246=CARTESIAN_POINT('Ctrl Pts',(-21.0220334544529,16.321244793252,-13.8868741361506));
#3247=CARTESIAN_POINT('Ctrl Pts',(-21.846769995117,26.9007998285186,-19.0989559074937));
#3248=CARTESIAN_POINT('Ctrl Pts',(-22.2124981858574,36.6857479990055,-21.1048360539587));
#3249=CARTESIAN_POINT('Ctrl Pts',(-22.0231156099436,45.2448254805321,-19.5366592896593));
#3250=CARTESIAN_POINT('Ctrl Pts',(-21.1701673916436,52.0185702979204,-14.7155367529378));
#3251=CARTESIAN_POINT('Ctrl Pts',(-19.569017282709,56.519653704174,-7.52161436582545));
#3252=CARTESIAN_POINT('Ctrl Pts',(-17.1672305747586,58.4284317187682,0.868793061611617));
#3253=CARTESIAN_POINT('Ctrl Pts',(-14.3244303314967,57.7123491067017,8.23012580126534));
#3254=CARTESIAN_POINT('Ctrl Pts',(-11.3700882525742,55.4111152676066,13.754322273419));
#3255=CARTESIAN_POINT('Ctrl Pts',(-7.6201433119294,51.372024663627,18.7877778523455));
#3256=CARTESIAN_POINT('Ctrl Pts',(-2.35186250642606,43.9503737157676,21.8216110041315));
#3257=CARTESIAN_POINT('Ctrl Pts',(4.34367164482776,32.5710533148171,19.0006720051091));
#3258=CARTESIAN_POINT('Ctrl Pts',(11.0422312892608,19.7358185114311,10.6497644927913));
#3259=CARTESIAN_POINT('Ctrl Pts',(17.4867870506916,6.12571129048717,-0.656828977676383));
#3260=CARTESIAN_POINT('Ctrl Pts',(22.9016386035429,-6.45875711559795,-10.7026037497444));
#3261=CARTESIAN_POINT('Ctrl Pts',(27.1980130753823,-17.4926692457835,-17.2335827865327));
#3262=CARTESIAN_POINT('Ctrl Pts',(30.4140803057752,-26.7681894908751,-20.1079627226163));
#3263=CARTESIAN_POINT('Ctrl Pts',(32.7895160640087,-35.0054153720825,-19.5300682878626));
#3264=CARTESIAN_POINT('Ctrl Pts',(34.1342556515175,-41.8652743433421,-15.7329335127774));
#3265=CARTESIAN_POINT('Ctrl Pts',(34.2413169740651,-47.0034719754485,-9.36257003984427));
#3266=CARTESIAN_POINT('Ctrl Pts',(32.9281346492523,-50.0527796759772,-1.45718294725232));
#3267=CARTESIAN_POINT('Ctrl Pts',(30.1292365909952,-50.8110031057803,6.69526403726413));
#3268=CARTESIAN_POINT('Ctrl Pts',(25.94011221936,-49.3280480146772,13.7745509503468));
#3269=CARTESIAN_POINT('Ctrl Pts',(20.5908983758673,-45.868074383692,18.6179135079828));
#3270=CARTESIAN_POINT('Ctrl Pts',(14.3344159358292,-40.7742051034313,20.4228975597309));
#3271=CARTESIAN_POINT('Ctrl Pts',(7.40008843001963,-34.3717914090312,18.7830806198203));
#3272=CARTESIAN_POINT('Ctrl Pts',(0.0559020800792365,-26.9976117477879,
13.8870991760916));
#3273=CARTESIAN_POINT('Ctrl Pts',(-7.45106493605155,-18.9580755935749,6.59859603027603));
#3274=CARTESIAN_POINT('Ctrl Pts',(-17.3870663929416,-7.69975968696358,-4.71959408462744));
#3275=CARTESIAN_POINT('Ctrl Pts',(-26.8290720287232,3.90964963906814,-15.4478269176361));
#3276=CARTESIAN_POINT('Ctrl Pts',(-34.9304967540347,14.9640494494838,-20.5564782496009));
#3277=CARTESIAN_POINT('Ctrl Pts',(-40.0611187684315,22.7103710980474,-20.9669772935928));
#3278=CARTESIAN_POINT('Ctrl Pts',(-44.5263912941387,30.6846184035337,-17.3349685392998));
#3279=CARTESIAN_POINT('Ctrl Pts',(-46.8012014422925,37.5697797785396,-8.3405086172573));
#3280=CARTESIAN_POINT('Ctrl Pts',(-44.6853126520805,41.3613803580508,4.60394345678992));
#3281=CARTESIAN_POINT('Ctrl Pts',(-37.8738787768428,41.0030932148659,15.8607790293279));
#3282=CARTESIAN_POINT('Ctrl Pts',(-27.2903863185804,37.1005652743927,21.4180143546926));
#3283=CARTESIAN_POINT('Ctrl Pts',(-14.3176392053926,30.6571943463999,18.97660339706));
#3284=CARTESIAN_POINT('Ctrl Pts',(-0.17478862061244,22.5758341656935,9.4046535461272));
#3285=CARTESIAN_POINT('Ctrl Pts',(14.216423032628,13.5109781776615,-3.62675014189646));
#3286=CARTESIAN_POINT('Ctrl Pts',(28.005342392881,4.02052429786236,-15.3276024420783));
#3287=CARTESIAN_POINT('Ctrl Pts',(40.292289249248,-5.35498449414966,-21.3281910375132));
#3288=CARTESIAN_POINT('Ctrl Pts',(48.1396538153629,-12.3743331862569,-19.6557221264442));
#3289=CARTESIAN_POINT('Ctrl Pts',(53.3168043395099,-18.1899184868747,-14.1241816220892));
#3290=CARTESIAN_POINT('Ctrl Pts',(55.6346807001832,-22.3086667440523,-6.87631337750856));
#3291=CARTESIAN_POINT('Ctrl Pts',(54.9673195111374,-25.4550601058293,2.46642954209343));
#3292=CARTESIAN_POINT('Ctrl Pts',(51.8280719617058,-27.1208352953851,10.5154845201643));
#3293=CARTESIAN_POINT('Ctrl Pts',(46.3308352264828,-27.6585689739433,16.943984646096));
#3294=CARTESIAN_POINT('Ctrl Pts',(40.4007297658049,-27.2846220365289,19.8723192937084));
#3295=CARTESIAN_POINT('Ctrl Pts',(35.43637659769,-26.66914303431,20.6526006345539));
#3296=CARTESIAN_POINT('Ctrl Pts',(30.9420828817373,-25.9977977060569,20.6680982934614));
#3297=CARTESIAN_POINT('Ctrl Pts',(24.9437699405441,-24.9097123158932,19.4435593948584));
#3298=CARTESIAN_POINT('Ctrl Pts',(17.313241315109,-23.2753103951359,16.1338294744433));
#3299=CARTESIAN_POINT('Ctrl Pts',(1.47510131282246,-19.4508455313551,6.51986502398082));
#3300=CARTESIAN_POINT('Ctrl Pts',(-17.9586446371002,-13.6578976182876,-10.7872642724156));
#3301=CARTESIAN_POINT('Ctrl Pts',(-37.4900772815437,-6.37984447927595,-20.4174175958358));
#3302=CARTESIAN_POINT('Ctrl Pts',(-49.4599951927689,-0.932742172180779,
-19.8740420574401));
#3303=CARTESIAN_POINT('Ctrl Pts',(-57.4002776738083,4.20965363447716,-12.1228271040371));
#3304=CARTESIAN_POINT('Ctrl Pts',(-59.0693902540417,7.24168670034194,-4.07453627009037));
#3305=CARTESIAN_POINT('Ctrl Pts',(-58.8742290070866,8.6078568436054,-0.0483677211380125));
#3306=CARTESIAN_POINT('Ctrl Pts',(17.9390293703796,-2.30931185039492,-0.359431783487615));
#3307=CARTESIAN_POINT('Ctrl Pts',(17.1424484743657,-7.87599234787404,-4.54329741457267));
#3308=CARTESIAN_POINT('Ctrl Pts',(15.3212019433709,-18.9982213151257,-12.9130383250519));
#3309=CARTESIAN_POINT('Ctrl Pts',(12.0307257840632,-34.6200321542957,-20.8888356139657));
#3310=CARTESIAN_POINT('Ctrl Pts',(8.25152104369932,-48.0735048129969,-21.1227336803516));
#3311=CARTESIAN_POINT('Ctrl Pts',(4.14109289527145,-57.5308415000562,-13.5773788185528));
#3312=CARTESIAN_POINT('Ctrl Pts',(-0.0971412160586667,-61.2947382588428,
-1.35711557387106));
#3313=CARTESIAN_POINT('Ctrl Pts',(-4.33785263930371,-58.6908648466882,11.2369404000862));
#3314=CARTESIAN_POINT('Ctrl Pts',(-8.43851542554373,-50.2802878952608,19.8242649653277));
#3315=CARTESIAN_POINT('Ctrl Pts',(-12.1066687151952,-38.0699298054271,21.0738631467457));
#3316=CARTESIAN_POINT('Ctrl Pts',(-15.2602754381329,-24.0756643442196,15.3281878181811));
#3317=CARTESIAN_POINT('Ctrl Pts',(-17.4421487225591,-11.9295475535741,6.96979208234625));
#3318=CARTESIAN_POINT('Ctrl Pts',(-18.9415695301629,-2.01751789728415,-0.494505802888263));
#3319=CARTESIAN_POINT('Ctrl Pts',(-20.0958188913209,6.66846006459551,-6.97723497265475));
#3320=CARTESIAN_POINT('Ctrl Pts',(-21.1673574270294,16.4664535411064,-13.6265777906922));
#3321=CARTESIAN_POINT('Ctrl Pts',(-21.9832274288461,27.0026372687487,-18.8123836399053));
#3322=CARTESIAN_POINT('Ctrl Pts',(-22.3398604094342,36.6988089667912,-20.7923737928109));
#3323=CARTESIAN_POINT('Ctrl Pts',(-22.1475610659415,45.1299225912725,-19.2417930918586));
#3324=CARTESIAN_POINT('Ctrl Pts',(-21.3027066391061,51.8030270924914,-14.4926907123663));
#3325=CARTESIAN_POINT('Ctrl Pts',(-19.7148130358034,56.2548470719289,-7.37837503474154));
#3326=CARTESIAN_POINT('Ctrl Pts',(-17.328852691989,58.1455963565972,0.940961107782025));
#3327=CARTESIAN_POINT('Ctrl Pts',(-14.5033136602962,57.4321965632022,8.24553692232921));
#3328=CARTESIAN_POINT('Ctrl Pts',(-11.5689326400547,55.1466869257718,13.7249545606607));
#3329=CARTESIAN_POINT('Ctrl Pts',(-7.8465576386702,51.1382065108286,18.7123456186148));
#3330=CARTESIAN_POINT('Ctrl Pts',(-2.62038567468222,43.7799243418835,21.7184124196711));
#3331=CARTESIAN_POINT('Ctrl Pts',(4.04618191899503,32.4556161443597,18.9097252401684));
#3332=CARTESIAN_POINT('Ctrl Pts',(10.7339251284704,19.6464506719271,10.5683963991976));
#3333=CARTESIAN_POINT('Ctrl Pts',(17.1738656892486,6.05151379472287,-0.735225971015017));
#3334=CARTESIAN_POINT('Ctrl Pts',(22.5885818693859,-6.52717837909952,-10.785291929004));
#3335=CARTESIAN_POINT('Ctrl Pts',(26.8878749420184,-17.5631137427061,-17.3252452254652));
#3336=CARTESIAN_POINT('Ctrl Pts',(30.1099354963052,-26.8502072092165,-20.2100559293697));
#3337=CARTESIAN_POINT('Ctrl Pts',(32.4938142267889,-35.1096241632145,-19.636827888677));
#3338=CARTESIAN_POINT('Ctrl Pts',(33.8441776006841,-41.9887093376705,-15.8338275620653));
#3339=CARTESIAN_POINT('Ctrl Pts',(33.9535321705105,-47.1347319072242,-9.4595746608978));
#3340=CARTESIAN_POINT('Ctrl Pts',(32.6432498583201,-50.1863981067513,-1.55951510345417));
#3341=CARTESIAN_POINT('Ctrl Pts',(29.8516363454805,-50.9473616025559,6.57724415431962));
#3342=CARTESIAN_POINT('Ctrl Pts',(25.6792766784777,-49.4736907694579,13.6306701644072));
#3343=CARTESIAN_POINT('Ctrl Pts',(20.3640215533642,-46.0390436539384,18.4451541985733));
#3344=CARTESIAN_POINT('Ctrl Pts',(14.1514563644857,-40.9850356713106,20.2424901911511));
#3345=CARTESIAN_POINT('Ctrl Pts',(7.2465846061325,-34.6144142917323,18.6176301723598));
#3346=CARTESIAN_POINT('Ctrl Pts',(-0.085954786519233,-27.2562129279828,
13.7371193841146));
#3347=CARTESIAN_POINT('Ctrl Pts',(-7.59139360516325,-19.2227542399707,6.45796101977168));
#3348=CARTESIAN_POINT('Ctrl Pts',(-17.5348474937418,-7.96177414773285,-4.85675188010767));
#3349=CARTESIAN_POINT('Ctrl Pts',(-26.9951804472013,3.66320260595495,-15.5968261122276));
#3350=CARTESIAN_POINT('Ctrl Pts',(-35.1385961199515,14.7676045087149,-20.7265696766325));
#3351=CARTESIAN_POINT('Ctrl Pts',(-40.3179311899652,22.581422352236,-21.1400282549004));
#3352=CARTESIAN_POINT('Ctrl Pts',(-44.8400361752476,30.6502965953477,-17.4592250835681));
#3353=CARTESIAN_POINT('Ctrl Pts',(-47.1383543631359,37.6028660392376,-8.35860913319405));
#3354=CARTESIAN_POINT('Ctrl Pts',(-45.0019307555771,41.4203529939271,4.70492911755227));
#3355=CARTESIAN_POINT('Ctrl Pts',(-38.1182345066682,41.0579432028582,16.1097977683503));
#3356=CARTESIAN_POINT('Ctrl Pts',(-27.3362696004453,37.072991647506,21.7686660081348));
#3357=CARTESIAN_POINT('Ctrl Pts',(-14.2188111213094,30.5451983655676,19.2781343878173));
#3358=CARTESIAN_POINT('Ctrl Pts',(-0.0394306684002941,22.4325542753414,
9.66950146906868));
#3359=CARTESIAN_POINT('Ctrl Pts',(14.3543071152205,13.356005550704,-3.36785474887608));
#3360=CARTESIAN_POINT('Ctrl Pts',(28.1111546520979,3.87731026062324,-15.0482305435899));
#3361=CARTESIAN_POINT('Ctrl Pts',(40.3078908503946,-5.44252889831549,-20.9923948929266));
#3362=CARTESIAN_POINT('Ctrl Pts',(48.0064721772785,-12.3407955467884,-19.3370034767886));
#3363=CARTESIAN_POINT('Ctrl Pts',(53.0879898817878,-18.0571355441303,-13.9096998042354));
#3364=CARTESIAN_POINT('Ctrl Pts',(55.3729961503645,-22.1238697919282,-6.76583617994282));
#3365=CARTESIAN_POINT('Ctrl Pts',(54.7100515233297,-25.2388892334793,2.46777657073209));
#3366=CARTESIAN_POINT('Ctrl Pts',(51.6032740853017,-26.8886193034776,10.4205054129782));
#3367=CARTESIAN_POINT('Ctrl Pts',(46.1777312783661,-27.4220264425696,16.7549332484248));
#3368=CARTESIAN_POINT('Ctrl Pts',(40.3416442987078,-27.0568233511338,19.6334429567058));
#3369=CARTESIAN_POINT('Ctrl Pts',(35.4466715757266,-26.4528396245731,20.4008889948914));
#3370=CARTESIAN_POINT('Ctrl Pts',(31.0075371540678,-25.7915697882625,20.4149244383312));
#3371=CARTESIAN_POINT('Ctrl Pts',(25.0639952177551,-24.7164867282975,19.200890046754));
#3372=CARTESIAN_POINT('Ctrl Pts',(17.4758354981205,-23.0945805999232,15.9080374401909));
#3373=CARTESIAN_POINT('Ctrl Pts',(1.68691067616898,-19.2887435365714,6.32014883782416));
#3374=CARTESIAN_POINT('Ctrl Pts',(-17.743508533714,-13.5061049623571,-10.9869942009708));
#3375=CARTESIAN_POINT('Ctrl Pts',(-37.3406188030052,-6.21454837849719,-20.6712166226475));
#3376=CARTESIAN_POINT('Ctrl Pts',(-49.4532044012078,-0.712132462167961,
-20.1382123910691));
#3377=CARTESIAN_POINT('Ctrl Pts',(-57.4915161828306,4.48776309725578,-12.291887590236));
#3378=CARTESIAN_POINT('Ctrl Pts',(-59.1694363219455,7.53483560533172,-4.19320369126712));
#3379=CARTESIAN_POINT('Ctrl Pts',(-58.9758479770755,8.90761078937331,-0.14479949523296));
#3380=CARTESIAN_POINT('Ctrl Pts',(18.4272912212492,-2.31344514372636,-0.44740604707274));
#3381=CARTESIAN_POINT('Ctrl Pts',(17.6306852873099,-7.88681622967986,-4.6311481599057));
#3382=CARTESIAN_POINT('Ctrl Pts',(15.8081632962733,-19.0274764074098,-13.0033053543171));
#3383=CARTESIAN_POINT('Ctrl Pts',(12.5116531583007,-34.6959887672839,-20.9957752152051));
#3384=CARTESIAN_POINT('Ctrl Pts',(8.70537085247383,-48.2598442894261,-21.2290573524902));
#3385=CARTESIAN_POINT('Ctrl Pts',(4.55375571146778,-57.8188649442325,-13.5901887306995));
#3386=CARTESIAN_POINT('Ctrl Pts',(0.28062633113328,-61.6033897259752,-1.24538471968238));
#3387=CARTESIAN_POINT('Ctrl Pts',(-4.00062191141437,-58.973401812639,11.4953627805706));
#3388=CARTESIAN_POINT('Ctrl Pts',(-8.17608737525837,-50.391245607419,20.2642106855696));
#3389=CARTESIAN_POINT('Ctrl Pts',(-11.910099445862,-37.9151036752699,21.5196363858705));
#3390=CARTESIAN_POINT('Ctrl Pts',(-15.0751872090699,-23.8128288481155,15.7056475136611));
#3391=CARTESIAN_POINT('Ctrl Pts',(-17.2539724364899,-11.637376438191,7.32456503917052));
#3392=CARTESIAN_POINT('Ctrl Pts',(-18.746817329979,-1.7244020402036,-0.144783353868068));
#3393=CARTESIAN_POINT('Ctrl Pts',(-19.8937243881504,6.9502470794489,-6.62197601254677));
#3394=CARTESIAN_POINT('Ctrl Pts',(-20.954924865916,16.7152105892418,-13.2518605866988));
#3395=CARTESIAN_POINT('Ctrl Pts',(-21.7568964199198,27.1740908254168,-18.4005565976226));
#3396=CARTESIAN_POINT('Ctrl Pts',(-22.099627603248,36.7225772714284,-20.3454080540674));
#3397=CARTESIAN_POINT('Ctrl Pts',(-21.9037533512121,44.9422028631964,-18.8314186925154));
#3398=CARTESIAN_POINT('Ctrl Pts',(-21.0742872022803,51.4448467233124,-14.2123759698473));
#3399=CARTESIAN_POINT('Ctrl Pts',(-19.5129139261261,55.8098917111143,-7.25099896340809));
#3400=CARTESIAN_POINT('Ctrl Pts',(-17.162519557431,57.6700498442484,0.9173982086132));
#3401=CARTESIAN_POINT('Ctrl Pts',(-14.3814098280104,56.9704663591047,8.0850873791443));
#3402=CARTESIAN_POINT('Ctrl Pts',(-11.5039479413968,54.7349882203364,13.4460303824354));
#3403=CARTESIAN_POINT('Ctrl Pts',(-7.86581615322248,50.8249315976395,18.3035137288564));
#3404=CARTESIAN_POINT('Ctrl Pts',(-2.77813698631881,43.6796344830637,21.2323053128426));
#3405=CARTESIAN_POINT('Ctrl Pts',(3.79455589949428,32.5398897371526,18.4838442573937));
#3406=CARTESIAN_POINT('Ctrl Pts',(10.456286414656,19.8048284085862,10.1881569566564));
#3407=CARTESIAN_POINT('Ctrl Pts',(16.8950863314662,6.23718516281953,-1.10118425460209));
#3408=CARTESIAN_POINT('Ctrl Pts',(22.3260961422939,-6.35429792567335,-11.1702181047965));
#3409=CARTESIAN_POINT('Ctrl Pts',(26.6560827720791,-17.4437789075213,-17.7500456940227));
#3410=CARTESIAN_POINT('Ctrl Pts',(29.9239988339423,-26.8364053315021,-20.6785668054352));
#3411=CARTESIAN_POINT('Ctrl Pts',(32.3687545952144,-35.273309687812,-20.1031562822121));
#3412=CARTESIAN_POINT('Ctrl Pts',(33.7603809795344,-42.3231905413927,-16.20548469744));
#3413=CARTESIAN_POINT('Ctrl Pts',(33.8777692675588,-47.5653276451187,-9.70601229455608));
#3414=CARTESIAN_POINT('Ctrl Pts',(32.5558390670358,-50.6608708675401,-1.69159541579886));
#3415=CARTESIAN_POINT('Ctrl Pts',(29.737029299335,-51.4326044485065,6.54813887586558));
#3416=CARTESIAN_POINT('Ctrl Pts',(25.5197624940786,-49.9431200431085,13.6950681152604));
#3417=CARTESIAN_POINT('Ctrl Pts',(20.1337229199901,-46.4604090960229,18.5863701016043));
#3418=CARTESIAN_POINT('Ctrl Pts',(13.8405323400995,-41.3366171586198,20.4127280660794));
#3419=CARTESIAN_POINT('Ctrl Pts',(6.88044080140881,-34.9102243017581,18.7777956169355));
#3420=CARTESIAN_POINT('Ctrl Pts',(-0.482086610043859,-27.5176219968738,
13.882979293607));
#3421=CARTESIAN_POINT('Ctrl Pts',(-8.00383485119173,-19.4623337890247,6.59493299916741));
#3422=CARTESIAN_POINT('Ctrl Pts',(-17.957857893066,-8.18361531494346,-4.72249101256408));
#3423=CARTESIAN_POINT('Ctrl Pts',(-27.4175263589258,3.44712909209859,-15.451039599278));
#3424=CARTESIAN_POINT('Ctrl Pts',(-35.5429619437678,14.5339974447822,-20.5580709538689));
#3425=CARTESIAN_POINT('Ctrl Pts',(-40.6976952836314,22.3162128617355,-20.9602761355634));
#3426=CARTESIAN_POINT('Ctrl Pts',(-45.1921403051657,30.3432140091582,-17.2903276897849));
#3427=CARTESIAN_POINT('Ctrl Pts',(-47.4812946442897,37.2768239523125,-8.20895997700203));
#3428=CARTESIAN_POINT('Ctrl Pts',(-45.3361591474776,41.0916717735425,4.86693256812609));
#3429=CARTESIAN_POINT('Ctrl Pts',(-38.4218851152624,40.7242737998642,16.3249158916717));
#3430=CARTESIAN_POINT('Ctrl Pts',(-27.5314340138189,36.692672051516,22.0308503279495));
#3431=CARTESIAN_POINT('Ctrl Pts',(-14.333004990907,30.1157063747825,19.5019939800451));
#3432=CARTESIAN_POINT('Ctrl Pts',(-0.142161020544799,21.988851867591,9.86548994591957));
#3433=CARTESIAN_POINT('Ctrl Pts',(14.2398025330822,12.9121878324849,-3.17636000403839));
#3434=CARTESIAN_POINT('Ctrl Pts',(27.9591595848116,3.45167903273111,-14.8422250882143));
#3435=CARTESIAN_POINT('Ctrl Pts',(40.0713155998055,-5.8136820182898,-20.7444665380906));
#3436=CARTESIAN_POINT('Ctrl Pts',(47.6360554398528,-12.601543262007,-19.1119754816287));
#3437=CARTESIAN_POINT('Ctrl Pts',(52.6287995129051,-18.2233223554749,-13.7907634959534));
#3438=CARTESIAN_POINT('Ctrl Pts',(54.8827194384552,-22.2367455107724,-6.75947969866643));
#3439=CARTESIAN_POINT('Ctrl Pts',(54.2308149675817,-25.3161644594978,2.34071474150772));
#3440=CARTESIAN_POINT('Ctrl Pts',(51.1737283573616,-26.9461574361857,10.1630770382207));
#3441=CARTESIAN_POINT('Ctrl Pts',(45.8608865776198,-27.4750284999162,16.3592936181531));
#3442=CARTESIAN_POINT('Ctrl Pts',(40.1780013291727,-27.1250743998054,19.1618734017011));
#3443=CARTESIAN_POINT('Ctrl Pts',(35.3971926172773,-26.5408443280485,19.9132197543401));
#3444=CARTESIAN_POINT('Ctrl Pts',(31.0488185182651,-25.8966606914281,19.9280238404094));
#3445=CARTESIAN_POINT('Ctrl Pts',(25.1949014609294,-24.8436578362978,18.7362243627426));
#3446=CARTESIAN_POINT('Ctrl Pts',(17.6734820707713,-23.2425448181622,15.4761598584648));
#3447=CARTESIAN_POINT('Ctrl Pts',(1.95542267451847,-19.4666328751903,5.93803556604323));
#3448=CARTESIAN_POINT('Ctrl Pts',(-17.4899320055878,-13.6971779730001,-11.3680185077784));
#3449=CARTESIAN_POINT('Ctrl Pts',(-37.2446303782383,-6.36813692818932,-21.1551645824641));
#3450=CARTESIAN_POINT('Ctrl Pts',(-49.6719778581806,-0.741326797991469,
-20.6308722584029));
#3451=CARTESIAN_POINT('Ctrl Pts',(-57.9362966017132,4.59413065904072,-12.5517731077523));
#3452=CARTESIAN_POINT('Ctrl Pts',(-59.6357096951845,7.68538567392471,-4.30284738935921));
#3453=CARTESIAN_POINT('Ctrl Pts',(-59.4400406733865,9.07914872974727,-0.18024051504783));
#3454=CARTESIAN_POINT('Ctrl Pts',(18.7863922808319,-2.55127578523668,-0.199468444846933));
#3455=CARTESIAN_POINT('Ctrl Pts',(17.98645978132,-8.12954888756462,-4.38311128264545));
#3456=CARTESIAN_POINT('Ctrl Pts',(16.1593539485256,-19.2665812801854,-12.7471610998063));
#3457=CARTESIAN_POINT('Ctrl Pts',(12.8632366356704,-34.8875862957778,-20.6926804273476));
#3458=CARTESIAN_POINT('Ctrl Pts',(9.09216158547908,-48.2898490354142,-20.9010512343506));
#3459=CARTESIAN_POINT('Ctrl Pts',(4.98890522331713,-57.7207491776434,-13.3585280874348));
#3460=CARTESIAN_POINT('Ctrl Pts',(0.737240809533882,-61.4819128176412,-1.09012065138456));
#3461=CARTESIAN_POINT('Ctrl Pts',(-3.53258458711143,-58.8493711980646,11.6097430233163));
#3462=CARTESIAN_POINT('Ctrl Pts',(-7.70636731577235,-50.2670941011825,20.3683017213141));
#3463=CARTESIAN_POINT('Ctrl Pts',(-11.4426222679699,-37.7742852141334,21.613629596121));
#3464=CARTESIAN_POINT('Ctrl Pts',(-14.6055121910185,-23.6713793076156,15.7855535808619));
#3465=CARTESIAN_POINT('Ctrl Pts',(-16.7810695024092,-11.5038841384632,7.3992105332562));
#3466=CARTESIAN_POINT('Ctrl Pts',(-18.270977554648,-1.60121717654939,-0.0712919318487844));
#3467=CARTESIAN_POINT('Ctrl Pts',(-19.4151061511248,7.06168198120362,-6.54759881129191));
#3468=CARTESIAN_POINT('Ctrl Pts',(-20.4729139419339,16.8084471555217,-13.1734887196253));
#3469=CARTESIAN_POINT('Ctrl Pts',(-21.2707813342482,27.2357750465794,-18.315086367839));
#3470=CARTESIAN_POINT('Ctrl Pts',(-21.6097561613669,36.7326604414481,-20.2547813639072));
#3471=CARTESIAN_POINT('Ctrl Pts',(-21.4137380879692,44.8796785553204,-18.7600409301982));
#3472=CARTESIAN_POINT('Ctrl Pts',(-20.5913321709197,51.3200308325446,-14.1955646877108));
#3473=CARTESIAN_POINT('Ctrl Pts',(-19.0431655643277,55.6503764701649,-7.3059592760626));
#3474=CARTESIAN_POINT('Ctrl Pts',(-16.7134396804974,57.4992540266595,0.780344456095107));
#3475=CARTESIAN_POINT('Ctrl Pts',(-13.9618682602603,56.812779752231,7.86209521002346));
#3476=CARTESIAN_POINT('Ctrl Pts',(-11.1256665073727,54.6162967615069,13.141955836778));
#3477=CARTESIAN_POINT('Ctrl Pts',(-7.55150453613956,50.7833554000553,17.9059971550606));
#3478=CARTESIAN_POINT('Ctrl Pts',(-2.57387983610184,43.8094605907536,20.7799125970846));
#3479=CARTESIAN_POINT('Ctrl Pts',(3.92486312054514,32.818060275927,18.0885225435922));
#3480=CARTESIAN_POINT('Ctrl Pts',(10.5704861900336,20.1363062549927,9.83567927247367));
#3481=CARTESIAN_POINT('Ctrl Pts',(17.0147396887984,6.58018543639988,-1.44025989033825));
#3482=CARTESIAN_POINT('Ctrl Pts',(22.4663214202657,-6.03579511572231,-11.5266653974548));
#3483=CARTESIAN_POINT('Ctrl Pts',(26.8303011617883,-17.1890499683018,-18.1430567568653));
#3484=CARTESIAN_POINT('Ctrl Pts',(30.146592781598,-26.6961690283932,-21.1108440794414));
#3485=CARTESIAN_POINT('Ctrl Pts',(32.654891136461,-35.3217627078501,-20.525949526361));
#3486=CARTESIAN_POINT('Ctrl Pts',(34.0897591432388,-42.556412409827,-16.5187968391039));
#3487=CARTESIAN_POINT('Ctrl Pts',(34.2138198882889,-47.906911510994,-9.86870011438651));
#3488=CARTESIAN_POINT('Ctrl Pts',(32.8730864362624,-51.0536960893471,-1.7034983917905));
#3489=CARTESIAN_POINT('Ctrl Pts',(30.0095152255424,-51.8347684906579,6.68829518376489));
#3490=CARTESIAN_POINT('Ctrl Pts',(25.7111375868252,-50.3116313908187,13.9907702772399));
#3491=CARTESIAN_POINT('Ctrl Pts',(20.1857969225511,-46.7308517412713,19.0212683466938));
#3492=CARTESIAN_POINT('Ctrl Pts',(13.7256533310569,-41.4597586359053,20.8954265274177));
#3493=CARTESIAN_POINT('Ctrl Pts',(6.65262125263998,-34.9161000260407,19.2250990822742));
#3494=CARTESIAN_POINT('Ctrl Pts',(-0.764738516355003,-27.4566039328777,
14.2890528361777));
#3495=CARTESIAN_POINT('Ctrl Pts',(-8.30902523032477,-19.3649876667645,6.97576568334931));
#3496=CARTESIAN_POINT('Ctrl Pts',(-18.2649507442039,-8.06818593276538,-4.35028448321447));
#3497=CARTESIAN_POINT('Ctrl Pts',(-27.6964936066879,3.54674015957491,-15.0466226459704));
#3498=CARTESIAN_POINT('Ctrl Pts',(-35.7365576101297,14.5368903568679,-20.0934285301535));
#3499=CARTESIAN_POINT('Ctrl Pts',(-40.7873204119049,22.178211917925,-20.4769551191937));
#3500=CARTESIAN_POINT('Ctrl Pts',(-45.1617542407997,30.0106799626297,-16.8938292457629));
#3501=CARTESIAN_POINT('Ctrl Pts',(-47.404434895271,36.8201070580105,-7.99530007066936));
#3502=CARTESIAN_POINT('Ctrl Pts',(-45.2791570401512,40.5930571936859,4.91778433553089));
#3503=CARTESIAN_POINT('Ctrl Pts',(-38.43487727618,40.2257744027494,16.2205252731287));
#3504=CARTESIAN_POINT('Ctrl Pts',(-27.7063563686933,36.2595215931184,21.8331064461073));
#3505=CARTESIAN_POINT('Ctrl Pts',(-14.6235273922693,29.7476879112656,19.3303383602681));
#3506=CARTESIAN_POINT('Ctrl Pts',(-0.472899086773599,21.6499000876061,9.71413670484113));
#3507=CARTESIAN_POINT('Ctrl Pts',(13.8906501059976,12.5906010789999,-3.32434695248765));
#3508=CARTESIAN_POINT('Ctrl Pts',(27.6111635928868,3.13527081774277,-15.0027741349529));
#3509=CARTESIAN_POINT('Ctrl Pts',(39.7527546482236,-6.145363787465,-20.9372866559817));
#3510=CARTESIAN_POINT('Ctrl Pts',(47.3730864789216,-12.9765996020881,-19.307922622628));
#3511=CARTESIAN_POINT('Ctrl Pts',(52.3982517180648,-18.6289926105892,-13.9630042496823));
#3512=CARTESIAN_POINT('Ctrl Pts',(54.6625401019467,-22.6537239647305,-6.91650840215584));
#3513=CARTESIAN_POINT('Ctrl Pts',(54.0176854594934,-25.7355667736826,2.18040185716427));
#3514=CARTESIAN_POINT('Ctrl Pts',(50.9740105324883,-27.3649155264076,9.98415535189643));
#3515=CARTESIAN_POINT('Ctrl Pts',(45.6945183525094,-27.8945357860761,16.1484934370455));
#3516=CARTESIAN_POINT('Ctrl Pts',(40.0622089038047,-27.5505124468224,18.9307723011808));
#3517=CARTESIAN_POINT('Ctrl Pts',(35.3201809256775,-26.9737538766424,19.6812276654089));
#3518=CARTESIAN_POINT('Ctrl Pts',(31.0026389321196,-26.3358367270519,19.6991893287896));
#3519=CARTESIAN_POINT('Ctrl Pts',(25.1786739653105,-25.2909470726568,18.5194466244317));
#3520=CARTESIAN_POINT('Ctrl Pts',(17.6771985956151,-23.6971066560036,15.2750894496253));
#3521=CARTESIAN_POINT('Ctrl Pts',(1.97394794798592,-19.9306894406977,5.760123541258));
#3522=CARTESIAN_POINT('Ctrl Pts',(-17.4947005259434,-14.1624030126806,-11.5447327406214));
#3523=CARTESIAN_POINT('Ctrl Pts',(-37.3479320899641,-6.80679523193763,-21.3796764852337));
#3524=CARTESIAN_POINT('Ctrl Pts',(-49.954917054666,-1.10745605870504,-20.8510541791645));
#3525=CARTESIAN_POINT('Ctrl Pts',(-58.3548598963183,4.31129905473349,-12.6234436036973));
#3526=CARTESIAN_POINT('Ctrl Pts',(-60.0676235200791,7.43502716434287,-4.2626028141232));
#3527=CARTESIAN_POINT('Ctrl Pts',(-59.8669757588043,8.84518335844961,-0.080357195595185));
#3528=CARTESIAN_POINT('Ctrl Pts',(18.7428733838042,-2.84428107277881,0.199019794079073));
#3529=CARTESIAN_POINT('Ctrl Pts',(17.9388227037524,-8.42195996672923,-3.98462308253056));
#3530=CARTESIAN_POINT('Ctrl Pts',(16.1073766880364,-19.5355381653859,-12.3361578207947));
#3531=CARTESIAN_POINT('Ctrl Pts',(12.8179226273079,-35.0500856795724,-20.2065452381877));
#3532=CARTESIAN_POINT('Ctrl Pts',(9.11807667364067,-48.1397333873146,-20.3847666326597));
#3533=CARTESIAN_POINT('Ctrl Pts',(5.11662113250924,-57.3086169858881,-13.0565131073434));
#3534=CARTESIAN_POINT('Ctrl Pts',(0.926974327607509,-61.0197986648756,-1.00880396104896));
#3535=CARTESIAN_POINT('Ctrl Pts',(-3.28768223208854,-58.410475059882,11.492380550366));
#3536=CARTESIAN_POINT('Ctrl Pts',(-7.38409908872761,-50.0005658273553,20.0556362029044));
#3537=CARTESIAN_POINT('Ctrl Pts',(-11.0568912233702,-37.7540687736027,21.2822263935152));
#3538=CARTESIAN_POINT('Ctrl Pts',(-14.2053769645362,-23.7591935566611,15.5049651537566));
#3539=CARTESIAN_POINT('Ctrl Pts',(-16.3799850260811,-11.6311100165866,7.13480614879822));
#3540=CARTESIAN_POINT('Ctrl Pts',(-17.8728073917316,-1.74229729952961,-0.332075059996202));
#3541=CARTESIAN_POINT('Ctrl Pts',(-19.020837673673,6.91740377278663,-6.81282584748404));
#3542=CARTESIAN_POINT('Ctrl Pts',(-20.0847915397288,16.6747471193478,-13.4532569171663));
#3543=CARTESIAN_POINT('Ctrl Pts',(-20.8914864615457,27.1407029858515,-18.6231467907941));
#3544=CARTESIAN_POINT('Ctrl Pts',(-21.2397143760139,36.721456794495,-20.5915992401345));
#3545=CARTESIAN_POINT('Ctrl Pts',(-21.047057423968,44.9904718664685,-19.0839079788651));
#3546=CARTESIAN_POINT('Ctrl Pts',(-20.2179637565638,51.5244671777895,-14.456767103301));
#3547=CARTESIAN_POINT('Ctrl Pts',(-18.6595588574431,55.8988716935488,-7.50288667290672));
#3548=CARTESIAN_POINT('Ctrl Pts',(-16.3198119940867,57.7645393987881,0.632817909352844));
#3549=CARTESIAN_POINT('Ctrl Pts',(-13.5603148045802,57.0805685281845,7.74515223339726));
#3550=CARTESIAN_POINT('Ctrl Pts',(-10.718398423421,54.8825135980319,13.0428843262378));
#3551=CARTESIAN_POINT('Ctrl Pts',(-7.13934045223072,51.0468619726843,17.8209207308413));
#3552=CARTESIAN_POINT('Ctrl Pts',(-2.15981805415264,44.0728673808283,20.7042234823156));
#3553=CARTESIAN_POINT('Ctrl Pts',(4.34104649682449,33.0810405105093,18.0236502360339));
#3554=CARTESIAN_POINT('Ctrl Pts',(10.9928956955182,20.3911031844964,9.7785664260725));
#3555=CARTESIAN_POINT('Ctrl Pts',(17.4450762972024,6.82198714731612,-1.49499491334986));
#3556=CARTESIAN_POINT('Ctrl Pts',(22.9060106510122,-5.81176694870422,-11.5839683540454));
#3557=CARTESIAN_POINT('Ctrl Pts',(27.2815447236754,-16.9907245181724,-18.205946653922));
#3558=CARTESIAN_POINT('Ctrl Pts',(30.612117318947,-26.5346146870462,-21.1788489330353));
#3559=CARTESIAN_POINT('Ctrl Pts',(33.1385245985236,-35.2172710835484,-20.5843551949307));
#3560=CARTESIAN_POINT('Ctrl Pts',(34.5858673844738,-42.510800869078,-16.5357205346083));
#3561=CARTESIAN_POINT('Ctrl Pts',(34.7101447337387,-47.8998327789598,-9.82351516636658));
#3562=CARTESIAN_POINT('Ctrl Pts',(33.3576188819517,-51.0663625192287,-1.58512156655412));
#3563=CARTESIAN_POINT('Ctrl Pts',(30.4654955851221,-51.8481766489084,6.89287135061269));
#3564=CARTESIAN_POINT('Ctrl Pts',(26.1110217327094,-50.2988759361091,14.2953989009468));
#3565=CARTESIAN_POINT('Ctrl Pts',(20.4830079095715,-46.6439975202385,19.4223074054913));
#3566=CARTESIAN_POINT('Ctrl Pts',(13.8956313023265,-41.2592848542418,21.3269217720589));
#3567=CARTESIAN_POINT('Ctrl Pts',(6.7371786572459,-34.6253544332618,19.622545094913));
#3568=CARTESIAN_POINT('Ctrl Pts',(-0.718457605608382,-27.1169686675988,
14.6494353782962));
#3569=CARTESIAN_POINT('Ctrl Pts',(-8.27445965608937,-19.0019885011509,7.31357155373023));
#3570=CARTESIAN_POINT('Ctrl Pts',(-18.2221424016004,-7.70045020609951,-4.0205338380945));
#3571=CARTESIAN_POINT('Ctrl Pts',(-27.6191759773743,3.88880458067613,-14.6883247181318));
#3572=CARTESIAN_POINT('Ctrl Pts',(-35.5707493462716,14.7758071420897,-19.6829186545318));
#3573=CARTESIAN_POINT('Ctrl Pts',(-40.5165798525352,22.2731572033913,-20.0545196494575));
#3574=CARTESIAN_POINT('Ctrl Pts',(-44.7691653156344,29.9050942556394,-16.568806292568));
#3575=CARTESIAN_POINT('Ctrl Pts',(-46.9630959786225,36.5784528108558,-7.8793316838589));
#3576=CARTESIAN_POINT('Ctrl Pts',(-44.8714901791194,40.3017549606507,4.81802644825598));
#3577=CARTESIAN_POINT('Ctrl Pts',(-38.1454789976726,39.939649883256,15.8735921892801));
#3578=CARTESIAN_POINT('Ctrl Pts',(-27.7279791502744,36.1017590969591,21.3223745513864));
#3579=CARTESIAN_POINT('Ctrl Pts',(-14.870822862045,29.720570318408,18.8903812644137));
#3580=CARTESIAN_POINT('Ctrl Pts',(-0.782060828963936,21.6733703638176,9.3274228908907));
#3581=CARTESIAN_POINT('Ctrl Pts',(13.5703204917498,12.6358230257851,-3.70234565422508));
#3582=CARTESIAN_POINT('Ctrl Pts',(27.3301232130432,3.16848340432706,-15.4108945046759));
#3583=CARTESIAN_POINT('Ctrl Pts',(39.5935654039234,-6.18613426645742,-21.4275178500061));
#3584=CARTESIAN_POINT('Ctrl Pts',(47.4179196610619,-13.1827133464217,-19.7785962618991));
#3585=CARTESIAN_POINT('Ctrl Pts',(52.5725719872063,-18.9682091980962,-14.2975741429164));
#3586=CARTESIAN_POINT('Ctrl Pts',(54.8810027782314,-23.0606225401881,-7.11903885154373));
#3587=CARTESIAN_POINT('Ctrl Pts',(54.2337801462165,-26.1814452450002,2.10823695243613));
#3588=CARTESIAN_POINT('Ctrl Pts',(51.1568250277537,-27.8298078699932,10.0196914717692));
#3589=CARTESIAN_POINT('Ctrl Pts',(45.8054973326077,-28.3650161541002,16.2834608856352));
#3590=CARTESIAN_POINT('Ctrl Pts',(40.0821357688789,-28.0130883441124,19.1168968296979));
#3591=CARTESIAN_POINT('Ctrl Pts',(35.2739448697604,-27.4258501477473,19.8824501066944));
#3592=CARTESIAN_POINT('Ctrl Pts',(30.9038092165704,-26.778616306419,19.9036118436271));
#3593=CARTESIAN_POINT('Ctrl Pts',(25.0270707248489,-25.7216763440886,18.7166947380225));
#3594=CARTESIAN_POINT('Ctrl Pts',(17.4833935532472,-24.116035790742,15.4590821242918));
#3595=CARTESIAN_POINT('Ctrl Pts',(1.72737036242254,-20.3314250916203,5.92313224949788));
#3596=CARTESIAN_POINT('Ctrl Pts',(-17.755516989607,-14.5513723408857,-11.3813265464845));
#3597=CARTESIAN_POINT('Ctrl Pts',(-37.573154269899,-7.20039528216869,-21.1727003587782));
#3598=CARTESIAN_POINT('Ctrl Pts',(-50.0879448120627,-1.53564520374039,-20.6302331755847));
#3599=CARTESIAN_POINT('Ctrl Pts',(-58.4299011295409,3.85079209497054,-12.4511444901446));
#3600=CARTESIAN_POINT('Ctrl Pts',(-60.1372458041622,6.97035503565514,-4.10204584940075));
#3601=CARTESIAN_POINT('Ctrl Pts',(-59.9324805082573,8.37991252898329,0.0801764536355222));
#3602=CARTESIAN_POINT('Ctrl Pts',(18.333034873702,-2.97277629374166,0.448583772314519));
#3603=CARTESIAN_POINT('Ctrl Pts',(17.527171535248,-8.54481544052646,-3.73515835759243));
#3604=CARTESIAN_POINT('Ctrl Pts',(15.6948523424069,-19.6328613661704,-12.0791179188604));
#3605=CARTESIAN_POINT('Ctrl Pts',(12.413281361485,-35.0621490492219,-19.9026280612217));
#3606=CARTESIAN_POINT('Ctrl Pts',(8.76704129702197,-47.9233887474178,-20.0679910331391));
#3607=CARTESIAN_POINT('Ctrl Pts',(4.84416199883212,-56.8934701247313,-12.9105131843315));
#3608=CARTESIAN_POINT('Ctrl Pts',(0.710301261385853,-60.5655426343112,-1.0614250720874));
#3609=CARTESIAN_POINT('Ctrl Pts',(-3.44712470417213,-57.9874286534745,11.2331912729227));
#3610=CARTESIAN_POINT('Ctrl Pts',(-7.4489359326055,-49.7920772960756,19.5634847377602));
#3611=CARTESIAN_POINT('Ctrl Pts',(-11.0405173695245,-37.8688025199643,20.7769176554532));
#3612=CARTESIAN_POINT('Ctrl Pts',(-14.1733340195899,-24.0088458907418,15.077078042176));
#3613=CARTESIAN_POINT('Ctrl Pts',(-16.3499852254599,-11.921951011106,6.7323164595016));
#3614=CARTESIAN_POINT('Ctrl Pts',(-17.8493798215518,-2.04009955448874,-0.728910359028355));
#3615=CARTESIAN_POINT('Ctrl Pts',(-19.0050428329323,6.62722714432864,-7.2161029494385));
#3616=CARTESIAN_POINT('Ctrl Pts',(-20.0800293635225,16.4157057751798,-13.8786660313499));
#3617=CARTESIAN_POINT('Ctrl Pts',(-20.9018269421926,26.9607886926658,-19.0910355210324));
#3618=CARTESIAN_POINT('Ctrl Pts',(-21.265344027543,36.6974381218354,-21.1005487727669));
#3619=CARTESIAN_POINT('Ctrl Pts',(-21.0770981825176,45.190495340301,-19.5578639989496));
#3620=CARTESIAN_POINT('Ctrl Pts',(-20.23272413713,51.9029891653799,-14.7985522775968));
#3621=CARTESIAN_POINT('Ctrl Pts',(-18.6485611200257,56.3666658137205,-7.69348154079482));
#3622=CARTESIAN_POINT('Ctrl Pts',(-16.2759036026494,58.2643955965443,0.585173453167113));
#3623=CARTESIAN_POINT('Ctrl Pts',(-13.4773889909342,57.5705936820337,7.82073265552577));
#3624=CARTESIAN_POINT('Ctrl Pts',(-10.5873024319738,55.3317410653209,13.2214421269102));
#3625=CARTESIAN_POINT('Ctrl Pts',(-6.93859544315163,51.4160786956701,18.1098686192883));
#3626=CARTESIAN_POINT('Ctrl Pts',(-1.84726413368341,44.2713300536448,21.059165606201));
#3627=CARTESIAN_POINT('Ctrl Pts',(4.72974913916255,33.1314211809026,18.3350653439453));
#3628=CARTESIAN_POINT('Ctrl Pts',(11.4050432669571,20.3786932792778,10.0567656496222));
#3629=CARTESIAN_POINT('Ctrl Pts',(17.8617204485475,6.78177577139346,-1.22717236972275));
#3630=CARTESIAN_POINT('Ctrl Pts',(23.3137871375476,-5.8498112985089,-11.3020305568572));
#3631=CARTESIAN_POINT('Ctrl Pts',(27.6699133907493,-16.9975024521623,-17.8944304856104));
#3632=CARTESIAN_POINT('Ctrl Pts',(30.9701227174296,-26.4734036975658,-20.8343951105591));
#3633=CARTESIAN_POINT('Ctrl Pts',(33.4557991550123,-35.0393886853017,-20.2371506358617));
#3634=CARTESIAN_POINT('Ctrl Pts',(34.8756055333989,-42.2224212153207,-16.2457089377867));
#3635=CARTESIAN_POINT('Ctrl Pts',(34.9934926262641,-47.5517803637466,-9.60592195428903));
#3636=CARTESIAN_POINT('Ctrl Pts',(33.6449324087833,-50.6920762460593,-1.42621841053297));
#3637=CARTESIAN_POINT('Ctrl Pts',(30.7616816738215,-51.4656175460608,7.00804829184808));
#3638=CARTESIAN_POINT('Ctrl Pts',(26.4179312206826,-49.9172463633151,14.3805753495134));
#3639=CARTESIAN_POINT('Ctrl Pts',(20.8005670842559,-46.267707528963,19.4892297365202));
#3640=CARTESIAN_POINT('Ctrl Pts',(14.2210708783331,-40.8882721234889,21.3841909665995));
#3641=CARTESIAN_POINT('Ctrl Pts',(7.06839901923057,-34.2585030311786,19.6729543661684));
#3642=CARTESIAN_POINT('Ctrl Pts',(-0.380450829399437,-26.7557293996564,
14.694837035519));
#3643=CARTESIAN_POINT('Ctrl Pts',(-7.92875287539046,-18.6477119168379,7.35608600426653));
#3644=CARTESIAN_POINT('Ctrl Pts',(-17.8643942883968,-7.3581793713947,-3.97943279182888));
#3645=CARTESIAN_POINT('Ctrl Pts',(-27.2463690349497,4.21471904458338,-14.6437120023965));
#3646=CARTESIAN_POINT('Ctrl Pts',(-35.1726858860964,15.069463184828,-19.6332903744587));
#3647=CARTESIAN_POINT('Ctrl Pts',(-40.091395889317,22.5278344986207,-20.0087039223293));
#3648=CARTESIAN_POINT('Ctrl Pts',(-44.3117731388748,30.1038005690575,-16.5578201447253));
#3649=CARTESIAN_POINT('Ctrl Pts',(-46.4910324200117,36.7309714361905,-7.94679765487241));
#3650=CARTESIAN_POINT('Ctrl Pts',(-44.4214967381362,40.433990942195,4.64387959701637));
#3651=CARTESIAN_POINT('Ctrl Pts',(-37.7729963077574,40.0780562009721,15.5460295622293));
#3652=CARTESIAN_POINT('Ctrl Pts',(-27.5816107160213,36.3349108740011,20.8836498133945));
#3653=CARTESIAN_POINT('Ctrl Pts',(-14.8904245735673,30.0515579650602,18.5137598187626));
#3654=CARTESIAN_POINT('Ctrl Pts',(-0.838705412039363,22.0384384679415,8.99684132744175));
#3655=CARTESIAN_POINT('Ctrl Pts',(13.5180326509691,13.0107397311221,-4.02547645023744));
#3656=CARTESIAN_POINT('Ctrl Pts',(27.3254837535292,3.52341443185945,-15.75913788269));
#3657=CARTESIAN_POINT('Ctrl Pts',(39.7112626393672,-5.90800668097051,-21.8460423328629));
#3658=CARTESIAN_POINT('Ctrl Pts',(47.7342477816005,-13.0671114308413,-20.1699758689556));
#3659=CARTESIAN_POINT('Ctrl Pts',(53.0179548716534,-18.987901718394,-14.5431032615063));
#3660=CARTESIAN_POINT('Ctrl Pts',(55.3710856385796,-23.1533308003998,-7.21531236406957));
#3661=CARTESIAN_POINT('Ctrl Pts',(54.7140740670315,-26.3201895432734,2.17723076739507));
#3662=CARTESIAN_POINT('Ctrl Pts',(51.5824535184015,-27.9928933037075,10.241353695989));
#3663=CARTESIAN_POINT('Ctrl Pts',(46.1087681255501,-28.5342835782399,16.6604105288382));
#3664=CARTESIAN_POINT('Ctrl Pts',(40.2219569741608,-28.166622320594,19.5776085108949));
#3665=CARTESIAN_POINT('Ctrl Pts',(35.2926367560802,-27.5588594744655,20.3628180465231));
#3666=CARTESIAN_POINT('Ctrl Pts',(30.8262021335155,-26.8937581454279,20.3847903491469));
#3667=CARTESIAN_POINT('Ctrl Pts',(24.8540461901773,-25.8137357909818,19.1768364547307));
#3668=CARTESIAN_POINT('Ctrl Pts',(17.2380015744459,-24.1861477838733,15.8870053648784));
#3669=CARTESIAN_POINT('Ctrl Pts',(1.40159998100676,-20.3694136988416,6.30176250445182));
#3670=CARTESIAN_POINT('Ctrl Pts',(-18.0759865370216,-14.5734148361508,-11.003238076343));
#3671=CARTESIAN_POINT('Ctrl Pts',(-37.751496033716,-7.25448326261838,-20.6925006610683));
#3672=CARTESIAN_POINT('Ctrl Pts',(-49.9728944028712,-1.70479539635017,-20.136563288937));
#3673=CARTESIAN_POINT('Ctrl Pts',(-58.1078453222141,3.55857723003802,-12.165719484396));
#3674=CARTESIAN_POINT('Ctrl Pts',(-59.7958471314618,6.641087795089,-3.94188164771159));
#3675=CARTESIAN_POINT('Ctrl Pts',(-59.5909209893011,8.03351693542277,0.180714969529238));
#3676=CARTESIAN_POINT('Ctrl Pts',(17.8630150339887,-2.83760460046321,0.358579027068829));
#3677=CARTESIAN_POINT('Ctrl Pts',(17.0590130672416,-8.40322170172819,-3.82528653772574));
#3678=CARTESIAN_POINT('Ctrl Pts',(15.2299162687248,-19.4832929537508,-12.172442803481));
#3679=CARTESIAN_POINT('Ctrl Pts',(11.9514122427764,-34.9133853131316,-20.0128254060464));
#3680=CARTESIAN_POINT('Ctrl Pts',(8.30048279385319,-47.8037317123224,-20.1922976225672));
#3681=CARTESIAN_POINT('Ctrl Pts',(4.37338931423564,-56.7890657783832,-13.0327962294462));
#3682=CARTESIAN_POINT('Ctrl Pts',(0.246784207418641,-60.4628766863667,-1.20986473214689));
#3683=CARTESIAN_POINT('Ctrl Pts',(-3.89467180085511,-57.9006357807475,11.026604408265));
#3684=CARTESIAN_POINT('Ctrl Pts',(-7.85614284264003,-49.8001290049859,19.2624364613015));
#3685=CARTESIAN_POINT('Ctrl Pts',(-11.410131042292,-38.0329143366295,20.4783648601089));
#3686=CARTESIAN_POINT('Ctrl Pts',(-14.5378598829943,-24.2329097370047,14.8241656712052));
#3687=CARTESIAN_POINT('Ctrl Pts',(-16.7180215654963,-12.1577612288044,6.4948828692507));
#3688=CARTESIAN_POINT('Ctrl Pts',(-18.2226888854074,-2.27068055017477,-0.962903471300968));
#3689=CARTESIAN_POINT('Ctrl Pts',(-19.3839547565777,6.40944837380778,-7.45364141235127));
#3690=CARTESIAN_POINT('Ctrl Pts',(-20.4665431631933,16.2263261171968,-14.1291649773134));
#3691=CARTESIAN_POINT('Ctrl Pts',(-21.2982984818616,26.8316865080062,-19.3659653277154));
#3692=CARTESIAN_POINT('Ctrl Pts',(-21.6715861526079,36.6786602426528,-21.3977581677971));
#3693=CARTESIAN_POINT('Ctrl Pts',(-21.4853819644496,45.3289711476039,-19.8241095538881));
#3694=CARTESIAN_POINT('Ctrl Pts',(-20.6285598785117,52.170302398386,-14.9625314718483));
#3695=CARTESIAN_POINT('Ctrl Pts',(-19.0223660950473,56.7012039468165,-7.73296876878637));
#3696=CARTESIAN_POINT('Ctrl Pts',(-16.6185258395918,58.6220794546798,0.674813724917476));
#3697=CARTESIAN_POINT('Ctrl Pts',(-13.7789733369605,57.9132822752422,8.03388870140742));
#3698=CARTESIAN_POINT('Ctrl Pts',(-10.8344646097611,55.6250669508363,13.5451850629299));
#3699=CARTESIAN_POINT('Ctrl Pts',(-7.10357686500726,51.6120525086453,18.5573976792869));
#3700=CARTESIAN_POINT('Ctrl Pts',(-1.87444074915857,44.2541909371164,21.5799785042229));
#3701=CARTESIAN_POINT('Ctrl Pts',(4.79562194235854,32.9297081801762,18.7908526013642));
#3702=CARTESIAN_POINT('Ctrl Pts',(11.4943187928892,20.1062666959548,10.4635067950679));
#3703=CARTESIAN_POINT('Ctrl Pts',(17.9485741471686,6.48790267453613,-0.835787661024561));
#3704=CARTESIAN_POINT('Ctrl Pts',(23.3801709633492,-6.12290205693319,-10.8905290512194));
#3705=CARTESIAN_POINT('Ctrl Pts',(27.700400938755,-17.2054327755072,-17.4405909765644));
#3706=CARTESIAN_POINT('Ctrl Pts',(30.9483371633991,-26.5592087366914,-20.3346269038754));
#3707=CARTESIAN_POINT('Ctrl Pts',(33.3650150011198,-34.9220377780974,-19.7439625852985));
#3708=CARTESIAN_POINT('Ctrl Pts',(34.7379683884542,-41.9077971141035,-15.8658546807176));
#3709=CARTESIAN_POINT('Ctrl Pts',(34.8477295936217,-47.1236648648307,-9.37920472629588));
#3710=CARTESIAN_POINT('Ctrl Pts',(33.5161264795644,-50.2111508049793,-1.34675471075895));
#3711=CARTESIAN_POINT('Ctrl Pts',(30.6729064828729,-50.9735411131754,6.94582701524982));
#3712=CARTESIAN_POINT('Ctrl Pts',(26.399225459635,-49.4526780431992,14.1799898604554));
#3713=CARTESIAN_POINT('Ctrl Pts',(20.8986233295544,-45.884334592569,19.168602578887));
#3714=CARTESIAN_POINT('Ctrl Pts',(14.4565638931505,-40.6254048955495,21.0209194560316));
#3715=CARTESIAN_POINT('Ctrl Pts',(7.39742647633183,-34.0918341545593,19.3348219967653));
#3716=CARTESIAN_POINT('Ctrl Pts',(-0.00425832766271528,-26.6453640091147,
14.3875212309903));
#3717=CARTESIAN_POINT('Ctrl Pts',(-7.53093837489528,-18.5696739101041,7.06769922130082));
#3718=CARTESIAN_POINT('Ctrl Pts',(-17.4596269025519,-7.30005474730979,-4.26152288592899));
#3719=CARTESIAN_POINT('Ctrl Pts',(-26.8577206495716,4.27860758060115,-14.9500918486164));
#3720=CARTESIAN_POINT('Ctrl Pts',(-34.8415678365151,15.1970045133533,-19.9856818513763));
#3721=CARTESIAN_POINT('Ctrl Pts',(-39.8317231693174,22.7512587150716,-20.3776447088148));
#3722=CARTESIAN_POINT('Ctrl Pts',(-44.1341532349945,30.4586165330454,-16.8724253578868));
#3723=CARTESIAN_POINT('Ctrl Pts',(-46.3444563929575,37.1657023557562,-8.14871455249366));
#3724=CARTESIAN_POINT('Ctrl Pts',(-44.2686390103731,40.8936109140488,4.52598663259416));
#3725=CARTESIAN_POINT('Ctrl Pts',(-37.5979608705511,40.5404319841482,15.4854240209589));
#3726=CARTESIAN_POINT('Ctrl Pts',(-27.3762770323391,36.7866864099273,20.8491346839108));
#3727=CARTESIAN_POINT('Ctrl Pts',(-14.6653471713494,30.4942218219776,18.4860480270725));
#3728=CARTESIAN_POINT('Ctrl Pts',(-0.597448263286125,22.4727242411451,8.97328113316676));
#3729=CARTESIAN_POINT('Ctrl Pts',(13.7760933663134,13.4354081203264,-4.04840649218485));
#3730=CARTESIAN_POINT('Ctrl Pts',(27.6035696607903,3.93519902008847,-15.7830991539723));
#3731=CARTESIAN_POINT('Ctrl Pts',(40.0196272575085,-5.51775462005272,-21.8752436472996));
#3732=CARTESIAN_POINT('Ctrl Pts',(48.0854964468814,-12.7135986874422,-20.1848700596461));
#3733=CARTESIAN_POINT('Ctrl Pts',(53.4002050334068,-18.6695933600718,-14.5125682508028));
#3734=CARTESIAN_POINT('Ctrl Pts',(55.7647149106755,-22.8581605036596,-7.13104608262273));
#3735=CARTESIAN_POINT('Ctrl Pts',(55.0976324976711,-26.0432740951553,2.33694765407769));
#3736=CARTESIAN_POINT('Ctrl Pts',(51.9310860784907,-27.7272314885909,10.4834456589174));
#3737=CARTESIAN_POINT('Ctrl Pts',(46.3765583161466,-28.2706742470445,16.9965308173128));
#3738=CARTESIAN_POINT('Ctrl Pts',(40.3769594071958,-27.8912733732451,19.9669360448501));
#3739=CARTESIAN_POINT('Ctrl Pts',(35.3629770213259,-27.2684343969083,20.7615296569236));
#3740=CARTESIAN_POINT('Ctrl Pts',(30.8292364749844,-26.5904037946069,20.7813162854502));
#3741=CARTESIAN_POINT('Ctrl Pts',(24.7908984155092,-25.493663078804,19.5543518300172));
#3742=CARTESIAN_POINT('Ctrl Pts',(17.1268863941617,-23.8505390683179,16.2376541995965));
#3743=CARTESIAN_POINT('Ctrl Pts',(1.24309097431864,-20.0119847130115,6.61201912691692));
#3744=CARTESIAN_POINT('Ctrl Pts',(-18.2131035433278,-14.2081055278428,-10.6943222558892));
#3745=CARTESIAN_POINT('Ctrl Pts',(-37.746670543362,-6.92469207377686,-20.3001472612116));
#3746=CARTESIAN_POINT('Ctrl Pts',(-49.6941102899527,-1.48414757932053,-19.7419063123606));
#3747=CARTESIAN_POINT('Ctrl Pts',(-57.6286709617812,3.65793945270194,-11.982371567973));
#3748=CARTESIAN_POINT('Ctrl Pts',(-59.2972869880218,6.69789419531607,-3.90398806294123));
#3749=CARTESIAN_POINT('Ctrl Pts',(-59.0962764691865,8.0696136562917,0.144455956612702));
#3750=CARTESIAN_POINT('Ctrl Pts',(17.7465178018512,-2.64172981329289,0.120061856873105));
#3751=CARTESIAN_POINT('Ctrl Pts',(16.9452708044524,-8.20573098379475,-4.06384083312629));
#3752=CARTESIAN_POINT('Ctrl Pts',(15.1194676457661,-19.2957586166294,-12.4185778170896));
#3753=CARTESIAN_POINT('Ctrl Pts',(11.8383678849388,-34.7826347392374,-20.3040371248661));
#3754=CARTESIAN_POINT('Ctrl Pts',(8.14813935746558,-47.8480189324651,-20.5038295689561));
#3755=CARTESIAN_POINT('Ctrl Pts',(4.16560837221489,-56.9772984751121,-13.2296400860452));
#3756=CARTESIAN_POINT('Ctrl Pts',(0.00819404695191599,-60.6780788192376,
-1.2970840279897));
#3757=CARTESIAN_POINT('Ctrl Pts',(-4.15783198392053,-58.1081146127303,11.0276920730439));
#3758=CARTESIAN_POINT('Ctrl Pts',(-8.14839841633485,-49.9441605983521,19.3391471818079));
#3759=CARTESIAN_POINT('Ctrl Pts',(-11.724906219871,-38.0925297490185,20.5657613457953));
#3760=CARTESIAN_POINT('Ctrl Pts',(-14.8587828951875,-24.2529271265139,14.8981616269708));
#3761=CARTESIAN_POINT('Ctrl Pts',(-17.040498379631,-12.1603505975971,6.56488291308206));
#3762=CARTESIAN_POINT('Ctrl Pts',(-18.5451951488396,-2.26432927940665,-0.893810066069677));
#3763=CARTESIAN_POINT('Ctrl Pts',(-19.7060638950077,6.42129878314655,-7.38325864305191));
#3764=CARTESIAN_POINT('Ctrl Pts',(-20.7876543627108,16.2409690494061,-14.0549489897472));
#3765=CARTESIAN_POINT('Ctrl Pts',(-21.6177040207502,26.8436565308608,-19.2840861700715));
#3766=CARTESIAN_POINT('Ctrl Pts',(-21.9890003948095,36.6790238729462,-21.3072834466242));
#3767=CARTESIAN_POINT('Ctrl Pts',(-21.8016603752157,45.3113949189534,-19.7314017832947));
#3768=CARTESIAN_POINT('Ctrl Pts',(-20.9447159501319,52.1413964041791,-14.8726796963365));
#3769=CARTESIAN_POINT('Ctrl Pts',(-19.3374550790831,56.6689386870129,-7.64022755817293));
#3770=CARTESIAN_POINT('Ctrl Pts',(-16.9296953633325,58.5878049323111,0.779758598500767));
#3771=CARTESIAN_POINT('Ctrl Pts',(-14.0822191416609,57.8732820643141,8.15932123552115));
#3772=CARTESIAN_POINT('Ctrl Pts',(-11.1244786684238,55.5711342810311,13.6942063009703));
#3773=CARTESIAN_POINT('Ctrl Pts',(-7.37167437633619,51.5305168843776,18.735995919994));
#3774=CARTESIAN_POINT('Ctrl Pts',(-2.10236969442413,44.1089501926786,21.7753534428763));
#3775=CARTESIAN_POINT('Ctrl Pts',(4.59435411853187,32.7295234373616,18.9609227532642));
#3776=CARTESIAN_POINT('Ctrl Pts',(11.2965552437961,19.8895354228926,10.6146641024816));
#3777=CARTESIAN_POINT('Ctrl Pts',(17.7458997575954,6.27157460579577,-0.690485769355926));
#3778=CARTESIAN_POINT('Ctrl Pts',(23.1663919326845,-6.3236494334009,-10.7378025796153));
#3779=CARTESIAN_POINT('Ctrl Pts',(27.4697569292294,-17.3731407625291,-17.272126950885));
#3780=CARTESIAN_POINT('Ctrl Pts',(30.6944571639505,-26.6709375530839,-20.1495423372529));
#3781=CARTESIAN_POINT('Ctrl Pts',(33.0808270307188,-34.9426758591913,-19.5657851577876));
#3782=CARTESIAN_POINT('Ctrl Pts',(34.4330932016885,-41.8381376691458,-15.7435561305185));
#3783=CARTESIAN_POINT('Ctrl Pts',(34.5402765610997,-46.9996638752924,-9.33564239215286));
#3784=CARTESIAN_POINT('Ctrl Pts',(33.2199531524522,-50.0609408565175,-1.38601128941922));
#3785=CARTESIAN_POINT('Ctrl Pts',(30.4037884185756,-50.8196379745674,6.81851500357236));
#3786=CARTESIAN_POINT('Ctrl Pts',(26.1807880449852,-49.3209075796306,13.958195005099));
#3787=CARTESIAN_POINT('Ctrl Pts',(20.7696366940621,-45.8162679567874,18.8597473513718));
#3788=CARTESIAN_POINT('Ctrl Pts',(14.4365366495945,-40.6539866983242,20.6830888407175));
#3789=CARTESIAN_POINT('Ctrl Pts',(7.45063051060155,-34.1971137390356,19.0228719285144));
#3790=CARTESIAN_POINT('Ctrl Pts',(0.0833255451965533,-26.7934344537762,
14.10459982626));
#3791=CARTESIAN_POINT('Ctrl Pts',(-7.43075846851959,-18.739779857592,6.80252910915933));
#3792=CARTESIAN_POINT('Ctrl Pts',(-17.3618466806776,-7.47856448266606,-4.52050571434609));
#3793=CARTESIAN_POINT('Ctrl Pts',(-26.7830221305808,4.11531159842723,-15.2315407430263));
#3794=CARTESIAN_POINT('Ctrl Pts',(-34.8311189120976,15.1075303100484,-20.3087735261289));
#3795=CARTESIAN_POINT('Ctrl Pts',(-39.8985637970585,22.7671589798422,-20.7121229205385));
#3796=CARTESIAN_POINT('Ctrl Pts',(-44.2904781368904,30.6206698666188,-17.1387669872896));
#3797=CARTESIAN_POINT('Ctrl Pts',(-46.5358445943424,37.4237051638007,-8.27031887388872));
#3798=CARTESIAN_POINT('Ctrl Pts',(-44.4402212918961,41.1853386440167,4.54414814770692));
#3799=CARTESIAN_POINT('Ctrl Pts',(-37.7000006112796,40.830110375564,15.6520830134758));
#3800=CARTESIAN_POINT('Ctrl Pts',(-27.3037418380726,37.0048293313618,21.1106542583873));
#3801=CARTESIAN_POINT('Ctrl Pts',(-14.4668734024357,30.6400939276191,18.7117645284289));
#3802=CARTESIAN_POINT('Ctrl Pts',(-0.361319310514449,22.5892057368628,9.17182441649698));
#3803=CARTESIAN_POINT('Ctrl Pts',(14.023129855332,13.537461206948,-3.854352565305));
#3804=CARTESIAN_POINT('Ctrl Pts',(27.8356733306673,4.03979490146357,-15.5733504237325));
#3805=CARTESIAN_POINT('Ctrl Pts',(40.1959382452107,-5.38022470479469,-21.6233661883842));
#3806=CARTESIAN_POINT('Ctrl Pts',(48.1660851640604,-12.4990611716458,-19.93916722258));
#3807=CARTESIAN_POINT('Ctrl Pts',(53.4211588614277,-18.3947311438307,-14.3257569873124));
#3808=CARTESIAN_POINT('Ctrl Pts',(55.7656128117184,-22.5542028814066,-6.99846411090483));
#3809=CARTESIAN_POINT('Ctrl Pts',(55.0968849079789,-25.7240496882065,2.42265404933496));
#3810=CARTESIAN_POINT('Ctrl Pts',(51.9376582114895,-27.4012685485202,10.536482274911));
#3811=CARTESIAN_POINT('Ctrl Pts',(46.3973026156582,-27.9423714773242,17.0247395163366));
#3812=CARTESIAN_POINT('Ctrl Pts',(40.4125234843219,-27.5636824954504,19.9838146103775));
#3813=CARTESIAN_POINT('Ctrl Pts',(35.408379806459,-26.9419002276012,20.773172568186));
#3814=CARTESIAN_POINT('Ctrl Pts',(30.8824543254305,-26.2649511250404,20.7905926355211));
#3815=CARTESIAN_POINT('Ctrl Pts',(24.8524429042922,-25.1696253065887,19.561733850037));
#3816=CARTESIAN_POINT('Ctrl Pts',(17.1965514147985,-23.5281289283235,16.2440317020212));
#3817=CARTESIAN_POINT('Ctrl Pts',(1.32669661504682,-19.6927262019956,6.61744550928855));
#3818=CARTESIAN_POINT('Ctrl Pts',(-18.1157268644837,-13.8926566194163,-10.6893865652185));
#3819=CARTESIAN_POINT('Ctrl Pts',(-37.6258932543453,-6.61732797316122,-20.2933056295334));
#3820=CARTESIAN_POINT('Ctrl Pts',(-49.5405683621826,-1.19091603289619,-19.741457443128));
#3821=CARTESIAN_POINT('Ctrl Pts',(-57.4461317800726,3.93213410022911,-12.0192947154695));
#3822=CARTESIAN_POINT('Ctrl Pts',(-59.1121602740698,6.96180263687731,-3.97777360562186));
#3823=CARTESIAN_POINT('Ctrl Pts',(-58.9145225767444,8.3276089109156,0.0483677211383491));
#3824=CARTESIAN_POINT('Ctrl Pts',(17.7592191168176,-2.55339022729868,2.27227836577889E-13));
#3825=CARTESIAN_POINT('Ctrl Pts',(16.959207913098,-8.11759036829881,-4.18390229716182));
#3826=CARTESIAN_POINT('Ctrl Pts',(15.1347238645634,-19.2146706164422,-12.5424409570522));
#3827=CARTESIAN_POINT('Ctrl Pts',(11.8516227715323,-34.7336210387894,-20.4505430381321));
#3828=CARTESIAN_POINT('Ctrl Pts',(8.13996198242498,-47.8931527852123,-20.6594580677197));
#3829=CARTESIAN_POINT('Ctrl Pts',(4.12679122752815,-57.1013975929356,-13.3207862969228));
#3830=CARTESIAN_POINT('Ctrl Pts',(-0.0492810507090488,-60.8173112881119,
-1.32177993112124));
#3831=CARTESIAN_POINT('Ctrl Pts',(-4.23189963684113,-58.2404683967219,11.0628642541343));
#3832=CARTESIAN_POINT('Ctrl Pts',(-8.24579936668109,-50.0245674783492,19.4332960583317));
#3833=CARTESIAN_POINT('Ctrl Pts',(-11.8414530387846,-38.0985629914954,20.6654884660079));
#3834=CARTESIAN_POINT('Ctrl Pts',(-14.9796335519785,-24.2264586800967,14.9824531691839));
#3835=CARTESIAN_POINT('Ctrl Pts',(-17.161624102506,-12.1219722423898,6.64427436776751));
#3836=CARTESIAN_POINT('Ctrl Pts',(-18.665425059717,-2.22179980530867,-0.815511703026571));
#3837=CARTESIAN_POINT('Ctrl Pts',(-19.8251061267451,6.46482428382487,-7.30360161209734));
#3838=CARTESIAN_POINT('Ctrl Pts',(-20.904833673317,16.2813559704299,-13.9708659337587));
#3839=CARTESIAN_POINT('Ctrl Pts',(-21.7321963146675,26.8725389946921,-19.1913431134272));
#3840=CARTESIAN_POINT('Ctrl Pts',(-22.1006763892847,36.6824393719253,-21.2057804365735));
#3841=CARTESIAN_POINT('Ctrl Pts',(-21.9122741764979,45.2779284469892,-19.6336756256806));
#3842=CARTESIAN_POINT('Ctrl Pts',(-21.0573181829645,52.079609812217,-14.7938674071803));
#3843=CARTESIAN_POINT('Ctrl Pts',(-19.4530930197563,56.5938607509499,-7.58078058249779));
#3844=CARTESIAN_POINT('Ctrl Pts',(-17.0483130469324,58.5076774153673,0.824311213048621));
#3845=CARTESIAN_POINT('Ctrl Pts',(-14.2031338391178,57.7923602187482,8.19472454066));
#3846=CARTESIAN_POINT('Ctrl Pts',(-11.2471769313089,55.490763543313,13.7240723444184));
#3847=CARTESIAN_POINT('Ctrl Pts',(-7.49588501044351,51.4510179193098,18.7615107186892));
#3848=CARTESIAN_POINT('Ctrl Pts',(-2.22727381664927,44.0297674687769,21.798124326045));
#3849=CARTESIAN_POINT('Ctrl Pts',(4.46874755095415,32.6506471619477,18.9806255565878));
#3850=CARTESIAN_POINT('Ctrl Pts',(11.1692362646771,19.8129542095334,10.6322233618918));
#3851=CARTESIAN_POINT('Ctrl Pts',(17.6161645148217,6.19902316158781,-0.67362471947631));
#3852=CARTESIAN_POINT('Ctrl Pts',(23.0338850758285,-6.39082087277022,-10.7202077811722));
#3853=CARTESIAN_POINT('Ctrl Pts',(27.3337919574702,-17.4325328764756,-17.2529847965926));
#3854=CARTESIAN_POINT('Ctrl Pts',(30.5542535541863,-26.7193005345752,-20.1290470706152));
#3855=CARTESIAN_POINT('Ctrl Pts',(32.9352748865648,-34.9740563251478,-19.5483115157744));
#3856=CARTESIAN_POINT('Ctrl Pts',(34.2838600633844,-41.8519757005588,-15.7385097145702));
#3857=CARTESIAN_POINT('Ctrl Pts',(34.3910004486515,-47.0019204979898,-9.34921141644977));
#3858=CARTESIAN_POINT('Ctrl Pts',(33.0742481868464,-50.0572120333648,-1.42159285838633));
#3859=CARTESIAN_POINT('Ctrl Pts',(30.2667105691787,-50.8156446647507,6.7569743325227));
#3860=CARTESIAN_POINT('Ctrl Pts',(26.0606161499567,-49.3247570016227,13.8665487706547));
#3861=CARTESIAN_POINT('Ctrl Pts',(20.6803417084472,-45.8423438972733,18.7390651694069));
#3862=CARTESIAN_POINT('Ctrl Pts',(14.3853215940188,-40.7140593753256,20.5532848390242));
#3863=CARTESIAN_POINT('Ctrl Pts',(7.4251902655195,-34.2843518883011,18.9031154041704));
#3864=CARTESIAN_POINT('Ctrl Pts',(0.0694331064348579,-26.8953855023807,
13.9959094724836));
#3865=CARTESIAN_POINT('Ctrl Pts',(-7.44106407538748,-18.8487889885349,6.70055796467148));
#3866=CARTESIAN_POINT('Ctrl Pts',(-17.3745768328881,-7.58903095244346,-4.62007542014997));
#3867=CARTESIAN_POINT('Ctrl Pts',(-26.8061802805193,4.01265570737868,-15.3396938525153));
#3868=CARTESIAN_POINT('Ctrl Pts',(-34.8808922561822,15.0359256885605,-20.4325652295324));
#3869=CARTESIAN_POINT('Ctrl Pts',(-39.9798288378254,22.7387766603901,-20.8394433910976));
#3870=CARTESIAN_POINT('Ctrl Pts',(-44.4083116045169,30.6524780742172,-17.2368351873868));
#3871=CARTESIAN_POINT('Ctrl Pts',(-46.6684579967751,37.4966251805163,-8.30546058283389));
#3872=CARTESIAN_POINT('Ctrl Pts',(-44.5627473743306,41.2732825130833,4.57396792597818));
#3873=CARTESIAN_POINT('Ctrl Pts',(-37.7869654642934,40.9165848311607,15.756398241835));
#3874=CARTESIAN_POINT('Ctrl Pts',(-27.2970283424676,37.052668998497,21.2643603658503));
#3875=CARTESIAN_POINT('Ctrl Pts',(-14.3921712737394,30.6485898973844,18.8441791941763));
#3876=CARTESIAN_POINT('Ctrl Pts',(-0.267971398932214,22.5824570150474,9.28822337868087));
#3877=CARTESIAN_POINT('Ctrl Pts',(14.1198602734465,13.5241438581183,-3.74055074350897));
#3878=CARTESIAN_POINT('Ctrl Pts',(27.9206070432471,4.03004644282979,-15.450411601658));
#3879=CARTESIAN_POINT('Ctrl Pts',(40.244169428392,-5.36771730253363,-21.4755957567382));
#3880=CARTESIAN_POINT('Ctrl Pts',(48.1528319516035,-12.4367882848696,-19.7971334438333));
#3881=CARTESIAN_POINT('Ctrl Pts',(53.3688037292871,-18.29229584508,-14.2247711121105));
#3882=CARTESIAN_POINT('Ctrl Pts',(55.6999118599228,-22.4313482584323,-6.93731911231523));
#3883=CARTESIAN_POINT('Ctrl Pts',(55.0318091293912,-25.5894735112865,2.44460495392495));
#3884=CARTESIAN_POINT('Ctrl Pts',(51.8825845544388,-27.2609353829872,10.5258569148812));
#3885=CARTESIAN_POINT('Ctrl Pts',(46.3638157287618,-27.8003670608869,16.9841734757423));
#3886=CARTESIAN_POINT('Ctrl Pts',(40.4064649642384,-27.4240670681983,19.9278456897308));
#3887=CARTESIAN_POINT('Ctrl Pts',(35.4224441048969,-26.8054829856221,20.7126593815384));
#3888=CARTESIAN_POINT('Ctrl Pts',(30.9125184991632,-26.1313736617101,20.7291353800327));
#3889=CARTESIAN_POINT('Ctrl Pts',(24.8984319388558,-25.0397008601987,19.5025190330389));
#3890=CARTESIAN_POINT('Ctrl Pts',(17.255298843517,-23.4017881917573,16.1888885534294));
#3891=CARTESIAN_POINT('Ctrl Pts',(1.4013637176434,-19.5719051538923,6.56873929467043));
#3892=CARTESIAN_POINT('Ctrl Pts',(-18.0367014793035,-13.7754672365412,-10.7383015958807));
#3893=CARTESIAN_POINT('Ctrl Pts',(-37.5576228274468,-6.49879028757263,-20.3556146940946));
#3894=CARTESIAN_POINT('Ctrl Pts',(-49.5003067417982,-1.06193059333021,-19.8082478914595));
#3895=CARTESIAN_POINT('Ctrl Pts',(-57.4234894543727,4.07096240051442,-12.07119356156));
#3896=CARTESIAN_POINT('Ctrl Pts',(-59.0907842333144,7.10168216165563,-4.0263773208983));
#3897=CARTESIAN_POINT('Ctrl Pts',(-58.8943757919155,8.4677328772605,1.68315040908476E-13));
#3898=CARTESIAN_POINT('Ctrl Pts',(17.7592191168176,-2.55339022729868,2.27227836577889E-13));
#3899=CARTESIAN_POINT('Ctrl Pts',(16.959207913098,-8.11759036829881,-4.18390229716182));
#3900=CARTESIAN_POINT('Ctrl Pts',(15.1347238645634,-19.2146706164422,-12.5424409570522));
#3901=CARTESIAN_POINT('Ctrl Pts',(11.8516227715323,-34.7336210387894,-20.4505430381321));
#3902=CARTESIAN_POINT('Ctrl Pts',(8.13996198242498,-47.8931527852123,-20.6594580677197));
#3903=CARTESIAN_POINT('Ctrl Pts',(4.12679122752815,-57.1013975929356,-13.3207862969228));
#3904=CARTESIAN_POINT('Ctrl Pts',(-0.0492810507090488,-60.8173112881119,
-1.32177993112124));
#3905=CARTESIAN_POINT('Ctrl Pts',(-4.23189963684113,-58.2404683967219,11.0628642541343));
#3906=CARTESIAN_POINT('Ctrl Pts',(-8.24579936668109,-50.0245674783492,19.4332960583317));
#3907=CARTESIAN_POINT('Ctrl Pts',(-11.8414530387846,-38.0985629914954,20.6654884660079));
#3908=CARTESIAN_POINT('Ctrl Pts',(-14.9796335519785,-24.2264586800967,14.9824531691839));
#3909=CARTESIAN_POINT('Ctrl Pts',(-17.161624102506,-12.1219722423898,6.64427436776751));
#3910=CARTESIAN_POINT('Ctrl Pts',(-18.665425059717,-2.22179980530867,-0.815511703026571));
#3911=CARTESIAN_POINT('Ctrl Pts',(-19.8251061267451,6.46482428382487,-7.30360161209734));
#3912=CARTESIAN_POINT('Ctrl Pts',(-20.904833673317,16.2813559704299,-13.9708659337587));
#3913=CARTESIAN_POINT('Ctrl Pts',(-21.7321963146675,26.8725389946921,-19.1913431134272));
#3914=CARTESIAN_POINT('Ctrl Pts',(-22.1006763892847,36.6824393719253,-21.2057804365735));
#3915=CARTESIAN_POINT('Ctrl Pts',(-21.9122741764979,45.2779284469892,-19.6336756256806));
#3916=CARTESIAN_POINT('Ctrl Pts',(-21.0573181829645,52.079609812217,-14.7938674071803));
#3917=CARTESIAN_POINT('Ctrl Pts',(-19.4530930197563,56.5938607509499,-7.58078058249779));
#3918=CARTESIAN_POINT('Ctrl Pts',(-17.0483130469324,58.5076774153673,0.824311213048621));
#3919=CARTESIAN_POINT('Ctrl Pts',(-14.2031338391178,57.7923602187482,8.19472454066));
#3920=CARTESIAN_POINT('Ctrl Pts',(-11.2471769313089,55.490763543313,13.7240723444184));
#3921=CARTESIAN_POINT('Ctrl Pts',(-7.49588501044351,51.4510179193098,18.7615107186892));
#3922=CARTESIAN_POINT('Ctrl Pts',(-2.22727381664927,44.0297674687769,21.798124326045));
#3923=CARTESIAN_POINT('Ctrl Pts',(4.46874755095415,32.6506471619477,18.9806255565878));
#3924=CARTESIAN_POINT('Ctrl Pts',(11.1692362646771,19.8129542095334,10.6322233618918));
#3925=CARTESIAN_POINT('Ctrl Pts',(17.6161645148217,6.19902316158781,-0.67362471947631));
#3926=CARTESIAN_POINT('Ctrl Pts',(23.0338850758285,-6.39082087277022,-10.7202077811722));
#3927=CARTESIAN_POINT('Ctrl Pts',(27.3337919574702,-17.4325328764756,-17.2529847965926));
#3928=CARTESIAN_POINT('Ctrl Pts',(30.5542535541863,-26.7193005345752,-20.1290470706152));
#3929=CARTESIAN_POINT('Ctrl Pts',(32.9352748865648,-34.9740563251478,-19.5483115157744));
#3930=CARTESIAN_POINT('Ctrl Pts',(34.2838600633844,-41.8519757005588,-15.7385097145702));
#3931=CARTESIAN_POINT('Ctrl Pts',(34.3910004486515,-47.0019204979898,-9.34921141644977));
#3932=CARTESIAN_POINT('Ctrl Pts',(33.0742481868464,-50.0572120333648,-1.42159285838633));
#3933=CARTESIAN_POINT('Ctrl Pts',(30.2667105691787,-50.8156446647507,6.7569743325227));
#3934=CARTESIAN_POINT('Ctrl Pts',(26.0606161499567,-49.3247570016227,13.8665487706547));
#3935=CARTESIAN_POINT('Ctrl Pts',(20.6803417084472,-45.8423438972733,18.7390651694069));
#3936=CARTESIAN_POINT('Ctrl Pts',(14.3853215940188,-40.7140593753256,20.5532848390242));
#3937=CARTESIAN_POINT('Ctrl Pts',(7.4251902655195,-34.2843518883011,18.9031154041704));
#3938=CARTESIAN_POINT('Ctrl Pts',(0.0694331064348579,-26.8953855023807,
13.9959094724836));
#3939=CARTESIAN_POINT('Ctrl Pts',(-7.44106407538748,-18.8487889885349,6.70055796467148));
#3940=CARTESIAN_POINT('Ctrl Pts',(-17.3745768328881,-7.58903095244346,-4.62007542014997));
#3941=CARTESIAN_POINT('Ctrl Pts',(-26.8061802805193,4.01265570737868,-15.3396938525153));
#3942=CARTESIAN_POINT('Ctrl Pts',(-34.8808922561822,15.0359256885605,-20.4325652295324));
#3943=CARTESIAN_POINT('Ctrl Pts',(-39.9798288378254,22.7387766603901,-20.8394433910976));
#3944=CARTESIAN_POINT('Ctrl Pts',(-44.4083116045169,30.6524780742172,-17.2368351873868));
#3945=CARTESIAN_POINT('Ctrl Pts',(-46.6684579967751,37.4966251805163,-8.30546058283389));
#3946=CARTESIAN_POINT('Ctrl Pts',(-44.5627473743306,41.2732825130833,4.57396792597818));
#3947=CARTESIAN_POINT('Ctrl Pts',(-37.7869654642934,40.9165848311607,15.756398241835));
#3948=CARTESIAN_POINT('Ctrl Pts',(-27.2970283424676,37.052668998497,21.2643603658503));
#3949=CARTESIAN_POINT('Ctrl Pts',(-14.3921712737394,30.6485898973844,18.8441791941763));
#3950=CARTESIAN_POINT('Ctrl Pts',(-0.267971398932214,22.5824570150474,9.28822337868087));
#3951=CARTESIAN_POINT('Ctrl Pts',(14.1198602734465,13.5241438581183,-3.74055074350897));
#3952=CARTESIAN_POINT('Ctrl Pts',(27.9206070432471,4.03004644282979,-15.450411601658));
#3953=CARTESIAN_POINT('Ctrl Pts',(40.244169428392,-5.36771730253363,-21.4755957567382));
#3954=CARTESIAN_POINT('Ctrl Pts',(48.1528319516035,-12.4367882848696,-19.7971334438333));
#3955=CARTESIAN_POINT('Ctrl Pts',(53.3688037292871,-18.29229584508,-14.2247711121105));
#3956=CARTESIAN_POINT('Ctrl Pts',(55.6999118599228,-22.4313482584323,-6.93731911231523));
#3957=CARTESIAN_POINT('Ctrl Pts',(55.0318091293912,-25.5894735112865,2.44460495392495));
#3958=CARTESIAN_POINT('Ctrl Pts',(51.8825845544388,-27.2609353829872,10.5258569148812));
#3959=CARTESIAN_POINT('Ctrl Pts',(46.3638157287618,-27.8003670608869,16.9841734757423));
#3960=CARTESIAN_POINT('Ctrl Pts',(40.4064649642384,-27.4240670681983,19.9278456897308));
#3961=CARTESIAN_POINT('Ctrl Pts',(35.4224441048969,-26.8054829856221,20.7126593815384));
#3962=CARTESIAN_POINT('Ctrl Pts',(30.9125184991632,-26.1313736617101,20.7291353800327));
#3963=CARTESIAN_POINT('Ctrl Pts',(24.8984319388558,-25.0397008601987,19.5025190330389));
#3964=CARTESIAN_POINT('Ctrl Pts',(17.255298843517,-23.4017881917573,16.1888885534294));
#3965=CARTESIAN_POINT('Ctrl Pts',(1.4013637176434,-19.5719051538923,6.56873929467043));
#3966=CARTESIAN_POINT('Ctrl Pts',(-18.0367014793035,-13.7754672365412,-10.7383015958807));
#3967=CARTESIAN_POINT('Ctrl Pts',(-37.5576228274468,-6.49879028757263,-20.3556146940946));
#3968=CARTESIAN_POINT('Ctrl Pts',(-49.5003067417982,-1.06193059333021,-19.8082478914595));
#3969=CARTESIAN_POINT('Ctrl Pts',(-57.4234894543727,4.07096240051442,-12.07119356156));
#3970=CARTESIAN_POINT('Ctrl Pts',(-59.0907842333144,7.10168216165563,-4.0263773208983));
#3971=CARTESIAN_POINT('Ctrl Pts',(-58.8943757919155,8.4677328772605,1.68315040908476E-13));
#3972=UNCERTAINTY_MEASURE_WITH_UNIT(LENGTH_MEASURE(0.01),#3976,
'DISTANCE_ACCURACY_VALUE',
'Maximum model space distance between geometric entities at asserted c
onnectivities');
#3973=UNCERTAINTY_MEASURE_WITH_UNIT(LENGTH_MEASURE(0.01),#3976,
'DISTANCE_ACCURACY_VALUE',
'Maximum model space distance between geometric entities at asserted c
onnectivities');
#3974=(
GEOMETRIC_REPRESENTATION_CONTEXT(3)
GLOBAL_UNCERTAINTY_ASSIGNED_CONTEXT((#3972))
GLOBAL_UNIT_ASSIGNED_CONTEXT((#3976,#3978,#3979))
REPRESENTATION_CONTEXT('','3D')
);
#3975=(
GEOMETRIC_REPRESENTATION_CONTEXT(3)
GLOBAL_UNCERTAINTY_ASSIGNED_CONTEXT((#3973))
GLOBAL_UNIT_ASSIGNED_CONTEXT((#3976,#3978,#3979))
REPRESENTATION_CONTEXT('','3D')
);
#3976=(
LENGTH_UNIT()
NAMED_UNIT(*)
SI_UNIT(.MILLI.,.METRE.)
);
#3977=(
LENGTH_UNIT()
NAMED_UNIT(*)
SI_UNIT($,.METRE.)
);
#3978=(
NAMED_UNIT(*)
PLANE_ANGLE_UNIT()
SI_UNIT($,.RADIAN.)
);
#3979=(
NAMED_UNIT(*)
SI_UNIT($,.STERADIAN.)
SOLID_ANGLE_UNIT()
);
#3980=SHAPE_DEFINITION_REPRESENTATION(#3981,#3982);
#3981=PRODUCT_DEFINITION_SHAPE('',$,#3984);
#3982=SHAPE_REPRESENTATION('',(#82),#3974);
#3983=PRODUCT_DEFINITION_CONTEXT('part definition',#3988,'design');
#3984=PRODUCT_DEFINITION('2026-08-14-22-03-26-716','11-loop',#3985,#3983);
#3985=PRODUCT_DEFINITION_FORMATION('',$,#3990);
#3986=PRODUCT_RELATED_PRODUCT_CATEGORY('11-loop','11-loop',(#3990));
#3987=APPLICATION_PROTOCOL_DEFINITION('international standard',
'automotive_design',2009,#3988);
#3988=APPLICATION_CONTEXT(
'Core Data for Automotive Mechanical Design Process');
#3989=PRODUCT_CONTEXT('part definition',#3988,'mechanical');
#3990=PRODUCT('2026-08-14-22-03-26-716','11-loop',$,(#3989));
#3991=PRESENTATION_STYLE_ASSIGNMENT((#3993));
#3992=PRESENTATION_STYLE_ASSIGNMENT((#3994));
#3993=SURFACE_STYLE_USAGE(.BOTH.,#3995);
#3994=SURFACE_STYLE_USAGE(.BOTH.,#3996);
#3995=SURFACE_SIDE_STYLE('',(#3997));
#3996=SURFACE_SIDE_STYLE('',(#3998));
#3997=SURFACE_STYLE_FILL_AREA(#3999);
#3998=SURFACE_STYLE_FILL_AREA(#4000);
#3999=FILL_AREA_STYLE('Steel - Satin',(#4001));
#4000=FILL_AREA_STYLE('Steel - Satin',(#4002));
#4001=FILL_AREA_STYLE_COLOUR('Steel - Satin',#4003);
#4002=FILL_AREA_STYLE_COLOUR('Steel - Satin',#4004);
#4003=COLOUR_RGB('Steel - Satin',0.627450980392157,0.627450980392157,0.627450980392157);
#4004=COLOUR_RGB('Steel - Satin',0.196078431372549,0.784313725490196,0.196078431372549);
ENDSEC;
END-ISO-10303-21;
