ISO-10303-21;
HEADER;
/* Generated by software containing ST-Developer
 * from STEP Tools, Inc. (www.steptools.com) 
 */

FILE_DESCRIPTION(
/* description */ (''),
/* implementation_level */ '2;1');

FILE_NAME(
/* name */ '13-loop.step',
/* time_stamp */ '2026-08-19T17:57:45+05:30',
/* author */ (''),
/* organization */ (''),
/* preprocessor_version */ 'ST-DEVELOPER v20.1',
/* originating_system */ 'Autodesk Translation Framework v15.8.0.0',
/* authorisation */ '');

FILE_SCHEMA (('AUTOMOTIVE_DESIGN { 1 0 10303 214 3 1 1 }'));
ENDSEC;

DATA;
#10=MECHANICAL_DESIGN_GEOMETRIC_PRESENTATION_REPRESENTATION('',(#13),#2627);
#11=SHAPE_REPRESENTATION_RELATIONSHIP('SRR','None',#2634,#12);
#12=ADVANCED_BREP_SHAPE_REPRESENTATION('',(#14),#2626);
#13=STYLED_ITEM('',(#2644),#14);
#14=MANIFOLD_SOLID_BREP('Body6',#41);
#15=FACE_OUTER_BOUND('',#17,.T.);
#16=FACE_OUTER_BOUND('',#18,.T.);
#17=EDGE_LOOP('',(#29,#30,#31,#32));
#18=EDGE_LOOP('',(#33,#34,#35,#36));
#19=B_SPLINE_CURVE_WITH_KNOTS('',3,(#1222,#1223,#1224,#1225,#1226,#1227,
#1228,#1229,#1230,#1231,#1232,#1233,#1234,#1235,#1236,#1237,#1238,#1239,
#1240,#1241,#1242,#1243,#1244,#1245,#1246,#1247,#1248,#1249,#1250,#1251,
#1252,#1253,#1254,#1255,#1256,#1257,#1258,#1259,#1260,#1261,#1262,#1263,
#1264,#1265,#1266,#1267,#1268,#1269,#1270,#1271,#1272,#1273,#1274,#1275,
#1276,#1277,#1278,#1279,#1280,#1281,#1282,#1283,#1284,#1285,#1286,#1287,
#1288,#1289,#1290,#1291,#1292,#1293,#1294,#1295,#1296,#1297,#1298,#1299,
#1300,#1301,#1302,#1303,#1304,#1305,#1306,#1307,#1308,#1309,#1310,#1311,
#1312,#1313,#1314,#1315,#1316,#1317,#1318,#1319,#1320,#1321,#1322,#1323,
#1324,#1325,#1326),.UNSPECIFIED.,.F.,.F.,(4,1,1,1,1,1,1,1,1,1,1,1,1,1,1,
1,1,1,1,1,1,1,1,1,1,1,1,1,1,1,1,1,1,1,1,1,1,1,1,1,1,1,1,1,1,1,1,1,1,1,1,
1,1,1,1,1,1,1,1,1,1,1,1,1,1,1,1,1,1,1,1,1,1,1,1,1,1,1,1,1,1,1,1,1,1,1,1,
1,1,1,1,1,1,1,1,1,1,1,1,1,1,1,4),(0.,0.00446428571428571,0.00892857142857143,
0.0133928571428571,0.0178571428571429,0.0223214285714286,0.0267857142857143,
0.03125,0.0357142857142857,0.0446428571428571,0.0491071428571428,0.0535714285714286,
0.0580357142857143,0.0625,0.0669642857142857,0.0714285714285714,0.0753968253968254,
0.0793650793650794,0.0873015873015873,0.0952380952380952,0.101190476190476,
0.107142857142857,0.113095238095238,0.119047619047619,0.125,0.130952380952381,
0.136904761904762,0.142857142857143,0.148809523809524,0.154761904761905,
0.160714285714286,0.166666666666667,0.170634920634921,0.174603174603175,
0.178571428571429,0.182539682539683,0.19047619047619,0.198412698412698,
0.202380952380952,0.206349206349206,0.21031746031746,0.214285714285714,
0.218253968253968,0.222222222222222,0.226190476190476,0.23015873015873,
0.238095238095238,0.240079365079365,0.242063492063492,0.246031746031746,
0.25,0.255952380952381,0.261904761904762,0.267857142857143,0.273809523809524,
0.279761904761905,0.285714285714286,0.291666666666667,0.297619047619048,
0.303571428571428,0.309523809523809,0.313492063492063,0.317460317460317,
0.325396825396825,0.330687830687831,0.332010582010582,0.333333333333333,
0.341269841269841,0.345238095238095,0.351190476190476,0.357142857142857,
0.359375,0.360491071428571,0.361607142857143,0.366071428571428,0.370535714285714,
0.375,0.380952380952381,0.383928571428571,0.388392857142857,0.392857142857143,
0.397321428571428,0.401785714285714,0.40625,0.410714285714286,0.415178571428571,
0.419642857142857,0.428571428571429,0.433035714285714,0.4375,0.441964285714286,
0.446428571428571,0.450892857142857,0.455357142857143,0.459821428571429,
0.464285714285714,0.46875,0.473214285714286,0.477678571428571,0.482142857142857,
0.486607142857143,0.491071428571429,0.5),.UNSPECIFIED.);
#20=B_SPLINE_CURVE_WITH_KNOTS('',3,(#2516,#2517,#2518,#2519,#2520,#2521,
#2522,#2523,#2524,#2525,#2526,#2527,#2528,#2529,#2530,#2531,#2532,#2533,
#2534,#2535,#2536,#2537,#2538,#2539,#2540,#2541,#2542,#2543,#2544,#2545,
#2546,#2547,#2548,#2549,#2550,#2551,#2552,#2553,#2554,#2555,#2556,#2557,
#2558,#2559,#2560,#2561,#2562,#2563,#2564,#2565,#2566,#2567,#2568,#2569,
#2570,#2571,#2572,#2573,#2574,#2575,#2576,#2577,#2578,#2579,#2580,#2581,
#2582,#2583,#2584,#2585,#2586,#2587,#2588,#2589,#2590,#2591,#2592,#2593,
#2594,#2595,#2596,#2597,#2598,#2599,#2600,#2601,#2602,#2603,#2604,#2605,
#2606,#2607,#2608,#2609,#2610,#2611,#2612,#2613,#2614,#2615,#2616,#2617,
#2618,#2619,#2620,#2621,#2622,#2623),.UNSPECIFIED.,.F.,.F.,(4,1,1,1,1,1,
1,1,1,1,1,1,1,1,1,1,1,1,1,1,1,1,1,1,1,1,1,1,1,1,1,1,1,1,1,1,1,1,1,1,1,1,
1,1,1,1,1,1,1,1,1,1,1,1,1,1,1,1,1,1,1,1,1,1,1,1,1,1,1,1,1,1,1,1,1,1,1,1,
1,1,1,1,1,1,1,1,1,1,1,1,1,1,1,1,1,1,1,1,1,1,1,1,1,1,1,4),(0.5,0.508928571428571,
0.513392857142857,0.517857142857143,0.522321428571428,0.526785714285714,
0.53125,0.535714285714286,0.540178571428571,0.544642857142857,0.549107142857143,
0.553571428571429,0.558035714285714,0.5625,0.566964285714286,0.571428571428571,
0.577380952380952,0.583333333333333,0.586309523809524,0.589285714285714,
0.592261904761905,0.595238095238095,0.601190476190476,0.607142857142857,
0.611111111111111,0.615079365079365,0.619047619047619,0.625,0.630952380952381,
0.636904761904762,0.639880952380952,0.642857142857143,0.646825396825397,
0.650793650793651,0.658730158730159,0.662698412698413,0.66468253968254,
0.666666666666667,0.672619047619048,0.678571428571429,0.68452380952381,
0.69047619047619,0.696428571428571,0.702380952380952,0.708333333333333,
0.714285714285714,0.720238095238095,0.726190476190476,0.732142857142857,
0.738095238095238,0.744047619047619,0.74702380952381,0.748511904761905,
0.75,0.755952380952381,0.761904761904762,0.764550264550265,0.76984126984127,
0.772486772486772,0.777777777777778,0.781746031746032,0.785714285714286,
0.78968253968254,0.793650793650794,0.797619047619048,0.801587301587302,
0.80952380952381,0.817460317460317,0.821428571428571,0.825396825396825,
0.830687830687831,0.833333333333333,0.839285714285714,0.845238095238095,
0.851190476190476,0.857142857142857,0.863095238095238,0.869047619047619,
0.87202380952381,0.875,0.880952380952381,0.886904761904762,0.892857142857143,
0.898809523809524,0.904761904761905,0.908730158730159,0.912698412698413,
0.920634920634921,0.924603174603175,0.928571428571429,0.933035714285714,
0.9375,0.941964285714286,0.946428571428571,0.950892857142857,0.955357142857143,
0.959821428571429,0.964285714285714,0.96875,0.973214285714286,0.977678571428572,
0.982142857142857,0.986607142857143,0.991071428571429,0.995535714285714,
1.),.UNSPECIFIED.);
#21=CIRCLE('',#55,2.);
#22=CIRCLE('',#56,2.);
#23=VERTEX_POINT('',#1219);
#24=VERTEX_POINT('',#1221);
#25=EDGE_CURVE('',#23,#23,#21,.T.);
#26=EDGE_CURVE('',#23,#24,#19,.T.);
#27=EDGE_CURVE('',#24,#24,#22,.T.);
#28=EDGE_CURVE('',#24,#23,#20,.T.);
#29=ORIENTED_EDGE('',*,*,#25,.T.);
#30=ORIENTED_EDGE('',*,*,#26,.T.);
#31=ORIENTED_EDGE('',*,*,#27,.F.);
#32=ORIENTED_EDGE('',*,*,#26,.F.);
#33=ORIENTED_EDGE('',*,*,#27,.T.);
#34=ORIENTED_EDGE('',*,*,#28,.T.);
#35=ORIENTED_EDGE('',*,*,#25,.F.);
#36=ORIENTED_EDGE('',*,*,#28,.F.);
#37=B_SPLINE_SURFACE_WITH_KNOTS('',3,3,((#64,#65,#66,#67,#68,#69,#70,#71,
#72,#73,#74,#75,#76,#77,#78,#79,#80,#81,#82,#83,#84,#85,#86,#87,#88,#89,
#90,#91,#92,#93,#94,#95,#96,#97,#98,#99,#100,#101,#102,#103,#104,#105,#106,
#107,#108,#109,#110,#111,#112,#113,#114,#115,#116,#117,#118,#119,#120,#121,
#122,#123,#124,#125,#126,#127,#128,#129,#130,#131,#132,#133,#134,#135,#136,
#137,#138,#139,#140,#141,#142,#143,#144,#145,#146,#147,#148,#149,#150,#151,
#152,#153,#154,#155,#156,#157,#158,#159,#160,#161,#162,#163,#164,#165,#166,
#167,#168),(#169,#170,#171,#172,#173,#174,#175,#176,#177,#178,#179,#180,
#181,#182,#183,#184,#185,#186,#187,#188,#189,#190,#191,#192,#193,#194,#195,
#196,#197,#198,#199,#200,#201,#202,#203,#204,#205,#206,#207,#208,#209,#210,
#211,#212,#213,#214,#215,#216,#217,#218,#219,#220,#221,#222,#223,#224,#225,
#226,#227,#228,#229,#230,#231,#232,#233,#234,#235,#236,#237,#238,#239,#240,
#241,#242,#243,#244,#245,#246,#247,#248,#249,#250,#251,#252,#253,#254,#255,
#256,#257,#258,#259,#260,#261,#262,#263,#264,#265,#266,#267,#268,#269,#270,
#271,#272,#273),(#274,#275,#276,#277,#278,#279,#280,#281,#282,#283,#284,
#285,#286,#287,#288,#289,#290,#291,#292,#293,#294,#295,#296,#297,#298,#299,
#300,#301,#302,#303,#304,#305,#306,#307,#308,#309,#310,#311,#312,#313,#314,
#315,#316,#317,#318,#319,#320,#321,#322,#323,#324,#325,#326,#327,#328,#329,
#330,#331,#332,#333,#334,#335,#336,#337,#338,#339,#340,#341,#342,#343,#344,
#345,#346,#347,#348,#349,#350,#351,#352,#353,#354,#355,#356,#357,#358,#359,
#360,#361,#362,#363,#364,#365,#366,#367,#368,#369,#370,#371,#372,#373,#374,
#375,#376,#377,#378),(#379,#380,#381,#382,#383,#384,#385,#386,#387,#388,
#389,#390,#391,#392,#393,#394,#395,#396,#397,#398,#399,#400,#401,#402,#403,
#404,#405,#406,#407,#408,#409,#410,#411,#412,#413,#414,#415,#416,#417,#418,
#419,#420,#421,#422,#423,#424,#425,#426,#427,#428,#429,#430,#431,#432,#433,
#434,#435,#436,#437,#438,#439,#440,#441,#442,#443,#444,#445,#446,#447,#448,
#449,#450,#451,#452,#453,#454,#455,#456,#457,#458,#459,#460,#461,#462,#463,
#464,#465,#466,#467,#468,#469,#470,#471,#472,#473,#474,#475,#476,#477,#478,
#479,#480,#481,#482,#483),(#484,#485,#486,#487,#488,#489,#490,#491,#492,
#493,#494,#495,#496,#497,#498,#499,#500,#501,#502,#503,#504,#505,#506,#507,
#508,#509,#510,#511,#512,#513,#514,#515,#516,#517,#518,#519,#520,#521,#522,
#523,#524,#525,#526,#527,#528,#529,#530,#531,#532,#533,#534,#535,#536,#537,
#538,#539,#540,#541,#542,#543,#544,#545,#546,#547,#548,#549,#550,#551,#552,
#553,#554,#555,#556,#557,#558,#559,#560,#561,#562,#563,#564,#565,#566,#567,
#568,#569,#570,#571,#572,#573,#574,#575,#576,#577,#578,#579,#580,#581,#582,
#583,#584,#585,#586,#587,#588),(#589,#590,#591,#592,#593,#594,#595,#596,
#597,#598,#599,#600,#601,#602,#603,#604,#605,#606,#607,#608,#609,#610,#611,
#612,#613,#614,#615,#616,#617,#618,#619,#620,#621,#622,#623,#624,#625,#626,
#627,#628,#629,#630,#631,#632,#633,#634,#635,#636,#637,#638,#639,#640,#641,
#642,#643,#644,#645,#646,#647,#648,#649,#650,#651,#652,#653,#654,#655,#656,
#657,#658,#659,#660,#661,#662,#663,#664,#665,#666,#667,#668,#669,#670,#671,
#672,#673,#674,#675,#676,#677,#678,#679,#680,#681,#682,#683,#684,#685,#686,
#687,#688,#689,#690,#691,#692,#693),(#694,#695,#696,#697,#698,#699,#700,
#701,#702,#703,#704,#705,#706,#707,#708,#709,#710,#711,#712,#713,#714,#715,
#716,#717,#718,#719,#720,#721,#722,#723,#724,#725,#726,#727,#728,#729,#730,
#731,#732,#733,#734,#735,#736,#737,#738,#739,#740,#741,#742,#743,#744,#745,
#746,#747,#748,#749,#750,#751,#752,#753,#754,#755,#756,#757,#758,#759,#760,
#761,#762,#763,#764,#765,#766,#767,#768,#769,#770,#771,#772,#773,#774,#775,
#776,#777,#778,#779,#780,#781,#782,#783,#784,#785,#786,#787,#788,#789,#790,
#791,#792,#793,#794,#795,#796,#797,#798),(#799,#800,#801,#802,#803,#804,
#805,#806,#807,#808,#809,#810,#811,#812,#813,#814,#815,#816,#817,#818,#819,
#820,#821,#822,#823,#824,#825,#826,#827,#828,#829,#830,#831,#832,#833,#834,
#835,#836,#837,#838,#839,#840,#841,#842,#843,#844,#845,#846,#847,#848,#849,
#850,#851,#852,#853,#854,#855,#856,#857,#858,#859,#860,#861,#862,#863,#864,
#865,#866,#867,#868,#869,#870,#871,#872,#873,#874,#875,#876,#877,#878,#879,
#880,#881,#882,#883,#884,#885,#886,#887,#888,#889,#890,#891,#892,#893,#894,
#895,#896,#897,#898,#899,#900,#901,#902,#903),(#904,#905,#906,#907,#908,
#909,#910,#911,#912,#913,#914,#915,#916,#917,#918,#919,#920,#921,#922,#923,
#924,#925,#926,#927,#928,#929,#930,#931,#932,#933,#934,#935,#936,#937,#938,
#939,#940,#941,#942,#943,#944,#945,#946,#947,#948,#949,#950,#951,#952,#953,
#954,#955,#956,#957,#958,#959,#960,#961,#962,#963,#964,#965,#966,#967,#968,
#969,#970,#971,#972,#973,#974,#975,#976,#977,#978,#979,#980,#981,#982,#983,
#984,#985,#986,#987,#988,#989,#990,#991,#992,#993,#994,#995,#996,#997,#998,
#999,#1000,#1001,#1002,#1003,#1004,#1005,#1006,#1007,#1008),(#1009,#1010,
#1011,#1012,#1013,#1014,#1015,#1016,#1017,#1018,#1019,#1020,#1021,#1022,
#1023,#1024,#1025,#1026,#1027,#1028,#1029,#1030,#1031,#1032,#1033,#1034,
#1035,#1036,#1037,#1038,#1039,#1040,#1041,#1042,#1043,#1044,#1045,#1046,
#1047,#1048,#1049,#1050,#1051,#1052,#1053,#1054,#1055,#1056,#1057,#1058,
#1059,#1060,#1061,#1062,#1063,#1064,#1065,#1066,#1067,#1068,#1069,#1070,
#1071,#1072,#1073,#1074,#1075,#1076,#1077,#1078,#1079,#1080,#1081,#1082,
#1083,#1084,#1085,#1086,#1087,#1088,#1089,#1090,#1091,#1092,#1093,#1094,
#1095,#1096,#1097,#1098,#1099,#1100,#1101,#1102,#1103,#1104,#1105,#1106,
#1107,#1108,#1109,#1110,#1111,#1112,#1113),(#1114,#1115,#1116,#1117,#1118,
#1119,#1120,#1121,#1122,#1123,#1124,#1125,#1126,#1127,#1128,#1129,#1130,
#1131,#1132,#1133,#1134,#1135,#1136,#1137,#1138,#1139,#1140,#1141,#1142,
#1143,#1144,#1145,#1146,#1147,#1148,#1149,#1150,#1151,#1152,#1153,#1154,
#1155,#1156,#1157,#1158,#1159,#1160,#1161,#1162,#1163,#1164,#1165,#1166,
#1167,#1168,#1169,#1170,#1171,#1172,#1173,#1174,#1175,#1176,#1177,#1178,
#1179,#1180,#1181,#1182,#1183,#1184,#1185,#1186,#1187,#1188,#1189,#1190,
#1191,#1192,#1193,#1194,#1195,#1196,#1197,#1198,#1199,#1200,#1201,#1202,
#1203,#1204,#1205,#1206,#1207,#1208,#1209,#1210,#1211,#1212,#1213,#1214,
#1215,#1216,#1217,#1218)),.UNSPECIFIED.,.T.,.F.,.F.,(4,1,1,1,1,1,1,1,4),
(4,1,1,1,1,1,1,1,1,1,1,1,1,1,1,1,1,1,1,1,1,1,1,1,1,1,1,1,1,1,1,1,1,1,1,
1,1,1,1,1,1,1,1,1,1,1,1,1,1,1,1,1,1,1,1,1,1,1,1,1,1,1,1,1,1,1,1,1,1,1,1,
1,1,1,1,1,1,1,1,1,1,1,1,1,1,1,1,1,1,1,1,1,1,1,1,1,1,1,1,1,1,1,4),(-3.14159265358979,
-2.69279370307697,-2.24399475256414,-1.34639685153848,-0.448798950512828,
0.448798950512828,1.34639685153848,2.24399475256414,3.14159265358979),(0.,
0.00446428571428571,0.00892857142857143,0.0133928571428571,0.0178571428571429,
0.0223214285714286,0.0267857142857143,0.03125,0.0357142857142857,0.0446428571428571,
0.0491071428571428,0.0535714285714286,0.0580357142857143,0.0625,0.0669642857142857,
0.0714285714285714,0.0753968253968254,0.0793650793650794,0.0873015873015873,
0.0952380952380952,0.101190476190476,0.107142857142857,0.113095238095238,
0.119047619047619,0.125,0.130952380952381,0.136904761904762,0.142857142857143,
0.148809523809524,0.154761904761905,0.160714285714286,0.166666666666667,
0.170634920634921,0.174603174603175,0.178571428571429,0.182539682539683,
0.19047619047619,0.198412698412698,0.202380952380952,0.206349206349206,
0.21031746031746,0.214285714285714,0.218253968253968,0.222222222222222,
0.226190476190476,0.23015873015873,0.238095238095238,0.240079365079365,
0.242063492063492,0.246031746031746,0.25,0.255952380952381,0.261904761904762,
0.267857142857143,0.273809523809524,0.279761904761905,0.285714285714286,
0.291666666666667,0.297619047619048,0.303571428571428,0.309523809523809,
0.313492063492063,0.317460317460317,0.325396825396825,0.330687830687831,
0.332010582010582,0.333333333333333,0.341269841269841,0.345238095238095,
0.351190476190476,0.357142857142857,0.359375,0.360491071428571,0.361607142857143,
0.366071428571428,0.370535714285714,0.375,0.380952380952381,0.383928571428571,
0.388392857142857,0.392857142857143,0.397321428571428,0.401785714285714,
0.40625,0.410714285714286,0.415178571428571,0.419642857142857,0.428571428571429,
0.433035714285714,0.4375,0.441964285714286,0.446428571428571,0.450892857142857,
0.455357142857143,0.459821428571429,0.464285714285714,0.46875,0.473214285714286,
0.477678571428571,0.482142857142857,0.486607142857143,0.491071428571429,
0.5),.UNSPECIFIED.);
#38=B_SPLINE_SURFACE_WITH_KNOTS('',3,3,((#1328,#1329,#1330,#1331,#1332,
#1333,#1334,#1335,#1336,#1337,#1338,#1339,#1340,#1341,#1342,#1343,#1344,
#1345,#1346,#1347,#1348,#1349,#1350,#1351,#1352,#1353,#1354,#1355,#1356,
#1357,#1358,#1359,#1360,#1361,#1362,#1363,#1364,#1365,#1366,#1367,#1368,
#1369,#1370,#1371,#1372,#1373,#1374,#1375,#1376,#1377,#1378,#1379,#1380,
#1381,#1382,#1383,#1384,#1385,#1386,#1387,#1388,#1389,#1390,#1391,#1392,
#1393,#1394,#1395,#1396,#1397,#1398,#1399,#1400,#1401,#1402,#1403,#1404,
#1405,#1406,#1407,#1408,#1409,#1410,#1411,#1412,#1413,#1414,#1415,#1416,
#1417,#1418,#1419,#1420,#1421,#1422,#1423,#1424,#1425,#1426,#1427,#1428,
#1429,#1430,#1431,#1432,#1433,#1434,#1435),(#1436,#1437,#1438,#1439,#1440,
#1441,#1442,#1443,#1444,#1445,#1446,#1447,#1448,#1449,#1450,#1451,#1452,
#1453,#1454,#1455,#1456,#1457,#1458,#1459,#1460,#1461,#1462,#1463,#1464,
#1465,#1466,#1467,#1468,#1469,#1470,#1471,#1472,#1473,#1474,#1475,#1476,
#1477,#1478,#1479,#1480,#1481,#1482,#1483,#1484,#1485,#1486,#1487,#1488,
#1489,#1490,#1491,#1492,#1493,#1494,#1495,#1496,#1497,#1498,#1499,#1500,
#1501,#1502,#1503,#1504,#1505,#1506,#1507,#1508,#1509,#1510,#1511,#1512,
#1513,#1514,#1515,#1516,#1517,#1518,#1519,#1520,#1521,#1522,#1523,#1524,
#1525,#1526,#1527,#1528,#1529,#1530,#1531,#1532,#1533,#1534,#1535,#1536,
#1537,#1538,#1539,#1540,#1541,#1542,#1543),(#1544,#1545,#1546,#1547,#1548,
#1549,#1550,#1551,#1552,#1553,#1554,#1555,#1556,#1557,#1558,#1559,#1560,
#1561,#1562,#1563,#1564,#1565,#1566,#1567,#1568,#1569,#1570,#1571,#1572,
#1573,#1574,#1575,#1576,#1577,#1578,#1579,#1580,#1581,#1582,#1583,#1584,
#1585,#1586,#1587,#1588,#1589,#1590,#1591,#1592,#1593,#1594,#1595,#1596,
#1597,#1598,#1599,#1600,#1601,#1602,#1603,#1604,#1605,#1606,#1607,#1608,
#1609,#1610,#1611,#1612,#1613,#1614,#1615,#1616,#1617,#1618,#1619,#1620,
#1621,#1622,#1623,#1624,#1625,#1626,#1627,#1628,#1629,#1630,#1631,#1632,
#1633,#1634,#1635,#1636,#1637,#1638,#1639,#1640,#1641,#1642,#1643,#1644,
#1645,#1646,#1647,#1648,#1649,#1650,#1651),(#1652,#1653,#1654,#1655,#1656,
#1657,#1658,#1659,#1660,#1661,#1662,#1663,#1664,#1665,#1666,#1667,#1668,
#1669,#1670,#1671,#1672,#1673,#1674,#1675,#1676,#1677,#1678,#1679,#1680,
#1681,#1682,#1683,#1684,#1685,#1686,#1687,#1688,#1689,#1690,#1691,#1692,
#1693,#1694,#1695,#1696,#1697,#1698,#1699,#1700,#1701,#1702,#1703,#1704,
#1705,#1706,#1707,#1708,#1709,#1710,#1711,#1712,#1713,#1714,#1715,#1716,
#1717,#1718,#1719,#1720,#1721,#1722,#1723,#1724,#1725,#1726,#1727,#1728,
#1729,#1730,#1731,#1732,#1733,#1734,#1735,#1736,#1737,#1738,#1739,#1740,
#1741,#1742,#1743,#1744,#1745,#1746,#1747,#1748,#1749,#1750,#1751,#1752,
#1753,#1754,#1755,#1756,#1757,#1758,#1759),(#1760,#1761,#1762,#1763,#1764,
#1765,#1766,#1767,#1768,#1769,#1770,#1771,#1772,#1773,#1774,#1775,#1776,
#1777,#1778,#1779,#1780,#1781,#1782,#1783,#1784,#1785,#1786,#1787,#1788,
#1789,#1790,#1791,#1792,#1793,#1794,#1795,#1796,#1797,#1798,#1799,#1800,
#1801,#1802,#1803,#1804,#1805,#1806,#1807,#1808,#1809,#1810,#1811,#1812,
#1813,#1814,#1815,#1816,#1817,#1818,#1819,#1820,#1821,#1822,#1823,#1824,
#1825,#1826,#1827,#1828,#1829,#1830,#1831,#1832,#1833,#1834,#1835,#1836,
#1837,#1838,#1839,#1840,#1841,#1842,#1843,#1844,#1845,#1846,#1847,#1848,
#1849,#1850,#1851,#1852,#1853,#1854,#1855,#1856,#1857,#1858,#1859,#1860,
#1861,#1862,#1863,#1864,#1865,#1866,#1867),(#1868,#1869,#1870,#1871,#1872,
#1873,#1874,#1875,#1876,#1877,#1878,#1879,#1880,#1881,#1882,#1883,#1884,
#1885,#1886,#1887,#1888,#1889,#1890,#1891,#1892,#1893,#1894,#1895,#1896,
#1897,#1898,#1899,#1900,#1901,#1902,#1903,#1904,#1905,#1906,#1907,#1908,
#1909,#1910,#1911,#1912,#1913,#1914,#1915,#1916,#1917,#1918,#1919,#1920,
#1921,#1922,#1923,#1924,#1925,#1926,#1927,#1928,#1929,#1930,#1931,#1932,
#1933,#1934,#1935,#1936,#1937,#1938,#1939,#1940,#1941,#1942,#1943,#1944,
#1945,#1946,#1947,#1948,#1949,#1950,#1951,#1952,#1953,#1954,#1955,#1956,
#1957,#1958,#1959,#1960,#1961,#1962,#1963,#1964,#1965,#1966,#1967,#1968,
#1969,#1970,#1971,#1972,#1973,#1974,#1975),(#1976,#1977,#1978,#1979,#1980,
#1981,#1982,#1983,#1984,#1985,#1986,#1987,#1988,#1989,#1990,#1991,#1992,
#1993,#1994,#1995,#1996,#1997,#1998,#1999,#2000,#2001,#2002,#2003,#2004,
#2005,#2006,#2007,#2008,#2009,#2010,#2011,#2012,#2013,#2014,#2015,#2016,
#2017,#2018,#2019,#2020,#2021,#2022,#2023,#2024,#2025,#2026,#2027,#2028,
#2029,#2030,#2031,#2032,#2033,#2034,#2035,#2036,#2037,#2038,#2039,#2040,
#2041,#2042,#2043,#2044,#2045,#2046,#2047,#2048,#2049,#2050,#2051,#2052,
#2053,#2054,#2055,#2056,#2057,#2058,#2059,#2060,#2061,#2062,#2063,#2064,
#2065,#2066,#2067,#2068,#2069,#2070,#2071,#2072,#2073,#2074,#2075,#2076,
#2077,#2078,#2079,#2080,#2081,#2082,#2083),(#2084,#2085,#2086,#2087,#2088,
#2089,#2090,#2091,#2092,#2093,#2094,#2095,#2096,#2097,#2098,#2099,#2100,
#2101,#2102,#2103,#2104,#2105,#2106,#2107,#2108,#2109,#2110,#2111,#2112,
#2113,#2114,#2115,#2116,#2117,#2118,#2119,#2120,#2121,#2122,#2123,#2124,
#2125,#2126,#2127,#2128,#2129,#2130,#2131,#2132,#2133,#2134,#2135,#2136,
#2137,#2138,#2139,#2140,#2141,#2142,#2143,#2144,#2145,#2146,#2147,#2148,
#2149,#2150,#2151,#2152,#2153,#2154,#2155,#2156,#2157,#2158,#2159,#2160,
#2161,#2162,#2163,#2164,#2165,#2166,#2167,#2168,#2169,#2170,#2171,#2172,
#2173,#2174,#2175,#2176,#2177,#2178,#2179,#2180,#2181,#2182,#2183,#2184,
#2185,#2186,#2187,#2188,#2189,#2190,#2191),(#2192,#2193,#2194,#2195,#2196,
#2197,#2198,#2199,#2200,#2201,#2202,#2203,#2204,#2205,#2206,#2207,#2208,
#2209,#2210,#2211,#2212,#2213,#2214,#2215,#2216,#2217,#2218,#2219,#2220,
#2221,#2222,#2223,#2224,#2225,#2226,#2227,#2228,#2229,#2230,#2231,#2232,
#2233,#2234,#2235,#2236,#2237,#2238,#2239,#2240,#2241,#2242,#2243,#2244,
#2245,#2246,#2247,#2248,#2249,#2250,#2251,#2252,#2253,#2254,#2255,#2256,
#2257,#2258,#2259,#2260,#2261,#2262,#2263,#2264,#2265,#2266,#2267,#2268,
#2269,#2270,#2271,#2272,#2273,#2274,#2275,#2276,#2277,#2278,#2279,#2280,
#2281,#2282,#2283,#2284,#2285,#2286,#2287,#2288,#2289,#2290,#2291,#2292,
#2293,#2294,#2295,#2296,#2297,#2298,#2299),(#2300,#2301,#2302,#2303,#2304,
#2305,#2306,#2307,#2308,#2309,#2310,#2311,#2312,#2313,#2314,#2315,#2316,
#2317,#2318,#2319,#2320,#2321,#2322,#2323,#2324,#2325,#2326,#2327,#2328,
#2329,#2330,#2331,#2332,#2333,#2334,#2335,#2336,#2337,#2338,#2339,#2340,
#2341,#2342,#2343,#2344,#2345,#2346,#2347,#2348,#2349,#2350,#2351,#2352,
#2353,#2354,#2355,#2356,#2357,#2358,#2359,#2360,#2361,#2362,#2363,#2364,
#2365,#2366,#2367,#2368,#2369,#2370,#2371,#2372,#2373,#2374,#2375,#2376,
#2377,#2378,#2379,#2380,#2381,#2382,#2383,#2384,#2385,#2386,#2387,#2388,
#2389,#2390,#2391,#2392,#2393,#2394,#2395,#2396,#2397,#2398,#2399,#2400,
#2401,#2402,#2403,#2404,#2405,#2406,#2407),(#2408,#2409,#2410,#2411,#2412,
#2413,#2414,#2415,#2416,#2417,#2418,#2419,#2420,#2421,#2422,#2423,#2424,
#2425,#2426,#2427,#2428,#2429,#2430,#2431,#2432,#2433,#2434,#2435,#2436,
#2437,#2438,#2439,#2440,#2441,#2442,#2443,#2444,#2445,#2446,#2447,#2448,
#2449,#2450,#2451,#2452,#2453,#2454,#2455,#2456,#2457,#2458,#2459,#2460,
#2461,#2462,#2463,#2464,#2465,#2466,#2467,#2468,#2469,#2470,#2471,#2472,
#2473,#2474,#2475,#2476,#2477,#2478,#2479,#2480,#2481,#2482,#2483,#2484,
#2485,#2486,#2487,#2488,#2489,#2490,#2491,#2492,#2493,#2494,#2495,#2496,
#2497,#2498,#2499,#2500,#2501,#2502,#2503,#2504,#2505,#2506,#2507,#2508,
#2509,#2510,#2511,#2512,#2513,#2514,#2515)),.UNSPECIFIED.,.T.,.F.,.F.,(4,
1,1,1,1,1,1,1,4),(4,1,1,1,1,1,1,1,1,1,1,1,1,1,1,1,1,1,1,1,1,1,1,1,1,1,1,
1,1,1,1,1,1,1,1,1,1,1,1,1,1,1,1,1,1,1,1,1,1,1,1,1,1,1,1,1,1,1,1,1,1,1,1,
1,1,1,1,1,1,1,1,1,1,1,1,1,1,1,1,1,1,1,1,1,1,1,1,1,1,1,1,1,1,1,1,1,1,1,1,
1,1,1,1,1,1,4),(-3.14159265358979,-2.69279370307697,-2.24399475256414,-1.34639685153848,
-0.448798950512828,0.448798950512828,1.34639685153848,2.24399475256414,
3.14159265358979),(0.5,0.508928571428571,0.513392857142857,0.517857142857143,
0.522321428571428,0.526785714285714,0.53125,0.535714285714286,0.540178571428571,
0.544642857142857,0.549107142857143,0.553571428571429,0.558035714285714,
0.5625,0.566964285714286,0.571428571428571,0.577380952380952,0.583333333333333,
0.586309523809524,0.589285714285714,0.592261904761905,0.595238095238095,
0.601190476190476,0.607142857142857,0.611111111111111,0.615079365079365,
0.619047619047619,0.625,0.630952380952381,0.636904761904762,0.639880952380952,
0.642857142857143,0.646825396825397,0.650793650793651,0.658730158730159,
0.662698412698413,0.66468253968254,0.666666666666667,0.672619047619048,
0.678571428571429,0.68452380952381,0.69047619047619,0.696428571428571,0.702380952380952,
0.708333333333333,0.714285714285714,0.720238095238095,0.726190476190476,
0.732142857142857,0.738095238095238,0.744047619047619,0.74702380952381,
0.748511904761905,0.75,0.755952380952381,0.761904761904762,0.764550264550265,
0.76984126984127,0.772486772486772,0.777777777777778,0.781746031746032,
0.785714285714286,0.78968253968254,0.793650793650794,0.797619047619048,
0.801587301587302,0.80952380952381,0.817460317460317,0.821428571428571,
0.825396825396825,0.830687830687831,0.833333333333333,0.839285714285714,
0.845238095238095,0.851190476190476,0.857142857142857,0.863095238095238,
0.869047619047619,0.87202380952381,0.875,0.880952380952381,0.886904761904762,
0.892857142857143,0.898809523809524,0.904761904761905,0.908730158730159,
0.912698412698413,0.920634920634921,0.924603174603175,0.928571428571429,
0.933035714285714,0.9375,0.941964285714286,0.946428571428571,0.950892857142857,
0.955357142857143,0.959821428571429,0.964285714285714,0.96875,0.973214285714286,
0.977678571428572,0.982142857142857,0.986607142857143,0.991071428571429,
0.995535714285714,1.),.UNSPECIFIED.);
#39=ADVANCED_FACE('',(#15),#37,.T.);
#40=ADVANCED_FACE('',(#16),#38,.T.);
#41=CLOSED_SHELL('',(#39,#40));
#42=DERIVED_UNIT_ELEMENT(#44,1.);
#43=DERIVED_UNIT_ELEMENT(#2629,-3.);
#44=(
MASS_UNIT()
NAMED_UNIT(*)
SI_UNIT(.KILO.,.GRAM.)
);
#45=DERIVED_UNIT((#42,#43));
#46=MEASURE_REPRESENTATION_ITEM('density measure',
POSITIVE_RATIO_MEASURE(7850.),#45);
#47=PROPERTY_DEFINITION_REPRESENTATION(#52,#49);
#48=PROPERTY_DEFINITION_REPRESENTATION(#53,#50);
#49=REPRESENTATION('material name',(#51),#2626);
#50=REPRESENTATION('density',(#46),#2626);
#51=DESCRIPTIVE_REPRESENTATION_ITEM('Steel','Steel');
#52=PROPERTY_DEFINITION('material property','material name',#2636);
#53=PROPERTY_DEFINITION('material property','density of part',#2636);
#54=AXIS2_PLACEMENT_3D('',#63,#57,#58);
#55=AXIS2_PLACEMENT_3D('',#1220,#59,#60);
#56=AXIS2_PLACEMENT_3D('',#1327,#61,#62);
#57=DIRECTION('axis',(0.,0.,1.));
#58=DIRECTION('refdir',(1.,0.,0.));
#59=DIRECTION('center_axis',(0.242316079876808,0.0597255495466423,0.968357256473296));
#60=DIRECTION('ref_axis',(0.239315664287546,-0.970941817426055,3.27723959081539E-13));
#61=DIRECTION('center_axis',(-0.741763333627217,-0.182828241347943,-0.645260405613002));
#62=DIRECTION('ref_axis',(0.239315664287592,-0.970941817426044,0.));
#63=CARTESIAN_POINT('',(0.,0.,0.));
#64=CARTESIAN_POINT('Ctrl Pts',(112.555585457047,50.4889745061547,-6.75154376850173E-13));
#65=CARTESIAN_POINT('Ctrl Pts',(113.081035778174,50.6184863784361,2.08154868234175));
#66=CARTESIAN_POINT('Ctrl Pts',(114.330762180821,50.0677391304225,6.24178116290946));
#67=CARTESIAN_POINT('Ctrl Pts',(116.734245855281,47.0288418654472,11.6458417006491));
#68=CARTESIAN_POINT('Ctrl Pts',(119.556994798301,42.2516359646443,15.5534618647298));
#69=CARTESIAN_POINT('Ctrl Pts',(122.679617054693,36.3098795211517,17.4694654343443));
#70=CARTESIAN_POINT('Ctrl Pts',(125.969668619485,29.8322275347045,17.1169573484955));
#71=CARTESIAN_POINT('Ctrl Pts',(129.327356478782,23.3660793084079,14.5867645660672));
#72=CARTESIAN_POINT('Ctrl Pts',(132.758000129186,17.1842903084745,10.3276581140397));
#73=CARTESIAN_POINT('Ctrl Pts',(137.509277701927,9.40138502755287,3.16545171383416));
#74=CARTESIAN_POINT('Ctrl Pts',(142.708442035762,2.24955689477648,-4.74641476546356));
#75=CARTESIAN_POINT('Ctrl Pts',(148.346405297949,-4.47248256730551,-10.4427073767075));
#76=CARTESIAN_POINT('Ctrl Pts',(152.643850759505,-9.29018443628775,-13.071592290837));
#77=CARTESIAN_POINT('Ctrl Pts',(156.814880446097,-13.8401191385701,-13.7918979937913));
#78=CARTESIAN_POINT('Ctrl Pts',(160.601314511426,-18.036438859636,-12.6313788411649));
#79=CARTESIAN_POINT('Ctrl Pts',(163.6521872914,-21.691207519317,-9.79897090637795));
#80=CARTESIAN_POINT('Ctrl Pts',(165.50055619804,-24.4487626486768,-5.84020268140209));
#81=CARTESIAN_POINT('Ctrl Pts',(166.003569190428,-26.2155329556173,-1.38886189284822));
#82=CARTESIAN_POINT('Ctrl Pts',(164.977410485721,-27.3305539733979,4.55141308786391));
#83=CARTESIAN_POINT('Ctrl Pts',(160.432624449257,-26.5270813841828,11.471058260167));
#84=CARTESIAN_POINT('Ctrl Pts',(151.866382885535,-23.2787930185382,15.1995835303322));
#85=CARTESIAN_POINT('Ctrl Pts',(142.85874283661,-19.6795065496383,13.9628746027539));
#86=CARTESIAN_POINT('Ctrl Pts',(134.381626860427,-16.5189450339229,9.37382739430816));
#87=CARTESIAN_POINT('Ctrl Pts',(125.787688915741,-13.8210658265042,2.32305208127939));
#88=CARTESIAN_POINT('Ctrl Pts',(117.013381665065,-11.7254776270117,-5.50835437592256));
#89=CARTESIAN_POINT('Ctrl Pts',(107.910178150011,-10.1901138053645,-12.2906968462047));
#90=CARTESIAN_POINT('Ctrl Pts',(98.454506495438,-9.04638567756832,-16.387308039203));
#91=CARTESIAN_POINT('Ctrl Pts',(89.122555702723,-8.06631675352308,-16.6921357408938));
#92=CARTESIAN_POINT('Ctrl Pts',(81.1397805803953,-7.0143985540366,-13.2014775362333));
#93=CARTESIAN_POINT('Ctrl Pts',(75.8412346184109,-5.68020380669485,-6.90371947586074));
#94=CARTESIAN_POINT('Ctrl Pts',(74.2457784093451,-3.92241237102492,0.715405951757588));
#95=CARTESIAN_POINT('Ctrl Pts',(76.6035346101116,-1.71801429879716,7.94331902111599));
#96=CARTESIAN_POINT('Ctrl Pts',(81.5449567267942,0.562336050798465,12.6363815626966));
#97=CARTESIAN_POINT('Ctrl Pts',(87.1570642350895,2.71905374736383,14.7443232982823));
#98=CARTESIAN_POINT('Ctrl Pts',(92.4837456033148,4.6560281864472,15.0009872604733));
#99=CARTESIAN_POINT('Ctrl Pts',(98.0264961543149,6.6813863746872,13.6473708973464));
#100=CARTESIAN_POINT('Ctrl Pts',(105.455487728887,9.53802269260964,9.8749406431059));
#101=CARTESIAN_POINT('Ctrl Pts',(114.493678619972,13.501294413174,2.11618629570152));
#102=CARTESIAN_POINT('Ctrl Pts',(123.077159826933,18.298851810903,-6.55481819320611));
#103=CARTESIAN_POINT('Ctrl Pts',(129.856393364631,22.6538233549399,-11.9100696834365));
#104=CARTESIAN_POINT('Ctrl Pts',(134.913223584874,26.1141937606774,-14.7220792217338));
#105=CARTESIAN_POINT('Ctrl Pts',(139.91625126022,29.656428519426,-16.0031468839624));
#106=CARTESIAN_POINT('Ctrl Pts',(144.746224094933,33.0771179983952,-15.6096011951166));
#107=CARTESIAN_POINT('Ctrl Pts',(149.189595808634,36.0918044673016,-13.5848367254211));
#108=CARTESIAN_POINT('Ctrl Pts',(152.999254930575,38.3912735934498,-10.1401964187683));
#109=CARTESIAN_POINT('Ctrl Pts',(155.916481670442,39.666518023173,-5.61047434979869));
#110=CARTESIAN_POINT('Ctrl Pts',(158.364307362115,39.7013046193402,1.31171025967707));
#111=CARTESIAN_POINT('Ctrl Pts',(158.322210803074,37.2358631855626,7.58256539119959));
#112=CARTESIAN_POINT('Ctrl Pts',(156.958562855294,33.6198093778585,11.7799198966582));
#113=CARTESIAN_POINT('Ctrl Pts',(155.75660711987,30.8724947236005,14.2047318987536));
#114=CARTESIAN_POINT('Ctrl Pts',(153.76504718359,26.8726342623354,16.3955939766593));
#115=CARTESIAN_POINT('Ctrl Pts',(150.399292926227,20.5712554077248,17.5493570919692));
#116=CARTESIAN_POINT('Ctrl Pts',(146.246214427533,12.9137463058267,15.8612025990988));
#117=CARTESIAN_POINT('Ctrl Pts',(141.942137146779,4.40479818983144,10.4787114790425));
#118=CARTESIAN_POINT('Ctrl Pts',(138.278591707839,-3.97931056457918,3.05756108136494));
#119=CARTESIAN_POINT('Ctrl Pts',(135.285328802739,-12.4102012660631,-4.65651140650387));
#120=CARTESIAN_POINT('Ctrl Pts',(132.858172618128,-20.9846414000121,-10.8493038263875));
#121=CARTESIAN_POINT('Ctrl Pts',(130.83386787065,-29.4915777306427,-14.0717642501303));
#122=CARTESIAN_POINT('Ctrl Pts',(129.0358032564,-37.3975970318613,-13.7773443617876));
#123=CARTESIAN_POINT('Ctrl Pts',(127.326973521531,-43.8696795879438,-10.3113808434969));
#124=CARTESIAN_POINT('Ctrl Pts',(125.662358932789,-47.8103049261276,-4.62225583089651));
#125=CARTESIAN_POINT('Ctrl Pts',(124.216832043979,-48.3852586239776,1.18683624993875));
#126=CARTESIAN_POINT('Ctrl Pts',(122.948087655595,-46.713490371384,5.99862238508434));
#127=CARTESIAN_POINT('Ctrl Pts',(121.478337911109,-42.9868514530031,10.7601104199882));
#128=CARTESIAN_POINT('Ctrl Pts',(119.864616935894,-36.5561719977142,13.7896698012134));
#129=CARTESIAN_POINT('Ctrl Pts',(118.399791084558,-30.0996691596005,13.3760556105533));
#130=CARTESIAN_POINT('Ctrl Pts',(117.535893188849,-26.448229634381,12.3101598169433));
#131=CARTESIAN_POINT('Ctrl Pts',(116.344654335978,-21.5199257573097,10.4631233688584));
#132=CARTESIAN_POINT('Ctrl Pts',(114.656039632947,-15.2129638985992,6.22862658446458));
#133=CARTESIAN_POINT('Ctrl Pts',(111.811516590942,-6.80372515194884,-1.14854135362195));
#134=CARTESIAN_POINT('Ctrl Pts',(108.803668611508,0.624048650176101,-8.02052894109918));
#135=CARTESIAN_POINT('Ctrl Pts',(105.578482553367,7.31523035584885,-13.065333284973));
#136=CARTESIAN_POINT('Ctrl Pts',(103.264768208937,11.7917817756457,-15.328359734167));
#137=CARTESIAN_POINT('Ctrl Pts',(102.128728090965,13.9477137155053,-16.1767994430869));
#138=CARTESIAN_POINT('Ctrl Pts',(100.407277837618,17.1836800512894,-17.197684023039));
#139=CARTESIAN_POINT('Ctrl Pts',(97.780951816732,22.0307793135993,-17.7245925911026));
#140=CARTESIAN_POINT('Ctrl Pts',(94.5717518033095,28.0985843976017,-16.1299583852059));
#141=CARTESIAN_POINT('Ctrl Pts',(91.818958593981,33.8833014121045,-12.091625948541));
#142=CARTESIAN_POINT('Ctrl Pts',(90.6872004345571,37.5689054920208,-6.62987088908978));
#143=CARTESIAN_POINT('Ctrl Pts',(91.10350532457,39.5162583767437,-0.505718891130619));
#144=CARTESIAN_POINT('Ctrl Pts',(92.6751682020966,39.8846476858978,5.00673126159374));
#145=CARTESIAN_POINT('Ctrl Pts',(95.9456314663414,38.5700810912948,10.4785787237875));
#146=CARTESIAN_POINT('Ctrl Pts',(100.408643755456,35.8854926500133,14.555889208304));
#147=CARTESIAN_POINT('Ctrl Pts',(105.702662377644,32.267508353013,16.7415043547949));
#148=CARTESIAN_POINT('Ctrl Pts',(111.438920199961,28.1938083752704,16.7380401166344));
#149=CARTESIAN_POINT('Ctrl Pts',(117.289591182053,24.0894449461554,14.5665497035938));
#150=CARTESIAN_POINT('Ctrl Pts',(123.116680866872,20.2155275300979,10.5947409551199));
#151=CARTESIAN_POINT('Ctrl Pts',(130.863823363588,15.4950830229449,3.66248668644576));
#152=CARTESIAN_POINT('Ctrl Pts',(138.738243687301,11.5117967236658,-4.30427594687886));
#153=CARTESIAN_POINT('Ctrl Pts',(146.876068647153,8.10701603118369,-10.3197410265663));
#154=CARTESIAN_POINT('Ctrl Pts',(153.010159442361,5.77416531801964,-13.2722543183407));
#155=CARTESIAN_POINT('Ctrl Pts',(159.001249690056,3.60838427794182,-14.323645380901));
#156=CARTESIAN_POINT('Ctrl Pts',(164.575372715634,1.56617478933897,-13.4237553284268));
#157=CARTESIAN_POINT('Ctrl Pts',(169.322542086843,-0.350539052118503,-10.7362068015367));
#158=CARTESIAN_POINT('Ctrl Pts',(172.742858065084,-2.10496962108038,-6.61679084642232));
#159=CARTESIAN_POINT('Ctrl Pts',(174.39600591142,-3.65046770300045,-1.59212211102853));
#160=CARTESIAN_POINT('Ctrl Pts',(174.011629265672,-4.96208312831866,3.73793511534095));
#161=CARTESIAN_POINT('Ctrl Pts',(171.57011807482,-6.04565009486618,8.7421742977025));
#162=CARTESIAN_POINT('Ctrl Pts',(167.321613230271,-6.93341828711602,12.7687020165477));
#163=CARTESIAN_POINT('Ctrl Pts',(161.701098514231,-7.68692361002766,15.2419547144726));
#164=CARTESIAN_POINT('Ctrl Pts',(155.223238142305,-8.38937948155829,15.7609747636233));
#165=CARTESIAN_POINT('Ctrl Pts',(148.378245735741,-9.13947581205894,14.1666652629359));
#166=CARTESIAN_POINT('Ctrl Pts',(139.202347028015,-10.3323520044003,9.48766577986895));
#167=CARTESIAN_POINT('Ctrl Pts',(132.513206480445,-11.5956139439359,3.80564244220848));
#168=CARTESIAN_POINT('Ctrl Pts',(128.124671512088,-12.677290664778,-1.13603570994769E-12));
#169=CARTESIAN_POINT('Ctrl Pts',(112.274272723367,50.4196371447135,0.0746705932929011));
#170=CARTESIAN_POINT('Ctrl Pts',(112.799626297477,50.5498327998868,2.15647097542715));
#171=CARTESIAN_POINT('Ctrl Pts',(114.049820309195,50.0008291307146,6.32042538084752));
#172=CARTESIAN_POINT('Ctrl Pts',(116.458406253047,46.9576200221618,11.7383564249093));
#173=CARTESIAN_POINT('Ctrl Pts',(119.291147470965,42.1652377099169,15.6619356365365));
#174=CARTESIAN_POINT('Ctrl Pts',(122.428794968347,36.1965933791557,17.5893491563131));
#175=CARTESIAN_POINT('Ctrl Pts',(125.736714367826,29.6852917702158,17.2366882434636));
#176=CARTESIAN_POINT('Ctrl Pts',(129.110806400899,23.1892667530186,14.695941241341));
#177=CARTESIAN_POINT('Ctrl Pts',(132.55422222211,16.9862332958987,10.4235417078582));
#178=CARTESIAN_POINT('Ctrl Pts',(137.317894492354,9.18514551792786,3.24669794389899));
#179=CARTESIAN_POINT('Ctrl Pts',(142.524329169231,2.02566155382088,-4.67049970118401));
#180=CARTESIAN_POINT('Ctrl Pts',(148.161030620277,-4.69338340040186,-10.3608823780698));
#181=CARTESIAN_POINT('Ctrl Pts',(152.450168483296,-9.50067179630736,-12.9811803239634));
#182=CARTESIAN_POINT('Ctrl Pts',(156.603237544216,-14.0300276868887,-13.6950175026792));
#183=CARTESIAN_POINT('Ctrl Pts',(160.364508401062,-18.1975453660918,-12.5392658071767));
#184=CARTESIAN_POINT('Ctrl Pts',(163.388553051617,-21.8193294937106,-9.72852989967546));
#185=CARTESIAN_POINT('Ctrl Pts',(165.215792628511,-24.5449461520553,-5.81086874241842));
#186=CARTESIAN_POINT('Ctrl Pts',(165.710669220619,-26.2856045195377,-1.41820372251469));
#187=CARTESIAN_POINT('Ctrl Pts',(164.699916723294,-27.3810911933093,4.43117927533749));
#188=CARTESIAN_POINT('Ctrl Pts',(160.224140681626,-26.5869199569463,11.2447974029336));
#189=CARTESIAN_POINT('Ctrl Pts',(151.788102945948,-23.3849976808526,14.9175586901884));
#190=CARTESIAN_POINT('Ctrl Pts',(142.899379249228,-19.8301589130697,13.7001623729274));
#191=CARTESIAN_POINT('Ctrl Pts',(134.486071366201,-16.6902219342161,9.14892715511517));
#192=CARTESIAN_POINT('Ctrl Pts',(125.921145220164,-13.9983182591805,2.12092357400722));
#193=CARTESIAN_POINT('Ctrl Pts',(117.150996462377,-11.9008109979632,-5.7090751445812));
#194=CARTESIAN_POINT('Ctrl Pts',(108.025624421578,-10.3588317338792,-12.5119627185925));
#195=CARTESIAN_POINT('Ctrl Pts',(98.5048733588148,-9.20454095217911,-16.6434070577417));
#196=CARTESIAN_POINT('Ctrl Pts',(89.0599564890935,-8.21046194462051,-16.9577756376677));
#197=CARTESIAN_POINT('Ctrl Pts',(80.9598026827985,-7.14103384747584,-13.4190287881886));
#198=CARTESIAN_POINT('Ctrl Pts',(75.5700941454492,-5.78280662951693,-7.01997540219976));
#199=CARTESIAN_POINT('Ctrl Pts',(73.9404264931582,-3.98817154878672,0.748381514194356));
#200=CARTESIAN_POINT('Ctrl Pts',(76.3451192624771,-1.73800611078303,8.11688523508776));
#201=CARTESIAN_POINT('Ctrl Pts',(81.3730752166657,0.584389095963535,12.8896798420979));
#202=CARTESIAN_POINT('Ctrl Pts',(87.0767343083095,2.77845888516557,15.0315976722802));
#203=CARTESIAN_POINT('Ctrl Pts',(92.4820653168623,4.7458981298878,15.2905043037522));
#204=CARTESIAN_POINT('Ctrl Pts',(98.0891608010167,6.79665848878714,13.9192345148133));
#205=CARTESIAN_POINT('Ctrl Pts',(105.574182881514,9.67764496832842,10.1149883668219));
#206=CARTESIAN_POINT('Ctrl Pts',(114.633944035123,13.6546116491383,2.33093035952253));
#207=CARTESIAN_POINT('Ctrl Pts',(123.20396653754,18.4491416318631,-6.32717490089046));
#208=CARTESIAN_POINT('Ctrl Pts',(129.946828164839,22.7838489214932,-11.6542799226576));
#209=CARTESIAN_POINT('Ctrl Pts',(134.959631593562,26.2163848985016,-14.4415739747112));
#210=CARTESIAN_POINT('Ctrl Pts',(139.901318225391,29.7173669654209,-15.7063314369756));
#211=CARTESIAN_POINT('Ctrl Pts',(144.660670872003,33.0902024928632,-15.3183922631564));
#212=CARTESIAN_POINT('Ctrl Pts',(149.03602406376,36.0607516246024,-13.3246342329043));
#213=CARTESIAN_POINT('Ctrl Pts',(152.78688554181,38.326894585077,-9.93309622342986));
#214=CARTESIAN_POINT('Ctrl Pts',(155.658307673187,39.5839089429923,-5.47359389837185));
#215=CARTESIAN_POINT('Ctrl Pts',(158.066937674661,39.6207381390164,1.33807757181976));
#216=CARTESIAN_POINT('Ctrl Pts',(158.027324994107,37.1954295293532,7.51950191434289));
#217=CARTESIAN_POINT('Ctrl Pts',(156.679728008295,33.6234331609308,11.6693923410125));
#218=CARTESIAN_POINT('Ctrl Pts',(155.490714903984,30.9070105951634,14.06857875363));
#219=CARTESIAN_POINT('Ctrl Pts',(153.518370506888,26.9471916852105,16.2400273215107));
#220=CARTESIAN_POINT('Ctrl Pts',(150.179848659182,20.6987277761341,17.3868426711205));
#221=CARTESIAN_POINT('Ctrl Pts',(146.049855714472,13.0865225550845,15.7138086336906));
#222=CARTESIAN_POINT('Ctrl Pts',(141.754186598089,4.59797020708714,10.3488491881768));
#223=CARTESIAN_POINT('Ctrl Pts',(138.0890599828,-3.78527654750262,2.9312721136474));
#224=CARTESIAN_POINT('Ctrl Pts',(135.08879290851,-12.2303715916812,-4.79347609136276));
#225=CARTESIAN_POINT('Ctrl Pts',(132.650350140048,-20.8370203657022,-11.0088568344254));
#226=CARTESIAN_POINT('Ctrl Pts',(130.609658211935,-29.404289236399,-14.2549232276356));
#227=CARTESIAN_POINT('Ctrl Pts',(128.792392785874,-37.3865564002015,-13.9562118480804));
#228=CARTESIAN_POINT('Ctrl Pts',(127.066631800009,-43.9148267629337,-10.4556507501883));
#229=CARTESIAN_POINT('Ctrl Pts',(125.38802051816,-47.8823897054953,-4.72102214072767));
#230=CARTESIAN_POINT('Ctrl Pts',(123.932875512908,-48.4565077723849,1.12383465890219));
#231=CARTESIAN_POINT('Ctrl Pts',(122.659178965877,-46.7757448778568,5.95183803338165));
#232=CARTESIAN_POINT('Ctrl Pts',(121.186828104574,-43.0400860436505,10.7190132751136));
#233=CARTESIAN_POINT('Ctrl Pts',(119.574754965662,-36.613122782213,13.7406551466439));
#234=CARTESIAN_POINT('Ctrl Pts',(118.114387178134,-30.1745369865731,13.325462388834));
#235=CARTESIAN_POINT('Ctrl Pts',(117.25313647921,-26.533268161333,12.26141811956));
#236=CARTESIAN_POINT('Ctrl Pts',(116.06551107023,-21.6186230431117,10.4178685952632));
#237=CARTESIAN_POINT('Ctrl Pts',(114.381222863631,-15.3261039012795,6.19145034161872));
#238=CARTESIAN_POINT('Ctrl Pts',(111.542208063415,-6.93166847497103,-1.17616997794522));
#239=CARTESIAN_POINT('Ctrl Pts',(108.538897773452,0.485804820155365,-8.04170873401446));
#240=CARTESIAN_POINT('Ctrl Pts',(105.317112684633,7.17045617710411,-13.0846966985287));
#241=CARTESIAN_POINT('Ctrl Pts',(103.00436485354,11.6453776423346,-15.3485614632667));
#242=CARTESIAN_POINT('Ctrl Pts',(101.868409983838,13.801250972503,-16.1976880146014));
#243=CARTESIAN_POINT('Ctrl Pts',(100.146692961413,17.0378803652128,-17.2198967404865));
#244=CARTESIAN_POINT('Ctrl Pts',(97.5182110549118,21.8890491845019,-17.7495553804573));
#245=CARTESIAN_POINT('Ctrl Pts',(94.3016539633082,27.970812365145,-16.1543957275241));
#246=CARTESIAN_POINT('Ctrl Pts',(91.5379324172011,33.7781035285056,-12.1044491585414));
#247=CARTESIAN_POINT('Ctrl Pts',(90.3978172210457,37.4876042109507,-6.61381511551837));
#248=CARTESIAN_POINT('Ctrl Pts',(90.8162412573681,39.4523653157249,-0.442864027744611));
#249=CARTESIAN_POINT('Ctrl Pts',(92.4010162849516,39.8261885266923,5.11893757470262));
#250=CARTESIAN_POINT('Ctrl Pts',(95.7026346434645,38.5009973076634,10.644587040357));
#251=CARTESIAN_POINT('Ctrl Pts',(100.211239693516,35.7907485181787,14.7648607782759));
#252=CARTESIAN_POINT('Ctrl Pts',(105.563070392292,32.135017638761,16.9756750378232));
#253=CARTESIAN_POINT('Ctrl Pts',(111.361500295012,28.0188969618218,16.9727867495747));
#254=CARTESIAN_POINT('Ctrl Pts',(117.264169185184,23.8799667383333,14.7821346120332));
#255=CARTESIAN_POINT('Ctrl Pts',(123.126378598684,19.9847493997239,10.7873347837208));
#256=CARTESIAN_POINT('Ctrl Pts',(130.900939952231,15.2502568402685,3.83268670499836));
#257=CARTESIAN_POINT('Ctrl Pts',(138.782089513356,11.2668385059436,-4.13645444283912));
#258=CARTESIAN_POINT('Ctrl Pts',(146.900839683911,7.87242520591984,-10.1334288805946));
#259=CARTESIAN_POINT('Ctrl Pts',(153.000732783089,5.55437380631577,-13.0659521700697));
#260=CARTESIAN_POINT('Ctrl Pts',(158.934513794727,3.41096876562369,-14.1038304815977));
#261=CARTESIAN_POINT('Ctrl Pts',(164.437785298125,1.39626126371561,-13.2128510590698));
#262=CARTESIAN_POINT('Ctrl Pts',(169.115625769063,-0.490848335300223,-10.5624167387025));
#263=CARTESIAN_POINT('Ctrl Pts',(172.479039909932,-2.21481434651296,-6.50862320600385));
#264=CARTESIAN_POINT('Ctrl Pts',(174.099787805071,-3.72932255409725,-1.57700045635448));
#265=CARTESIAN_POINT('Ctrl Pts',(173.722912517378,-5.01247981529008,3.64594168757433));
#266=CARTESIAN_POINT('Ctrl Pts',(171.328760859408,-6.07362809238986,8.55536969760985));
#267=CARTESIAN_POINT('Ctrl Pts',(167.1553511262,-6.94375929919886,12.5119067066699));
#268=CARTESIAN_POINT('Ctrl Pts',(161.628472931316,-7.68287860149501,14.9447994866167));
#269=CARTESIAN_POINT('Ctrl Pts',(155.249229856603,-8.37264962147251,15.4576593208976));
#270=CARTESIAN_POINT('Ctrl Pts',(148.485416000049,-9.11181243011321,13.8848192407221));
#271=CARTESIAN_POINT('Ctrl Pts',(139.377038852145,-10.292868302902,9.24383182662692));
#272=CARTESIAN_POINT('Ctrl Pts',(132.70103337316,-11.5507340305789,3.57709361096456));
#273=CARTESIAN_POINT('Ctrl Pts',(128.312122958778,-12.6310880327756,-0.228577105711622));
#274=CARTESIAN_POINT('Ctrl Pts',(111.746194742209,50.1477695377641,0.223581780283394));
#275=CARTESIAN_POINT('Ctrl Pts',(112.266566894575,50.2781316147073,2.28806091208468));
#276=CARTESIAN_POINT('Ctrl Pts',(113.507348078249,49.7361330585197,6.42527470704669));
#277=CARTESIAN_POINT('Ctrl Pts',(115.906917993184,46.7074601183608,11.829490564154));
#278=CARTESIAN_POINT('Ctrl Pts',(118.739105431972,41.9182471833182,15.7579208168671));
#279=CARTESIAN_POINT('Ctrl Pts',(121.885348235536,35.9351426168274,17.6962979145578));
#280=CARTESIAN_POINT('Ctrl Pts',(125.20934225531,29.3937630154203,17.3469989896248));
#281=CARTESIAN_POINT('Ctrl Pts',(128.601636590567,22.8642725875405,14.7975743472178));
#282=CARTESIAN_POINT('Ctrl Pts',(132.061729877167,16.6327414693317,10.5101255104889));
#283=CARTESIAN_POINT('Ctrl Pts',(136.844521438685,8.80203157701653,3.31239682626503));
#284=CARTESIAN_POINT('Ctrl Pts',(142.067244038373,1.62171527701011,-4.62054735040875));
#285=CARTESIAN_POINT('Ctrl Pts',(147.715170685545,-5.10988120517247,-10.315126249085));
#286=CARTESIAN_POINT('Ctrl Pts',(152.00700108779,-9.9194902831259,-12.9318019409742));
#287=CARTESIAN_POINT('Ctrl Pts',(156.151988146913,-14.4393136866936,-13.6388670201551));
#288=CARTESIAN_POINT('Ctrl Pts',(159.892372486687,-18.5829807506921,-12.4840199159328));
#289=CARTESIAN_POINT('Ctrl Pts',(162.886851886213,-22.1688481513925,-9.69399715642393));
#290=CARTESIAN_POINT('Ctrl Pts',(164.686450200716,-24.8536112079402,-5.82616933527395));
#291=CARTESIAN_POINT('Ctrl Pts',(165.168789155874,-26.557432855515,-1.51317868772026));
#292=CARTESIAN_POINT('Ctrl Pts',(164.178447134438,-27.6229417057269,4.20413273243762));
#293=CARTESIAN_POINT('Ctrl Pts',(159.807798458818,-26.8404134087158,10.8481966185879));
#294=CARTESIAN_POINT('Ctrl Pts',(151.590946611484,-23.7155680714658,14.4216589248538));
#295=CARTESIAN_POINT('Ctrl Pts',(142.913452891883,-20.2393238842828,13.2347212635206));
#296=CARTESIAN_POINT('Ctrl Pts',(134.618293713221,-17.1376646226709,8.75036896725325));
#297=CARTESIAN_POINT('Ctrl Pts',(126.11107384622,-14.4583562952181,1.7655218821938));
#298=CARTESIAN_POINT('Ctrl Pts',(117.355191936792,-12.3591768021625,-6.05751420602659));
#299=CARTESIAN_POINT('Ctrl Pts',(108.198747866566,-10.8069642769293,-12.8917744763609));
#300=CARTESIAN_POINT('Ctrl Pts',(98.5726198017342,-9.63514970908121,-17.0812789776861));
#301=CARTESIAN_POINT('Ctrl Pts',(88.9352067700439,-8.61695763834163,-17.4135978611396));
#302=CARTESIAN_POINT('Ctrl Pts',(80.6259619022168,-7.51628834557041,-13.7913460488015));
#303=CARTESIAN_POINT('Ctrl Pts',(75.0663831256637,-6.11376711467322,-7.20707086844743));
#304=CARTESIAN_POINT('Ctrl Pts',(73.3689340020414,-4.24900272134311,0.845033718209074));
#305=CARTESIAN_POINT('Ctrl Pts',(75.8626755957927,-1.90916653809299,8.49010577246301));
#306=CARTESIAN_POINT('Ctrl Pts',(81.06364659234,0.498398265702509,13.4263829909413));
#307=CARTESIAN_POINT('Ctrl Pts',(86.9557861849794,2.76971326339627,15.6401301784821));
#308=CARTESIAN_POINT('Ctrl Pts',(92.5264438871708,4.80139836149405,15.9053709649309));
#309=CARTESIAN_POINT('Ctrl Pts',(98.2714698254507,6.90667722089594,14.4977842873309));
#310=CARTESIAN_POINT('Ctrl Pts',(105.879433819017,9.8409090345923,10.6256382483402));
#311=CARTESIAN_POINT('Ctrl Pts',(114.991471456849,13.8497970407541,2.78477545363577));
#312=CARTESIAN_POINT('Ctrl Pts',(123.539455276652,18.6414295100061,-5.85077161305799));
#313=CARTESIAN_POINT('Ctrl Pts',(130.211549726162,22.9371077047991,-11.1218100099339));
#314=CARTESIAN_POINT('Ctrl Pts',(135.135604366784,26.3137071593059,-13.8584676896702));
#315=CARTESIAN_POINT('Ctrl Pts',(139.951304357544,29.7300456411186,-15.0888100739865));
#316=CARTESIAN_POINT('Ctrl Pts',(144.562882991139,33.0027466294051,-14.711504951802));
#317=CARTESIAN_POINT('Ctrl Pts',(148.793063437552,35.8789604154873,-12.782613125031));
#318=CARTESIAN_POINT('Ctrl Pts',(152.41527573567,38.0718318815807,-9.50546890529179));
#319=CARTESIAN_POINT('Ctrl Pts',(155.184133917072,39.2874159841512,-5.20116265311457));
#320=CARTESIAN_POINT('Ctrl Pts',(157.502078798963,39.3271394283123,1.35991652752659));
#321=CARTESIAN_POINT('Ctrl Pts',(157.465783315084,36.9936947556561,7.32960941631937));
#322=CARTESIAN_POINT('Ctrl Pts',(156.156551277164,33.5285255872921,11.3623111832437));
#323=CARTESIAN_POINT('Ctrl Pts',(154.999245645219,30.8883988380279,13.6970829454505));
#324=CARTESIAN_POINT('Ctrl Pts',(153.075368239624,27.0302362073164,15.817357370668));
#325=CARTESIAN_POINT('Ctrl Pts',(149.808935630343,20.9221447769302,16.9433828122311));
#326=CARTESIAN_POINT('Ctrl Pts',(145.743931065819,13.4373118064823,15.3090987642264));
#327=CARTESIAN_POINT('Ctrl Pts',(141.476123936561,5.01407120389184,9.99516049079888));
#328=CARTESIAN_POINT('Ctrl Pts',(137.81133860077,-3.3562872443453,2.59356494554778));
#329=CARTESIAN_POINT('Ctrl Pts',(134.796312071674,-11.8284367757341,-5.15287540214373));
#330=CARTESIAN_POINT('Ctrl Pts',(132.331193081081,-20.5095772580959,-11.4232661063924));
#331=CARTESIAN_POINT('Ctrl Pts',(130.249622698005,-29.2269830562064,-14.7315054565935));
#332=CARTESIAN_POINT('Ctrl Pts',(128.382008559508,-37.4105034729371,-14.4257889642369));
#333=CARTESIAN_POINT('Ctrl Pts',(126.60873066821,-44.1003847482668,-10.8324894367254));
#334=CARTESIAN_POINT('Ctrl Pts',(124.886361229656,-48.1591104586571,-4.95850736264595));
#335=CARTESIAN_POINT('Ctrl Pts',(123.395646190319,-48.7396898980491,1.01917429897029));
#336=CARTESIAN_POINT('Ctrl Pts',(122.097729721852,-47.0233994977598,5.92970917911338));
#337=CARTESIAN_POINT('Ctrl Pts',(120.605065432124,-43.2345318087573,10.7536541098076));
#338=CARTESIAN_POINT('Ctrl Pts',(118.980953850341,-36.7576608877094,13.7843808993145));
#339=CARTESIAN_POINT('Ctrl Pts',(117.517397715112,-30.3067718779438,13.361518279778));
#340=CARTESIAN_POINT('Ctrl Pts',(116.655976479737,-26.6653787469462,12.2948428779818));
#341=CARTESIAN_POINT('Ctrl Pts',(115.468863503755,-21.7536724868813,10.4486763952982));
#342=CARTESIAN_POINT('Ctrl Pts',(113.788079763882,-15.475535885099,6.22568855757922));
#343=CARTESIAN_POINT('Ctrl Pts',(110.956622681607,-7.10500547063165,-1.12813912120837));
#344=CARTESIAN_POINT('Ctrl Pts',(107.962903040464,0.287021465649712,-7.97672272825899));
#345=CARTESIAN_POINT('Ctrl Pts',(104.753899163568,6.94366166771478,-13.0033287775446));
#346=CARTESIAN_POINT('Ctrl Pts',(102.451545723013,11.3975943974872,-15.2596481873422));
#347=CARTESIAN_POINT('Ctrl Pts',(101.320724046712,13.5433209486366,-16.1061952603204));
#348=CARTESIAN_POINT('Ctrl Pts',(99.6067065319237,16.7648390424619,-17.1257786173138));
#349=CARTESIAN_POINT('Ctrl Pts',(96.9891369648345,21.5952293684815,-17.656388678222));
#350=CARTESIAN_POINT('Ctrl Pts',(93.7793365255282,27.6629902140176,-16.0702114149776));
#351=CARTESIAN_POINT('Ctrl Pts',(91.012813582644,33.4742297022574,-12.0246776782284));
#352=CARTESIAN_POINT('Ctrl Pts',(89.8641273790602,37.2037350085459,-6.516270268491));
#353=CARTESIAN_POINT('Ctrl Pts',(90.2828687987641,39.1873468695316,-0.300459361540674));
#354=CARTESIAN_POINT('Ctrl Pts',(91.8813152243448,39.5695572189047,5.31880996416197));
#355=CARTESIAN_POINT('Ctrl Pts',(95.2220648362904,38.2323963190852,10.915645640391));
#356=CARTESIAN_POINT('Ctrl Pts',(99.7946615945272,35.4870530913062,15.0990526551356));
#357=CARTESIAN_POINT('Ctrl Pts',(105.233674037224,31.7749236542622,17.3502924789362));
#358=CARTESIAN_POINT('Ctrl Pts',(111.130782945147,27.5917755148529,17.3506240459388));
#359=CARTESIAN_POINT('Ctrl Pts',(117.119406996543,23.3957637558194,15.1304916476657));
#360=CARTESIAN_POINT('Ctrl Pts',(123.042286738038,19.4635782724761,11.0979486213921));
#361=CARTESIAN_POINT('Ctrl Pts',(130.867454099196,14.7024867458671,4.10397757900724));
#362=CARTESIAN_POINT('Ctrl Pts',(138.766815191203,10.715057334346,-3.87442722231468));
#363=CARTESIAN_POINT('Ctrl Pts',(146.864176287432,7.33326575430127,-9.84713105993191));
#364=CARTESIAN_POINT('Ctrl Pts',(152.916789831321,5.03603810461464,-12.7504213802056));
#365=CARTESIAN_POINT('Ctrl Pts',(158.765268670401,2.92616568835936,-13.7669253259743));
#366=CARTESIAN_POINT('Ctrl Pts',(164.157441818918,0.954729935172539,-12.8886789971006));
#367=CARTESIAN_POINT('Ctrl Pts',(168.72120371198,-0.883661432262751,-10.297804592992));
#368=CARTESIAN_POINT('Ctrl Pts',(171.986815862224,-2.55546788171416,-6.35480861067171));
#369=CARTESIAN_POINT('Ctrl Pts',(173.549177030694,-4.015116124727,-1.58624277275563));
#370=CARTESIAN_POINT('Ctrl Pts',(173.184177012898,-5.24640527980221,3.44305376820331));
#371=CARTESIAN_POINT('Ctrl Pts',(170.876226396116,-6.26553326644167,8.17599262928656));
#372=CARTESIAN_POINT('Ctrl Pts',(166.844209095645,-7.10170729165183,11.9981128772461));
#373=CARTESIAN_POINT('Ctrl Pts',(161.498748314793,-7.8124615134729,14.3507341096766));
#374=CARTESIAN_POINT('Ctrl Pts',(155.315065797067,-8.47678744227079,14.8494237998187));
#375=CARTESIAN_POINT('Ctrl Pts',(148.716040728719,-9.19357027347274,13.3181041229888));
#376=CARTESIAN_POINT('Ctrl Pts',(139.747992605189,-10.3502164020247,8.75379227626717));
#377=CARTESIAN_POINT('Ctrl Pts',(133.10522575225,-11.5956060952797,3.11930992137395));
#378=CARTESIAN_POINT('Ctrl Pts',(128.718873903421,-12.6725410037933,-0.684415028364343));
#379=CARTESIAN_POINT('Ctrl Pts',(111.019563642089,49.1849231717157,0.464795368013983));
#380=CARTESIAN_POINT('Ctrl Pts',(111.514425295446,49.3112746161981,2.43636782769583));
#381=CARTESIAN_POINT('Ctrl Pts',(112.697736173124,48.7995320364748,6.39965052440769));
#382=CARTESIAN_POINT('Ctrl Pts',(115.009690854551,45.883204321734,11.6277925734641));
#383=CARTESIAN_POINT('Ctrl Pts',(117.762626970102,41.2261025941042,15.4620656306984));
#384=CARTESIAN_POINT('Ctrl Pts',(120.842607334353,35.3653016021312,17.3731150011887));
#385=CARTESIAN_POINT('Ctrl Pts',(124.119562876198,28.9122218564175,17.0401567177355));
#386=CARTESIAN_POINT('Ctrl Pts',(127.487318610747,22.4250217646348,14.5193775571794));
#387=CARTESIAN_POINT('Ctrl Pts',(130.941575431807,16.1989442977137,10.2474021028204));
#388=CARTESIAN_POINT('Ctrl Pts',(135.734895550741,8.344583331857,3.04439813635658));
#389=CARTESIAN_POINT('Ctrl Pts',(140.990731347828,1.10988521338199,-4.93196804435077));
#390=CARTESIAN_POINT('Ctrl Pts',(146.70790386605,-5.71106759483272,-10.6901153402628));
#391=CARTESIAN_POINT('Ctrl Pts',(151.075053531602,-10.6102471408659,-13.3476094536932));
#392=CARTESIAN_POINT('Ctrl Pts',(155.308218847617,-15.2309971730461,-14.0627505916246));
#393=CARTESIAN_POINT('Ctrl Pts',(159.121029300561,-19.4597173545807,-12.8745792807451));
#394=CARTESIAN_POINT('Ctrl Pts',(162.153594188214,-23.0970935672285,-10.0331000367975));
#395=CARTESIAN_POINT('Ctrl Pts',(163.959855008524,-25.7995364511145,-6.1270458564405));
#396=CARTESIAN_POINT('Ctrl Pts',(164.433741235006,-27.499135125838,-1.80718365833414));
#397=CARTESIAN_POINT('Ctrl Pts',(163.439405552585,-28.5490452316766,3.87165325014919));
#398=CARTESIAN_POINT('Ctrl Pts',(159.120825435625,-27.7630336755951,10.395011558252));
#399=CARTESIAN_POINT('Ctrl Pts',(151.117316833671,-24.7115236190981,13.8522152588636));
#400=CARTESIAN_POINT('Ctrl Pts',(142.691337535504,-21.3297430458558,12.6934405959197));
#401=CARTESIAN_POINT('Ctrl Pts',(134.556088062431,-18.2812149564642,8.29273988612939));
#402=CARTESIAN_POINT('Ctrl Pts',(126.142828109242,-15.6251761055347,1.37309701694668));
#403=CARTESIAN_POINT('Ctrl Pts',(117.433752346895,-13.5316309806634,-6.42293057543155));
#404=CARTESIAN_POINT('Ctrl Pts',(108.275826643695,-11.9740263574475,-13.2752338533799));
#405=CARTESIAN_POINT('Ctrl Pts',(98.5667504537611,-10.7872989455456,-17.5222796739531));
#406=CARTESIAN_POINT('Ctrl Pts',(88.7316408741956,-9.74463225209035,-17.8838464495806));
#407=CARTESIAN_POINT('Ctrl Pts',(80.1687812939441,-8.60750101605427,-14.1715904680587));
#408=CARTESIAN_POINT('Ctrl Pts',(74.372816212239,-7.14682947422539,-7.34452120230701));
#409=CARTESIAN_POINT('Ctrl Pts',(72.5662277100346,-5.18003855421734,1.12470876907118));
#410=CARTESIAN_POINT('Ctrl Pts',(75.1932608182355,-2.69902300046177,9.21169044666508));
#411=CARTESIAN_POINT('Ctrl Pts',(80.6839762953202,-0.14748592821835,14.4308443433347));
#412=CARTESIAN_POINT('Ctrl Pts',(86.9120016555527,2.2617207192983,16.7769560088726));
#413=CARTESIAN_POINT('Ctrl Pts',(92.7888657488064,4.41231778464614,17.0574314681945));
#414=CARTESIAN_POINT('Ctrl Pts',(98.7984875744791,6.62184774577752,15.5834494268518));
#415=CARTESIAN_POINT('Ctrl Pts',(106.652324549477,9.66178770019748,11.5810078546794));
#416=CARTESIAN_POINT('Ctrl Pts',(115.885749449201,13.7405903751768,3.62010207269575));
#417=CARTESIAN_POINT('Ctrl Pts',(124.417008464666,18.54011530744,-4.99071696615815));
#418=CARTESIAN_POINT('Ctrl Pts',(130.977781413267,22.7758907931125,-10.1682555623103));
#419=CARTESIAN_POINT('Ctrl Pts',(135.752159563567,26.0586840029534,-12.8154416756543));
#420=CARTESIAN_POINT('Ctrl Pts',(140.34607869392,29.3261704550121,-13.9812352603068));
#421=CARTESIAN_POINT('Ctrl Pts',(144.687865949592,32.4158793263673,-13.6192996866722));
#422=CARTESIAN_POINT('Ctrl Pts',(148.642986027789,35.1128275093255,-11.8092996221316));
#423=CARTESIAN_POINT('Ctrl Pts',(152.011531242623,37.1601552066237,-8.75308518310896));
#424=CARTESIAN_POINT('Ctrl Pts',(154.569525155954,38.2889023516225,-4.76260470421902));
#425=CARTESIAN_POINT('Ctrl Pts',(156.692383078955,38.3303022636286,1.27136010246412));
#426=CARTESIAN_POINT('Ctrl Pts',(156.6576327981,36.1947225336974,6.76767728031797));
#427=CARTESIAN_POINT('Ctrl Pts',(155.436347033701,32.9773745546145,10.5236611902486));
#428=CARTESIAN_POINT('Ctrl Pts',(154.3535649984,30.518067345162,12.7028440505215));
#429=CARTESIAN_POINT('Ctrl Pts',(152.547997788312,26.9093791779821,14.6929868275779));
#430=CARTESIAN_POINT('Ctrl Pts',(149.466709858596,21.1624339965493,15.7595857932245));
#431=CARTESIAN_POINT('Ctrl Pts',(145.580535787231,14.0272942347907,14.2223746620489));
#432=CARTESIAN_POINT('Ctrl Pts',(141.400348673553,5.80426665964882,9.0528341675585));
#433=CARTESIAN_POINT('Ctrl Pts',(137.749649718665,-2.50210671423656,1.71137138431012));
#434=CARTESIAN_POINT('Ctrl Pts',(134.707406312923,-11.0135610885203,-6.0712576450866));
#435=CARTESIAN_POINT('Ctrl Pts',(132.182550150858,-19.8554798774183,-12.4677980573529));
#436=CARTESIAN_POINT('Ctrl Pts',(130.002394119275,-28.9312814388378,-15.932150293423));
#437=CARTESIAN_POINT('Ctrl Pts',(128.005982349552,-37.6288814441496,-15.617300533285));
#438=CARTESIAN_POINT('Ctrl Pts',(126.101862745716,-44.7674606466351,-11.7788967393816));
#439=CARTESIAN_POINT('Ctrl Pts',(124.247153971938,-49.1128242658746,-5.4916623356545));
#440=CARTESIAN_POINT('Ctrl Pts',(122.635045687845,-49.7306510348771,0.936308071084161));
#441=CARTESIAN_POINT('Ctrl Pts',(121.243627037089,-47.8896907408288,6.16843938068208));
#442=CARTESIAN_POINT('Ctrl Pts',(119.660314365801,-43.8807042753619,11.2547874511005));
#443=CARTESIAN_POINT('Ctrl Pts',(117.9568604188,-37.104929587739,14.3967083386854));
#444=CARTESIAN_POINT('Ctrl Pts',(116.443862769348,-30.4587181273204,13.9447225130214));
#445=CARTESIAN_POINT('Ctrl Pts',(115.562190122494,-26.742835762918,12.8513267745548));
#446=CARTESIAN_POINT('Ctrl Pts',(114.351457367181,-21.7475873504284,10.9663326543378));
#447=CARTESIAN_POINT('Ctrl Pts',(112.655700777178,-15.4350097251379,6.70296856247379));
#448=CARTESIAN_POINT('Ctrl Pts',(109.824938490728,-7.08548374655333,-0.646933884726803));
#449=CARTESIAN_POINT('Ctrl Pts',(106.848586468286,0.247455307656897,-7.4537709030568));
#450=CARTESIAN_POINT('Ctrl Pts',(103.683485113492,6.79996187367848,-12.4086489056732));
#451=CARTESIAN_POINT('Ctrl Pts',(101.429126053646,11.1542856868788,-14.6198326505438));
#452=CARTESIAN_POINT('Ctrl Pts',(100.324779674239,13.2467627790046,-15.448056968516));
#453=CARTESIAN_POINT('Ctrl Pts',(98.6533244961817,16.3834745885068,-16.4447420041487));
#454=CARTESIAN_POINT('Ctrl Pts',(96.1099107592766,21.0701831191414,-16.9643973941354));
#455=CARTESIAN_POINT('Ctrl Pts',(92.9892509325413,26.9597267405401,-15.4334514915753));
#456=CARTESIAN_POINT('Ctrl Pts',(90.2868319561282,32.62385205028,-11.5016552230002));
#457=CARTESIAN_POINT('Ctrl Pts',(89.1524719306587,36.2823617593895,-6.11469324011759));
#458=CARTESIAN_POINT('Ctrl Pts',(89.5568570533849,38.2405190405456,0.000649229839989675));
#459=CARTESIAN_POINT('Ctrl Pts',(91.1295340141405,38.6260549306004,5.55935838053435));
#460=CARTESIAN_POINT('Ctrl Pts',(94.4490135303223,37.3024037568405,11.1394747142426));
#461=CARTESIAN_POINT('Ctrl Pts',(99.0267564736743,34.5569245899022,15.3408193157935));
#462=CARTESIAN_POINT('Ctrl Pts',(104.505551842665,30.8199720986046,17.619888476141));
#463=CARTESIAN_POINT('Ctrl Pts',(110.47201657293,26.5895936513124,17.629590706814));
#464=CARTESIAN_POINT('Ctrl Pts',(116.536743187242,22.3423498112339,15.3894311957045));
#465=CARTESIAN_POINT('Ctrl Pts',(122.524666314856,18.3692304941273,11.3216105544601));
#466=CARTESIAN_POINT('Ctrl Pts',(130.418114274401,13.5694330087599,4.28035842260781));
#467=CARTESIAN_POINT('Ctrl Pts',(138.366142090364,9.56038961430509,-3.73024411856713));
#468=CARTESIAN_POINT('Ctrl Pts',(146.48965690227,6.16948232740412,-9.70706655543174));
#469=CARTESIAN_POINT('Ctrl Pts',(152.541460586487,3.8739120064503,-12.5984893762923));
#470=CARTESIAN_POINT('Ctrl Pts',(158.355222797798,1.77785118933075,-13.5970750127611));
#471=CARTESIAN_POINT('Ctrl Pts',(163.674187310319,-0.165688943469707,-12.7186489276395));
#472=CARTESIAN_POINT('Ctrl Pts',(168.137762561801,-1.96279293233001,-10.1708541511766));
#473=CARTESIAN_POINT('Ctrl Pts',(171.298928069025,-3.58143187699226,-6.33543800011682));
#474=CARTESIAN_POINT('Ctrl Pts',(172.787476994342,-4.97736519130102,-1.75253004468347));
#475=CARTESIAN_POINT('Ctrl Pts',(172.431305359351,-6.14234713931785,3.03092664638328));
#476=CARTESIAN_POINT('Ctrl Pts',(170.23655319882,-7.10349786539121,7.5198610134239));
#477=CARTESIAN_POINT('Ctrl Pts',(166.408609595778,-7.88954242609145,11.140863824803));
#478=CARTESIAN_POINT('Ctrl Pts',(161.344254596887,-8.55607630608458,13.3642606178143));
#479=CARTESIAN_POINT('Ctrl Pts',(155.480698232893,-9.17888537382842,13.8355690161104));
#480=CARTESIAN_POINT('Ctrl Pts',(149.163789580205,-9.857851466445,12.3717395856554));
#481=CARTESIAN_POINT('Ctrl Pts',(140.449160793042,-10.97138475253,7.94014902332096));
#482=CARTESIAN_POINT('Ctrl Pts',(133.876735464893,-12.1937481969166,2.37048488335482));
#483=CARTESIAN_POINT('Ctrl Pts',(129.506524192522,-13.2621505289974,-1.42280347968778));
#484=CARTESIAN_POINT('Ctrl Pts',(111.058524012695,47.5360595826801,0.556743416228302));
#485=CARTESIAN_POINT('Ctrl Pts',(111.500017244776,47.6501238648962,2.33058594749696));
#486=CARTESIAN_POINT('Ctrl Pts',(112.558909279481,47.1930821417494,5.90511796549969));
#487=CARTESIAN_POINT('Ctrl Pts',(114.656970948671,44.5386192883199,10.6835253801064));
#488=CARTESIAN_POINT('Ctrl Pts',(117.18632084863,40.2458904320852,14.2294672835827));
#489=CARTESIAN_POINT('Ctrl Pts',(120.042159824603,34.7939792606063,16.0189230822396));
#490=CARTESIAN_POINT('Ctrl Pts',(123.119754641069,28.7156317329476,15.7212000565617));
#491=CARTESIAN_POINT('Ctrl Pts',(126.343920951457,22.4848076055707,13.3197467907117));
#492=CARTESIAN_POINT('Ctrl Pts',(129.714409557618,16.3890418616249,9.15461046800509));
#493=CARTESIAN_POINT('Ctrl Pts',(134.460724877022,8.58629758139964,2.02210698796253));
#494=CARTESIAN_POINT('Ctrl Pts',(139.745809709495,1.2795483910807,-6.01596094566492));
#495=CARTESIAN_POINT('Ctrl Pts',(145.616415024528,-5.74706988060746,-11.9412714491381));
#496=CARTESIAN_POINT('Ctrl Pts',(150.189154350869,-10.8938148911804,-14.7326914592963));
#497=CARTESIAN_POINT('Ctrl Pts',(154.708953077756,-15.8429120965702,-15.5006692258146));
#498=CARTESIAN_POINT('Ctrl Pts',(158.815272195929,-20.4123509795721,-14.2150567354336));
#499=CARTESIAN_POINT('Ctrl Pts',(162.078000653793,-24.3428938064137,-11.1434200452371));
#500=CARTESIAN_POINT('Ctrl Pts',(164.01617059115,-27.2611571908355,-6.92670046362541));
#501=CARTESIAN_POINT('Ctrl Pts',(164.517409705411,-29.0976768375089,-2.26446718746894));
#502=CARTESIAN_POINT('Ctrl Pts',(163.428531775888,-30.2237552255904,3.84052889933862));
#503=CARTESIAN_POINT('Ctrl Pts',(158.834200160331,-29.3786332585134,10.7014493775858));
#504=CARTESIAN_POINT('Ctrl Pts',(150.554378297627,-26.2234256820814,14.2247101263891));
#505=CARTESIAN_POINT('Ctrl Pts',(141.995572171688,-22.793219498954,13.0184265424179));
#506=CARTESIAN_POINT('Ctrl Pts',(133.841666853572,-19.741824161635,8.58384571490132));
#507=CARTESIAN_POINT('Ctrl Pts',(125.464873575955,-17.1015841896141,1.6751059150695));
#508=CARTESIAN_POINT('Ctrl Pts',(116.83161425719,-15.030720525672,-6.07174105308792));
#509=CARTESIAN_POINT('Ctrl Pts',(107.794520018754,-13.4987494922084,-12.8477126153672));
#510=CARTESIAN_POINT('Ctrl Pts',(98.2737209168714,-12.3396430328665,-17.0224030426491));
#511=CARTESIAN_POINT('Ctrl Pts',(88.6515627901074,-11.3236915382692,-17.3931011394933));
#512=CARTESIAN_POINT('Ctrl Pts',(80.2080760534071,-10.2075485596954,-13.7596391734219));
#513=CARTESIAN_POINT('Ctrl Pts',(74.4214968372739,-8.758472565249,-6.98543768372314));
#514=CARTESIAN_POINT('Ctrl Pts',(72.575250126914,-6.78208660290202,1.53183039245675));
#515=CARTESIAN_POINT('Ctrl Pts',(75.2221121652465,-4.25849141152292,9.76749924196997));
#516=CARTESIAN_POINT('Ctrl Pts',(80.8420873999386,-1.63778134530936,15.1386964652424));
#517=CARTESIAN_POINT('Ctrl Pts',(87.2691355694025,0.854279343316684,17.5746604439143));
#518=CARTESIAN_POINT('Ctrl Pts',(93.3542121822409,3.08604366181304,17.874498431834));
#519=CARTESIAN_POINT('Ctrl Pts',(99.5639063573778,5.37403131709354,16.3584145584058));
#520=CARTESIAN_POINT('Ctrl Pts',(107.624803393951,8.50150900874168,12.2579543911056));
#521=CARTESIAN_POINT('Ctrl Pts',(116.994315792042,12.6515532230916,4.18428715537784));
#522=CARTESIAN_POINT('Ctrl Pts',(125.565648554679,17.4847966552419,-4.44626574406324));
#523=CARTESIAN_POINT('Ctrl Pts',(132.094131712943,21.7070535766722,-9.58314440825954));
#524=CARTESIAN_POINT('Ctrl Pts',(136.798146582024,24.9470464857334,-12.1789700771067));
#525=CARTESIAN_POINT('Ctrl Pts',(141.265899807137,28.1302407963521,-13.299145469992));
#526=CARTESIAN_POINT('Ctrl Pts',(145.431878871196,31.1003429525429,-12.9381543628858));
#527=CARTESIAN_POINT('Ctrl Pts',(149.185492632028,33.6647933386024,-11.2061998564392));
#528=CARTESIAN_POINT('Ctrl Pts',(152.346437030166,35.590614727178,-8.32023703221098));
#529=CARTESIAN_POINT('Ctrl Pts',(154.714485520992,36.637567556203,-4.60110350723173));
#530=CARTESIAN_POINT('Ctrl Pts',(156.644032601852,36.6712110302938,0.93569238729288));
#531=CARTESIAN_POINT('Ctrl Pts',(156.599005095217,34.729841226304,5.93112740229856));
#532=CARTESIAN_POINT('Ctrl Pts',(155.474205198967,31.790481539993,9.3673324524145));
#533=CARTESIAN_POINT('Ctrl Pts',(154.476769928847,29.5410177743029,11.3606885371174));
#534=CARTESIAN_POINT('Ctrl Pts',(152.814127963637,26.2361781799287,13.1843067200743));
#535=CARTESIAN_POINT('Ctrl Pts',(149.972271507293,20.9573198903129,14.1641976139591));
#536=CARTESIAN_POINT('Ctrl Pts',(146.335334321195,14.3083760740004,12.7482315769868));
#537=CARTESIAN_POINT('Ctrl Pts',(142.293464762378,6.39471042095251,7.78629852605423));
#538=CARTESIAN_POINT('Ctrl Pts',(138.681410509244,-1.7811866255494,0.552227470770242));
#539=CARTESIAN_POINT('Ctrl Pts',(135.620774543588,-10.2963103638071,-7.24716545612743));
#540=CARTESIAN_POINT('Ctrl Pts',(133.032688701728,-19.2981300477524,-13.7841651996395));
#541=CARTESIAN_POINT('Ctrl Pts',(130.735640930642,-28.7945627212124,-17.4466584590948));
#542=CARTESIAN_POINT('Ctrl Pts',(128.574164855865,-38.1530366712157,-17.1363276489919));
#543=CARTESIAN_POINT('Ctrl Pts',(126.487970279306,-45.9261609933635,-12.9727630740927));
#544=CARTESIAN_POINT('Ctrl Pts',(124.431625462609,-50.7267372318397,-6.06583071801815));
#545=CARTESIAN_POINT('Ctrl Pts',(122.616537220705,-51.427530522334,1.11447575055996));
#546=CARTESIAN_POINT('Ctrl Pts',(121.055088948247,-49.3730588851871,6.93588794182636));
#547=CARTESIAN_POINT('Ctrl Pts',(119.294612370608,-44.9488161186677,12.5451829585231));
#548=CARTESIAN_POINT('Ctrl Pts',(117.414087857654,-37.5199116983724,15.9664682237981));
#549=CARTESIAN_POINT('Ctrl Pts',(115.771696382829,-30.3608506252109,15.4617106513163));
#550=CARTESIAN_POINT('Ctrl Pts',(114.832443385354,-26.4307633334252,14.3015324869138));
#551=CARTESIAN_POINT('Ctrl Pts',(113.551612705565,-21.1827008000348,12.3150125579141));
#552=CARTESIAN_POINT('Ctrl Pts',(111.799891276862,-14.7161840462796,7.92109960548507));
#553=CARTESIAN_POINT('Ctrl Pts',(108.939895312378,-6.32856903694808,0.526217700946102));
#554=CARTESIAN_POINT('Ctrl Pts',(105.974836376072,0.937178230967509,-6.22860073188425));
#555=CARTESIAN_POINT('Ctrl Pts',(102.883553459498,7.3058987339172,-11.0422462518211));
#556=CARTESIAN_POINT('Ctrl Pts',(100.725225209289,11.458786195499,-13.1534483428881));
#557=CARTESIAN_POINT('Ctrl Pts',(99.6763526197845,13.4390479698635,-13.9391415053015));
#558=CARTESIAN_POINT('Ctrl Pts',(98.0963304180542,16.3928180993719,-14.8800951264361));
#559=CARTESIAN_POINT('Ctrl Pts',(95.7216810087471,20.7528711454233,-15.3616328040674));
#560=CARTESIAN_POINT('Ctrl Pts',(92.8304313949649,26.1876642793791,-13.9507253457575));
#561=CARTESIAN_POINT('Ctrl Pts',(90.3243710970682,31.414602840183,-10.3247274268821));
#562=CARTESIAN_POINT('Ctrl Pts',(89.2667564436059,34.7894770821033,-5.35620176949943));
#563=CARTESIAN_POINT('Ctrl Pts',(89.6288868380568,36.596790518257,0.285734498770327));
#564=CARTESIAN_POINT('Ctrl Pts',(91.0735196126783,36.958979424114,5.44034670240637));
#565=CARTESIAN_POINT('Ctrl Pts',(94.1738414029516,35.7232326323767,10.6845210295808));
#566=CARTESIAN_POINT('Ctrl Pts',(98.507611277194,33.1207237781298,14.6835429325864));
#567=CARTESIAN_POINT('Ctrl Pts',(103.747497125446,29.5420454999441,16.8804656911387));
#568=CARTESIAN_POINT('Ctrl Pts',(109.513251678535,25.4486633525216,16.9064330098987));
#569=CARTESIAN_POINT('Ctrl Pts',(115.44835386486,21.2861421997273,14.7306183334428));
#570=CARTESIAN_POINT('Ctrl Pts',(121.377515155698,17.3454656738158,10.7163720855151));
#571=CARTESIAN_POINT('Ctrl Pts',(129.262119340604,12.542319908907,3.70004678460558));
#572=CARTESIAN_POINT('Ctrl Pts',(137.27538134876,8.48826602219181,-4.36516635207098));
#573=CARTESIAN_POINT('Ctrl Pts',(145.560736490383,5.02014137012375,-10.4536860433885));
#574=CARTESIAN_POINT('Ctrl Pts',(151.801834061924,2.64532815883821,-13.4312928976814));
#575=CARTESIAN_POINT('Ctrl Pts',(157.862210197997,0.453387368593825,-14.4670401418949));
#576=CARTESIAN_POINT('Ctrl Pts',(163.421994779525,-1.58491942891288,-13.5380622952477));
#577=CARTESIAN_POINT('Ctrl Pts',(168.060842946884,-3.46025344965209,-10.8736984881707));
#578=CARTESIAN_POINT('Ctrl Pts',(171.318858814504,-5.13683526028374,-6.89889936680545));
#579=CARTESIAN_POINT('Ctrl Pts',(172.832179144804,-6.57135161108098,-2.18858877273639));
#580=CARTESIAN_POINT('Ctrl Pts',(172.452708434394,-7.75530381240048,2.67357042365276));
#581=CARTESIAN_POINT('Ctrl Pts',(170.232736558166,-8.7193255720692,7.17643531001324));
#582=CARTESIAN_POINT('Ctrl Pts',(166.416792860719,-9.49811999944078,10.7634806996321));
#583=CARTESIAN_POINT('Ctrl Pts',(161.423674749239,-10.1517371017303,12.9394771226244));
#584=CARTESIAN_POINT('Ctrl Pts',(155.686088477187,-10.7577886591605,13.3877176448477));
#585=CARTESIAN_POINT('Ctrl Pts',(149.511876957981,-11.4180779439619,11.9471458654507));
#586=CARTESIAN_POINT('Ctrl Pts',(140.955905386005,-12.5065346573421,7.58423489155586));
#587=CARTESIAN_POINT('Ctrl Pts',(134.456723037667,-13.710994501646,2.0668072651598));
#588=CARTESIAN_POINT('Ctrl Pts',(130.122712485881,-14.7687402131505,-1.70426928582931));
#589=CARTESIAN_POINT('Ctrl Pts',(112.594188055781,46.3134242147795,0.247876497861062));
#590=CARTESIAN_POINT('Ctrl Pts',(112.985095901008,46.4121084421682,1.83107377351135));
#591=CARTESIAN_POINT('Ctrl Pts',(113.920879964106,46.000124304019,5.0114634524926));
#592=CARTESIAN_POINT('Ctrl Pts',(115.785954322046,43.6208268460583,9.28430781339126));
#593=CARTESIAN_POINT('Ctrl Pts',(118.046792386045,39.7594741011379,12.467900983637));
#594=CARTESIAN_POINT('Ctrl Pts',(120.60725419539,34.8432313754981,14.0794319582363));
#595=CARTESIAN_POINT('Ctrl Pts',(123.398239925011,29.3035346738775,13.8154132657797));
#596=CARTESIAN_POINT('Ctrl Pts',(126.397214678489,23.4776873458965,11.5836096478577));
#597=CARTESIAN_POINT('Ctrl Pts',(129.619253094454,17.6201272489416,7.59088758778096));
#598=CARTESIAN_POINT('Ctrl Pts',(134.254572432834,9.96363783005403,0.603239755834105));
#599=CARTESIAN_POINT('Ctrl Pts',(139.529146331214,2.62841623510253,-7.46549196098798));
#600=CARTESIAN_POINT('Ctrl Pts',(145.553736394487,-4.61159062719961,-13.5819134868052));
#601=CARTESIAN_POINT('Ctrl Pts',(150.367859834841,-10.0513990412272,-16.5465555761468));
#602=CARTESIAN_POINT('Ctrl Pts',(155.257854280555,-15.4249811089813,-17.3985815080267));
#603=CARTESIAN_POINT('Ctrl Pts',(159.779084546967,-20.4744416624076,-15.9932613299016));
#604=CARTESIAN_POINT('Ctrl Pts',(163.404698302611,-24.8615956844502,-12.5849887708376));
#605=CARTESIAN_POINT('Ctrl Pts',(165.581291555298,-28.1567556326012,-7.8514584819929));
#606=CARTESIAN_POINT('Ctrl Pts',(166.151618182346,-30.2633814897748,-2.54914448221613));
#607=CARTESIAN_POINT('Ctrl Pts',(164.890441779454,-31.5664758850681,4.44652920198762));
#608=CARTESIAN_POINT('Ctrl Pts',(159.665014704848,-30.6161734243153,12.1953250952492));
#609=CARTESIAN_POINT('Ctrl Pts',(150.429595439758,-27.1163502616254,16.0789727341901));
#610=CARTESIAN_POINT('Ctrl Pts',(141.112097929276,-23.4044315964092,14.7268716068911));
#611=CARTESIAN_POINT('Ctrl Pts',(132.601439244672,-20.2410413230217,10.0605814236484));
#612=CARTESIAN_POINT('Ctrl Pts',(124.105554232326,-17.584270463214,3.04217064031571));
#613=CARTESIAN_POINT('Ctrl Pts',(115.523402598029,-15.5454883604002,-4.66481527090421));
#614=CARTESIAN_POINT('Ctrl Pts',(106.720303625172,-14.0733739521809,-11.2589232118399));
#615=CARTESIAN_POINT('Ctrl Pts',(97.7257505165534,-12.9970571656756,-15.1803401148921));
#616=CARTESIAN_POINT('Ctrl Pts',(88.9070405039376,-12.0813705283109,-15.5100634519564));
#617=CARTESIAN_POINT('Ctrl Pts',(81.2006889084557,-11.0786312516372,-12.2077649448655));
#618=CARTESIAN_POINT('Ctrl Pts',(75.9068293012036,-9.76853363056259,-6.02178859076587));
#619=CARTESIAN_POINT('Ctrl Pts',(74.2044707529588,-7.97867657019816,1.75004814292282));
#620=CARTESIAN_POINT('Ctrl Pts',(76.6223845569017,-5.65716362354721,9.38257093160989));
#621=CARTESIAN_POINT('Ctrl Pts',(81.9082776729347,-3.19338660102219,14.4759017938745));
#622=CARTESIAN_POINT('Ctrl Pts',(88.0415528217202,-0.819851287107926,16.8175574990801));
#623=CARTESIAN_POINT('Ctrl Pts',(93.909865744368,1.32824378337025,17.1235491798606));
#624=CARTESIAN_POINT('Ctrl Pts',(99.9707188070263,3.55682785457586,15.6600956083536));
#625=CARTESIAN_POINT('Ctrl Pts',(107.93353288044,6.63928990053826,11.6338854491167));
#626=CARTESIAN_POINT('Ctrl Pts',(117.319649591686,10.7852081790643,3.58538072642355));
#627=CARTESIAN_POINT('Ctrl Pts',(126.001381989106,15.6671962556409,-5.13290937380017));
#628=CARTESIAN_POINT('Ctrl Pts',(132.691526629364,19.983817983096,-10.3798061144413));
#629=CARTESIAN_POINT('Ctrl Pts',(137.561567538046,23.3304016497313,-13.0573313520527));
#630=CARTESIAN_POINT('Ctrl Pts',(142.233458974124,26.6514242466328,-14.2201796254806));
#631=CARTESIAN_POINT('Ctrl Pts',(146.605155639838,29.7604945064211,-13.8304952228655));
#632=CARTESIAN_POINT('Ctrl Pts',(150.526034716408,32.4318708327992,-12.0093064137053));
#633=CARTESIAN_POINT('Ctrl Pts',(153.799702794135,34.4180407540817,-9.00552452206698));
#634=CARTESIAN_POINT('Ctrl Pts',(156.228371686565,35.4833410130435,-5.17488565591986));
#635=CARTESIAN_POINT('Ctrl Pts',(158.180451258698,35.499095807263,0.470271489042914));
#636=CARTESIAN_POINT('Ctrl Pts',(158.112910933108,33.5321773189276,5.45878487432754));
#637=CARTESIAN_POINT('Ctrl Pts',(156.995836922081,30.6263632559869,8.83969697660235));
#638=CARTESIAN_POINT('Ctrl Pts',(156.011747067445,28.414586397357,10.790603797308));
#639=CARTESIAN_POINT('Ctrl Pts',(154.384569992024,25.1893700294669,12.5573592222564));
#640=CARTESIAN_POINT('Ctrl Pts',(151.628160428955,20.0792908431269,13.4909616642829));
#641=CARTESIAN_POINT('Ctrl Pts',(148.108520488755,13.6578348126667,12.1112704972754));
#642=CARTESIAN_POINT('Ctrl Pts',(144.155044114859,5.93349005125868,7.25573261667961));
#643=CARTESIAN_POINT('Ctrl Pts',(140.588690683298,-2.12116697236302,0.106008593710945));
#644=CARTESIAN_POINT('Ctrl Pts',(137.547563947396,-10.564271795336,-7.65250543403901));
#645=CARTESIAN_POINT('Ctrl Pts',(134.95852025624,-19.5487704040221,-14.2039920356832));
#646=CARTESIAN_POINT('Ctrl Pts',(132.635876057657,-29.1291419047548,-17.9306068362653));
#647=CARTESIAN_POINT('Ctrl Pts',(130.417372606399,-38.7176412870691,-17.6462130645923));
#648=CARTESIAN_POINT('Ctrl Pts',(128.245609078101,-46.8015786778886,-13.3525584729443));
#649=CARTESIAN_POINT('Ctrl Pts',(126.069362115446,-51.8956844465163,-6.09086441609444));
#650=CARTESIAN_POINT('Ctrl Pts',(124.109655672706,-52.6796123200802,1.62333656046162));
#651=CARTESIAN_POINT('Ctrl Pts',(122.411052690797,-50.4676420565666,7.92444134666368));
#652=CARTESIAN_POINT('Ctrl Pts',(120.493853541138,-45.6919957752885,14.0059857862279));
#653=CARTESIAN_POINT('Ctrl Pts',(118.433584931192,-37.6148841787609,17.7391122784922));
#654=CARTESIAN_POINT('Ctrl Pts',(116.643463203216,-29.8692191384536,17.1921796591036));
#655=CARTESIAN_POINT('Ctrl Pts',(115.634932145496,-25.6798845020515,15.9584063033185));
#656=CARTESIAN_POINT('Ctrl Pts',(114.267718199566,-20.1170975882994,13.8562178725015));
#657=CARTESIAN_POINT('Ctrl Pts',(112.438725657925,-13.4246487526452,9.2944871283608));
#658=CARTESIAN_POINT('Ctrl Pts',(109.521727221382,-4.92265475372474,1.80593467316884));
#659=CARTESIAN_POINT('Ctrl Pts',(106.543323561514,2.33346923789296,-4.93349924440423));
#660=CARTESIAN_POINT('Ctrl Pts',(103.505117613653,8.55950444224173,-9.62191817039157));
#661=CARTESIAN_POINT('Ctrl Pts',(101.433713390247,12.5278363725097,-11.6331136137957));
#662=CARTESIAN_POINT('Ctrl Pts',(100.437534171955,14.4008658715208,-12.3744996013558));
#663=CARTESIAN_POINT('Ctrl Pts',(98.9465227202416,17.1757733932607,-13.2552057824444));
#664=CARTESIAN_POINT('Ctrl Pts',(96.7453571914463,21.1997456849704,-13.6868522709821));
#665=CARTESIAN_POINT('Ctrl Pts',(94.1130457716324,26.1237056957799,-12.394984097217));
#666=CARTESIAN_POINT('Ctrl Pts',(91.8531009077882,30.8104825906911,-9.1255583772779));
#667=CARTESIAN_POINT('Ctrl Pts',(90.9131414805384,33.7855965683235,-4.71307073860534));
#668=CARTESIAN_POINT('Ctrl Pts',(91.2233501798684,35.3563488488059,0.227505243630522));
#669=CARTESIAN_POINT('Ctrl Pts',(92.4749015024043,35.6667394960355,4.73107413006283));
#670=CARTESIAN_POINT('Ctrl Pts',(95.1993288691393,34.5714463966746,9.36702373160766));
#671=CARTESIAN_POINT('Ctrl Pts',(99.0567600113474,32.2417717327828,12.9429330149409));
#672=CARTESIAN_POINT('Ctrl Pts',(103.760535176357,29.0148120452153,14.9264829511431));
#673=CARTESIAN_POINT('Ctrl Pts',(109.00378531516,25.2775203122754,14.9638939644306));
#674=CARTESIAN_POINT('Ctrl Pts',(114.538535192471,21.3794599811546,12.9504051067046));
#675=CARTESIAN_POINT('Ctrl Pts',(120.224850912834,17.5828275693034,9.1086639476438));
#676=CARTESIAN_POINT('Ctrl Pts',(127.955452380291,12.8509760436295,2.23444333693724));
#677=CARTESIAN_POINT('Ctrl Pts',(135.996053304421,8.75400853919214,-5.8708169043771));
#678=CARTESIAN_POINT('Ctrl Pts',(144.537960288699,5.15670295173446,-12.1640019434052));
#679=CARTESIAN_POINT('Ctrl Pts',(151.142216113555,2.62712864870178,-15.3296185712766));
#680=CARTESIAN_POINT('Ctrl Pts',(157.743109300136,0.224284540041651,-16.4718609955126));
#681=CARTESIAN_POINT('Ctrl Pts',(163.909602040236,-2.051107107744,-15.446419805223));
#682=CARTESIAN_POINT('Ctrl Pts',(169.084225616786,-4.15886534281622,-12.4728177840126));
#683=CARTESIAN_POINT('Ctrl Pts',(172.736914926931,-6.05300721145798,-8.01583107278012));
#684=CARTESIAN_POINT('Ctrl Pts',(174.44588605467,-7.6892868749922,-2.68956368113406));
#685=CARTESIAN_POINT('Ctrl Pts',(174.004549320458,-9.04276003581817,2.81635879027034));
#686=CARTESIAN_POINT('Ctrl Pts',(171.509634372386,-10.1288556951681,7.83576494491197));
#687=CARTESIAN_POINT('Ctrl Pts',(167.307393140162,-10.9946324748931,11.7619585880844));
#688=CARTESIAN_POINT('Ctrl Pts',(161.886403472344,-11.7125322915505,14.1072315600221));
#689=CARTESIAN_POINT('Ctrl Pts',(155.747058308857,-12.370056898495,14.5668064089643));
#690=CARTESIAN_POINT('Ctrl Pts',(149.279170379591,-13.0707345110741,13.035674541922));
#691=CARTESIAN_POINT('Ctrl Pts',(140.517549591287,-14.1978969381603,8.53780336050492));
#692=CARTESIAN_POINT('Ctrl Pts',(134.016748883245,-15.4147571970433,2.99087604024538));
#693=CARTESIAN_POINT('Ctrl Pts',(129.719383661148,-16.4692943995454,-0.758784548984646));
#694=CARTESIAN_POINT('Ctrl Pts',(114.461759529278,46.7745946157342,-0.247897402494276));
#695=CARTESIAN_POINT('Ctrl Pts',(114.85375383488,46.8688786227856,1.33530654679463));
#696=CARTESIAN_POINT('Ctrl Pts',(115.785900386916,46.4469949498173,4.49215477523706));
#697=CARTESIAN_POINT('Ctrl Pts',(117.617870698628,44.095662139408,8.67576775212853));
#698=CARTESIAN_POINT('Ctrl Pts',(119.81305714869,40.3336419379281,11.7547339821558));
#699=CARTESIAN_POINT('Ctrl Pts',(122.275007962186,35.5932318606302,13.2909461341151));
#700=CARTESIAN_POINT('Ctrl Pts',(124.94861632947,30.2741354084375,13.0268051239094));
#701=CARTESIAN_POINT('Ctrl Pts',(127.839679180655,24.644607054087,10.8631327258941));
#702=CARTESIAN_POINT('Ctrl Pts',(130.977488795239,18.9271265140235,6.95695955011642));
#703=CARTESIAN_POINT('Ctrl Pts',(135.531045817778,11.3907511349316,0.0651343651551767));
#704=CARTESIAN_POINT('Ctrl Pts',(140.757233569767,4.10677400365453,-7.96744112743967));
#705=CARTESIAN_POINT('Ctrl Pts',(146.789247893478,-3.15189619880543,-14.1211090728325));
#706=CARTESIAN_POINT('Ctrl Pts',(151.656972550847,-8.65923394162873,-17.140639059602));
#707=CARTESIAN_POINT('Ctrl Pts',(156.663661052742,-14.1669969193368,-18.0339202583124));
#708=CARTESIAN_POINT('Ctrl Pts',(161.349011594909,-19.4049365034608,-16.5965875026279));
#709=CARTESIAN_POINT('Ctrl Pts',(165.150036465067,-24.0085335625411,-13.045536873607));
#710=CARTESIAN_POINT('Ctrl Pts',(167.465042848354,-27.5137642043798,-8.04152012493916));
#711=CARTESIAN_POINT('Ctrl Pts',(168.088476560626,-29.7922571149676,-2.35324468040204));
#712=CARTESIAN_POINT('Ctrl Pts',(166.726151389728,-31.2242477941588,5.2398938386121));
#713=CARTESIAN_POINT('Ctrl Pts',(161.045687209674,-30.2137750218797,13.6890159986816));
#714=CARTESIAN_POINT('Ctrl Pts',(150.951674483432,-26.4091372283823,17.9420978664227));
#715=CARTESIAN_POINT('Ctrl Pts',(140.848482596108,-22.4043708193373,16.4653159682257));
#716=CARTESIAN_POINT('Ctrl Pts',(131.915652550853,-19.1048460322777,11.5509725037371));
#717=CARTESIAN_POINT('Ctrl Pts',(123.227541322649,-16.4084757223743,4.38280507793928));
#718=CARTESIAN_POINT('Ctrl Pts',(114.61786787954,-14.3823974349052,-3.33373602422891));
#719=CARTESIAN_POINT('Ctrl Pts',(105.961022401311,-12.9540594888835,-9.79313747133112));
#720=CARTESIAN_POINT('Ctrl Pts',(97.3957832564819,-11.9477316102381,-13.4861523510134));
#721=CARTESIAN_POINT('Ctrl Pts',(89.322061514671,-11.1249216605634,-13.7540859045217));
#722=CARTESIAN_POINT('Ctrl Pts',(82.3904925385014,-10.2383472970983,-10.769935835269));
#723=CARTESIAN_POINT('Ctrl Pts',(77.6990368993886,-9.08759309604902,-5.2535212979612));
#724=CARTESIAN_POINT('Ctrl Pts',(76.223361616849,-7.5418213806182,1.53166071866241));
#725=CARTESIAN_POINT('Ctrl Pts',(78.3320101798145,-5.52340456218723,8.23388443665521));
#726=CARTESIAN_POINT('Ctrl Pts',(83.0460561003781,-3.33849029982865,12.7980637262489));
#727=CARTESIAN_POINT('Ctrl Pts',(88.574127530996,-1.21224498485497,14.9141867588431));
#728=CARTESIAN_POINT('Ctrl Pts',(93.922103148632,0.734002772406602,15.2044804872054));
#729=CARTESIAN_POINT('Ctrl Pts',(99.5570054812509,2.79422733504244,13.8570988886142));
#730=CARTESIAN_POINT('Ctrl Pts',(107.148859564463,5.71542908646932,10.0410902046116));
#731=CARTESIAN_POINT('Ctrl Pts',(116.391887803176,9.77046024404643,2.15947901686416));
#732=CARTESIAN_POINT('Ctrl Pts',(125.163021607307,14.672638565067,-6.64419461210662));
#733=CARTESIAN_POINT('Ctrl Pts',(132.093377683155,19.1230602273956,-12.0769102833376));
#734=CARTESIAN_POINT('Ctrl Pts',(137.254953103974,22.6539003404486,-14.9177154716495));
#735=CARTESIAN_POINT('Ctrl Pts',(142.332912877893,26.2479358102918,-16.1883058291385));
#736=CARTESIAN_POINT('Ctrl Pts',(147.172327963687,29.6738581993166,-15.7614411532933));
#737=CARTESIAN_POINT('Ctrl Pts',(151.543871494614,32.6376314002399,-13.7350362633766));
#738=CARTESIAN_POINT('Ctrl Pts',(155.207673613152,34.8449584110291,-10.3794712288787));
#739=CARTESIAN_POINT('Ctrl Pts',(157.940138694479,36.0313045859104,-6.08371390174299));
#740=CARTESIAN_POINT('Ctrl Pts',(160.152723760424,36.0340371265591,0.29411105124003));
#741=CARTESIAN_POINT('Ctrl Pts',(160.069598705729,33.8015687251534,5.87653830306141));
#742=CARTESIAN_POINT('Ctrl Pts',(158.846304856883,30.6034495837672,9.57303682928559));
#743=CARTESIAN_POINT('Ctrl Pts',(157.77633134454,28.1865100909537,11.6943544716193));
#744=CARTESIAN_POINT('Ctrl Pts',(156.021624358303,24.6952651951492,13.5905499811749));
#745=CARTESIAN_POINT('Ctrl Pts',(153.08401822255,19.2329988070859,14.5707745044856));
#746=CARTESIAN_POINT('Ctrl Pts',(149.410875431063,12.5101196186984,13.0910153854314));
#747=CARTESIAN_POINT('Ctrl Pts',(145.401238691847,4.64961488135824,8.11874458524916));
#748=CARTESIAN_POINT('Ctrl Pts',(141.845314425112,-3.41103479708286,0.945173203533196));
#749=CARTESIAN_POINT('Ctrl Pts',(138.850615565125,-11.7600078868025,-6.74230162499871));
#750=CARTESIAN_POINT('Ctrl Pts',(136.336443287166,-20.5306471818713,-13.1431948733672));
#751=CARTESIAN_POINT('Ctrl Pts',(134.122523468136,-29.7099304571759,-16.7118964296298));
#752=CARTESIAN_POINT('Ctrl Pts',(132.031513629423,-38.7906654090121,-16.454742672518));
#753=CARTESIAN_POINT('Ctrl Pts',(129.972193514012,-46.4991160493028,-12.3902036723328));
#754=CARTESIAN_POINT('Ctrl Pts',(127.889118779338,-51.4117471963937,-5.43164453020594));
#755=CARTESIAN_POINT('Ctrl Pts',(125.993467236749,-52.1994833065217,2.04305142065488));
#756=CARTESIAN_POINT('Ctrl Pts',(124.328413119442,-50.0478200643614,8.23350542425179));
#757=CARTESIAN_POINT('Ctrl Pts',(122.429031159718,-45.3334391410021,14.2746721556736));
#758=CARTESIAN_POINT('Ctrl Pts',(120.357959079043,-37.2339306590203,18.059882794474));
#759=CARTESIAN_POINT('Ctrl Pts',(118.539281297674,-29.3736741828899,17.5237629663302));
#760=CARTESIAN_POINT('Ctrl Pts',(117.513649133069,-25.1187503019691,16.2784712492813));
#761=CARTESIAN_POINT('Ctrl Pts',(116.123053287564,-19.4676376141997,14.154112600864));
#762=CARTESIAN_POINT('Ctrl Pts',(114.265168376615,-12.6789368652425,9.53999104887467));
#763=CARTESIAN_POINT('Ctrl Pts',(111.312236067153,-4.08011703192879,1.98878962112711));
#764=CARTESIAN_POINT('Ctrl Pts',(108.30360581269,3.24486276092636,-4.794069077893));
#765=CARTESIAN_POINT('Ctrl Pts',(105.242696162293,9.51429387874033,-9.49617689112878));
#766=CARTESIAN_POINT('Ctrl Pts',(103.164191050517,13.4947694584143,-11.5028892318289));
#767=CARTESIAN_POINT('Ctrl Pts',(102.167011429775,15.3690281964475,-12.2401639784958));
#768=CARTESIAN_POINT('Ctrl Pts',(100.677039727075,18.1409086519359,-13.1127500776668));
#769=CARTESIAN_POINT('Ctrl Pts',(98.4891036801145,22.1390050006049,-13.5279078360695));
#770=CARTESIAN_POINT('Ctrl Pts',(95.9036593051346,26.9731971765808,-12.2399777854845));
#771=CARTESIAN_POINT('Ctrl Pts',(93.7142741670914,31.5127052552047,-9.04712335622804));
#772=CARTESIAN_POINT('Ctrl Pts',(92.8285767919425,34.3309300101165,-4.82433752745437));
#773=CARTESIAN_POINT('Ctrl Pts',(93.1248668724016,35.7882235047112,-0.188726688658924));
#774=CARTESIAN_POINT('Ctrl Pts',(94.2896978270674,36.0623617091813,3.98960082994726));
#775=CARTESIAN_POINT('Ctrl Pts',(96.8091655024395,35.0365217654567,8.2716470294102));
#776=CARTESIAN_POINT('Ctrl Pts',(100.366326947946,32.8750690431493,11.563763218648));
#777=CARTESIAN_POINT('Ctrl Pts',(104.689297780194,29.8961606259432,13.3803574755365));
#778=CARTESIAN_POINT('Ctrl Pts',(109.522791425916,26.4379216356209,13.4126240260006));
#779=CARTESIAN_POINT('Ctrl Pts',(114.71454470322,22.7675522432853,11.5241419497578));
#780=CARTESIAN_POINT('Ctrl Pts',(120.168905949671,19.1114206912414,7.83302684817681));
#781=CARTESIAN_POINT('Ctrl Pts',(127.718268530187,14.4724267309735,1.1059395146717));
#782=CARTESIAN_POINT('Ctrl Pts',(135.714282560638,10.3762134987187,-6.98329642375025));
#783=CARTESIAN_POINT('Ctrl Pts',(144.381293902799,6.71076651077492,-13.3971886368754));
#784=CARTESIAN_POINT('Ctrl Pts',(151.210439173796,4.08362604535926,-16.693381771033));
#785=CARTESIAN_POINT('Ctrl Pts',(158.188303583576,1.53324936216691,-17.9235571645763));
#786=CARTESIAN_POINT('Ctrl Pts',(164.821163479053,-0.923633920834812,-16.8385771492628));
#787=CARTESIAN_POINT('Ctrl Pts',(170.452525830608,-3.22695778664048,-13.6196829204293));
#788=CARTESIAN_POINT('Ctrl Pts',(174.480374767736,-5.32253256127628,-8.72935567934635));
#789=CARTESIAN_POINT('Ctrl Pts',(176.403148387641,-7.16383654092129,-2.78871368073544));
#790=CARTESIAN_POINT('Ctrl Pts',(175.912549947726,-8.70574083616938,3.42472794490822));
#791=CARTESIAN_POINT('Ctrl Pts',(173.105217139332,-9.94051390031157,9.07098539818834));
#792=CARTESIAN_POINT('Ctrl Pts',(168.407109399299,-10.9234170701242,13.4605727247751));
#793=CARTESIAN_POINT('Ctrl Pts',(162.367255020834,-11.7369810573504,16.0737596404003));
#794=CARTESIAN_POINT('Ctrl Pts',(155.575863326725,-12.4788150815925,16.5752512251247));
#795=CARTESIAN_POINT('Ctrl Pts',(148.570348023575,-13.2523207183312,14.9034283011969));
#796=CARTESIAN_POINT('Ctrl Pts',(139.361822266064,-14.4578508358514,10.1549909488093));
#797=CARTESIAN_POINT('Ctrl Pts',(132.76980192537,-15.7119106258886,4.50850987989985));
#798=CARTESIAN_POINT('Ctrl Pts',(128.474604799684,-16.7752494581585,0.758848540985338));
#799=CARTESIAN_POINT('Ctrl Pts',(115.255463080186,48.5693592863053,-0.557205188742347));
#800=CARTESIAN_POINT('Ctrl Pts',(115.699392345678,48.6735314526852,1.21662978994002));
#801=CARTESIAN_POINT('Ctrl Pts',(116.749847699532,48.1945374367817,4.73776339894596));
#802=CARTESIAN_POINT('Ctrl Pts',(118.77328156534,45.6032131024081,9.31523720149871));
#803=CARTESIAN_POINT('Ctrl Pts',(121.154789447789,41.5341376805275,12.6256048025863));
#804=CARTESIAN_POINT('Ctrl Pts',(123.788981106118,36.4777866193003,14.245518571499));
#805=CARTESIAN_POINT('Ctrl Pts',(126.602546278208,30.8955973477632,13.9473440550298));
#806=CARTESIAN_POINT('Ctrl Pts',(129.584013111593,25.1062724610179,11.6989405420189));
#807=CARTESIAN_POINT('Ctrl Pts',(132.765094157422,19.3255044149023,7.72827350689883));
#808=CARTESIAN_POINT('Ctrl Pts',(137.327581739237,11.7928197773979,0.811114717025624));
#809=CARTESIAN_POINT('Ctrl Pts',(142.504032310087,4.60111577200754,-7.14586915252394));
#810=CARTESIAN_POINT('Ctrl Pts',(148.391432288248,-2.4675884839512,-13.154942150773));
#811=CARTESIAN_POINT('Ctrl Pts',(153.084806163767,-7.76631138383055,-16.069764193512));
#812=CARTESIAN_POINT('Ctrl Pts',(157.867084784586,-13.0172398713005,-16.9304434603745));
#813=CARTESIAN_POINT('Ctrl Pts',(162.342497856506,-18.0105796881794,-15.5727823844193));
#814=CARTESIAN_POINT('Ctrl Pts',(165.999674882505,-22.4278633931877,-12.1800630059375));
#815=CARTESIAN_POINT('Ctrl Pts',(168.249093190994,-25.8185118838274,-7.35516851788182));
#816=CARTESIAN_POINT('Ctrl Pts',(168.869775471213,-28.0414831184667,-1.82520559517106));
#817=CARTESIAN_POINT('Ctrl Pts',(167.553582302884,-29.4574020837482,5.62294134751646));
#818=CARTESIAN_POINT('Ctrl Pts',(161.93645285181,-28.4771531937455,14.0582988383501));
#819=CARTESIAN_POINT('Ctrl Pts',(151.726759164034,-24.6368639168629,18.412111636087));
#820=CARTESIAN_POINT('Ctrl Pts',(141.401980568261,-20.548479169317,16.9257005129514));
#821=CARTESIAN_POINT('Ctrl Pts',(132.299258791555,-17.1911419281037,11.9336693086104));
#822=CARTESIAN_POINT('Ctrl Pts',(123.490447161821,-14.4619185727614,4.68836699622105));
#823=CARTESIAN_POINT('Ctrl Pts',(114.795441537499,-12.4196301633676,-3.07984190782934));
#824=CARTESIAN_POINT('Ctrl Pts',(106.087196494971,-10.9860646670754,-9.55290621370972));
#825=CARTESIAN_POINT('Ctrl Pts',(97.5314924402269,-9.98426139173629,-13.214074736323));
#826=CARTESIAN_POINT('Ctrl Pts',(89.5839745881775,-9.17703701552567,-13.4457452473115));
#827=CARTESIAN_POINT('Ctrl Pts',(82.88208183198,-8.32193610890802,-10.5272312888516));
#828=CARTESIAN_POINT('Ctrl Pts',(78.4496321511324,-7.23092559133945,-5.25781307535372));
#829=CARTESIAN_POINT('Ctrl Pts',(77.1130585939266,-5.80303551780296,1.04199985879308));
#830=CARTESIAN_POINT('Ctrl Pts',(79.0649867467769,-3.96055457902971,7.18689971019205));
#831=CARTESIAN_POINT('Ctrl Pts',(83.3999620047462,-1.96643642650939,11.3690006355353));
#832=CARTESIAN_POINT('Ctrl Pts',(88.4668786128367,-0.0301078792346973,13.2981312584304));
#833=CARTESIAN_POINT('Ctrl Pts',(93.382596122247,1.74806850133888,13.5627540455232));
#834=CARTESIAN_POINT('Ctrl Pts',(98.6350838135783,3.65773571236521,12.3075902573516));
#835=CARTESIAN_POINT('Ctrl Pts',(105.86226406974,6.42279280300717,8.67959618434706));
#836=CARTESIAN_POINT('Ctrl Pts',(114.910422041579,10.3686961785488,0.980938476367976));
#837=CARTESIAN_POINT('Ctrl Pts',(123.682720004123,15.2473597916296,-7.84170271663239));
#838=CARTESIAN_POINT('Ctrl Pts',(130.751088382029,19.7703484971713,-13.3962903048831));
#839=CARTESIAN_POINT('Ctrl Pts',(136.11023406423,23.4244436097891,-16.3592509072758));
#840=CARTESIAN_POINT('Ctrl Pts',(141.490521562333,27.2212252702349,-17.7217476736114));
#841=CARTESIAN_POINT('Ctrl Pts',(146.70755694687,30.903446021759,-17.2774144261159));
#842=CARTESIAN_POINT('Ctrl Pts',(151.473904897459,34.1250626280886,-15.0844456998294));
#843=CARTESIAN_POINT('Ctrl Pts',(155.511462848608,36.5479415898535,-11.4082002102113));
#844=CARTESIAN_POINT('Ctrl Pts',(158.562228928334,37.867002940024,-6.64388753128627));
#845=CARTESIAN_POINT('Ctrl Pts',(161.077107485338,37.8714251343617,0.539253361280537));
#846=CARTESIAN_POINT('Ctrl Pts',(160.996975121928,35.3335679755596,6.86885911836209));
#847=CARTESIAN_POINT('Ctrl Pts',(159.633410551522,31.7373923586282,11.0140784421603));
#848=CARTESIAN_POINT('Ctrl Pts',(158.442946803663,29.0268662884741,13.3903709582488));
#849=CARTESIAN_POINT('Ctrl Pts',(156.493711880934,25.124322851781,15.5047124383965));
#850=CARTESIAN_POINT('Ctrl Pts',(153.244659259966,19.0540875712151,16.5892811873134));
#851=CARTESIAN_POINT('Ctrl Pts',(149.262940068425,11.7283599915622,14.9481351424264));
#852=CARTESIAN_POINT('Ctrl Pts',(145.094970206388,3.50902623989196,9.72379097898345));
#853=CARTESIAN_POINT('Ctrl Pts',(141.506433232224,-4.68007467705378,2.43608985537455));
#854=CARTESIAN_POINT('Ctrl Pts',(138.550126745859,-12.9836183131833,-5.20360570918359));
#855=CARTESIAN_POINT('Ctrl Pts',(136.130228635696,-21.5049355403435,-11.4020731635567));
#856=CARTESIAN_POINT('Ctrl Pts',(134.077378587797,-30.1002276087133,-14.7094843782852));
#857=CARTESIAN_POINT('Ctrl Pts',(132.202230337065,-38.3178957452091,-14.4600860743199));
#858=CARTESIAN_POINT('Ctrl Pts',(130.368473096835,-45.2475137822046,-10.8109568666243));
#859=CARTESIAN_POINT('Ctrl Pts',(128.521243652554,-49.6405241082128,-4.58469633815731));
#860=CARTESIAN_POINT('Ctrl Pts',(126.849774543705,-50.3499436742868,2.05814146303241));
#861=CARTESIAN_POINT('Ctrl Pts',(125.363565627178,-48.430941238171,7.63125790476946));
#862=CARTESIAN_POINT('Ctrl Pts',(123.642904126541,-44.1441346173068,13.1503064839832));
#863=CARTESIAN_POINT('Ctrl Pts',(121.737721966807,-36.6642842208716,16.6893762971873));
#864=CARTESIAN_POINT('Ctrl Pts',(120.031081902293,-29.2474615204707,16.2089417179089));
#865=CARTESIAN_POINT('Ctrl Pts',(119.053351818789,-25.1698619360652,15.0229095691578));
#866=CARTESIAN_POINT('Ctrl Pts',(117.719930903684,-19.7231783827058,12.986564342182));
#867=CARTESIAN_POINT('Ctrl Pts',(115.903133610399,-13.0400250259565,8.4749824723669));
#868=CARTESIAN_POINT('Ctrl Pts',(112.962398259978,-4.43485120541968,0.939269220670946));
#869=CARTESIAN_POINT('Ctrl Pts',(109.929425922861,2.98555606206992,-5.91307444786377));
#870=CARTESIAN_POINT('Ctrl Pts',(106.787248814549,9.45146991668897,-10.7574452949857));
#871=CARTESIAN_POINT('Ctrl Pts',(104.61300283783,13.6315473947216,-12.8585579833785));
#872=CARTESIAN_POINT('Ctrl Pts',(103.561896968257,15.6145367955548,-13.6350082093492));
#873=CARTESIAN_POINT('Ctrl Pts',(101.984239205969,18.5614391699758,-14.5577137028106));
#874=CARTESIAN_POINT('Ctrl Pts',(99.6394891316166,22.8629242956467,-15.0023064812419));
#875=CARTESIAN_POINT('Ctrl Pts',(96.8537275961463,28.0955744299608,-13.6004259567719));
#876=CARTESIAN_POINT('Ctrl Pts',(94.5064274695665,32.9910170026367,-10.1468670521423));
#877=CARTESIAN_POINT('Ctrl Pts',(93.5708757409206,36.0128645198197,-5.60512296231715));
#878=CARTESIAN_POINT('Ctrl Pts',(93.9017041017777,37.5651051679723,-0.648802284045548));
#879=CARTESIAN_POINT('Ctrl Pts',(95.1513680753071,37.8456175160574,3.77434530273801));
#880=CARTESIAN_POINT('Ctrl Pts',(97.790902305355,36.7659379966306,8.22277262497819));
#881=CARTESIAN_POINT('Ctrl Pts',(101.44964136077,34.5415051251926,11.5836397640433));
#882=CARTESIAN_POINT('Ctrl Pts',(105.833477331875,31.5203845469222,13.4051214356437));
#883=CARTESIAN_POINT('Ctrl Pts',(110.678128677214,28.0542406758423,13.4193982019339));
#884=CARTESIAN_POINT('Ctrl Pts',(115.842215596861,24.4035093922005,11.5244886984935));
#885=CARTESIAN_POINT('Ctrl Pts',(121.250004820141,20.7786218483961,7.84873449215259));
#886=CARTESIAN_POINT('Ctrl Pts',(128.727242726436,16.1841764265847,1.16307567276944));
#887=CARTESIAN_POINT('Ctrl Pts',(136.640523632574,12.131687901646,-6.86637220134466));
#888=CARTESIAN_POINT('Ctrl Pts',(145.207181453123,8.51035875200077,-13.2262769872087));
#889=CARTESIAN_POINT('Ctrl Pts',(151.953908195898,5.91619258885548,-16.4974650030778));
#890=CARTESIAN_POINT('Ctrl Pts',(158.86176248549,3.39259446177397,-17.7309169187079));
#891=CARTESIAN_POINT('Ctrl Pts',(165.469973769841,0.946303500708573,-16.6681538527608));
#892=CARTESIAN_POINT('Ctrl Pts',(171.135593647815,-1.36863487352538,-13.4524678845696));
#893=CARTESIAN_POINT('Ctrl Pts',(175.237002393103,-3.49799431235628,-8.50366861491021));
#894=CARTESIAN_POINT('Ctrl Pts',(177.231023960349,-5.39334524303229,-2.41245377381863));
#895=CARTESIAN_POINT('Ctrl Pts',(176.740963071632,-7.0008211471496,4.039954599323));
#896=CARTESIAN_POINT('Ctrl Pts',(173.818923756157,-8.29899816366251,9.95173128865943));
#897=CARTESIAN_POINT('Ctrl Pts',(168.888597832378,-9.34102282427776,14.5802738839311));
#898=CARTESIAN_POINT('Ctrl Pts',(162.504682646684,-10.2096209325557,17.3583955378956));
#899=CARTESIAN_POINT('Ctrl Pts',(155.301702655019,-11.0051358478277,17.9008026898261));
#900=CARTESIAN_POINT('Ctrl Pts',(147.919368313857,-11.8290660968735,16.1439832085742));
#901=CARTESIAN_POINT('Ctrl Pts',(138.359027404464,-13.0936462075747,11.2178627151835));
#902=CARTESIAN_POINT('Ctrl Pts',(131.655680844628,-14.3815571763625,5.47675853852228));
#903=CARTESIAN_POINT('Ctrl Pts',(127.326547819342,-15.4590857738496,1.70568283592957));
#904=CARTESIAN_POINT('Ctrl Pts',(114.374432364279,50.3472745731287,-0.446398003626046));
#905=CARTESIAN_POINT('Ctrl Pts',(114.881921578996,50.4681547594585,1.56471914585405));
#906=CARTESIAN_POINT('Ctrl Pts',(116.083825736913,49.9272962731247,5.56371114581789));
#907=CARTESIAN_POINT('Ctrl Pts',(118.379120179666,47.0087002612884,10.7212899145334));
#908=CARTESIAN_POINT('Ctrl Pts',(121.058763143541,42.4573074277671,14.4250405727598));
#909=CARTESIAN_POINT('Ctrl Pts',(124.006309029807,36.831190855203,16.2249062202197));
#910=CARTESIAN_POINT('Ctrl Pts',(127.111871672479,30.7002938918414,15.8848303689808));
#911=CARTESIAN_POINT('Ctrl Pts',(130.314087728064,24.51526495208,13.463016137411));
#912=CARTESIAN_POINT('Ctrl Pts',(133.633468322335,18.5153125449109,9.32564140005912));
#913=CARTESIAN_POINT('Ctrl Pts',(138.288958460231,10.8669140303825,2.28119055987511));
#914=CARTESIAN_POINT('Ctrl Pts',(143.451791880562,3.73893291279837,-5.61775274188433));
#915=CARTESIAN_POINT('Ctrl Pts',(149.151592507791,-3.07441162004599,-11.4096233703435));
#916=CARTESIAN_POINT('Ctrl Pts',(153.574103011508,-8.04558830145596,-14.1393125064203));
#917=CARTESIAN_POINT('Ctrl Pts',(157.960068374495,-12.8422104096302,-14.9183595741517));
#918=CARTESIAN_POINT('Ctrl Pts',(162.0097439621,-17.3421195347075,-13.6922178439124));
#919=CARTESIAN_POINT('Ctrl Pts',(165.312214810073,-21.3105735727847,-10.6398234236967));
#920=CARTESIAN_POINT('Ctrl Pts',(167.341413525612,-24.3481002412272,-6.30891824279728));
#921=CARTESIAN_POINT('Ctrl Pts',(167.905543220936,-26.3298061316795,-1.36249592769947));
#922=CARTESIAN_POINT('Ctrl Pts',(166.747934221722,-27.5965754689529,5.30721112179678));
#923=CARTESIAN_POINT('Ctrl Pts',(161.665064569927,-26.7138679946627,13.0241028568255));
#924=CARTESIAN_POINT('Ctrl Pts',(152.170365947892,-23.1339415821964,17.1332846935027));
#925=CARTESIAN_POINT('Ctrl Pts',(142.355883750837,-19.2342853990139,15.7590372693879));
#926=CARTESIAN_POINT('Ctrl Pts',(133.464032155024,-15.9410977169027,10.9180723811788));
#927=CARTESIAN_POINT('Ctrl Pts',(124.697265939152,-13.2105671301305,3.72637882452234));
#928=CARTESIAN_POINT('Ctrl Pts',(115.923356632959,-11.1353352447822,-4.09673061984581));
#929=CARTESIAN_POINT('Ctrl Pts',(107.004576938958,-9.65141414868453,-10.7216131599548));
#930=CARTESIAN_POINT('Ctrl Pts',(98.0310036088689,-8.58516792917025,-14.5715667535889));
#931=CARTESIAN_POINT('Ctrl Pts',(89.4951436558943,-7.70437710184693,-14.8198299700555));
#932=CARTESIAN_POINT('Ctrl Pts',(82.3039328089856,-6.77220065074543,-11.6647390497368));
#933=CARTESIAN_POINT('Ctrl Pts',(77.5911255042724,-5.59613941838521,-6.03305302879732));
#934=CARTESIAN_POINT('Ctrl Pts',(76.2007094334282,-4.07085317607418,0.64938278282645));
#935=CARTESIAN_POINT('Ctrl Pts',(78.2665412799942,-2.14426544981572,7.03093945082877));
#936=CARTESIAN_POINT('Ctrl Pts',(82.7011937862229,-0.108808866952791,11.2666950457011));
#937=CARTESIAN_POINT('Ctrl Pts',(87.7990883445137,1.83836355103186,13.1886372320578));
#938=CARTESIAN_POINT('Ctrl Pts',(92.696891510863,3.60912772472294,13.4370644917451));
#939=CARTESIAN_POINT('Ctrl Pts',(97.8991214246675,5.49968398723741,12.1807069801766));
#940=CARTESIAN_POINT('Ctrl Pts',(105.043217787736,8.23159586851001,8.57660920494174));
#941=CARTESIAN_POINT('Ctrl Pts',(113.991580434235,12.1323988335948,0.939061601511846));
#942=CARTESIAN_POINT('Ctrl Pts',(122.675736746509,16.9614747513045,-7.82153821058359));
#943=CARTESIAN_POINT('Ctrl Pts',(129.675703259023,21.4409896577879,-13.3419771422415));
#944=CARTESIAN_POINT('Ctrl Pts',(134.989282286928,25.0642367160772,-16.2935879569139));
#945=CARTESIAN_POINT('Ctrl Pts',(140.339915021051,28.8403822095128,-17.6626123088042));
#946=CARTESIAN_POINT('Ctrl Pts',(145.559404351707,32.5247868764167,-17.2335081327437));
#947=CARTESIAN_POINT('Ctrl Pts',(150.366656721263,35.7749575559503,-15.0381855603443));
#948=CARTESIAN_POINT('Ctrl Pts',(154.479480390739,38.2449461520918,-11.3141615403595));
#949=CARTESIAN_POINT('Ctrl Pts',(157.62273859348,39.6080873965269,-6.43144428074013));
#950=CARTESIAN_POINT('Ctrl Pts',(160.253515304402,39.6275147021275,1.02193529709889));
#951=CARTESIAN_POINT('Ctrl Pts',(160.192646746216,36.9745546991355,7.68844242427824));
#952=CARTESIAN_POINT('Ctrl Pts',(158.760650043752,33.1749268165734,12.0769498068926));
#953=CARTESIAN_POINT('Ctrl Pts',(157.50605498061,30.3040043243529,14.6003151880138));
#954=CARTESIAN_POINT('Ctrl Pts',(155.442100803217,26.1551960068029,16.8569638678128));
#955=CARTESIAN_POINT('Ctrl Pts',(151.986445854092,19.6800636558483,18.024891361479));
#956=CARTESIAN_POINT('Ctrl Pts',(147.773749945018,11.9043985370031,16.2830992005085));
#957=CARTESIAN_POINT('Ctrl Pts',(143.464652137962,3.37403920575557,10.8616668682135));
#958=CARTESIAN_POINT('Ctrl Pts',(139.824957169467,-4.96936662358979,3.45568340692045));
#959=CARTESIAN_POINT('Ctrl Pts',(136.870022376642,-13.3105715018434,-4.1956927813377));
#960=CARTESIAN_POINT('Ctrl Pts',(134.492715751817,-21.735243893049,-10.2929285798664));
#961=CARTESIAN_POINT('Ctrl Pts',(132.531869589701,-30.0042880214231,-13.4332882138607));
#962=CARTESIAN_POINT('Ctrl Pts',(130.798247322551,-37.6548629426591,-13.1667986575584));
#963=CARTESIAN_POINT('Ctrl Pts',(129.133246502596,-43.9900189245989,-9.80649242618844));
#964=CARTESIAN_POINT('Ctrl Pts',(127.486863031608,-47.9174043197135,-4.18966090876857));
#965=CARTESIAN_POINT('Ctrl Pts',(126.03093746525,-48.5256470075271,1.6559189592645));
#966=CARTESIAN_POINT('Ctrl Pts',(124.734052080824,-46.8361473120586,6.57066163521634));
#967=CARTESIAN_POINT('Ctrl Pts',(123.218409171849,-43.0208400139368,11.4794277924224));
#968=CARTESIAN_POINT('Ctrl Pts',(121.531153315901,-36.3358738380915,14.6589060013945));
#969=CARTESIAN_POINT('Ctrl Pts',(119.992624569584,-29.5858896674701,14.2369535567484));
#970=CARTESIAN_POINT('Ctrl Pts',(119.091679553294,-25.7947298210233,13.1361344945674));
#971=CARTESIAN_POINT('Ctrl Pts',(117.852863561021,-20.6909717115283,11.2315009649125));
#972=CARTESIAN_POINT('Ctrl Pts',(116.116386772502,-14.2361514477486,6.8998740087294));
#973=CARTESIAN_POINT('Ctrl Pts',(113.226707967925,-5.71972575091822,-0.553887868564615));
#974=CARTESIAN_POINT('Ctrl Pts',(110.193672081403,1.75065056311517,-7.44929638535667));
#975=CARTESIAN_POINT('Ctrl Pts',(106.972842799769,8.41830403842276,-12.4569976823627));
#976=CARTESIAN_POINT('Ctrl Pts',(104.686475316088,12.8348342992964,-14.6800644625024));
#977=CARTESIAN_POINT('Ctrl Pts',(103.569230147623,14.9519796601168,-15.509376374575));
#978=CARTESIAN_POINT('Ctrl Pts',(101.881357869322,18.1198489690714,-16.5025529052911));
#979=CARTESIAN_POINT('Ctrl Pts',(99.3279525815288,22.8255653517786,-16.999910773469));
#980=CARTESIAN_POINT('Ctrl Pts',(96.2458006462899,28.6445826459067,-15.4518172464977));
#981=CARTESIAN_POINT('Ctrl Pts',(93.6311982237627,34.1311746487303,-11.5964064705983));
#982=CARTESIAN_POINT('Ctrl Pts',(92.5792675082813,37.5640511669242,-6.46707729786913));
#983=CARTESIAN_POINT('Ctrl Pts',(92.9670725113606,39.3479626496879,-0.806424650742964));
#984=CARTESIAN_POINT('Ctrl Pts',(94.4093245396137,39.6729727468771,4.24767322771157));
#985=CARTESIAN_POINT('Ctrl Pts',(97.4035936863865,38.4568551567636,9.25771092228891));
#986=CARTESIAN_POINT('Ctrl Pts',(101.489432538061,35.9858222922018,12.9886044085451));
#987=CARTESIAN_POINT('Ctrl Pts',(106.330213560988,32.664026368453,14.9835643014742));
#988=CARTESIAN_POINT('Ctrl Pts',(111.598848182817,28.9089085407137,14.9809440672942));
#989=CARTESIAN_POINT('Ctrl Pts',(117.071759016202,25.0548481400373,12.9532541385463));
#990=CARTESIAN_POINT('Ctrl Pts',(122.653687337657,21.32831343564,9.14616837039653));
#991=CARTESIAN_POINT('Ctrl Pts',(130.22247179845,16.6964438593971,2.36505218280683));
#992=CARTESIAN_POINT('Ctrl Pts',(138.077053304614,12.6978483157966,-5.60571466454664));
#993=CARTESIAN_POINT('Ctrl Pts',(146.393476450347,9.19968894119315,-11.7776974969143));
#994=CARTESIAN_POINT('Ctrl Pts',(152.812416847969,6.74429570276938,-14.8871944052464));
#995=CARTESIAN_POINT('Ctrl Pts',(159.255809899815,4.40174308697356,-16.0368859725096));
#996=CARTESIAN_POINT('Ctrl Pts',(165.366604236873,2.15033213732926,-15.061480793334));
#997=CARTESIAN_POINT('Ctrl Pts',(170.617790267743,0.016705668529717,-12.0953167148497));
#998=CARTESIAN_POINT('Ctrl Pts',(174.435323122901,-1.95307995796765,-7.50735566025215));
#999=CARTESIAN_POINT('Ctrl Pts',(176.304019991414,-3.71050767117438,-1.84338332979575));
#1000=CARTESIAN_POINT('Ctrl Pts',(175.86374175742,-5.21102325341825,4.19868441407672));
#1001=CARTESIAN_POINT('Ctrl Pts',(173.11123209408,-6.43931998852502,9.81386790556725));
#1002=CARTESIAN_POINT('Ctrl Pts',(168.387635339364,-7.43771058274648,14.2762497803135));
#1003=CARTESIAN_POINT('Ctrl Pts',(162.194228699172,-8.27907049097906,16.9915799877818));
#1004=CARTESIAN_POINT('Ctrl Pts',(155.130883749052,-9.05704229526678,17.5428557142666));
#1005=CARTESIAN_POINT('Ctrl Pts',(147.817025467537,-9.87086509549965,15.820758242792));
#1006=CARTESIAN_POINT('Ctrl Pts',(138.265596103847,-11.1305646991735,10.923936143236));
#1007=CARTESIAN_POINT('Ctrl Pts',(131.514680916445,-12.4233244813843,5.16421715999194));
#1008=CARTESIAN_POINT('Ctrl Pts',(127.141138190926,-13.5097152879015,1.36648658009739));
#1009=CARTESIAN_POINT('Ctrl Pts',(113.118210924408,50.627649229037,-0.149341186587828));
#1010=CARTESIAN_POINT('Ctrl Pts',(113.644152656879,50.755877808455,1.9328214316834));
#1011=CARTESIAN_POINT('Ctrl Pts',(114.892618728213,50.2026730948595,6.08631023459576));
#1012=CARTESIAN_POINT('Ctrl Pts',(117.286382383578,47.1719515847655,11.4643403290411));
#1013=CARTESIAN_POINT('Ctrl Pts',(120.089533649095,42.4242476857062,15.3407004755842));
#1014=CARTESIAN_POINT('Ctrl Pts',(123.182802554388,36.5347237736413,17.2340072075966));
#1015=CARTESIAN_POINT('Ctrl Pts',(126.437793343976,30.1228170010521,16.8810138067301));
#1016=CARTESIAN_POINT('Ctrl Pts',(129.763194071299,23.7153404619063,14.3707306650614));
#1017=CARTESIAN_POINT('Ctrl Pts',(133.168578517715,17.5755669204108,10.1371775409683));
#1018=CARTESIAN_POINT('Ctrl Pts',(137.895310735679,9.82878608268381,3.00347762148129));
#1019=CARTESIAN_POINT('Ctrl Pts',(143.079929334349,2.69247758044999,-4.89741972054094));
#1020=CARTESIAN_POINT('Ctrl Pts',(148.719813594242,-4.03476961122241,-10.6043491772141));
#1021=CARTESIAN_POINT('Ctrl Pts',(153.032963403792,-8.87233835806649,-13.2492086987213));
#1022=CARTESIAN_POINT('Ctrl Pts',(157.238447540173,-13.4620032245102,-13.9815288060749));
#1023=CARTESIAN_POINT('Ctrl Pts',(161.073574482575,-17.7143840334545,-12.8113435717236));
#1024=CARTESIAN_POINT('Ctrl Pts',(164.176669336343,-21.4337497827415,-9.93627232809916));
#1025=CARTESIAN_POINT('Ctrl Pts',(166.066373052207,-24.2541789583151,-5.89664531502744));
#1026=CARTESIAN_POINT('Ctrl Pts',(166.585267234088,-26.0724500863724,-1.32987401761902));
#1027=CARTESIAN_POINT('Ctrl Pts',(165.528992122551,-27.2262105434385,4.78908653669471));
#1028=CARTESIAN_POINT('Ctrl Pts',(160.84793103728,-26.4050954458412,11.9191316228877));
#1029=CARTESIAN_POINT('Ctrl Pts',(152.024166203624,-23.0656238900384,15.7590453745463));
#1030=CARTESIAN_POINT('Ctrl Pts',(142.780425954644,-19.3785356550075,14.485582153029));
#1031=CARTESIAN_POINT('Ctrl Pts',(134.176332589138,-16.1771012410422,9.82241001664399));
#1032=CARTESIAN_POINT('Ctrl Pts',(125.524457733262,-13.4672865237178,2.72674796933656));
#1033=CARTESIAN_POINT('Ctrl Pts',(116.741856023359,-11.3755090672541,-5.10754489292222));
#1034=CARTESIAN_POINT('Ctrl Pts',(107.682527784439,-9.85329481545125,-11.8495592880878));
#1035=CARTESIAN_POINT('Ctrl Pts',(98.3556947446723,-8.7306034293784,-15.8777715623403));
#1036=CARTESIAN_POINT('Ctrl Pts',(89.2473678998014,-7.7784577709455,-16.1640940704576));
#1037=CARTESIAN_POINT('Ctrl Pts',(81.4974356390462,-6.76147886015147,-12.7689392232919));
#1038=CARTESIAN_POINT('Ctrl Pts',(76.380205241188,-5.47521395677029,-6.67237327295648));
#1039=CARTESIAN_POINT('Ctrl Pts',(74.8532806067256,-3.7908520351788,0.650000835986791));
#1040=CARTESIAN_POINT('Ctrl Pts',(77.1183385733823,-1.677676679991,7.59782939114618));
#1041=CARTESIAN_POINT('Ctrl Pts',(81.8878564843795,0.518681870142909,12.1313025787085));
#1042=CARTESIAN_POINT('Ctrl Pts',(87.3177200649916,2.60088580011075,14.1711542640023));
#1043=CARTESIAN_POINT('Ctrl Pts',(92.4876173666871,4.47700950650149,14.4229658230527));
#1044=CARTESIAN_POINT('Ctrl Pts',(97.9019650143818,6.45159904616612,13.1042489582388));
#1045=CARTESIAN_POINT('Ctrl Pts',(105.218982477992,9.25955926818184,9.39520001881273));
#1046=CARTESIAN_POINT('Ctrl Pts',(114.214069411365,13.1954462887842,1.68665643157192));
#1047=CARTESIAN_POINT('Ctrl Pts',(122.82448855239,17.9990976793724,-7.01020192363333));
#1048=CARTESIAN_POINT('Ctrl Pts',(129.675974140487,22.3943119303353,-12.4214296622163));
#1049=CARTESIAN_POINT('Ctrl Pts',(134.820585374156,25.910193008986,-15.2827639719708));
#1050=CARTESIAN_POINT('Ctrl Pts',(139.945927929867,29.5347099594063,-16.5964591474262));
#1051=CARTESIAN_POINT('Ctrl Pts',(144.916856381951,33.0509617937258,-16.191928677587));
#1052=CARTESIAN_POINT('Ctrl Pts',(149.496130626171,36.153909713445,-14.1054904065511));
#1053=CARTESIAN_POINT('Ctrl Pts',(153.423502775646,38.5202465850121,-10.5549999095269));
#1054=CARTESIAN_POINT('Ctrl Pts',(156.432514253308,39.8321809755765,-5.88497636310283));
#1055=CARTESIAN_POINT('Ctrl Pts',(158.959098163539,39.863201886147,1.25840061355454));
#1056=CARTESIAN_POINT('Ctrl Pts',(158.912413140979,37.3178845379643,7.70852262576565));
#1057=CARTESIAN_POINT('Ctrl Pts',(157.51661274213,33.6134250396496,12.0013698334131));
#1058=CARTESIAN_POINT('Ctrl Pts',(156.288627704349,30.8039406925153,14.4778538936418));
#1059=CARTESIAN_POINT('Ctrl Pts',(154.25842440751,26.7235385646496,16.7079240613503));
#1060=CARTESIAN_POINT('Ctrl Pts',(150.837619263467,20.3152137973675,17.8758727222783));
#1061=CARTESIAN_POINT('Ctrl Pts',(146.638027579023,12.566580584875,16.1571355092193));
#1062=CARTESIAN_POINT('Ctrl Pts',(142.316851124562,4.01629022807259,10.7389966988853));
#1063=CARTESIAN_POINT('Ctrl Pts',(138.656453242159,-4.36962112294005,3.31042780935254));
#1064=CARTESIAN_POINT('Ctrl Pts',(135.677188026879,-12.7721361162339,-4.38212994194013));
#1065=CARTESIAN_POINT('Ctrl Pts',(133.272611586638,-21.2819775085176,-10.5290970140461));
#1066=CARTESIAN_POINT('Ctrl Pts',(131.281103595819,-29.6675049964554,-13.7032277678082));
#1067=CARTESIAN_POINT('Ctrl Pts',(129.521535466422,-37.4194628015859,-13.4164878665002));
#1068=CARTESIAN_POINT('Ctrl Pts',(127.846629645125,-43.7772453496047,-10.019517537095));
#1069=CARTESIAN_POINT('Ctrl Pts',(126.210189607653,-47.662221009821,-4.42235977248247));
#1070=CARTESIAN_POINT('Ctrl Pts',(124.783995729084,-48.2379268452978,1.31373885665335));
#1071=CARTESIAN_POINT('Ctrl Pts',(123.525604936973,-46.5847252375946,6.09104391039604));
#1072=CARTESIAN_POINT('Ctrl Pts',(122.061386086705,-42.8772276869762,10.8395254345852));
#1073=CARTESIAN_POINT('Ctrl Pts',(120.44434028125,-36.440662106412,13.8849758627459));
#1074=CARTESIAN_POINT('Ctrl Pts',(118.9712396746,-29.9510370734827,13.4747906307753));
#1075=CARTESIAN_POINT('Ctrl Pts',(118.102325006009,-26.2804298253716,12.4057088346118));
#1076=CARTESIAN_POINT('Ctrl Pts',(116.90422393558,-21.3262357494217,10.5523378825506));
#1077=CARTESIAN_POINT('Ctrl Pts',(115.206814698706,-14.990117498835,6.30256743604032));
#1078=CARTESIAN_POINT('Ctrl Pts',(112.351645957703,-6.55207726776823,-1.09330660044175));
#1079=CARTESIAN_POINT('Ctrl Pts',(109.334667402517,0.896562103310517,-7.9785154486046));
#1080=CARTESIAN_POINT('Ctrl Pts',(106.102626049857,7.60079191409135,-13.0279423113922));
#1081=CARTESIAN_POINT('Ctrl Pts',(103.786528701169,12.0814752205234,-15.2899687183563));
#1082=CARTESIAN_POINT('Ctrl Pts',(102.650030918843,14.2380815694174,-16.1373190247295));
#1083=CARTESIAN_POINT('Ctrl Pts',(100.92863679261,17.4736241858584,-17.1559734033271));
#1084=CARTESIAN_POINT('Ctrl Pts',(98.3059901725598,22.3132487971418,-17.6784205725919));
#1085=CARTESIAN_POINT('Ctrl Pts',(95.1103340098585,28.3548745499913,-16.0850433851071));
#1086=CARTESIAN_POINT('Ctrl Pts',(92.378300863077,34.0958700421282,-12.0695539289559));
#1087=CARTESIAN_POINT('Ctrl Pts',(91.2626583486443,37.7345378614178,-6.66437217462043));
#1088=CARTESIAN_POINT('Ctrl Pts',(91.6748424859116,39.6482484916302,-0.63053603315134));
#1089=CARTESIAN_POINT('Ctrl Pts',(93.2205592943622,40.0055117426841,4.78446296206454));
#1090=CARTESIAN_POINT('Ctrl Pts',(96.4297880444619,38.7115123521531,10.1504116458984));
#1091=CARTESIAN_POINT('Ctrl Pts',(100.802935835331,36.0770103158793,14.1424182572816));
#1092=CARTESIAN_POINT('Ctrl Pts',(105.98289311611,32.5331457004619,16.2776799033649));
#1093=CARTESIAN_POINT('Ctrl Pts',(111.59631422631,28.5429462022345,16.2722593544875));
#1094=CARTESIAN_POINT('Ctrl Pts',(117.344060495795,24.5068152678392,14.1378920451661));
#1095=CARTESIAN_POINT('Ctrl Pts',(123.101478082722,20.6750514148376,10.2109933549547));
#1096=CARTESIAN_POINT('Ctrl Pts',(130.794105431664,15.9825368938676,3.32275590797919));
#1097=CARTESIAN_POINT('Ctrl Pts',(138.655221527813,11.9993971043531,-4.63929198597285));
#1098=CARTESIAN_POINT('Ctrl Pts',(146.830349522793,8.57426726599852,-10.6906806382183));
#1099=CARTESIAN_POINT('Ctrl Pts',(153.031729773308,6.21218175005698,-13.682132601207));
#1100=CARTESIAN_POINT('Ctrl Pts',(159.135662211302,4.00218504355261,-14.7597155103563));
#1101=CARTESIAN_POINT('Ctrl Pts',(164.849525905176,1.90552843056511,-13.8419090845503));
#1102=CARTESIAN_POINT('Ctrl Pts',(169.73371343082,-0.0699138140213124,-11.0807669499));
#1103=CARTESIAN_POINT('Ctrl Pts',(173.266720356141,-1.88489050885138,-6.83128423008912));
#1104=CARTESIAN_POINT('Ctrl Pts',(174.98422832352,-3.4920535553999,-1.62210890699666));
#1105=CARTESIAN_POINT('Ctrl Pts',(174.585262777857,-4.86038512632341,3.92057134293888));
#1106=CARTESIAN_POINT('Ctrl Pts',(172.050061146927,-5.98875028388505,9.11337053244388));
#1107=CARTESIAN_POINT('Ctrl Pts',(167.652608472434,-6.91184224487412,13.2794561575508));
#1108=CARTESIAN_POINT('Ctrl Pts',(161.846006234061,-7.69421906099657,15.8335500397258));
#1109=CARTESIAN_POINT('Ctrl Pts',(155.171923606737,-8.42211937397598,16.3653987252439));
#1110=CARTESIAN_POINT('Ctrl Pts',(148.165038281623,-9.19421105157212,14.7289362495727));
#1111=CARTESIAN_POINT('Ctrl Pts',(138.854442186546,-10.4107289249389,9.97455423495678));
#1112=CARTESIAN_POINT('Ctrl Pts',(132.137764574309,-11.6853432328897,4.26286561956704));
#1113=CARTESIAN_POINT('Ctrl Pts',(127.749768618708,-12.7696959287828,0.457154211419836));
#1114=CARTESIAN_POINT('Ctrl Pts',(112.555585457047,50.4889745061547,-6.75258460258732E-13));
#1115=CARTESIAN_POINT('Ctrl Pts',(113.081035778174,50.6184863784361,2.08154868234175));
#1116=CARTESIAN_POINT('Ctrl Pts',(114.330762180821,50.0677391304225,6.24178116290946));
#1117=CARTESIAN_POINT('Ctrl Pts',(116.734245855281,47.0288418654472,11.6458417006491));
#1118=CARTESIAN_POINT('Ctrl Pts',(119.556994798301,42.2516359646443,15.5534618647298));
#1119=CARTESIAN_POINT('Ctrl Pts',(122.679617054693,36.3098795211517,17.4694654343443));
#1120=CARTESIAN_POINT('Ctrl Pts',(125.969668619485,29.8322275347045,17.1169573484955));
#1121=CARTESIAN_POINT('Ctrl Pts',(129.327356478782,23.3660793084079,14.5867645660672));
#1122=CARTESIAN_POINT('Ctrl Pts',(132.758000129186,17.1842903084745,10.3276581140397));
#1123=CARTESIAN_POINT('Ctrl Pts',(137.509277701927,9.40138502755287,3.16545171383416));
#1124=CARTESIAN_POINT('Ctrl Pts',(142.708442035762,2.24955689477648,-4.74641476546356));
#1125=CARTESIAN_POINT('Ctrl Pts',(148.346405297949,-4.47248256730551,-10.4427073767075));
#1126=CARTESIAN_POINT('Ctrl Pts',(152.643850759505,-9.29018443628775,-13.071592290837));
#1127=CARTESIAN_POINT('Ctrl Pts',(156.814880446097,-13.8401191385701,-13.7918979937913));
#1128=CARTESIAN_POINT('Ctrl Pts',(160.601314511426,-18.036438859636,-12.6313788411649));
#1129=CARTESIAN_POINT('Ctrl Pts',(163.6521872914,-21.691207519317,-9.79897090637795));
#1130=CARTESIAN_POINT('Ctrl Pts',(165.50055619804,-24.4487626486768,-5.84020268140209));
#1131=CARTESIAN_POINT('Ctrl Pts',(166.003569190428,-26.2155329556173,-1.38886189284821));
#1132=CARTESIAN_POINT('Ctrl Pts',(164.977410485721,-27.3305539733979,4.55141308786391));
#1133=CARTESIAN_POINT('Ctrl Pts',(160.432624449257,-26.5270813841828,11.4710582601671));
#1134=CARTESIAN_POINT('Ctrl Pts',(151.866382885535,-23.2787930185382,15.1995835303322));
#1135=CARTESIAN_POINT('Ctrl Pts',(142.85874283661,-19.6795065496383,13.9628746027539));
#1136=CARTESIAN_POINT('Ctrl Pts',(134.381626860427,-16.5189450339229,9.37382739430816));
#1137=CARTESIAN_POINT('Ctrl Pts',(125.787688915741,-13.8210658265042,2.32305208127939));
#1138=CARTESIAN_POINT('Ctrl Pts',(117.013381665065,-11.7254776270117,-5.50835437592256));
#1139=CARTESIAN_POINT('Ctrl Pts',(107.910178150011,-10.1901138053645,-12.2906968462047));
#1140=CARTESIAN_POINT('Ctrl Pts',(98.454506495438,-9.04638567756832,-16.387308039203));
#1141=CARTESIAN_POINT('Ctrl Pts',(89.122555702723,-8.06631675352308,-16.6921357408938));
#1142=CARTESIAN_POINT('Ctrl Pts',(81.1397805803953,-7.0143985540366,-13.2014775362333));
#1143=CARTESIAN_POINT('Ctrl Pts',(75.8412346184109,-5.68020380669485,-6.90371947586074));
#1144=CARTESIAN_POINT('Ctrl Pts',(74.2457784093451,-3.92241237102492,0.715405951757587));
#1145=CARTESIAN_POINT('Ctrl Pts',(76.6035346101116,-1.71801429879716,7.94331902111599));
#1146=CARTESIAN_POINT('Ctrl Pts',(81.5449567267942,0.562336050798464,12.6363815626966));
#1147=CARTESIAN_POINT('Ctrl Pts',(87.1570642350895,2.71905374736383,14.7443232982823));
#1148=CARTESIAN_POINT('Ctrl Pts',(92.4837456033148,4.6560281864472,15.0009872604733));
#1149=CARTESIAN_POINT('Ctrl Pts',(98.0264961543149,6.6813863746872,13.6473708973464));
#1150=CARTESIAN_POINT('Ctrl Pts',(105.455487728887,9.53802269260964,9.8749406431059));
#1151=CARTESIAN_POINT('Ctrl Pts',(114.493678619972,13.501294413174,2.11618629570152));
#1152=CARTESIAN_POINT('Ctrl Pts',(123.077159826933,18.298851810903,-6.55481819320611));
#1153=CARTESIAN_POINT('Ctrl Pts',(129.856393364631,22.6538233549399,-11.9100696834365));
#1154=CARTESIAN_POINT('Ctrl Pts',(134.913223584874,26.1141937606774,-14.7220792217338));
#1155=CARTESIAN_POINT('Ctrl Pts',(139.91625126022,29.656428519426,-16.0031468839624));
#1156=CARTESIAN_POINT('Ctrl Pts',(144.746224094933,33.0771179983952,-15.6096011951166));
#1157=CARTESIAN_POINT('Ctrl Pts',(149.189595808634,36.0918044673016,-13.5848367254211));
#1158=CARTESIAN_POINT('Ctrl Pts',(152.999254930575,38.3912735934498,-10.1401964187683));
#1159=CARTESIAN_POINT('Ctrl Pts',(155.916481670442,39.666518023173,-5.61047434979869));
#1160=CARTESIAN_POINT('Ctrl Pts',(158.364307362115,39.7013046193402,1.31171025967707));
#1161=CARTESIAN_POINT('Ctrl Pts',(158.322210803074,37.2358631855626,7.58256539119959));
#1162=CARTESIAN_POINT('Ctrl Pts',(156.958562855294,33.6198093778585,11.7799198966582));
#1163=CARTESIAN_POINT('Ctrl Pts',(155.75660711987,30.8724947236005,14.2047318987536));
#1164=CARTESIAN_POINT('Ctrl Pts',(153.76504718359,26.8726342623354,16.3955939766593));
#1165=CARTESIAN_POINT('Ctrl Pts',(150.399292926227,20.5712554077248,17.5493570919692));
#1166=CARTESIAN_POINT('Ctrl Pts',(146.246214427533,12.9137463058267,15.8612025990988));
#1167=CARTESIAN_POINT('Ctrl Pts',(141.942137146779,4.40479818983144,10.4787114790425));
#1168=CARTESIAN_POINT('Ctrl Pts',(138.278591707839,-3.97931056457918,3.05756108136494));
#1169=CARTESIAN_POINT('Ctrl Pts',(135.285328802739,-12.4102012660631,-4.65651140650387));
#1170=CARTESIAN_POINT('Ctrl Pts',(132.858172618128,-20.9846414000121,-10.8493038263875));
#1171=CARTESIAN_POINT('Ctrl Pts',(130.83386787065,-29.4915777306427,-14.0717642501303));
#1172=CARTESIAN_POINT('Ctrl Pts',(129.0358032564,-37.3975970318613,-13.7773443617876));
#1173=CARTESIAN_POINT('Ctrl Pts',(127.326973521531,-43.8696795879438,-10.3113808434969));
#1174=CARTESIAN_POINT('Ctrl Pts',(125.662358932789,-47.8103049261276,-4.62225583089651));
#1175=CARTESIAN_POINT('Ctrl Pts',(124.216832043979,-48.3852586239776,1.18683624993875));
#1176=CARTESIAN_POINT('Ctrl Pts',(122.948087655595,-46.713490371384,5.99862238508434));
#1177=CARTESIAN_POINT('Ctrl Pts',(121.478337911109,-42.9868514530031,10.7601104199882));
#1178=CARTESIAN_POINT('Ctrl Pts',(119.864616935894,-36.5561719977142,13.7896698012134));
#1179=CARTESIAN_POINT('Ctrl Pts',(118.399791084558,-30.0996691596005,13.3760556105533));
#1180=CARTESIAN_POINT('Ctrl Pts',(117.535893188849,-26.448229634381,12.3101598169433));
#1181=CARTESIAN_POINT('Ctrl Pts',(116.344654335978,-21.5199257573097,10.4631233688584));
#1182=CARTESIAN_POINT('Ctrl Pts',(114.656039632947,-15.2129638985992,6.22862658446458));
#1183=CARTESIAN_POINT('Ctrl Pts',(111.811516590942,-6.80372515194883,-1.14854135362195));
#1184=CARTESIAN_POINT('Ctrl Pts',(108.803668611508,0.624048650176101,-8.02052894109918));
#1185=CARTESIAN_POINT('Ctrl Pts',(105.578482553367,7.31523035584885,-13.065333284973));
#1186=CARTESIAN_POINT('Ctrl Pts',(103.264768208937,11.7917817756457,-15.328359734167));
#1187=CARTESIAN_POINT('Ctrl Pts',(102.128728090965,13.9477137155053,-16.1767994430869));
#1188=CARTESIAN_POINT('Ctrl Pts',(100.407277837618,17.1836800512894,-17.197684023039));
#1189=CARTESIAN_POINT('Ctrl Pts',(97.780951816732,22.0307793135993,-17.7245925911026));
#1190=CARTESIAN_POINT('Ctrl Pts',(94.5717518033095,28.0985843976017,-16.1299583852059));
#1191=CARTESIAN_POINT('Ctrl Pts',(91.818958593981,33.8833014121045,-12.091625948541));
#1192=CARTESIAN_POINT('Ctrl Pts',(90.6872004345571,37.5689054920208,-6.62987088908978));
#1193=CARTESIAN_POINT('Ctrl Pts',(91.10350532457,39.5162583767437,-0.505718891130619));
#1194=CARTESIAN_POINT('Ctrl Pts',(92.6751682020966,39.8846476858978,5.00673126159374));
#1195=CARTESIAN_POINT('Ctrl Pts',(95.9456314663414,38.5700810912948,10.4785787237875));
#1196=CARTESIAN_POINT('Ctrl Pts',(100.408643755456,35.8854926500133,14.555889208304));
#1197=CARTESIAN_POINT('Ctrl Pts',(105.702662377644,32.267508353013,16.7415043547949));
#1198=CARTESIAN_POINT('Ctrl Pts',(111.438920199961,28.1938083752704,16.7380401166344));
#1199=CARTESIAN_POINT('Ctrl Pts',(117.289591182053,24.0894449461554,14.5665497035938));
#1200=CARTESIAN_POINT('Ctrl Pts',(123.116680866872,20.2155275300979,10.5947409551199));
#1201=CARTESIAN_POINT('Ctrl Pts',(130.863823363588,15.4950830229449,3.66248668644576));
#1202=CARTESIAN_POINT('Ctrl Pts',(138.738243687301,11.5117967236658,-4.30427594687886));
#1203=CARTESIAN_POINT('Ctrl Pts',(146.876068647153,8.10701603118369,-10.3197410265663));
#1204=CARTESIAN_POINT('Ctrl Pts',(153.010159442361,5.77416531801964,-13.2722543183407));
#1205=CARTESIAN_POINT('Ctrl Pts',(159.001249690056,3.60838427794182,-14.323645380901));
#1206=CARTESIAN_POINT('Ctrl Pts',(164.575372715634,1.56617478933897,-13.4237553284268));
#1207=CARTESIAN_POINT('Ctrl Pts',(169.322542086843,-0.350539052118503,-10.7362068015367));
#1208=CARTESIAN_POINT('Ctrl Pts',(172.742858065084,-2.10496962108038,-6.61679084642232));
#1209=CARTESIAN_POINT('Ctrl Pts',(174.39600591142,-3.65046770300045,-1.59212211102853));
#1210=CARTESIAN_POINT('Ctrl Pts',(174.011629265672,-4.96208312831866,3.73793511534095));
#1211=CARTESIAN_POINT('Ctrl Pts',(171.57011807482,-6.04565009486618,8.7421742977025));
#1212=CARTESIAN_POINT('Ctrl Pts',(167.321613230271,-6.93341828711602,12.7687020165477));
#1213=CARTESIAN_POINT('Ctrl Pts',(161.701098514231,-7.68692361002767,15.2419547144726));
#1214=CARTESIAN_POINT('Ctrl Pts',(155.223238142305,-8.38937948155829,15.7609747636233));
#1215=CARTESIAN_POINT('Ctrl Pts',(148.378245735741,-9.13947581205894,14.1666652629359));
#1216=CARTESIAN_POINT('Ctrl Pts',(139.202347028015,-10.3323520044003,9.48766577986895));
#1217=CARTESIAN_POINT('Ctrl Pts',(132.513206480445,-11.5956139439359,3.80564244220849));
#1218=CARTESIAN_POINT('Ctrl Pts',(128.124671512088,-12.677290664778,-1.13575815419154E-12));
#1219=CARTESIAN_POINT('',(112.555585457047,50.4889745061547,-6.55329706949561E-13));
#1220=CARTESIAN_POINT('Origin',(113.034216785622,48.5470908713026,-8.88178419700125E-15));
#1221=CARTESIAN_POINT('',(128.124671512088,-12.6772906647779,-1.09958546703042E-12));
#1222=CARTESIAN_POINT('Ctrl Pts',(112.555585457047,50.4889745061547,-6.75258460258732E-13));
#1223=CARTESIAN_POINT('Ctrl Pts',(113.081035778174,50.6184863784361,2.08154868234175));
#1224=CARTESIAN_POINT('Ctrl Pts',(114.330762180821,50.0677391304225,6.24178116290946));
#1225=CARTESIAN_POINT('Ctrl Pts',(116.734245855281,47.0288418654472,11.6458417006491));
#1226=CARTESIAN_POINT('Ctrl Pts',(119.556994798301,42.2516359646443,15.5534618647298));
#1227=CARTESIAN_POINT('Ctrl Pts',(122.679617054693,36.3098795211517,17.4694654343443));
#1228=CARTESIAN_POINT('Ctrl Pts',(125.969668619485,29.8322275347045,17.1169573484955));
#1229=CARTESIAN_POINT('Ctrl Pts',(129.327356478782,23.3660793084079,14.5867645660672));
#1230=CARTESIAN_POINT('Ctrl Pts',(132.758000129186,17.1842903084745,10.3276581140397));
#1231=CARTESIAN_POINT('Ctrl Pts',(137.509277701927,9.40138502755287,3.16545171383416));
#1232=CARTESIAN_POINT('Ctrl Pts',(142.708442035762,2.24955689477648,-4.74641476546356));
#1233=CARTESIAN_POINT('Ctrl Pts',(148.346405297949,-4.47248256730551,-10.4427073767075));
#1234=CARTESIAN_POINT('Ctrl Pts',(152.643850759505,-9.29018443628775,-13.071592290837));
#1235=CARTESIAN_POINT('Ctrl Pts',(156.814880446097,-13.8401191385701,-13.7918979937913));
#1236=CARTESIAN_POINT('Ctrl Pts',(160.601314511426,-18.036438859636,-12.6313788411649));
#1237=CARTESIAN_POINT('Ctrl Pts',(163.6521872914,-21.691207519317,-9.79897090637795));
#1238=CARTESIAN_POINT('Ctrl Pts',(165.50055619804,-24.4487626486768,-5.84020268140209));
#1239=CARTESIAN_POINT('Ctrl Pts',(166.003569190428,-26.2155329556173,-1.38886189284821));
#1240=CARTESIAN_POINT('Ctrl Pts',(164.977410485721,-27.3305539733979,4.55141308786391));
#1241=CARTESIAN_POINT('Ctrl Pts',(160.432624449257,-26.5270813841828,11.4710582601671));
#1242=CARTESIAN_POINT('Ctrl Pts',(151.866382885535,-23.2787930185382,15.1995835303322));
#1243=CARTESIAN_POINT('Ctrl Pts',(142.85874283661,-19.6795065496383,13.9628746027539));
#1244=CARTESIAN_POINT('Ctrl Pts',(134.381626860427,-16.5189450339229,9.37382739430816));
#1245=CARTESIAN_POINT('Ctrl Pts',(125.787688915741,-13.8210658265042,2.32305208127939));
#1246=CARTESIAN_POINT('Ctrl Pts',(117.013381665065,-11.7254776270117,-5.50835437592256));
#1247=CARTESIAN_POINT('Ctrl Pts',(107.910178150011,-10.1901138053645,-12.2906968462047));
#1248=CARTESIAN_POINT('Ctrl Pts',(98.454506495438,-9.04638567756832,-16.387308039203));
#1249=CARTESIAN_POINT('Ctrl Pts',(89.122555702723,-8.06631675352308,-16.6921357408938));
#1250=CARTESIAN_POINT('Ctrl Pts',(81.1397805803953,-7.0143985540366,-13.2014775362333));
#1251=CARTESIAN_POINT('Ctrl Pts',(75.8412346184109,-5.68020380669485,-6.90371947586074));
#1252=CARTESIAN_POINT('Ctrl Pts',(74.2457784093451,-3.92241237102492,0.715405951757587));
#1253=CARTESIAN_POINT('Ctrl Pts',(76.6035346101116,-1.71801429879716,7.94331902111599));
#1254=CARTESIAN_POINT('Ctrl Pts',(81.5449567267942,0.562336050798464,12.6363815626966));
#1255=CARTESIAN_POINT('Ctrl Pts',(87.1570642350895,2.71905374736383,14.7443232982823));
#1256=CARTESIAN_POINT('Ctrl Pts',(92.4837456033148,4.6560281864472,15.0009872604733));
#1257=CARTESIAN_POINT('Ctrl Pts',(98.0264961543149,6.6813863746872,13.6473708973464));
#1258=CARTESIAN_POINT('Ctrl Pts',(105.455487728887,9.53802269260964,9.8749406431059));
#1259=CARTESIAN_POINT('Ctrl Pts',(114.493678619972,13.501294413174,2.11618629570152));
#1260=CARTESIAN_POINT('Ctrl Pts',(123.077159826933,18.298851810903,-6.55481819320611));
#1261=CARTESIAN_POINT('Ctrl Pts',(129.856393364631,22.6538233549399,-11.9100696834365));
#1262=CARTESIAN_POINT('Ctrl Pts',(134.913223584874,26.1141937606774,-14.7220792217338));
#1263=CARTESIAN_POINT('Ctrl Pts',(139.91625126022,29.656428519426,-16.0031468839624));
#1264=CARTESIAN_POINT('Ctrl Pts',(144.746224094933,33.0771179983952,-15.6096011951166));
#1265=CARTESIAN_POINT('Ctrl Pts',(149.189595808634,36.0918044673016,-13.5848367254211));
#1266=CARTESIAN_POINT('Ctrl Pts',(152.999254930575,38.3912735934498,-10.1401964187683));
#1267=CARTESIAN_POINT('Ctrl Pts',(155.916481670442,39.666518023173,-5.61047434979869));
#1268=CARTESIAN_POINT('Ctrl Pts',(158.364307362115,39.7013046193402,1.31171025967707));
#1269=CARTESIAN_POINT('Ctrl Pts',(158.322210803074,37.2358631855626,7.58256539119959));
#1270=CARTESIAN_POINT('Ctrl Pts',(156.958562855294,33.6198093778585,11.7799198966582));
#1271=CARTESIAN_POINT('Ctrl Pts',(155.75660711987,30.8724947236005,14.2047318987536));
#1272=CARTESIAN_POINT('Ctrl Pts',(153.76504718359,26.8726342623354,16.3955939766593));
#1273=CARTESIAN_POINT('Ctrl Pts',(150.399292926227,20.5712554077248,17.5493570919692));
#1274=CARTESIAN_POINT('Ctrl Pts',(146.246214427533,12.9137463058267,15.8612025990988));
#1275=CARTESIAN_POINT('Ctrl Pts',(141.942137146779,4.40479818983144,10.4787114790425));
#1276=CARTESIAN_POINT('Ctrl Pts',(138.278591707839,-3.97931056457918,3.05756108136494));
#1277=CARTESIAN_POINT('Ctrl Pts',(135.285328802739,-12.4102012660631,-4.65651140650387));
#1278=CARTESIAN_POINT('Ctrl Pts',(132.858172618128,-20.9846414000121,-10.8493038263875));
#1279=CARTESIAN_POINT('Ctrl Pts',(130.83386787065,-29.4915777306427,-14.0717642501303));
#1280=CARTESIAN_POINT('Ctrl Pts',(129.0358032564,-37.3975970318613,-13.7773443617876));
#1281=CARTESIAN_POINT('Ctrl Pts',(127.326973521531,-43.8696795879438,-10.3113808434969));
#1282=CARTESIAN_POINT('Ctrl Pts',(125.662358932789,-47.8103049261276,-4.62225583089651));
#1283=CARTESIAN_POINT('Ctrl Pts',(124.216832043979,-48.3852586239776,1.18683624993875));
#1284=CARTESIAN_POINT('Ctrl Pts',(122.948087655595,-46.713490371384,5.99862238508434));
#1285=CARTESIAN_POINT('Ctrl Pts',(121.478337911109,-42.9868514530031,10.7601104199882));
#1286=CARTESIAN_POINT('Ctrl Pts',(119.864616935894,-36.5561719977142,13.7896698012134));
#1287=CARTESIAN_POINT('Ctrl Pts',(118.399791084558,-30.0996691596005,13.3760556105533));
#1288=CARTESIAN_POINT('Ctrl Pts',(117.535893188849,-26.448229634381,12.3101598169433));
#1289=CARTESIAN_POINT('Ctrl Pts',(116.344654335978,-21.5199257573097,10.4631233688584));
#1290=CARTESIAN_POINT('Ctrl Pts',(114.656039632947,-15.2129638985992,6.22862658446458));
#1291=CARTESIAN_POINT('Ctrl Pts',(111.811516590942,-6.80372515194883,-1.14854135362195));
#1292=CARTESIAN_POINT('Ctrl Pts',(108.803668611508,0.624048650176101,-8.02052894109918));
#1293=CARTESIAN_POINT('Ctrl Pts',(105.578482553367,7.31523035584885,-13.065333284973));
#1294=CARTESIAN_POINT('Ctrl Pts',(103.264768208937,11.7917817756457,-15.328359734167));
#1295=CARTESIAN_POINT('Ctrl Pts',(102.128728090965,13.9477137155053,-16.1767994430869));
#1296=CARTESIAN_POINT('Ctrl Pts',(100.407277837618,17.1836800512894,-17.197684023039));
#1297=CARTESIAN_POINT('Ctrl Pts',(97.780951816732,22.0307793135993,-17.7245925911026));
#1298=CARTESIAN_POINT('Ctrl Pts',(94.5717518033095,28.0985843976017,-16.1299583852059));
#1299=CARTESIAN_POINT('Ctrl Pts',(91.818958593981,33.8833014121045,-12.091625948541));
#1300=CARTESIAN_POINT('Ctrl Pts',(90.6872004345571,37.5689054920208,-6.62987088908978));
#1301=CARTESIAN_POINT('Ctrl Pts',(91.10350532457,39.5162583767437,-0.505718891130619));
#1302=CARTESIAN_POINT('Ctrl Pts',(92.6751682020966,39.8846476858978,5.00673126159374));
#1303=CARTESIAN_POINT('Ctrl Pts',(95.9456314663414,38.5700810912948,10.4785787237875));
#1304=CARTESIAN_POINT('Ctrl Pts',(100.408643755456,35.8854926500133,14.555889208304));
#1305=CARTESIAN_POINT('Ctrl Pts',(105.702662377644,32.267508353013,16.7415043547949));
#1306=CARTESIAN_POINT('Ctrl Pts',(111.438920199961,28.1938083752704,16.7380401166344));
#1307=CARTESIAN_POINT('Ctrl Pts',(117.289591182053,24.0894449461554,14.5665497035938));
#1308=CARTESIAN_POINT('Ctrl Pts',(123.116680866872,20.2155275300979,10.5947409551199));
#1309=CARTESIAN_POINT('Ctrl Pts',(130.863823363588,15.4950830229449,3.66248668644576));
#1310=CARTESIAN_POINT('Ctrl Pts',(138.738243687301,11.5117967236658,-4.30427594687886));
#1311=CARTESIAN_POINT('Ctrl Pts',(146.876068647153,8.10701603118369,-10.3197410265663));
#1312=CARTESIAN_POINT('Ctrl Pts',(153.010159442361,5.77416531801964,-13.2722543183407));
#1313=CARTESIAN_POINT('Ctrl Pts',(159.001249690056,3.60838427794182,-14.323645380901));
#1314=CARTESIAN_POINT('Ctrl Pts',(164.575372715634,1.56617478933897,-13.4237553284268));
#1315=CARTESIAN_POINT('Ctrl Pts',(169.322542086843,-0.350539052118503,-10.7362068015367));
#1316=CARTESIAN_POINT('Ctrl Pts',(172.742858065084,-2.10496962108038,-6.61679084642232));
#1317=CARTESIAN_POINT('Ctrl Pts',(174.39600591142,-3.65046770300045,-1.59212211102853));
#1318=CARTESIAN_POINT('Ctrl Pts',(174.011629265672,-4.96208312831866,3.73793511534095));
#1319=CARTESIAN_POINT('Ctrl Pts',(171.57011807482,-6.04565009486618,8.7421742977025));
#1320=CARTESIAN_POINT('Ctrl Pts',(167.321613230271,-6.93341828711602,12.7687020165477));
#1321=CARTESIAN_POINT('Ctrl Pts',(161.701098514231,-7.68692361002767,15.2419547144726));
#1322=CARTESIAN_POINT('Ctrl Pts',(155.223238142305,-8.38937948155829,15.7609747636233));
#1323=CARTESIAN_POINT('Ctrl Pts',(148.378245735741,-9.13947581205894,14.1666652629359));
#1324=CARTESIAN_POINT('Ctrl Pts',(139.202347028015,-10.3323520044003,9.48766577986895));
#1325=CARTESIAN_POINT('Ctrl Pts',(132.513206480445,-11.5956139439359,3.80564244220849));
#1326=CARTESIAN_POINT('Ctrl Pts',(128.124671512088,-12.677290664778,-1.13575815419154E-12));
#1327=CARTESIAN_POINT('Origin',(128.603302840663,-14.61917429963,-1.09939835013506E-12));
#1328=CARTESIAN_POINT('Ctrl Pts',(128.124671512088,-12.677290664778,-1.10494946525819E-12));
#1329=CARTESIAN_POINT('Ctrl Pts',(123.736136543731,-13.7589673856199,-3.80564244221036));
#1330=CARTESIAN_POINT('Ctrl Pts',(117.226273897409,-15.7489527440866,-9.48792406662571));
#1331=CARTESIAN_POINT('Ctrl Pts',(108.547001454284,-18.9569902302135,-14.166819268229));
#1332=CARTESIAN_POINT('Ctrl Pts',(102.137561963639,-21.473799060411,-15.7610271119629));
#1333=CARTESIAN_POINT('Ctrl Pts',(96.0749616928177,-23.8623347331533,-15.2422063687857));
#1334=CARTESIAN_POINT('Ctrl Pts',(90.7484981327513,-25.806954484105,-12.7686616870584));
#1335=CARTESIAN_POINT('Ctrl Pts',(86.5734697949485,-26.9954876289464,-8.74249378876808));
#1336=CARTESIAN_POINT('Ctrl Pts',(83.9086874653797,-27.1704050410154,-3.7378158582334));
#1337=CARTESIAN_POINT('Ctrl Pts',(82.9584299467895,-26.1878652283332,1.59188716315054));
#1338=CARTESIAN_POINT('Ctrl Pts',(83.7038098563366,-24.0510266930525,6.61690731225552));
#1339=CARTESIAN_POINT('Ctrl Pts',(85.9174351471101,-20.9081657772826,10.7359577519617));
#1340=CARTESIAN_POINT('Ctrl Pts',(89.2296654097648,-17.0047488723364,13.4237965990697));
#1341=CARTESIAN_POINT('Ctrl Pts',(93.2166934155824,-12.6061886576568,14.3235107716998));
#1342=CARTESIAN_POINT('Ctrl Pts',(97.5143452149104,-7.90412734670534,13.2720829256935));
#1343=CARTESIAN_POINT('Ctrl Pts',(101.863027048633,-2.98806826484064,10.3198263036483));
#1344=CARTESIAN_POINT('Ctrl Pts',(106.54586839585,2.67632521260169,5.30609923626647));
#1345=CARTESIAN_POINT('Ctrl Pts',(111.352753614469,9.18296653300625,-1.59654941193743));
#1346=CARTESIAN_POINT('Ctrl Pts',(115.348863450925,15.4931701147979,-7.84639538453339));
#1347=CARTESIAN_POINT('Ctrl Pts',(118.394644480786,20.8166269122502,-11.9524876320879));
#1348=CARTESIAN_POINT('Ctrl Pts',(120.624172950789,24.9341307800245,-14.4000894507727));
#1349=CARTESIAN_POINT('Ctrl Pts',(122.815426157855,29.143796849192,-16.0481718382694));
#1350=CARTESIAN_POINT('Ctrl Pts',(125.688308154429,34.7746453288385,-17.030682716003));
#1351=CARTESIAN_POINT('Ctrl Pts',(129.156365341475,41.5518632871934,-15.7832493744554));
#1352=CARTESIAN_POINT('Ctrl Pts',(132.445942825017,47.1828584499829,-11.2286097304855));
#1353=CARTESIAN_POINT('Ctrl Pts',(134.838842619385,50.0661279675894,-5.63568980496161));
#1354=CARTESIAN_POINT('Ctrl Pts',(136.484397637332,50.8168197386259,-0.202092662868362));
#1355=CARTESIAN_POINT('Ctrl Pts',(137.871546751961,49.4942426010032,6.22622187602881));
#1356=CARTESIAN_POINT('Ctrl Pts',(138.712070125038,45.0002996289082,12.6959849703172));
#1357=CARTESIAN_POINT('Ctrl Pts',(138.921123568304,36.9410412201756,17.1948013140784));
#1358=CARTESIAN_POINT('Ctrl Pts',(138.812042833265,28.8958104974991,17.7050472018668));
#1359=CARTESIAN_POINT('Ctrl Pts',(138.758267101817,22.36186149659,16.1025282796345));
#1360=CARTESIAN_POINT('Ctrl Pts',(138.77932822511,16.9732320871844,13.7907586551595));
#1361=CARTESIAN_POINT('Ctrl Pts',(138.936490353898,11.1942351596074,10.2006944272332));
#1362=CARTESIAN_POINT('Ctrl Pts',(139.463164522834,3.0514979334375,3.84173505293116));
#1363=CARTESIAN_POINT('Ctrl Pts',(140.529792783692,-4.79280981243501,-3.19145065172863));
#1364=CARTESIAN_POINT('Ctrl Pts',(141.893514636308,-11.5200876271537,-8.08485689321954));
#1365=CARTESIAN_POINT('Ctrl Pts',(142.75781618239,-15.3080206809577,-10.3057350808369));
#1366=CARTESIAN_POINT('Ctrl Pts',(143.88947541852,-19.9824301864334,-12.5423618876671));
#1367=CARTESIAN_POINT('Ctrl Pts',(145.558871776458,-26.3042383399453,-13.9791556124022));
#1368=CARTESIAN_POINT('Ctrl Pts',(147.448032137977,-33.5952802557745,-12.4330855292378));
#1369=CARTESIAN_POINT('Ctrl Pts',(148.557187652456,-39.293749814435,-8.03595828767287));
#1370=CARTESIAN_POINT('Ctrl Pts',(148.373513708133,-42.4624108178799,-1.9061777336795));
#1371=CARTESIAN_POINT('Ctrl Pts',(146.631928125037,-42.6408918257519,4.62240923154023));
#1372=CARTESIAN_POINT('Ctrl Pts',(143.327252959718,-39.9270260943875,10.3135110623545));
#1373=CARTESIAN_POINT('Ctrl Pts',(138.806211389863,-34.9894684221647,13.7780008436653));
#1374=CARTESIAN_POINT('Ctrl Pts',(133.540223497882,-28.8251277853211,14.0724366008903));
#1375=CARTESIAN_POINT('Ctrl Pts',(127.794373887252,-22.2329874483613,10.8499975205015));
#1376=CARTESIAN_POINT('Ctrl Pts',(121.661173637805,-15.7691913306186,4.65630880312061));
#1377=CARTESIAN_POINT('Ctrl Pts',(115.092092978283,-9.69428070604007,-3.05588912136551));
#1378=CARTESIAN_POINT('Ctrl Pts',(107.954685514137,-3.97484665998959,-10.4812783335179));
#1379=CARTESIAN_POINT('Ctrl Pts',(101.479671942346,0.639483442395339,-14.958697655695));
#1380=CARTESIAN_POINT('Ctrl Pts',(96.7920991765887,3.83004205738347,-16.584610574573));
#1381=CARTESIAN_POINT('Ctrl Pts',(94.1265026259883,5.6292407677737,-17.0329393139756));
#1382=CARTESIAN_POINT('Ctrl Pts',(90.1743990021643,8.29342698853677,-17.2160263311492));
#1383=CARTESIAN_POINT('Ctrl Pts',(84.5638538358341,12.1195654245558,-15.5898481700635));
#1384=CARTESIAN_POINT('Ctrl Pts',(80.1602146836493,15.5936159728871,-11.0254496881969));
#1385=CARTESIAN_POINT('Ctrl Pts',(77.785008552483,18.2100656590802,-5.49518467134309));
#1386=CARTESIAN_POINT('Ctrl Pts',(77.4198683552788,19.6516884251569,-0.751164928837926));
#1387=CARTESIAN_POINT('Ctrl Pts',(78.9034233638348,20.7040934760623,5.04192477957787));
#1388=CARTESIAN_POINT('Ctrl Pts',(81.8694540399266,21.0130666425412,9.75815626141779));
#1389=CARTESIAN_POINT('Ctrl Pts',(86.8063978315625,20.7169410724855,13.583626044849));
#1390=CARTESIAN_POINT('Ctrl Pts',(92.1421384904755,20.1126531158133,15.6093723499268));
#1391=CARTESIAN_POINT('Ctrl Pts',(98.0091442620625,19.3281269258025,16.0031358827925));
#1392=CARTESIAN_POINT('Ctrl Pts',(104.085672109945,18.5164931282813,14.7222717974363));
#1393=CARTESIAN_POINT('Ctrl Pts',(110.171638209783,17.8028224108428,11.910561070277));
#1394=CARTESIAN_POINT('Ctrl Pts',(118.198617166759,17.0959031395735,6.55607784726411));
#1395=CARTESIAN_POINT('Ctrl Pts',(128.0312186186,16.8385561707047,-2.11017721345597));
#1396=CARTESIAN_POINT('Ctrl Pts',(137.871301854639,17.5282477018946,-9.87855694851632));
#1397=CARTESIAN_POINT('Ctrl Pts',(145.77842113127,18.451370482019,-13.6480422472262));
#1398=CARTESIAN_POINT('Ctrl Pts',(152.276382342916,19.3206686056783,-15.1544035003603));
#1399=CARTESIAN_POINT('Ctrl Pts',(157.857361696406,20.0776415308261,-14.6235628884476));
#1400=CARTESIAN_POINT('Ctrl Pts',(163.669653381762,20.7158569311925,-12.2448268927836));
#1401=CARTESIAN_POINT('Ctrl Pts',(168.650232619687,20.969544150686,-7.9445902128063));
#1402=CARTESIAN_POINT('Ctrl Pts',(171.763831877151,20.1137823600208,-0.715622890737439));
#1403=CARTESIAN_POINT('Ctrl Pts',(171.1670367846,17.8155888678428,6.90322512990071));
#1404=CARTESIAN_POINT('Ctrl Pts',(167.09667944949,14.1723906557669,13.2009779594841));
#1405=CARTESIAN_POINT('Ctrl Pts',(160.515570988575,9.53044468344258,16.6920457146855));
#1406=CARTESIAN_POINT('Ctrl Pts',(154.012277824341,5.19500354272392,16.4366132808524));
#1407=CARTESIAN_POINT('Ctrl Pts',(148.786060376817,1.62183985253535,14.3405836319887));
#1408=CARTESIAN_POINT('Ctrl Pts',(143.644965835587,-2.01118631559312,11.1601020175254));
#1409=CARTESIAN_POINT('Ctrl Pts',(137.520023770762,-6.67068799082378,5.50886176890325));
#1410=CARTESIAN_POINT('Ctrl Pts',(130.726375373978,-12.602526295898,-2.32301653005987));
#1411=CARTESIAN_POINT('Ctrl Pts',(124.369439309758,-18.9864114282615,-9.37304314868169));
#1412=CARTESIAN_POINT('Ctrl Pts',(118.334372222145,-25.7218664980795,-13.9633904142617));
#1413=CARTESIAN_POINT('Ctrl Pts',(113.286296181103,-31.6267152440405,-14.9396153872815));
#1414=CARTESIAN_POINT('Ctrl Pts',(109.272825152415,-36.2070039761269,-13.5130294272029));
#1415=CARTESIAN_POINT('Ctrl Pts',(105.226032704711,-40.5144787277746,-10.0811841953759));
#1416=CARTESIAN_POINT('Ctrl Pts',(102.300956625099,-42.7832640277888,-4.55610065319793));
#1417=CARTESIAN_POINT('Ctrl Pts',(100.87445538527,-42.2711915347135,1.38860318001633));
#1418=CARTESIAN_POINT('Ctrl Pts',(100.498961724424,-40.4725014549207,5.83881660777644));
#1419=CARTESIAN_POINT('Ctrl Pts',(100.854816721903,-37.171156999288,9.79838164457045));
#1420=CARTESIAN_POINT('Ctrl Pts',(101.857558672595,-32.5168576174834,12.6305927169909));
#1421=CARTESIAN_POINT('Ctrl Pts',(103.260860502945,-27.0410006099307,13.791552284742));
#1422=CARTESIAN_POINT('Ctrl Pts',(104.838965589587,-21.0741932392,13.0706013714975));
#1423=CARTESIAN_POINT('Ctrl Pts',(106.406977070993,-14.8097333852832,10.4432349528673));
#1424=CARTESIAN_POINT('Ctrl Pts',(107.804721040729,-8.38348790422133,6.1675887562004));
#1425=CARTESIAN_POINT('Ctrl Pts',(108.920030447781,-1.85916164340379,0.795422118670178));
#1426=CARTESIAN_POINT('Ctrl Pts',(109.699176891913,4.78400014623014,-4.95801455340387));
#1427=CARTESIAN_POINT('Ctrl Pts',(110.145703899824,11.6113072992738,-10.3266598434045));
#1428=CARTESIAN_POINT('Ctrl Pts',(110.308777108359,18.6782031374757,-14.5870951473795));
#1429=CARTESIAN_POINT('Ctrl Pts',(110.277737551312,25.9645703282491,-17.1167032360804));
#1430=CARTESIAN_POINT('Ctrl Pts',(110.180608696867,33.2290675651543,-17.469620583586));
#1431=CARTESIAN_POINT('Ctrl Pts',(110.183973019397,39.9414155923095,-15.5533113720796));
#1432=CARTESIAN_POINT('Ctrl Pts',(110.463720314875,45.4832738517484,-11.6459192527276));
#1433=CARTESIAN_POINT('Ctrl Pts',(111.179336138366,49.2909902465578,-6.24171273827897));
#1434=CARTESIAN_POINT('Ctrl Pts',(112.03013513592,50.3594626338733,-2.08154868234304));
#1435=CARTESIAN_POINT('Ctrl Pts',(112.555585457047,50.4889745061547,-6.46913078661271E-13));
#1436=CARTESIAN_POINT('Ctrl Pts',(128.312122958778,-12.6310880327756,-0.228577105711594));
#1437=CARTESIAN_POINT('Ctrl Pts',(123.923212544395,-13.7114420349721,-4.03424782238743));
#1438=CARTESIAN_POINT('Ctrl Pts',(117.399321384725,-15.7026630189937,-9.73161639824344));
#1439=CARTESIAN_POINT('Ctrl Pts',(108.654609479879,-18.9316423222601,-14.4485351158985));
#1440=CARTESIAN_POINT('Ctrl Pts',(102.168162205013,-21.4764443818108,-16.0641005309706));
#1441=CARTESIAN_POINT('Ctrl Pts',(96.0123744253545,-23.899569553272,-15.5389846825965));
#1442=CARTESIAN_POINT('Ctrl Pts',(90.5964224543805,-25.8747810308362,-13.0249580012183));
#1443=CARTESIAN_POINT('Ctrl Pts',(86.3469429947447,-27.0825383939206,-8.92876505733972));
#1444=CARTESIAN_POINT('Ctrl Pts',(83.6300303392642,-27.2593554872713,-3.82941137874746));
#1445=CARTESIAN_POINT('Ctrl Pts',(82.6601112330863,-26.2550905662163,1.60709342180148));
#1446=CARTESIAN_POINT('Ctrl Pts',(83.4198308827912,-24.0758136124909,6.72481470731367));
#1447=CARTESIAN_POINT('Ctrl Pts',(85.6695411364967,-20.8796523635544,10.9090955774532));
#1448=CARTESIAN_POINT('Ctrl Pts',(89.0291610234362,-16.9181294730571,13.6338561297029));
#1449=CARTESIAN_POINT('Ctrl Pts',(93.0657306731149,-12.4626673968364,14.542393708372));
#1450=CARTESIAN_POINT('Ctrl Pts',(97.4033872967194,-7.7145312162943,13.477671212964));
#1451=CARTESIAN_POINT('Ctrl Pts',(101.775173716833,-2.76980677838626,10.505647083489));
#1452=CARTESIAN_POINT('Ctrl Pts',(106.468053593188,2.90959726755412,5.4768587815511));
#1453=CARTESIAN_POINT('Ctrl Pts',(111.272771483598,9.41703217504223,-1.42812240952055));
#1454=CARTESIAN_POINT('Ctrl Pts',(115.257733113159,15.713349008642,-7.66439832694006));
#1455=CARTESIAN_POINT('Ctrl Pts',(118.288240904676,21.0130947310988,-11.7527521917845));
#1456=CARTESIAN_POINT('Ctrl Pts',(120.502708198201,25.1049864670533,-14.1855007837957));
#1457=CARTESIAN_POINT('Ctrl Pts',(122.675100768146,29.2807419407914,-15.8207643009176));
#1458=CARTESIAN_POINT('Ctrl Pts',(125.518690887576,34.857133022415,-16.7943814806741));
#1459=CARTESIAN_POINT('Ctrl Pts',(128.947305486633,41.5609945663148,-15.5621769771468));
#1460=CARTESIAN_POINT('Ctrl Pts',(132.202173084616,47.1366193137435,-11.056662577767));
#1461=CARTESIAN_POINT('Ctrl Pts',(134.571535429613,49.9944433748638,-5.51814118454647));
#1462=CARTESIAN_POINT('Ctrl Pts',(136.201979429062,50.7406968585474,-0.133653410426325));
#1463=CARTESIAN_POINT('Ctrl Pts',(137.578278708565,49.4315348291541,6.24518010445987));
#1464=CARTESIAN_POINT('Ctrl Pts',(138.414409655654,44.9669161850474,12.6813955227234));
#1465=CARTESIAN_POINT('Ctrl Pts',(138.62287496669,36.9364281076974,17.1699494552436));
#1466=CARTESIAN_POINT('Ctrl Pts',(138.51378756813,28.9027939423032,17.6831411439944));
#1467=CARTESIAN_POINT('Ctrl Pts',(138.459881609892,22.3700324031475,16.0828614434263));
#1468=CARTESIAN_POINT('Ctrl Pts',(138.480824425226,16.979198331729,13.7719914940149));
#1469=CARTESIAN_POINT('Ctrl Pts',(138.637971256473,11.1951567664791,10.1807024261479));
#1470=CARTESIAN_POINT('Ctrl Pts',(139.165030511698,3.04243636183689,3.81715843572961));
#1471=CARTESIAN_POINT('Ctrl Pts',(140.232925927149,-4.81438331091064,-3.22411609571079));
#1472=CARTESIAN_POINT('Ctrl Pts',(141.599127959937,-11.5558435286057,-8.12532847990571));
#1473=CARTESIAN_POINT('Ctrl Pts',(142.465283057612,-15.3529447116915,-10.3500515535943));
#1474=CARTESIAN_POINT('Ctrl Pts',(143.599550274516,-20.039303732211,-12.5908623085825));
#1475=CARTESIAN_POINT('Ctrl Pts',(145.27333470557,-26.3795691382927,-14.0291271266747));
#1476=CARTESIAN_POINT('Ctrl Pts',(147.165088296214,-33.6828677135307,-12.4761363747173));
#1477=CARTESIAN_POINT('Ctrl Pts',(148.272176380344,-39.3761894508446,-8.07658913739113));
#1478=CARTESIAN_POINT('Ctrl Pts',(148.086961241852,-42.5297595553051,-1.96463629254666));
#1479=CARTESIAN_POINT('Ctrl Pts',(146.354763477094,-42.7025557476363,4.52262271604224));
#1480=CARTESIAN_POINT('Ctrl Pts',(143.075492667751,-40.0067416274239,10.1676395985659));
#1481=CARTESIAN_POINT('Ctrl Pts',(138.5961219451,-35.1119508324495,13.5974223486411));
#1482=CARTESIAN_POINT('Ctrl Pts',(133.383132450651,-29.0070635148689,13.8880028232272));
#1483=CARTESIAN_POINT('Ctrl Pts',(127.680153805776,-22.4611838308623,10.6898091686311));
#1484=CARTESIAN_POINT('Ctrl Pts',(121.572029001198,-16.0208074688443,4.51913523164648));
#1485=CARTESIAN_POINT('Ctrl Pts',(115.015771592508,-9.95520808433769,-3.1822935796397));
#1486=CARTESIAN_POINT('Ctrl Pts',(107.879416032798,-4.23429940748592,-10.6114424712055));
#1487=CARTESIAN_POINT('Ctrl Pts',(101.389924311486,0.392053212482554,-15.1038057741548));
#1488=CARTESIAN_POINT('Ctrl Pts',(96.6793619601783,3.59920231663847,-16.7399413628739));
#1489=CARTESIAN_POINT('Ctrl Pts',(93.9973071152025,5.41008355755657,-17.1919915259862));
#1490=CARTESIAN_POINT('Ctrl Pts',(90.0175850952932,8.09364779059305,-17.3777246147299));
#1491=CARTESIAN_POINT('Ctrl Pts',(84.3577497491651,11.9543693602325,-15.7412196057231));
#1492=CARTESIAN_POINT('Ctrl Pts',(79.904202931971,15.4683824656447,-11.1299468924393));
#1493=CARTESIAN_POINT('Ctrl Pts',(77.4969752394538,18.1207676749606,-5.5292077804385));
#1494=CARTESIAN_POINT('Ctrl Pts',(77.124700768438,19.5857603696356,-0.71491248715573));
#1495=CARTESIAN_POINT('Ctrl Pts',(78.63114275977,20.6567291956799,5.16994681579492));
#1496=CARTESIAN_POINT('Ctrl Pts',(81.6435091941306,20.9722084943759,9.96029080443926));
#1497=CARTESIAN_POINT('Ctrl Pts',(86.6558650399722,20.6733993206799,13.8444812434948));
#1498=CARTESIAN_POINT('Ctrl Pts',(92.072607544453,20.0616331787178,15.901272911569));
#1499=CARTESIAN_POINT('Ctrl Pts',(98.024586459318,19.267391390395,16.3004315902265));
#1500=CARTESIAN_POINT('Ctrl Pts',(104.174655681074,18.4477474515602,15.0030627547611));
#1501=CARTESIAN_POINT('Ctrl Pts',(110.31265152613,17.729813578424,12.1665707657883));
#1502=CARTESIAN_POINT('Ctrl Pts',(118.381020092449,17.0219053022808,6.7838252975249));
#1503=CARTESIAN_POINT('Ctrl Pts',(128.227122994847,16.7680802700552,-1.89524285478203));
#1504=CARTESIAN_POINT('Ctrl Pts',(138.041726484195,17.4599381801904,-9.63848628098));
#1505=CARTESIAN_POINT('Ctrl Pts',(145.887778473591,18.378521343683,-13.3761367119915));
#1506=CARTESIAN_POINT('Ctrl Pts',(152.309005592423,19.2396150512903,-14.8627001272725));
#1507=CARTESIAN_POINT('Ctrl Pts',(157.803647721209,19.9866058024129,-14.3379711042281));
#1508=CARTESIAN_POINT('Ctrl Pts',(163.519379067878,20.6163701598769,-11.9984552879386));
#1509=CARTESIAN_POINT('Ctrl Pts',(168.411937500413,20.8672990604649,-7.77124608287837));
#1510=CARTESIAN_POINT('Ctrl Pts',(171.46298328831,20.0304408807709,-0.682963735229109));
#1511=CARTESIAN_POINT('Ctrl Pts',(170.879635127649,17.7807471554478,6.78697476551375));
#1512=CARTESIAN_POINT('Ctrl Pts',(166.878788883079,14.2011504934946,12.9837087385278));
#1513=CARTESIAN_POINT('Ctrl Pts',(160.393322452915,9.6291098781579,16.4271670712218));
#1514=CARTESIAN_POINT('Ctrl Pts',(153.967389489032,5.34736437349229,16.1793684346251));
#1515=CARTESIAN_POINT('Ctrl Pts',(148.783216623562,1.80488493076565,14.1026298446901));
#1516=CARTESIAN_POINT('Ctrl Pts',(143.670851543517,-1.80592583089342,10.9422634531888));
#1517=CARTESIAN_POINT('Ctrl Pts',(137.559840051598,-6.45183401081028,5.30847435862443));
#1518=CARTESIAN_POINT('Ctrl Pts',(130.761406722725,-12.3840883059358,-2.5250413494819));
#1519=CARTESIAN_POINT('Ctrl Pts',(124.381953521328,-18.7863615246728,-9.59743858176389));
#1520=CARTESIAN_POINT('Ctrl Pts',(118.299404055049,-25.5702379450014,-14.2253176513489));
#1521=CARTESIAN_POINT('Ctrl Pts',(113.184595391033,-31.5495335813432,-15.2166286148844));
#1522=CARTESIAN_POINT('Ctrl Pts',(109.110837576874,-36.1957099276889,-13.7682612658016));
#1523=CARTESIAN_POINT('Ctrl Pts',(105.002470383483,-40.5652051859214,-10.2848641857794));
#1524=CARTESIAN_POINT('Ctrl Pts',(102.031945152509,-42.8663496211123,-4.67553039916935));
#1525=CARTESIAN_POINT('Ctrl Pts',(100.583200074235,-42.3437868127496,1.35914292103631));
#1526=CARTESIAN_POINT('Ctrl Pts',(100.202755311757,-40.5184887560792,5.86745680527462));
#1527=CARTESIAN_POINT('Ctrl Pts',(100.562420693229,-37.1793445563186,9.86759133068134));
#1528=CARTESIAN_POINT('Ctrl Pts',(101.573399039999,-32.4840151031515,12.7212433847629));
#1529=CARTESIAN_POINT('Ctrl Pts',(102.985349745026,-26.971707402902,13.8869256605578));
#1530=CARTESIAN_POINT('Ctrl Pts',(104.569575930705,-20.9790428482459,13.1598358302794));
#1531=CARTESIAN_POINT('Ctrl Pts',(106.139965853859,-14.7020393993349,10.5242895739503));
#1532=CARTESIAN_POINT('Ctrl Pts',(107.537476891724,-8.27353219329079,6.2445724504487));
#1533=CARTESIAN_POINT('Ctrl Pts',(108.651233505373,-1.75389733306957,0.873683716466729));
#1534=CARTESIAN_POINT('Ctrl Pts',(109.428403293853,4.87896295107692,-4.87329212343938));
#1535=CARTESIAN_POINT('Ctrl Pts',(109.873025735612,11.6897723737459,-10.2312640057792));
#1536=CARTESIAN_POINT('Ctrl Pts',(110.034700664764,18.7321572299001,-14.4787596928787));
#1537=CARTESIAN_POINT('Ctrl Pts',(110.002993311195,25.9847909387457,-16.9983193216103));
#1538=CARTESIAN_POINT('Ctrl Pts',(109.905616009753,33.211834647338,-17.3514798964161));
#1539=CARTESIAN_POINT('Ctrl Pts',(109.908156499523,39.8940005381789,-15.4465304527295));
#1540=CARTESIAN_POINT('Ctrl Pts',(110.186055612689,45.4182192946626,-11.5549397248852));
#1541=CARTESIAN_POINT('Ctrl Pts',(110.899267281606,49.2200152980894,-6.16387093814222));
#1542=CARTESIAN_POINT('Ctrl Pts',(111.748919149257,50.2894414895403,-2.00712978884126));
#1543=CARTESIAN_POINT('Ctrl Pts',(112.274272723367,50.4196371447135,0.0746705932929334));
#1544=CARTESIAN_POINT('Ctrl Pts',(128.718873726074,-12.672540685784,-0.684414914598668));
#1545=CARTESIAN_POINT('Ctrl Pts',(124.332521877245,-13.7494755942975,-4.48813986433669));
#1546=CARTESIAN_POINT('Ctrl Pts',(117.782679277457,-15.7425625694422,-10.2123110634592));
#1547=CARTESIAN_POINT('Ctrl Pts',(108.914913957124,-19.0106476283593,-15.0021149683619));
#1548=CARTESIAN_POINT('Ctrl Pts',(102.279106165314,-21.6095824495372,-16.6598946651969));
#1549=CARTESIAN_POINT('Ctrl Pts',(95.9391900563745,-24.1010013049112,-16.1234332561989));
#1550=CARTESIAN_POINT('Ctrl Pts',(90.3421434327837,-26.1382038243818,-13.5289820630333));
#1551=CARTESIAN_POINT('Ctrl Pts',(85.9381570278613,-27.3861871719879,-9.28948950936845));
#1552=CARTESIAN_POINT('Ctrl Pts',(83.109850938556,-27.5679077113503,-3.99120239453481));
#1553=CARTESIAN_POINT('Ctrl Pts',(82.0958481081824,-26.5178802187147,1.67537154471512));
#1554=CARTESIAN_POINT('Ctrl Pts',(82.8853971463563,-24.2461305549853,6.99809081690666));
#1555=CARTESIAN_POINT('Ctrl Pts',(85.2152175000194,-20.9303014734963,11.3312437571418));
#1556=CARTESIAN_POINT('Ctrl Pts',(88.6839990385233,-16.8342237446525,14.1437433109462));
#1557=CARTESIAN_POINT('Ctrl Pts',(92.8387446573157,-12.2426837403789,15.0755515548984));
#1558=CARTESIAN_POINT('Ctrl Pts',(97.275184093977,-7.38071513125315,13.9800796004133));
#1559=CARTESIAN_POINT('Ctrl Pts',(101.70667122675,-2.36219551205448,10.9593795633975));
#1560=CARTESIAN_POINT('Ctrl Pts',(106.428386938281,3.35913157736652,5.89113300595232));
#1561=CARTESIAN_POINT('Ctrl Pts',(111.232586519832,9.87494167786273,-1.02402720852827));
#1562=CARTESIAN_POINT('Ctrl Pts',(115.19460950004,16.143930717724,-7.23174801748564));
#1563=CARTESIAN_POINT('Ctrl Pts',(118.191563304987,21.392110673391,-11.2801718322969));
#1564=CARTESIAN_POINT('Ctrl Pts',(120.372039545401,25.4264131491561,-13.6785413155352));
#1565=CARTESIAN_POINT('Ctrl Pts',(122.501018890108,29.5242032199256,-15.2833002357943));
#1566=CARTESIAN_POINT('Ctrl Pts',(125.275986197297,34.9730037885853,-16.2347135962073));
#1567=CARTESIAN_POINT('Ctrl Pts',(128.609596563974,41.4995021868203,-15.0362630595416));
#1568=CARTESIAN_POINT('Ctrl Pts',(131.776361350729,46.9328483781181,-10.651752219928));
#1569=CARTESIAN_POINT('Ctrl Pts',(134.082526385664,49.7204896142063,-5.2568510266512));
#1570=CARTESIAN_POINT('Ctrl Pts',(135.670070328806,50.4516322269527,-0.00934851578118737));
#1571=CARTESIAN_POINT('Ctrl Pts',(137.013341546156,49.1787261880587,6.22203449564917));
#1572=CARTESIAN_POINT('Ctrl Pts',(137.833791064467,44.8044619749045,12.5448891350022));
#1573=CARTESIAN_POINT('Ctrl Pts',(138.038632956146,36.8870469923126,16.9818332212575));
#1574=CARTESIAN_POINT('Ctrl Pts',(137.929420778983,28.9286233488467,17.4986738446873));
#1575=CARTESIAN_POINT('Ctrl Pts',(137.87479161707,22.4322713979174,15.9117448437389));
#1576=CARTESIAN_POINT('Ctrl Pts',(137.894682296508,17.0587139960309,13.6123150646222));
#1577=CARTESIAN_POINT('Ctrl Pts',(138.050618144128,11.2798669627524,10.0286035007069));
#1578=CARTESIAN_POINT('Ctrl Pts',(138.576488999293,3.11831225246749,3.66507394146049));
#1579=CARTESIAN_POINT('Ctrl Pts',(139.645560379962,-4.76470819306196,-3.39366467874962));
#1580=CARTESIAN_POINT('Ctrl Pts',(141.018089079575,-11.5467537486941,-8.32020717871641));
#1581=CARTESIAN_POINT('Ctrl Pts',(141.889986208106,-15.3739098684503,-10.5597432399203));
#1582=CARTESIAN_POINT('Ctrl Pts',(143.033253559413,-20.1027749404222,-12.8182760779822));
#1583=CARTESIAN_POINT('Ctrl Pts',(144.725159541385,-26.5187184268803,-14.2714276331477));
#1584=CARTESIAN_POINT('Ctrl Pts',(146.637214715066,-33.9094609126866,-12.6934304170733));
#1585=CARTESIAN_POINT('Ctrl Pts',(147.749633261669,-39.6449140310756,-8.25073907831104));
#1586=CARTESIAN_POINT('Ctrl Pts',(147.55914118983,-42.8030407650943,-2.1117326442752));
#1587=CARTESIAN_POINT('Ctrl Pts',(145.825275684089,-42.9660707779038,4.36399692410894));
#1588=CARTESIAN_POINT('Ctrl Pts',(142.564922872276,-40.280342511006,9.96701745478487));
#1589=CARTESIAN_POINT('Ctrl Pts',(138.132527943833,-35.4324075453239,13.3525398344364));
#1590=CARTESIAN_POINT('Ctrl Pts',(132.990291977818,-29.4063979638453,13.6338372970127));
#1591=CARTESIAN_POINT('Ctrl Pts',(127.350620783917,-22.9289605145111,10.4678650161796));
#1592=CARTESIAN_POINT('Ctrl Pts',(121.283564315667,-16.5276819097096,4.33234101595217));
#1593=CARTESIAN_POINT('Ctrl Pts',(114.752483108994,-10.4819707244102,-3.348201293843));
#1594=CARTESIAN_POINT('Ctrl Pts',(107.626484168379,-4.76636529465904,-10.7752954000019));
#1595=CARTESIAN_POINT('Ctrl Pts',(101.126070506719,-0.12993468431263,-15.2830603803891));
#1596=CARTESIAN_POINT('Ctrl Pts',(96.3904388608237,3.0955262872614,-16.9319179923882));
#1597=CARTESIAN_POINT('Ctrl Pts',(93.6890373055929,4.92018454084519,-17.3892089465526));
#1598=CARTESIAN_POINT('Ctrl Pts',(89.6755010602454,7.62755935010685,-17.579132592443));
#1599=CARTESIAN_POINT('Ctrl Pts',(83.9486425400866,11.53555668778,-15.9304274060506));
#1600=CARTESIAN_POINT('Ctrl Pts',(79.4201824564699,15.1093389521199,-11.2512956231332));
#1601=CARTESIAN_POINT('Ctrl Pts',(76.9617306507527,17.8182079919823,-5.54183172242669));
#1602=CARTESIAN_POINT('Ctrl Pts',(76.576704794101,19.3219726215408,-0.613077989814035));
#1603=CARTESIAN_POINT('Ctrl Pts',(78.120174835485,20.4248651011727,5.42615538575057));
#1604=CARTESIAN_POINT('Ctrl Pts',(81.2111593870721,20.7522498882264,10.3452974648406));
#1605=CARTESIAN_POINT('Ctrl Pts',(86.3575541610014,20.449358010305,14.3362670551524));
#1606=CARTESIAN_POINT('Ctrl Pts',(91.922255892242,19.8243331039689,16.4515914041957));
#1607=CARTESIAN_POINT('Ctrl Pts',(98.0329981611703,19.0122057188286,16.8626298318573));
#1608=CARTESIAN_POINT('Ctrl Pts',(104.323570202059,18.1774207131987,15.5356723488527));
#1609=CARTESIAN_POINT('Ctrl Pts',(110.562845599252,17.4511347809798,12.6524229179148));
#1610=CARTESIAN_POINT('Ctrl Pts',(118.714712712367,16.7409327194773,7.21484559926891));
#1611=CARTESIAN_POINT('Ctrl Pts',(128.59357993698,16.4934717192983,-1.49257626076005));
#1612=CARTESIAN_POINT('Ctrl Pts',(138.367449245259,17.1898708945077,-9.19306857805171));
#1613=CARTESIAN_POINT('Ctrl Pts',(146.10594354472,18.1006910126813,-12.8732819693493));
#1614=CARTESIAN_POINT('Ctrl Pts',(152.388317823856,18.9470564689413,-14.3229908296023));
#1615=CARTESIAN_POINT('Ctrl Pts',(157.722648720989,19.6755417120484,-13.8084679327847));
#1616=CARTESIAN_POINT('Ctrl Pts',(163.255125196762,20.2892074652393,-11.5422184040757));
#1617=CARTESIAN_POINT('Ctrl Pts',(167.975028603644,20.5345406233958,-7.45596574193698));
#1618=CARTESIAN_POINT('Ctrl Pts',(170.898296600313,19.7347553306151,-0.648483992321064));
#1619=CARTESIAN_POINT('Ctrl Pts',(170.339544576261,17.5840467564223,6.51430815538611));
#1620=CARTESIAN_POINT('Ctrl Pts',(166.483423056772,14.1386096851172,12.4947750391071));
#1621=CARTESIAN_POINT('Ctrl Pts',(160.205703633098,9.71918868520172,15.831161450767));
#1622=CARTESIAN_POINT('Ctrl Pts',(153.953989742817,5.55870202742418,15.5978478323646));
#1623=CARTESIAN_POINT('Ctrl Pts',(148.867000170064,2.0870893871252,13.5642666733523));
#1624=CARTESIAN_POINT('Ctrl Pts',(143.822674673819,-1.47128527518333,10.4499733224298));
#1625=CARTESIAN_POINT('Ctrl Pts',(137.747664265412,-6.08303406508514,4.85792461562631));
#1626=CARTESIAN_POINT('Ctrl Pts',(130.944102213992,-12.011359121096,-2.9748627750699));
#1627=CARTESIAN_POINT('Ctrl Pts',(124.519524619714,-18.4496299844608,-10.0931705185131));
#1628=CARTESIAN_POINT('Ctrl Pts',(118.336543468195,-25.335507349845,-14.8023594818536));
#1629=CARTESIAN_POINT('Ctrl Pts',(113.075494493463,-31.4779212892606,-15.8287285103355));
#1630=CARTESIAN_POINT('Ctrl Pts',(108.866157172452,-36.2725063522357,-14.3330673723851));
#1631=CARTESIAN_POINT('Ctrl Pts',(104.615976765443,-40.7853040371528,-10.7331210843508));
#1632=CARTESIAN_POINT('Ctrl Pts',(101.534945013946,-43.167427514977,-4.92449104090985));
#1633=CARTESIAN_POINT('Ctrl Pts',(100.029022436275,-42.6213205948784,1.33575827234175));
#1634=CARTESIAN_POINT('Ctrl Pts',(99.6346304999543,-40.7289155479047,5.99572564676243));
#1635=CARTESIAN_POINT('Ctrl Pts',(100.003553359326,-37.2888688765271,10.1081585464739));
#1636=CARTESIAN_POINT('Ctrl Pts',(101.037646669116,-32.475679577345,13.0270399748799));
#1637=CARTESIAN_POINT('Ctrl Pts',(102.476585393566,-26.8486587784865,14.2112726787993));
#1638=CARTESIAN_POINT('Ctrl Pts',(104.082541288746,-20.7645585817977,13.4666660903532));
#1639=CARTESIAN_POINT('Ctrl Pts',(105.663781676936,-14.4336820770903,10.802091359701));
#1640=CARTESIAN_POINT('Ctrl Pts',(107.063444134517,-7.98364490436696,6.50281425077435));
#1641=CARTESIAN_POINT('Ctrl Pts',(108.174425506505,-1.46512428558223,1.1280783687964));
#1642=CARTESIAN_POINT('Ctrl Pts',(108.946767097026,5.14843028299997,-4.60631256660874));
#1643=CARTESIAN_POINT('Ctrl Pts',(109.386187357868,11.9203276719751,-9.9371234467737));
#1644=CARTESIAN_POINT('Ctrl Pts',(109.54376866821,18.8981391956783,-14.1477608661277));
#1645=CARTESIAN_POINT('Ctrl Pts',(109.509984113325,26.0545732986602,-16.6353076177956));
#1646=CARTESIAN_POINT('Ctrl Pts',(109.41193586491,33.1661096724394,-16.985264655185));
#1647=CARTESIAN_POINT('Ctrl Pts',(109.412128163822,39.7442279734395,-15.1143184039337));
#1648=CARTESIAN_POINT('Ctrl Pts',(109.683731264834,45.1942652724266,-11.2806180991562));
#1649=CARTESIAN_POINT('Ctrl Pts',(110.385998036842,48.9546403017868,-5.95664109563331));
#1650=CARTESIAN_POINT('Ctrl Pts',(111.225822645807,50.0174078363358,-1.84089738868224));
#1651=CARTESIAN_POINT('Ctrl Pts',(111.746194798172,50.147769913279,0.223581743118958));
#1652=CARTESIAN_POINT('Ctrl Pts',(129.506524873787,-13.2621478778633,-1.4228050140135));
#1653=CARTESIAN_POINT('Ctrl Pts',(125.136313601416,-14.3305502099441,-5.21609337705598));
#1654=CARTESIAN_POINT('Ctrl Pts',(118.565828179577,-16.3202238365814,-10.9726942519632));
#1655=CARTESIAN_POINT('Ctrl Pts',(109.521287906768,-19.6435176270524,-15.87436309225));
#1656=CARTESIAN_POINT('Ctrl Pts',(102.656160923788,-22.3254251805975,-17.6021707821895));
#1657=CARTESIAN_POINT('Ctrl Pts',(96.018297964326,-24.9276075556746,-17.0524366347648));
#1658=CARTESIAN_POINT('Ctrl Pts',(90.1131999525523,-27.0710093163904,-14.3264312449727));
#1659=CARTESIAN_POINT('Ctrl Pts',(85.4326356453985,-28.3923725988773,-9.83640904998044));
#1660=CARTESIAN_POINT('Ctrl Pts',(82.3943438227385,-28.585845644277,-4.17143605444808));
#1661=CARTESIAN_POINT('Ctrl Pts',(81.2914753023537,-27.450271174863,1.93895912529004));
#1662=CARTESIAN_POINT('Ctrl Pts',(82.1372618923591,-24.9955194051886,7.67470633817884));
#1663=CARTESIAN_POINT('Ctrl Pts',(84.6318750618922,-21.4313178176269,12.3224470090231));
#1664=CARTESIAN_POINT('Ctrl Pts',(88.3371878727636,-17.0427946644957,15.3307477533337));
#1665=CARTESIAN_POINT('Ctrl Pts',(92.7603774147796,-12.1419874672468,16.3204190178737));
#1666=CARTESIAN_POINT('Ctrl Pts',(97.4313642835016,-7.01014806108734,15.1569541803313));
#1667=CARTESIAN_POINT('Ctrl Pts',(102.012586763416,-1.80774094947261,12.0203443366038));
#1668=CARTESIAN_POINT('Ctrl Pts',(106.815081332432,4.02767159987693,6.85099347104719));
#1669=CARTESIAN_POINT('Ctrl Pts',(111.633183626209,10.5831558421607,-0.102635253693993));
#1670=CARTESIAN_POINT('Ctrl Pts',(115.555409753886,16.8094851384839,-6.2591161510106));
#1671=CARTESIAN_POINT('Ctrl Pts',(118.485181774874,21.9561531156661,-10.2245700551208));
#1672=CARTESIAN_POINT('Ctrl Pts',(120.594667837356,25.8710270813289,-12.5487511208667));
#1673=CARTESIAN_POINT('Ctrl Pts',(122.630186983801,29.8015048198115,-14.0851987350828));
#1674=CARTESIAN_POINT('Ctrl Pts',(125.25355087555,34.9687885956511,-14.984008480842));
#1675=CARTESIAN_POINT('Ctrl Pts',(128.369096713011,41.0880212445396,-13.8566181445961));
#1676=CARTESIAN_POINT('Ctrl Pts',(131.319858379859,46.169842438831,-9.76024713757904));
#1677=CARTESIAN_POINT('Ctrl Pts',(133.461452599823,48.7709154908864,-4.73341304983638));
#1678=CARTESIAN_POINT('Ctrl Pts',(134.930918763675,49.4552076189386,0.142938733833683));
#1679=CARTESIAN_POINT('Ctrl Pts',(136.177447613992,48.279191164764,5.95007885801831));
#1680=CARTESIAN_POINT('Ctrl Pts',(136.945585462429,44.1769317812803,11.9113469924644));
#1681=CARTESIAN_POINT('Ctrl Pts',(137.134788960532,36.6548842358719,16.1468956345933));
#1682=CARTESIAN_POINT('Ctrl Pts',(137.024149611679,29.0173627579227,16.6594724989458));
#1683=CARTESIAN_POINT('Ctrl Pts',(136.966452279812,22.7062332374228,15.1265178497922));
#1684=CARTESIAN_POINT('Ctrl Pts',(136.981473967979,17.441199590434,12.8807864862178));
#1685=CARTESIAN_POINT('Ctrl Pts',(137.130900266821,11.7281445043312,9.34596937056852));
#1686=CARTESIAN_POINT('Ctrl Pts',(137.647469926342,3.59363781210502,3.01589394190817));
#1687=CARTESIAN_POINT('Ctrl Pts',(138.713215717658,-4.33553981487561,-4.07563060655644));
#1688=CARTESIAN_POINT('Ctrl Pts',(140.101269134876,-11.2303908170638,-9.0792445568353));
#1689=CARTESIAN_POINT('Ctrl Pts',(140.990103726754,-15.1504792240004,-11.3689258585802));
#1690=CARTESIAN_POINT('Ctrl Pts',(142.162056415146,-20.0183450866028,-13.690278387289));
#1691=CARTESIAN_POINT('Ctrl Pts',(143.917924090008,-26.706394958889,-15.2077858124143));
#1692=CARTESIAN_POINT('Ctrl Pts',(145.917868041844,-34.4720711777944,-13.5447764617743));
#1693=CARTESIAN_POINT('Ctrl Pts',(147.0715051149,-40.473279367097,-8.88289822691224));
#1694=CARTESIAN_POINT('Ctrl Pts',(146.861434048552,-43.7660725294739,-2.46502365562325));
#1695=CARTESIAN_POINT('Ctrl Pts',(145.047112247995,-43.9194282133199,4.25601699778471));
#1696=CARTESIAN_POINT('Ctrl Pts',(141.698715990038,-41.1553753240616,9.97654550393393));
#1697=CARTESIAN_POINT('Ctrl Pts',(137.208872689597,-36.24405146111,13.3841880478641));
#1698=CARTESIAN_POINT('Ctrl Pts',(132.053554263666,-30.2030368628986,13.6482216145365));
#1699=CARTESIAN_POINT('Ctrl Pts',(126.435416922023,-23.7509214575693,10.4801870710955));
#1700=CARTESIAN_POINT('Ctrl Pts',(120.402082996512,-17.3855425453069,4.36553083160629));
#1701=CARTESIAN_POINT('Ctrl Pts',(113.911364582815,-11.3779419645128,-3.28223409967105));
#1702=CARTESIAN_POINT('Ctrl Pts',(106.833892139354,-5.70254773464153,-10.6720038410139));
#1703=CARTESIAN_POINT('Ctrl Pts',(100.383993788889,-1.10340991050381,-15.1552263243618));
#1704=CARTESIAN_POINT('Ctrl Pts',(95.6827013689618,2.09790368341178,-16.7989704418129));
#1705=CARTESIAN_POINT('Ctrl Pts',(92.9977369172883,3.9109803057561,-17.2575442516156));
#1706=CARTESIAN_POINT('Ctrl Pts',(89.0047874481265,6.60383657342701,-17.4519323539298));
#1707=CARTESIAN_POINT('Ctrl Pts',(83.2866766665668,10.5041734435908,-15.8208032439228));
#1708=CARTESIAN_POINT('Ctrl Pts',(78.7228701549868,14.1021871176298,-11.1281230976176));
#1709=CARTESIAN_POINT('Ctrl Pts',(76.2257373733432,16.8489692808274,-5.3534459091334));
#1710=CARTESIAN_POINT('Ctrl Pts',(75.8236341826017,18.3864623437054,-0.33336244483495));
#1711=CARTESIAN_POINT('Ctrl Pts',(77.3971020795718,19.5219397499028,5.85501538805039));
#1712=CARTESIAN_POINT('Ctrl Pts',(80.5685666596081,19.8643701864665,10.9179570685988));
#1713=CARTESIAN_POINT('Ctrl Pts',(85.8756690935898,19.5574620255939,15.0435851635269));
#1714=CARTESIAN_POINT('Ctrl Pts',(91.6347173311397,18.9152755909333,17.240228204862));
#1715=CARTESIAN_POINT('Ctrl Pts',(97.9686556742987,18.0778827876832,17.6716354540813));
#1716=CARTESIAN_POINT('Ctrl Pts',(104.46768701271,17.2202405677072,16.3040665167889));
#1717=CARTESIAN_POINT('Ctrl Pts',(110.865822457095,16.4803143458481,13.3509248647704));
#1718=CARTESIAN_POINT('Ctrl Pts',(119.158928871336,15.7648773211137,7.82553465704027));
#1719=CARTESIAN_POINT('Ctrl Pts',(129.113234379286,15.5255690948,-0.940252669210803));
#1720=CARTESIAN_POINT('Ctrl Pts',(138.862461523904,16.2302294145055,-8.59806794246793));
#1721=CARTESIAN_POINT('Ctrl Pts',(146.474687343242,17.1327116825235,-12.203874054327));
#1722=CARTESIAN_POINT('Ctrl Pts',(152.5779437911,17.9602767202692,-13.6008345097871));
#1723=CARTESIAN_POINT('Ctrl Pts',(157.68942763832,18.662749311806,-13.0951890439473));
#1724=CARTESIAN_POINT('Ctrl Pts',(162.950674039346,19.2519638292336,-10.9323174176762));
#1725=CARTESIAN_POINT('Ctrl Pts',(167.399305588224,19.4866391219615,-7.05871090527695));
#1726=CARTESIAN_POINT('Ctrl Pts',(170.101827761029,18.745254022931,-0.715965590896421));
#1727=CARTESIAN_POINT('Ctrl Pts',(169.579548063506,16.7665257943733,5.90273526113812));
#1728=CARTESIAN_POINT('Ctrl Pts',(165.988702697916,13.5699652983353,11.4733917984083));
#1729=CARTESIAN_POINT('Ctrl Pts',(160.120339687901,9.45183035633854,14.5910122354161));
#1730=CARTESIAN_POINT('Ctrl Pts',(154.231959328473,5.5439050912131,14.3824901745217));
#1731=CARTESIAN_POINT('Ctrl Pts',(149.355767055561,2.22553406700208,12.4388276930819));
#1732=CARTESIAN_POINT('Ctrl Pts',(144.464133709318,-1.21590726610423,9.42375001435707));
#1733=CARTESIAN_POINT('Ctrl Pts',(138.479985506898,-5.74459695522143,3.92834193646672));
#1734=CARTESIAN_POINT('Ctrl Pts',(131.684746770978,-11.6484550563483,-3.88762271758044));
#1735=CARTESIAN_POINT('Ctrl Pts',(125.186256969352,-18.1421938183213,-11.0856761994149));
#1736=CARTESIAN_POINT('Ctrl Pts',(118.815258830302,-25.2176118015624,-15.9536848042422));
#1737=CARTESIAN_POINT('Ctrl Pts',(113.264443816161,-31.6829626154953,-17.0557575510257));
#1738=CARTESIAN_POINT('Ctrl Pts',(108.773905145012,-36.7858028868618,-15.4665909024909));
#1739=CARTESIAN_POINT('Ctrl Pts',(104.218290529602,-41.6085176903217,-11.6219020418234));
#1740=CARTESIAN_POINT('Ctrl Pts',(100.882254568877,-44.1821249757918,-5.36588631287669));
#1741=CARTESIAN_POINT('Ctrl Pts',(99.2351412845069,-43.5852395868655,1.4388611265013));
#1742=CARTESIAN_POINT('Ctrl Pts',(98.8031994310003,-41.528302599743,6.48214751857215));
#1743=CARTESIAN_POINT('Ctrl Pts',(99.1941752339376,-37.8250583153761,10.8964107391188));
#1744=CARTESIAN_POINT('Ctrl Pts',(100.291649277709,-32.6821949273551,14.0060246528978));
#1745=CARTESIAN_POINT('Ctrl Pts',(101.811468469254,-26.7090213249007,15.2545687403742));
#1746=CARTESIAN_POINT('Ctrl Pts',(103.488697351626,-20.3255758526023,14.461681816456));
#1747=CARTESIAN_POINT('Ctrl Pts',(105.11064665502,-13.7981577585255,11.702430848707));
#1748=CARTESIAN_POINT('Ctrl Pts',(106.523778403821,-7.24887265220649,7.32862558647352));
#1749=CARTESIAN_POINT('Ctrl Pts',(107.631586504312,-0.70132246059478,1.92363711465473));
#1750=CARTESIAN_POINT('Ctrl Pts',(108.392826444985,5.88475211813074,-3.79170073569206));
#1751=CARTESIAN_POINT('Ctrl Pts',(108.818520882578,12.5693452512031,-9.05697429577012));
#1752=CARTESIAN_POINT('Ctrl Pts',(108.964453105366,19.3810752099079,-13.1674937019532));
#1753=CARTESIAN_POINT('Ctrl Pts',(108.924292784471,26.2699892101836,-15.560092200625));
#1754=CARTESIAN_POINT('Ctrl Pts',(108.824109279114,33.0379825302279,-15.893917447883));
#1755=CARTESIAN_POINT('Ctrl Pts',(108.817357766078,39.280436185548,-14.1237003265793));
#1756=CARTESIAN_POINT('Ctrl Pts',(109.068251384109,44.4613058813545,-10.4863841770501));
#1757=CARTESIAN_POINT('Ctrl Pts',(109.729429838959,48.0422780183273,-5.42552256318953));
#1758=CARTESIAN_POINT('Ctrl Pts',(110.524699523414,49.0585736028043,-1.50677659044068));
#1759=CARTESIAN_POINT('Ctrl Pts',(111.019561176771,49.1849250472866,0.464795869241027));
#1760=CARTESIAN_POINT('Ctrl Pts',(130.122716262546,-14.7687338992982,-1.70427541628839));
#1761=CARTESIAN_POINT('Ctrl Pts',(125.788705710759,-15.8264796108026,-5.47535196727753));
#1762=CARTESIAN_POINT('Ctrl Pts',(119.255295610501,-17.8014528164102,-11.2165279005272));
#1763=CARTESIAN_POINT('Ctrl Pts',(110.202498717045,-21.1245441480196,-16.1426877885895));
#1764=CARTESIAN_POINT('Ctrl Pts',(103.2830944771,-23.8254875472834,-17.8996220743693));
#1765=CARTESIAN_POINT('Ctrl Pts',(96.5359332155254,-26.4687261368721,-17.3572853474505));
#1766=CARTESIAN_POINT('Ctrl Pts',(90.479630553818,-28.6658492359681,-14.5794992885722));
#1767=CARTESIAN_POINT('Ctrl Pts',(85.6303838985412,-30.0350487384225,-9.95112982813984));
#1768=CARTESIAN_POINT('Ctrl Pts',(82.4395565163773,-30.2428126169268,-4.03988154049845));
#1769=CARTESIAN_POINT('Ctrl Pts',(81.2588937827224,-29.0477388508826,2.41215764092958));
#1770=CARTESIAN_POINT('Ctrl Pts',(82.1437825375331,-26.4431164204748,8.5031359220638));
#1771=CARTESIAN_POINT('Ctrl Pts',(84.7855173355349,-22.6515194780054,13.4513419243437));
#1772=CARTESIAN_POINT('Ctrl Pts',(88.7264292260004,-17.9692747966812,16.6670465893175));
#1773=CARTESIAN_POINT('Ctrl Pts',(93.4406105756678,-12.732464776905,17.7294164809175));
#1774=CARTESIAN_POINT('Ctrl Pts',(98.3841313456827,-7.28744852239814,16.4961162856736));
#1775=CARTESIAN_POINT('Ctrl Pts',(103.152910158934,-1.85643120442776,13.2245761998265));
#1776=CARTESIAN_POINT('Ctrl Pts',(108.070150497139,4.13633208290942,7.92537690710598));
#1777=CARTESIAN_POINT('Ctrl Pts',(112.929772345726,10.771243620187,0.903255174053471));
#1778=CARTESIAN_POINT('Ctrl Pts',(116.830276099629,16.9851484302085,-5.22082858669936));
#1779=CARTESIAN_POINT('Ctrl Pts',(119.703269207541,22.0495500551095,-9.10987818737613));
#1780=CARTESIAN_POINT('Ctrl Pts',(121.746802511032,25.8549941108299,-11.3601251485294));
#1781=CARTESIAN_POINT('Ctrl Pts',(123.690078670641,29.6211413706113,-12.8236990737312));
#1782=CARTESIAN_POINT('Ctrl Pts',(126.156508172209,34.497348380964,-13.6609185912919));
#1783=CARTESIAN_POINT('Ctrl Pts',(129.031548599589,40.1656250791877,-12.5986599389166));
#1784=CARTESIAN_POINT('Ctrl Pts',(131.719720949594,44.813906087939,-8.83706981812521));
#1785=CARTESIAN_POINT('Ctrl Pts',(133.64485393609,47.1627352157212,-4.28466889721073));
#1786=CARTESIAN_POINT('Ctrl Pts',(134.949139197363,47.772936376006,0.0812601305560749));
#1787=CARTESIAN_POINT('Ctrl Pts',(136.051782347672,46.7270213095515,5.26784206508602));
#1788=CARTESIAN_POINT('Ctrl Pts',(136.733989931052,43.0364802938352,10.6522087722714));
#1789=CARTESIAN_POINT('Ctrl Pts',(136.89347754394,36.1898470718715,14.5194638762346));
#1790=CARTESIAN_POINT('Ctrl Pts',(136.779907133457,29.1662755369083,15.0067305715083));
#1791=CARTESIAN_POINT('Ctrl Pts',(136.716457343979,23.2400679227368,13.5753914418721));
#1792=CARTESIAN_POINT('Ctrl Pts',(136.721851998625,18.2167832089174,11.4381677762879));
#1793=CARTESIAN_POINT('Ctrl Pts',(136.857603664103,12.6710663625312,8.01358899415922));
#1794=CARTESIAN_POINT('Ctrl Pts',(137.352356514327,4.64958369078399,1.77989686374932));
#1795=CARTESIAN_POINT('Ctrl Pts',(138.403971037437,-3.30706187281096,-5.33556861866371));
#1796=CARTESIAN_POINT('Ctrl Pts',(139.810988991533,-10.3612072787048,-10.458468312949));
#1797=CARTESIAN_POINT('Ctrl Pts',(140.72527316341,-14.4265544900152,-12.8326398153245));
#1798=CARTESIAN_POINT('Ctrl Pts',(141.943290409375,-19.5215468986129,-15.2633634170434));
#1799=CARTESIAN_POINT('Ctrl Pts',(143.8097783251,-26.6818394816157,-16.908331031437));
#1800=CARTESIAN_POINT('Ctrl Pts',(145.980929653146,-35.1715885784928,-15.1040434964504));
#1801=CARTESIAN_POINT('Ctrl Pts',(147.232970243014,-41.7633379817337,-9.99173370996881));
#1802=CARTESIAN_POINT('Ctrl Pts',(146.989823430007,-45.4249065512225,-2.88446081258634));
#1803=CARTESIAN_POINT('Ctrl Pts',(144.952681643566,-45.5894107162774,4.58622604361049));
#1804=CARTESIAN_POINT('Ctrl Pts',(141.27600379924,-42.5588530056696,10.812746522901));
#1805=CARTESIAN_POINT('Ctrl Pts',(136.431750751052,-37.2746208649759,14.4611993473096));
#1806=CARTESIAN_POINT('Ctrl Pts',(130.952625802455,-30.8698452454885,14.710554040871));
#1807=CARTESIAN_POINT('Ctrl Pts',(125.14041339486,-24.2128294516063,11.4030750361486));
#1808=CARTESIAN_POINT('Ctrl Pts',(119.038162900931,-17.7924226362877,5.20416288084025));
#1809=CARTESIAN_POINT('Ctrl Pts',(112.561127570402,-11.8133770462252,-2.43448798012216));
#1810=CARTESIAN_POINT('Ctrl Pts',(105.580423193792,-6.2313036482069,-9.72455259774601));
#1811=CARTESIAN_POINT('Ctrl Pts',(99.3183710265122,-1.77840536613561,-14.0728325678641));
#1812=CARTESIAN_POINT('Ctrl Pts',(94.8179834436858,1.27919855414508,-15.6489228107076));
#1813=CARTESIAN_POINT('Ctrl Pts',(92.2595631149409,3.00261424549544,-16.0895022809145));
#1814=CARTESIAN_POINT('Ctrl Pts',(88.4641886234317,5.55662145694895,-16.2787384635439));
#1815=CARTESIAN_POINT('Ctrl Pts',(83.0402339186474,9.24699462171253,-14.7432988156715));
#1816=CARTESIAN_POINT('Ctrl Pts',(78.6801206609433,12.672905109792,-10.2843416025218));
#1817=CARTESIAN_POINT('Ctrl Pts',(76.2799527295639,15.2992013553705,-4.76512334754628));
#1818=CARTESIAN_POINT('Ctrl Pts',(75.8813180030924,16.7773112194204,0.0551006279861932));
#1819=CARTESIAN_POINT('Ctrl Pts',(77.3903339566616,17.8778487891519,6.04613877555016));
#1820=CARTESIAN_POINT('Ctrl Pts',(80.4732402233954,18.2156774514471,10.9992550986186));
#1821=CARTESIAN_POINT('Ctrl Pts',(85.6986715996919,17.9150551506307,15.0811210654868));
#1822=CARTESIAN_POINT('Ctrl Pts',(91.4160283555621,17.2782065851678,17.2759225512785));
#1823=CARTESIAN_POINT('Ctrl Pts',(97.7471546108321,16.4415297289835,17.7198429338754));
#1824=CARTESIAN_POINT('Ctrl Pts',(104.275880890514,15.5802051463807,16.3581225091366));
#1825=CARTESIAN_POINT('Ctrl Pts',(110.719308954107,14.8352080743553,13.3953242968812));
#1826=CARTESIAN_POINT('Ctrl Pts',(119.079716247733,14.1142009859282,7.84181343673565));
#1827=CARTESIAN_POINT('Ctrl Pts',(129.118030243493,13.8724681494963,-0.975933280400807));
#1828=CARTESIAN_POINT('Ctrl Pts',(138.958086960691,14.5824648148461,-8.68383268649494));
#1829=CARTESIAN_POINT('Ctrl Pts',(146.64434936166,15.4926325266838,-12.3098645752876));
#1830=CARTESIAN_POINT('Ctrl Pts',(152.797294402,16.3262007673558,-13.7056306463181));
#1831=CARTESIAN_POINT('Ctrl Pts',(157.919685312243,17.0293320137568,-13.1844484208032));
#1832=CARTESIAN_POINT('Ctrl Pts',(163.146487650898,17.6139386556258,-11.0210565397527));
#1833=CARTESIAN_POINT('Ctrl Pts',(167.513731227776,17.8412144555726,-7.18839497509044));
#1834=CARTESIAN_POINT('Ctrl Pts',(170.099092214281,17.1174749188805,-1.04208473003036));
#1835=CARTESIAN_POINT('Ctrl Pts',(169.579240316559,15.2312568176196,5.25846843870741));
#1836=CARTESIAN_POINT('Ctrl Pts',(166.161282806672,12.2054123769217,10.5274810080578));
#1837=CARTESIAN_POINT('Ctrl Pts',(160.624452320258,8.33364900970956,13.4490794628746));
#1838=CARTESIAN_POINT('Ctrl Pts',(155.072162984829,4.65952728214525,13.2509688574246));
#1839=CARTESIAN_POINT('Ctrl Pts',(150.406933272067,1.49379650943714,11.3898930229607));
#1840=CARTESIAN_POINT('Ctrl Pts',(145.677727191855,-1.82448799237046,8.47241849957311));
#1841=CARTESIAN_POINT('Ctrl Pts',(139.80791337032,-6.25351778727583,3.08412477130434));
#1842=CARTESIAN_POINT('Ctrl Pts',(133.057042320069,-12.1032976153217,-4.68703171906552));
#1843=CARTESIAN_POINT('Ctrl Pts',(126.528399586816,-18.6112951818723,-11.9287544891322));
#1844=CARTESIAN_POINT('Ctrl Pts',(120.025004557398,-25.817114183666,-16.9230776337075));
#1845=CARTESIAN_POINT('Ctrl Pts',(114.234653885176,-32.5491280625369,-18.1011740362159));
#1846=CARTESIAN_POINT('Ctrl Pts',(109.486365566724,-37.9357023260753,-16.4360298930468));
#1847=CARTESIAN_POINT('Ctrl Pts',(104.628781389612,-43.067392723251,-12.3616750320348));
#1848=CARTESIAN_POINT('Ctrl Pts',(101.00792292278,-45.8647741153405,-5.63074229043613));
#1849=CARTESIAN_POINT('Ctrl Pts',(99.186737512334,-45.2189206482471,1.82261185690758));
#1850=CARTESIAN_POINT('Ctrl Pts',(98.7032033221872,-42.9625807032247,7.35172647584758));
#1851=CARTESIAN_POINT('Ctrl Pts',(99.1196881472003,-38.9138475831237,12.1773266041267));
#1852=CARTESIAN_POINT('Ctrl Pts',(100.305285725009,-33.3030377550857,15.5702226289895));
#1853=CARTESIAN_POINT('Ctrl Pts',(101.947890305376,-26.8015480590125,16.9281431852304));
#1854=CARTESIAN_POINT('Ctrl Pts',(103.741677040926,-19.9296161078275,16.0672968225463));
#1855=CARTESIAN_POINT('Ctrl Pts',(105.436452063957,-13.0567064137156,13.1534361702636));
#1856=CARTESIAN_POINT('Ctrl Pts',(106.879395281758,-6.31019083177477,8.64469804048106));
#1857=CARTESIAN_POINT('Ctrl Pts',(107.989194882408,0.324977593254535,3.16852154716842));
#1858=CARTESIAN_POINT('Ctrl Pts',(108.7380256244,6.91053160081639,-2.54270594849654));
#1859=CARTESIAN_POINT('Ctrl Pts',(109.145354539238,13.5027207304464,-7.72912261744649));
#1860=CARTESIAN_POINT('Ctrl Pts',(109.274478097053,20.1002321168309,-11.7003444122094));
#1861=CARTESIAN_POINT('Ctrl Pts',(109.224572114246,26.6119581446662,-13.9484502468607));
#1862=CARTESIAN_POINT('Ctrl Pts',(109.121256631988,32.862810441764,-14.2469764019941));
#1863=CARTESIAN_POINT('Ctrl Pts',(109.104413399063,38.5641927885736,-12.6264405179351));
#1864=CARTESIAN_POINT('Ctrl Pts',(109.321821641494,43.2745307126731,-9.31625384341636));
#1865=CARTESIAN_POINT('Ctrl Pts',(109.909551762515,46.509326300006,-4.73835097353473));
#1866=CARTESIAN_POINT('Ctrl Pts',(110.617021984981,47.421998515523,-1.21709711236792));
#1867=CARTESIAN_POINT('Ctrl Pts',(111.058515217062,47.5360627977391,0.5567454189006));
#1868=CARTESIAN_POINT('Ctrl Pts',(129.719384976009,-16.4692920192882,-0.758786734915255));
#1869=CARTESIAN_POINT('Ctrl Pts',(125.422019753912,-17.5238292217901,-4.50844732414534));
#1870=CARTESIAN_POINT('Ctrl Pts',(119.002285113446,-19.4769764314498,-10.1546377613979));
#1871=CARTESIAN_POINT('Ctrl Pts',(110.288346838246,-22.6889027769982,-14.9031816813893));
#1872=CARTESIAN_POINT('Ctrl Pts',(103.725708009927,-25.2595654411999,-16.5751095933531));
#1873=CARTESIAN_POINT('Ctrl Pts',(97.3678272504992,-27.7588397515986,-16.0733966189495));
#1874=CARTESIAN_POINT('Ctrl Pts',(91.6412078416779,-29.8452526657718,-13.4605067826396));
#1875=CARTESIAN_POINT('Ctrl Pts',(87.0251624043052,-31.1583081538713,-9.07049896753015));
#1876=CARTESIAN_POINT('Ctrl Pts',(83.9648113812555,-31.3694815326167,-3.42467053621284));
#1877=CARTESIAN_POINT('Ctrl Pts',(82.814298498308,-30.2321492784134,2.78916635979881));
#1878=CARTESIAN_POINT('Ctrl Pts',(83.6613304850725,-27.7082842878823,8.72960086764212));
#1879=CARTESIAN_POINT('Ctrl Pts',(86.2535600381132,-23.980628170048,13.6201909160253));
#1880=CARTESIAN_POINT('Ctrl Pts',(90.1698677658507,-19.3241762649047,16.8389494824936));
#1881=CARTESIAN_POINT('Ctrl Pts',(94.9010923046731,-14.0662466141624,17.9240173423821));
#1882=CARTESIAN_POINT('Ctrl Pts',(99.8943971561486,-8.56467143603083,16.6939021261191));
#1883=CARTESIAN_POINT('Ctrl Pts',(104.720942321035,-3.0659831681851,13.397432160014));
#1884=CARTESIAN_POINT('Ctrl Pts',(109.695284386909,2.99843268348718,8.0532324756238));
#1885=CARTESIAN_POINT('Ctrl Pts',(114.606523272499,9.70569812209586,0.977416584722218));
#1886=CARTESIAN_POINT('Ctrl Pts',(118.545457700978,15.981606428315,-5.18799695489042));
#1887=CARTESIAN_POINT('Ctrl Pts',(121.444887242921,21.0926924237309,-9.09778737254724));
#1888=CARTESIAN_POINT('Ctrl Pts',(123.504903966372,24.9288501927831,-11.3559650955362));
#1889=CARTESIAN_POINT('Ctrl Pts',(125.459550427262,28.7170079712978,-12.8177566975636));
#1890=CARTESIAN_POINT('Ctrl Pts',(127.930521879784,33.6024909045803,-13.6433023676727));
#1891=CARTESIAN_POINT('Ctrl Pts',(130.78342121529,39.2268701042922,-12.563922874856));
#1892=CARTESIAN_POINT('Ctrl Pts',(133.403163435403,43.7527979281449,-8.86437881735862));
#1893=CARTESIAN_POINT('Ctrl Pts',(135.245300889269,45.9948475679703,-4.47917029867755));
#1894=CARTESIAN_POINT('Ctrl Pts',(136.471097489854,46.5577955087691,-0.342948136110012));
#1895=CARTESIAN_POINT('Ctrl Pts',(137.49308167847,45.5661897179314,4.51017777304893));
#1896=CARTESIAN_POINT('Ctrl Pts',(138.115645548318,42.1169177530365,9.51744001426903));
#1897=CARTESIAN_POINT('Ctrl Pts',(138.24943315675,35.7669881048856,13.0849738479888));
#1898=CARTESIAN_POINT('Ctrl Pts',(138.132721925426,29.2727395827696,13.5313584318237));
#1899=CARTESIAN_POINT('Ctrl Pts',(138.064370822507,23.709545297918,12.1853312489341));
#1900=CARTESIAN_POINT('Ctrl Pts',(138.061099693716,18.9300189606406,10.1471757216814));
#1901=CARTESIAN_POINT('Ctrl Pts',(138.18374389519,13.5719944401036,6.83465494112257));
#1902=CARTESIAN_POINT('Ctrl Pts',(138.655466437788,5.71219668099439,0.717617038673534));
#1903=CARTESIAN_POINT('Ctrl Pts',(139.686703623244,-2.20397013564564,-6.37770943746191));
#1904=CARTESIAN_POINT('Ctrl Pts',(141.098764808344,-9.33591547476656,-11.5734396497179));
#1905=CARTESIAN_POINT('Ctrl Pts',(142.027613322419,-13.4920098173059,-14.008091139501));
#1906=CARTESIAN_POINT('Ctrl Pts',(143.275947439446,-18.741583597749,-16.5212529023263));
#1907=CARTESIAN_POINT('Ctrl Pts',(145.225213031798,-26.2586641480138,-18.2794046506679));
#1908=CARTESIAN_POINT('Ctrl Pts',(147.546478675332,-35.3777832878169,-16.3754722704847));
#1909=CARTESIAN_POINT('Ctrl Pts',(148.903232856036,-42.5648685845105,-10.8415589214502));
#1910=CARTESIAN_POINT('Ctrl Pts',(148.635700636328,-46.6603969937635,-2.97693585570685));
#1911=CARTESIAN_POINT('Ctrl Pts',(146.334161360221,-46.8661559705742,5.43350691177472));
#1912=CARTESIAN_POINT('Ctrl Pts',(142.206974331392,-43.4843462781962,12.3911340840133));
#1913=CARTESIAN_POINT('Ctrl Pts',(136.800963884216,-37.6157082446005,16.4559248568059));
#1914=CARTESIAN_POINT('Ctrl Pts',(130.729576094187,-30.5467839607172,16.7129370707398));
#1915=CARTESIAN_POINT('Ctrl Pts',(124.50332052881,-23.4477751042786,13.1443461474884));
#1916=CARTESIAN_POINT('Ctrl Pts',(118.201588700725,-16.8501719964326,6.74327764252338));
#1917=CARTESIAN_POINT('Ctrl Pts',(111.669780861325,-10.8493041533688,-0.943545776619459));
#1918=CARTESIAN_POINT('Ctrl Pts',(104.776710324768,-5.36497373669919,-8.11829219342684));
#1919=CARTESIAN_POINT('Ctrl Pts',(98.7725246023376,-1.11705259769794,-12.2586311948848));
#1920=CARTESIAN_POINT('Ctrl Pts',(94.5866728334465,1.71463379661635,-13.7161668424593));
#1921=CARTESIAN_POINT('Ctrl Pts',(92.2366299730227,3.29025179099755,-14.1199246543047));
#1922=CARTESIAN_POINT('Ctrl Pts',(88.7768155367669,5.60845584456115,-14.290617676176));
#1923=CARTESIAN_POINT('Ctrl Pts',(83.8979763813047,8.91212704111667,-12.9037009975558));
#1924=CARTESIAN_POINT('Ctrl Pts',(79.9974889015153,11.9605694425107,-8.91883281923087));
#1925=CARTESIAN_POINT('Ctrl Pts',(77.8600975557084,14.2807564879944,-4.01776543459885));
#1926=CARTESIAN_POINT('Ctrl Pts',(77.5023126307453,15.5774791616896,0.23703657372549));
#1927=CARTESIAN_POINT('Ctrl Pts',(78.8283273167866,16.5456020926973,5.55182446838303));
#1928=CARTESIAN_POINT('Ctrl Pts',(81.5809175605182,16.8442985212154,10.0067195350335));
#1929=CARTESIAN_POINT('Ctrl Pts',(86.3279611225433,16.5633690041851,13.7340738826236));
#1930=CARTESIAN_POINT('Ctrl Pts',(91.5757412061529,15.9709123341627,15.7616031150738));
#1931=CARTESIAN_POINT('Ctrl Pts',(97.453624170884,15.1861050664384,16.1879572643308));
#1932=CARTESIAN_POINT('Ctrl Pts',(103.620607545194,14.3634652828003,14.9182620509038));
#1933=CARTESIAN_POINT('Ctrl Pts',(109.831743192061,13.6361004368577,12.0769569922215));
#1934=CARTESIAN_POINT('Ctrl Pts',(118.037212395423,12.914914914602,6.64554035236294));
#1935=CARTESIAN_POINT('Ctrl Pts',(128.084515764438,12.6521909307597,-2.15446111728966));
#1936=CARTESIAN_POINT('Ctrl Pts',(138.148518688177,13.3558218972698,-10.04414257798));
#1937=CARTESIAN_POINT('Ctrl Pts',(146.229461357979,14.2973793808912,-13.8579895662749));
#1938=CARTESIAN_POINT('Ctrl Pts',(152.836555680691,15.1801047711275,-15.3572487029371));
#1939=CARTESIAN_POINT('Ctrl Pts',(158.426874586868,15.9366713950866,-14.7886216347504));
#1940=CARTESIAN_POINT('Ctrl Pts',(164.132036996352,16.5615384293221,-12.4169292575806));
#1941=CARTESIAN_POINT('Ctrl Pts',(168.888946369939,16.7961723834347,-8.23568254967944));
#1942=CARTESIAN_POINT('Ctrl Pts',(171.694142682146,15.9890960199624,-1.53190225198268));
#1943=CARTESIAN_POINT('Ctrl Pts',(171.106489544164,13.9346146101197,5.25314772184112));
#1944=CARTESIAN_POINT('Ctrl Pts',(167.486924942743,10.7355298686382,10.7688399832963));
#1945=CARTESIAN_POINT('Ctrl Pts',(161.762050541289,6.72972475316137,13.7554449391794));
#1946=CARTESIAN_POINT('Ctrl Pts',(156.122732695971,2.99538216560918,13.5276694442841));
#1947=CARTESIAN_POINT('Ctrl Pts',(151.437256646532,-0.186456782071417,11.6438486064988));
#1948=CARTESIAN_POINT('Ctrl Pts',(146.711745624412,-3.50427202282394,8.71361988200325));
#1949=CARTESIAN_POINT('Ctrl Pts',(140.878159657211,-7.90949283127013,3.3361457748869));
#1950=CARTESIAN_POINT('Ctrl Pts',(134.195420400778,-13.7050169338384,-4.38305278811317));
#1951=CARTESIAN_POINT('Ctrl Pts',(127.757539964243,-20.1288356479414,-11.5476540323807));
#1952=CARTESIAN_POINT('Ctrl Pts',(121.3786710673,-27.2032266185824,-16.4642295573776));
#1953=CARTESIAN_POINT('Ctrl Pts',(115.712221576085,-33.7962911599155,-17.6348413829531));
#1954=CARTESIAN_POINT('Ctrl Pts',(111.03607040162,-39.1057918705392,-16.0118139035493));
#1955=CARTESIAN_POINT('Ctrl Pts',(106.215010978772,-44.2052260488791,-11.990042446352));
#1956=CARTESIAN_POINT('Ctrl Pts',(102.561783796464,-47.0448658247849,-5.24876320158948));
#1957=CARTESIAN_POINT('Ctrl Pts',(100.691554923899,-46.4069768190392,2.35056739611556));
#1958=CARTESIAN_POINT('Ctrl Pts',(100.184839275801,-44.099804415842,8.03816608943006));
#1959=CARTESIAN_POINT('Ctrl Pts',(100.605696996238,-39.9191876735909,13.0437562876556));
#1960=CARTESIAN_POINT('Ctrl Pts',(101.832276863916,-34.0761768758125,16.5950433492423));
#1961=CARTESIAN_POINT('Ctrl Pts',(103.546915695952,-27.2603630386191,18.0330803886364));
#1962=CARTESIAN_POINT('Ctrl Pts',(105.420152333098,-20.0562709616731,17.1397694587458));
#1963=CARTESIAN_POINT('Ctrl Pts',(107.172273680233,-12.9178725961606,14.1210907506658));
#1964=CARTESIAN_POINT('Ctrl Pts',(108.645141275392,-5.99371844180722,9.50452130258031));
#1965=CARTESIAN_POINT('Ctrl Pts',(109.76515367951,0.750585559895994,3.95319718894315));
#1966=CARTESIAN_POINT('Ctrl Pts',(110.512596236802,7.39019096568832,-1.78852980643881));
#1967=CARTESIAN_POINT('Ctrl Pts',(110.9124044835,13.9808441020216,-6.95619275410436));
#1968=CARTESIAN_POINT('Ctrl Pts',(111.032774401322,20.5021573069089,-10.8628693653272));
#1969=CARTESIAN_POINT('Ctrl Pts',(110.97697636204,26.8300520747337,-13.0263056993406));
#1970=CARTESIAN_POINT('Ctrl Pts',(110.871828103879,32.7823689572062,-13.2905984632307));
#1971=CARTESIAN_POINT('Ctrl Pts',(110.849497758461,38.1237138371805,-11.754380288771));
#1972=CARTESIAN_POINT('Ctrl Pts',(111.044323630064,42.4748872198474,-8.67554978032264));
#1973=CARTESIAN_POINT('Ctrl Pts',(111.574188529366,45.4080827339419,-4.49203675356311));
#1974=CARTESIAN_POINT('Ctrl Pts',(112.203277042527,46.2147412627149,-1.33532006369859));
#1975=CARTESIAN_POINT('Ctrl Pts',(112.594184887753,46.3134254901036,0.247877211951642));
#1976=CARTESIAN_POINT('Ctrl Pts',(128.47460536429,-16.7752461410933,0.758846952080331));
#1977=CARTESIAN_POINT('Ctrl Pts',(124.179408238604,-17.838584973363,-2.99081438683405));
#1978=CARTESIAN_POINT('Ctrl Pts',(117.857558003406,-19.7821146557892,-8.53757141610288));
#1979=CARTESIAN_POINT('Ctrl Pts',(109.575770866954,-22.8558037741415,-13.0355591606974));
#1980=CARTESIAN_POINT('Ctrl Pts',(103.523044719182,-25.2412998078735,-14.566829670886));
#1981=CARTESIAN_POINT('Ctrl Pts',(97.7816036698538,-27.5119391565893,-14.1070812706822));
#1982=CARTESIAN_POINT('Ctrl Pts',(92.6475535118712,-29.3959548864221,-11.7621292799561));
#1983=CARTESIAN_POINT('Ctrl Pts',(88.5248374133455,-30.5817026619314,-7.83562094011677));
#1984=CARTESIAN_POINT('Ctrl Pts',(85.8104036785689,-30.7801071550804,-2.81669676615764));
#1985=CARTESIAN_POINT('Ctrl Pts',(84.7909732212227,-29.7863878856969,2.68956158506397));
#1986=CARTESIAN_POINT('Ctrl Pts',(85.5438744102958,-27.543423447698,8.01529386839007));
#1987=CARTESIAN_POINT('Ctrl Pts',(87.8976244775948,-24.1688979033782,12.4727636240907));
#1988=CARTESIAN_POINT('Ctrl Pts',(91.5001283419195,-19.8977566014353,15.4458348058781));
#1989=CARTESIAN_POINT('Ctrl Pts',(95.9028545400162,-15.0174895061396,16.4715787754955));
#1990=CARTESIAN_POINT('Ctrl Pts',(100.63061893248,-9.82197430474156,15.3291286071838));
#1991=CARTESIAN_POINT('Ctrl Pts',(105.303656432773,-4.51387925172585,12.1635665321899));
#1992=CARTESIAN_POINT('Ctrl Pts',(110.211188944228,1.4506022481105,6.91922836432578));
#1993=CARTESIAN_POINT('Ctrl Pts',(115.136740272418,8.152394496638,-0.141226044323055));
#1994=CARTESIAN_POINT('Ctrl Pts',(119.149738756799,14.5205617928004,-6.39700293879244));
#1995=CARTESIAN_POINT('Ctrl Pts',(122.1503095543,19.7886214773157,-10.4243780779374));
#1996=CARTESIAN_POINT('Ctrl Pts',(124.310166712471,23.7945912169351,-12.7811811804488));
#1997=CARTESIAN_POINT('Ctrl Pts',(126.389883562941,27.8076851880265,-14.3281960229894));
#1998=CARTESIAN_POINT('Ctrl Pts',(129.055154433636,33.0545121648131,-15.213039648186));
#1999=CARTESIAN_POINT('Ctrl Pts',(132.169923200772,39.1665289809354,-14.0335261563555));
#2000=CARTESIAN_POINT('Ctrl Pts',(135.020396309648,44.0613635686616,-10.0084100109672));
#2001=CARTESIAN_POINT('Ctrl Pts',(137.019295153386,46.4734218210196,-5.26132910453275));
#2002=CARTESIAN_POINT('Ctrl Pts',(138.34590627611,47.0665729659488,-0.797825148399131));
#2003=CARTESIAN_POINT('Ctrl Pts',(139.440403841021,45.9862206825214,4.38572588818086));
#2004=CARTESIAN_POINT('Ctrl Pts',(140.0922653752,42.3424994273949,9.61722073347658));
#2005=CARTESIAN_POINT('Ctrl Pts',(140.229939127315,35.799495941355,13.254413215233));
#2006=CARTESIAN_POINT('Ctrl Pts',(140.113045786781,29.2264871832204,13.6808660977054));
#2007=CARTESIAN_POINT('Ctrl Pts',(140.045539318288,23.6529835840575,12.3191674310477));
#2008=CARTESIAN_POINT('Ctrl Pts',(140.043070821369,18.8865957176378,10.2741725849036));
#2009=CARTESIAN_POINT('Ctrl Pts',(140.165848975889,13.5612281113706,6.96890979875212));
#2010=CARTESIAN_POINT('Ctrl Pts',(140.635117670138,5.76700093533296,0.881495804081862));
#2011=CARTESIAN_POINT('Ctrl Pts',(141.657968280309,-2.06570289197947,-6.15986690881521));
#2012=CARTESIAN_POINT('Ctrl Pts',(143.053520043246,-9.10310929509279,-11.3030367826555));
#2013=CARTESIAN_POINT('Ctrl Pts',(143.969936957512,-13.1977087207749,-13.7115455221005));
#2014=CARTESIAN_POINT('Ctrl Pts',(145.200696149542,-18.3669323321346,-16.1960521655777));
#2015=CARTESIAN_POINT('Ctrl Pts',(147.120105513752,-25.7604325857773,-17.9422303718454));
#2016=CARTESIAN_POINT('Ctrl Pts',(149.422714101322,-34.7935928727057,-16.0840555827989));
#2017=CARTESIAN_POINT('Ctrl Pts',(150.791674603227,-42.0120736500274,-10.566560356216));
#2018=CARTESIAN_POINT('Ctrl Pts',(150.533565925156,-46.2048416372186,-2.58713479204902));
#2019=CARTESIAN_POINT('Ctrl Pts',(148.170441225092,-46.4482665713909,6.09290260469404));
#2020=CARTESIAN_POINT('Ctrl Pts',(143.876565043241,-42.9489266717136,13.3529763096473));
#2021=CARTESIAN_POINT('Ctrl Pts',(138.196675644029,-36.8002122705391,17.6467476422986));
#2022=CARTESIAN_POINT('Ctrl Pts',(131.776621446648,-29.3409468722635,17.9306681444772));
#2023=CARTESIAN_POINT('Ctrl Pts',(125.267805247463,-21.9374867163904,14.2041367446204));
#2024=CARTESIAN_POINT('Ctrl Pts',(118.800374109961,-15.1852198810289,7.65232041438166));
#2025=CARTESIAN_POINT('Ctrl Pts',(112.183816079741,-9.12277475716395,-0.105585740841859));
#2026=CARTESIAN_POINT('Ctrl Pts',(105.28353661584,-3.6479852785812,-7.25655966417755));
#2027=CARTESIAN_POINT('Ctrl Pts',(99.3747027435104,0.520437268743845,-11.3000749168778));
#2028=CARTESIAN_POINT('Ctrl Pts',(95.3392543457545,3.24338410622905,-12.6912213021694));
#2029=CARTESIAN_POINT('Ctrl Pts',(93.0967562678161,4.74260974613641,-13.0707321093194));
#2030=CARTESIAN_POINT('Ctrl Pts',(89.8175694310775,6.93389181859441,-13.2245205439656));
#2031=CARTESIAN_POINT('Ctrl Pts',(85.2640996820041,10.0082792418171,-11.9076824623006));
#2032=CARTESIAN_POINT('Ctrl Pts',(81.6913251961503,12.7933194769097,-8.23261928433777));
#2033=CARTESIAN_POINT('Ctrl Pts',(79.7647076865419,14.8769775549315,-3.79468419558728));
#2034=CARTESIAN_POINT('Ctrl Pts',(79.4534988736972,16.0191246171346,-0.00415035993675319));
#2035=CARTESIAN_POINT('Ctrl Pts',(80.6288425100013,16.8643142243498,4.70530185487367));
#2036=CARTESIAN_POINT('Ctrl Pts',(83.0762706952912,17.1198087664311,8.67150716076658));
#2037=CARTESIAN_POINT('Ctrl Pts',(87.3252852554508,16.8558894422755,12.0097936581955));
#2038=CARTESIAN_POINT('Ctrl Pts',(92.0380176771896,16.3123383164791,13.8311526848635));
#2039=CARTESIAN_POINT('Ctrl Pts',(97.3545145980873,15.5913001471884,14.2205775901556));
#2040=CARTESIAN_POINT('Ctrl Pts',(103.034986207573,14.8212912106481,13.0584932276905));
#2041=CARTESIAN_POINT('Ctrl Pts',(108.902277646721,14.1219881380179,10.3801204299299));
#2042=CARTESIAN_POINT('Ctrl Pts',(116.833734990451,13.4072804065239,5.13461348996002));
#2043=CARTESIAN_POINT('Ctrl Pts',(126.79122801594,13.1213243391246,-3.58082928256207));
#2044=CARTESIAN_POINT('Ctrl Pts',(137.024984557068,13.8105817282998,-11.6365206609702));
#2045=CARTESIAN_POINT('Ctrl Pts',(145.508649077226,14.7819915744528,-15.6599427548017));
#2046=CARTESIAN_POINT('Ctrl Pts',(152.621793885556,15.7187157086109,-17.289460428421));
#2047=CARTESIAN_POINT('Ctrl Pts',(158.781934450707,16.5410153168242,-16.6802763510435));
#2048=CARTESIAN_POINT('Ctrl Pts',(165.12435949521,17.2215149514103,-14.0496072152217));
#2049=CARTESIAN_POINT('Ctrl Pts',(170.464597651417,17.4739997488057,-9.38439463438701));
#2050=CARTESIAN_POINT('Ctrl Pts',(173.684369964306,16.5416628037723,-1.74970391429347));
#2051=CARTESIAN_POINT('Ctrl Pts',(173.009256808678,14.1661221807189,6.0216350241835));
#2052=CARTESIAN_POINT('Ctrl Pts',(168.930598784471,10.5457577719022,12.2074763754245));
#2053=CARTESIAN_POINT('Ctrl Pts',(162.572921172946,6.07664669817266,15.5109262437736));
#2054=CARTESIAN_POINT('Ctrl Pts',(156.42104254724,1.98600566888599,15.2339771096041));
#2055=CARTESIAN_POINT('Ctrl Pts',(151.456859622361,-1.39933512197491,13.2226848245529));
#2056=CARTESIAN_POINT('Ctrl Pts',(146.540768772744,-4.86457733033802,10.1593710963091));
#2057=CARTESIAN_POINT('Ctrl Pts',(140.614802441932,-9.36002392196982,4.66668990082985));
#2058=CARTESIAN_POINT('Ctrl Pts',(133.963594966098,-15.1529787732693,-3.04164412774856));
#2059=CARTESIAN_POINT('Ctrl Pts',(127.675247721596,-21.4546307734246,-10.0578857162638));
#2060=CARTESIAN_POINT('Ctrl Pts',(121.610600255386,-28.2086316039205,-14.7259622370239));
#2061=CARTESIAN_POINT('Ctrl Pts',(116.386762184728,-34.307902463945,-15.7963262698155));
#2062=CARTESIAN_POINT('Ctrl Pts',(112.110338480007,-39.1804483182876,-14.3173296090646));
#2063=CARTESIAN_POINT('Ctrl Pts',(107.697594728818,-43.8685238779291,-10.6370431824157));
#2064=CARTESIAN_POINT('Ctrl Pts',(104.346792142319,-46.4919653955425,-4.45453964652907));
#2065=CARTESIAN_POINT('Ctrl Pts',(102.624816670076,-45.922923323614,2.54691097218133));
#2066=CARTESIAN_POINT('Ctrl Pts',(102.151331389542,-43.7921171361673,7.84792219010096));
#2067=CARTESIAN_POINT('Ctrl Pts',(102.547112603498,-39.8625311616842,12.5830895789859));
#2068=CARTESIAN_POINT('Ctrl Pts',(103.718945673248,-34.2927427517573,15.9909753573024));
#2069=CARTESIAN_POINT('Ctrl Pts',(105.375848043903,-27.7203929233501,17.3970845485905));
#2070=CARTESIAN_POINT('Ctrl Pts',(107.208040515798,-20.6896711170741,16.5447280901968));
#2071=CARTESIAN_POINT('Ctrl Pts',(108.944106208151,-13.6358607954491,13.5810408384187));
#2072=CARTESIAN_POINT('Ctrl Pts',(110.418430165945,-6.72752949143641,8.99214120301373));
#2073=CARTESIAN_POINT('Ctrl Pts',(111.548771559562,0.0474148311183077,3.43267249235632));
#2074=CARTESIAN_POINT('Ctrl Pts',(112.309401742376,6.7550574755062,-2.35199835743536));
#2075=CARTESIAN_POINT('Ctrl Pts',(112.721924272924,13.4550146789821,-7.59100619510652));
#2076=CARTESIAN_POINT('Ctrl Pts',(112.851613869499,20.1390868293078,-11.5845378687701));
#2077=CARTESIAN_POINT('Ctrl Pts',(112.800225809817,26.6915272864527,-13.8159410874867));
#2078=CARTESIAN_POINT('Ctrl Pts',(112.696615354238,32.8937174524772,-14.0797677613776));
#2079=CARTESIAN_POINT('Ctrl Pts',(112.679637568095,38.4370899939142,-12.4685023699123));
#2080=CARTESIAN_POINT('Ctrl Pts',(112.886651522481,42.9067556517746,-9.28446517126967));
#2081=CARTESIAN_POINT('Ctrl Pts',(113.432735868587,45.8805947584667,-5.01174064713747));
#2082=CARTESIAN_POINT('Ctrl Pts',(114.069762529768,46.6803131225963,-1.83110083272645));
#2083=CARTESIAN_POINT('Ctrl Pts',(114.46175683537,46.7745971296478,-0.247896883437493));
#2084=CARTESIAN_POINT('Ctrl Pts',(127.326547508127,-15.4590835083518,1.70568255178202));
#2085=CARTESIAN_POINT('Ctrl Pts',(122.997414482841,-16.5366121058386,-2.0653931508103));
#2086=CARTESIAN_POINT('Ctrl Pts',(116.683517908692,-18.4899994834373,-7.58279118903168));
#2087=CARTESIAN_POINT('Ctrl Pts',(108.601985764685,-21.5023741597766,-11.9456982999304));
#2088=CARTESIAN_POINT('Ctrl Pts',(102.828509848922,-23.787122055025,-13.3863214571118));
#2089=CARTESIAN_POINT('Ctrl Pts',(97.4667464293774,-25.9164485143188,-12.938132165463));
#2090=CARTESIAN_POINT('Ctrl Pts',(92.742159034185,-27.658615785284,-10.7623393137608));
#2091=CARTESIAN_POINT('Ctrl Pts',(89.0015940570273,-28.7416021494459,-7.17546268391878));
#2092=CARTESIAN_POINT('Ctrl Pts',(86.5881520556935,-28.9205506422111,-2.67292755891347));
#2093=CARTESIAN_POINT('Ctrl Pts',(85.7020637422109,-28.0480969994248,2.18910426961374));
#2094=CARTESIAN_POINT('Ctrl Pts',(86.3754002865104,-26.07460907199,6.89883506849566));
#2095=CARTESIAN_POINT('Ctrl Pts',(88.4812157764214,-23.0764392461561,10.8738952328049));
#2096=CARTESIAN_POINT('Ctrl Pts',(91.7169676659727,-19.2599155528321,13.5376736338438));
#2097=CARTESIAN_POINT('Ctrl Pts',(95.6929983369331,-14.8716247897312,14.4669139502334));
#2098=CARTESIAN_POINT('Ctrl Pts',(100.039872692741,-10.1142195518613,13.4307775363159));
#2099=CARTESIAN_POINT('Ctrl Pts',(104.46379114838,-5.11132909380924,10.4535294544133));
#2100=CARTESIAN_POINT('Ctrl Pts',(109.230976177004,0.65698942820549,5.37879511944313));
#2101=CARTESIAN_POINT('Ctrl Pts',(114.122870629045,7.2797733482888,-1.60880432010214));
#2102=CARTESIAN_POINT('Ctrl Pts',(118.189776087792,13.7009835544543,-7.93603174141587));
#2103=CARTESIAN_POINT('Ctrl Pts',(121.290087153314,19.1181967344227,-12.0893831781629));
#2104=CARTESIAN_POINT('Ctrl Pts',(123.557953402854,23.3052254379199,-14.5613459344257));
#2105=CARTESIAN_POINT('Ctrl Pts',(125.78225086161,27.5768334467717,-16.2165344217279));
#2106=CARTESIAN_POINT('Ctrl Pts',(128.685271810944,33.265059304718,-17.1871376796296));
#2107=CARTESIAN_POINT('Ctrl Pts',(132.14843845863,40.028828862656,-15.9002749776106));
#2108=CARTESIAN_POINT('Ctrl Pts',(135.354743117687,45.5057959051854,-11.4075407866631));
#2109=CARTESIAN_POINT('Ctrl Pts',(137.632077303767,48.236684819318,-6.04206342622889));
#2110=CARTESIAN_POINT('Ctrl Pts',(139.1627947237,48.9147133610412,-0.940854929225358));
#2111=CARTESIAN_POINT('Ctrl Pts',(140.42827488955,47.6694577971699,4.98797772421885));
#2112=CARTESIAN_POINT('Ctrl Pts',(141.17602178772,43.542319862814,10.8754234312053));
#2113=CARTESIAN_POINT('Ctrl Pts',(141.344075781219,36.2622823851764,14.8986761683152));
#2114=CARTESIAN_POINT('Ctrl Pts',(141.229929650559,29.0623644838455,15.3406686023216));
#2115=CARTESIAN_POINT('Ctrl Pts',(141.168345034532,23.113186167711,13.8740341567235));
#2116=CARTESIAN_POINT('Ctrl Pts',(141.175514965711,18.1195857544857,11.7213888759868));
#2117=CARTESIAN_POINT('Ctrl Pts',(141.311535871449,12.6474309364088,8.31308145926352));
#2118=CARTESIAN_POINT('Ctrl Pts',(141.800745082372,4.77342485051461,2.14593350559493));
#2119=CARTESIAN_POINT('Ctrl Pts',(142.833485751463,-2.99564551514505,-4.84832480649174));
#2120=CARTESIAN_POINT('Ctrl Pts',(144.203408125292,-9.83741729070091,-9.85310535156352));
#2121=CARTESIAN_POINT('Ctrl Pts',(145.089758141096,-13.764615249917,-12.1685250795613));
#2122=CARTESIAN_POINT('Ctrl Pts',(146.26828734499,-18.6791227938201,-14.5348369579336));
#2123=CARTESIAN_POINT('Ctrl Pts',(148.06776194121,-25.562370129222,-16.1527856050096));
#2124=CARTESIAN_POINT('Ctrl Pts',(150.197008287774,-33.8592275271149,-14.4511591365559));
#2125=CARTESIAN_POINT('Ctrl Pts',(151.476516935501,-40.5223630117356,-9.37517579667917));
#2126=CARTESIAN_POINT('Ctrl Pts',(151.254470773346,-44.4028685401856,-2.00926686306764));
#2127=CARTESIAN_POINT('Ctrl Pts',(149.078734990883,-44.6522978340551,6.06804682366766));
#2128=CARTESIAN_POINT('Ctrl Pts',(145.027151809261,-41.3575795981111,12.9749091383596));
#2129=CARTESIAN_POINT('Ctrl Pts',(139.567049990842,-35.4437399580099,17.1384296764393));
#2130=CARTESIAN_POINT('Ctrl Pts',(133.304006094734,-28.1614688772038,17.4484926149688));
#2131=CARTESIAN_POINT('Ctrl Pts',(126.856546632854,-20.8200668593841,13.7861337624497));
#2132=CARTESIAN_POINT('Ctrl Pts',(120.381813107632,-14.0520211553749,7.24847597817465));
#2133=CARTESIAN_POINT('Ctrl Pts',(113.714350489406,-7.93464659269594,-0.549848533809914));
#2134=CARTESIAN_POINT('Ctrl Pts',(106.717576873144,-2.37414080842929,-7.78637735453479));
#2135=CARTESIAN_POINT('Ctrl Pts',(100.670089889318,1.89987443205937,-11.9169246067022));
#2136=CARTESIAN_POINT('Ctrl Pts',(96.5078786162056,4.71297880594726,-13.3437664751407));
#2137=CARTESIAN_POINT('Ctrl Pts',(94.1912322328624,6.26465410280434,-13.7298401640727));
#2138=CARTESIAN_POINT('Ctrl Pts',(90.8019351926047,8.53332149059059,-13.8810844747192));
#2139=CARTESIAN_POINT('Ctrl Pts',(86.1096869981577,11.7080624530903,-12.5032309179271));
#2140=CARTESIAN_POINT('Ctrl Pts',(82.4863463246744,14.5418038928615,-8.74073558368814));
#2141=CARTESIAN_POINT('Ctrl Pts',(80.5600325149873,16.6363712674663,-4.2625898630471));
#2142=CARTESIAN_POINT('Ctrl Pts',(80.266189005605,17.7669746790516,-0.485994977285556));
#2143=CARTESIAN_POINT('Ctrl Pts',(81.4366205338602,18.5911370032506,4.14433778710235));
#2144=CARTESIAN_POINT('Ctrl Pts',(83.8336396080604,18.8318397573921,7.99897137692022));
#2145=CARTESIAN_POINT('Ctrl Pts',(87.9397648922784,18.5694169139388,11.2062924014285));
#2146=CARTESIAN_POINT('Ctrl Pts',(92.4545980339091,18.0424727015284,12.9376641779076));
#2147=CARTESIAN_POINT('Ctrl Pts',(97.5239979172189,17.3491120195191,13.2985682202853));
#2148=CARTESIAN_POINT('Ctrl Pts',(102.959340137021,16.6060666649976,12.1787012957598));
#2149=CARTESIAN_POINT('Ctrl Pts',(108.629967086243,15.9241363285183,9.58212070456448));
#2150=CARTESIAN_POINT('Ctrl Pts',(116.37460667972,15.2176793015375,4.4464295134878));
#2151=CARTESIAN_POINT('Ctrl Pts',(126.211143510057,14.9237235719568,-4.18130289934752));
#2152=CARTESIAN_POINT('Ctrl Pts',(136.432908774444,15.6014388561822,-12.2625764116671));
#2153=CARTESIAN_POINT('Ctrl Pts',(145.024394162309,16.578720616339,-16.3597395038654));
#2154=CARTESIAN_POINT('Ctrl Pts',(152.314804197803,17.5336811105833,-18.048355601793));
#2155=CARTESIAN_POINT('Ctrl Pts',(158.717976030149,18.3845894349098,-17.4360929403824));
#2156=CARTESIAN_POINT('Ctrl Pts',(165.377153311477,19.0942796578413,-14.6906858713656));
#2157=CARTESIAN_POINT('Ctrl Pts',(171.055450908597,19.3618251868685,-9.7706035041092));
#2158=CARTESIAN_POINT('Ctrl Pts',(174.572658341749,18.3567251460059,-1.5322875233439));
#2159=CARTESIAN_POINT('Ctrl Pts',(173.856312631525,15.7491248823227,6.98466333614997));
#2160=CARTESIAN_POINT('Ctrl Pts',(169.40671384161,11.7767095361696,13.7595373539246));
#2161=CARTESIAN_POINT('Ctrl Pts',(162.447855952399,6.86391451758488,17.3929848225994));
#2162=CARTESIAN_POINT('Ctrl Pts',(155.743892575503,2.38931613858596,17.0841548993287));
#2163=CARTESIAN_POINT('Ctrl Pts',(150.452320728459,-1.23372874402371,14.9365365845645));
#2164=CARTESIAN_POINT('Ctrl Pts',(145.294842380135,-4.88330085264866,11.7199201117997));
#2165=CARTESIAN_POINT('Ctrl Pts',(139.217547427699,-9.51497393153697,6.0727267579298));
#2166=CARTESIAN_POINT('Ctrl Pts',(132.537600812525,-15.3589181243521,-1.67396443491583));
#2167=CARTESIAN_POINT('Ctrl Pts',(126.344881454141,-21.5924446044027,-8.58209091452163));
#2168=CARTESIAN_POINT('Ctrl Pts',(120.547686480608,-28.0781737227133,-13.0178273960825));
#2169=CARTESIAN_POINT('Ctrl Pts',(115.751745374796,-33.7006252978839,-13.9703059212352));
#2170=CARTESIAN_POINT('Ctrl Pts',(111.901676981407,-38.1052042079841,-12.6286485001383));
#2171=CARTESIAN_POINT('Ctrl Pts',(107.961729911779,-42.3123758389103,-9.32171452421039));
#2172=CARTESIAN_POINT('Ctrl Pts',(105.020109057808,-44.6238650670433,-3.84571799575601));
#2173=CARTESIAN_POINT('Ctrl Pts',(103.531928557255,-44.1326535725436,2.26439714181157));
#2174=CARTESIAN_POINT('Ctrl Pts',(103.122975966621,-42.2725508483908,6.92501877336868));
#2175=CARTESIAN_POINT('Ctrl Pts',(103.483016488903,-38.7877266328123,11.1432933065219));
#2176=CARTESIAN_POINT('Ctrl Pts',(104.54554034902,-33.7906328487623,14.2142584063707));
#2177=CARTESIAN_POINT('Ctrl Pts',(106.058385461221,-27.8359381976574,15.500703710079));
#2178=CARTESIAN_POINT('Ctrl Pts',(107.759950027811,-21.3532860337514,14.732077545982));
#2179=CARTESIAN_POINT('Ctrl Pts',(109.418666133527,-14.6701854625906,11.9419043937029));
#2180=CARTESIAN_POINT('Ctrl Pts',(110.864900345838,-7.95903318394486,7.49539354280965));
#2181=CARTESIAN_POINT('Ctrl Pts',(111.997919626239,-1.25492070846928,2.00092435997528));
#2182=CARTESIAN_POINT('Ctrl Pts',(112.77638237438,5.48350095082407,-3.8068231573156));
#2183=CARTESIAN_POINT('Ctrl Pts',(113.212268696188,12.3211794468971,-9.1536051910273));
#2184=CARTESIAN_POINT('Ctrl Pts',(113.362310294992,19.284193193325,-13.3200815728554));
#2185=CARTESIAN_POINT('Ctrl Pts',(113.322280065614,26.3001786011449,-15.7210345266189));
#2186=CARTESIAN_POINT('Ctrl Pts',(113.222372859601,33.1121056240623,-16.018694300963));
#2187=CARTESIAN_POINT('Ctrl Pts',(113.217504910017,39.2669964928748,-14.229744718443));
#2188=CARTESIAN_POINT('Ctrl Pts',(113.46222230645,44.2430056271684,-10.6835353063655));
#2189=CARTESIAN_POINT('Ctrl Pts',(114.086331389327,47.5686645943686,-5.90552037102039));
#2190=CARTESIAN_POINT('Ctrl Pts',(114.811532920751,48.4651892417936,-2.33104007460067));
#2191=CARTESIAN_POINT('Ctrl Pts',(115.255462186244,48.5693614081736,-0.557205095918193));
#2192=CARTESIAN_POINT('Ctrl Pts',(127.141136681369,-13.5097085955013,1.3664864191918));
#2193=CARTESIAN_POINT('Ctrl Pts',(122.767593955851,-14.5960994020183,-2.43124416070226));
#2194=CARTESIAN_POINT('Ctrl Pts',(116.36524898273,-16.5716203963981,-8.01184374142388));
#2195=CARTESIAN_POINT('Ctrl Pts',(108.100818288359,-19.6459380822068,-12.4571844112404));
#2196=CARTESIAN_POINT('Ctrl Pts',(102.164942916446,-21.9905185039946,-13.9257269374233));
#2197=CARTESIAN_POINT('Ctrl Pts',(96.659333372873,-24.1726315422099,-13.4500593156456));
#2198=CARTESIAN_POINT('Ctrl Pts',(91.8518416518386,-25.9407050379608,-11.2170520501639));
#2199=CARTESIAN_POINT('Ctrl Pts',(88.0936248762645,-27.0231849462076,-7.5896493175221));
#2200=CARTESIAN_POINT('Ctrl Pts',(85.7088934528061,-27.1908301968541,-3.10326757806622));
#2201=CARTESIAN_POINT('Ctrl Pts',(84.8576176736574,-26.3259184146619,1.664115015052));
#2202=CARTESIAN_POINT('Ctrl Pts',(85.5258909349658,-24.4072414032311,6.22145120947885));
#2203=CARTESIAN_POINT('Ctrl Pts',(87.5613435132542,-21.5247523920417,10.0288636764025));
#2204=CARTESIAN_POINT('Ctrl Pts',(90.654105146444,-17.8891898145966,12.5531196216695));
#2205=CARTESIAN_POINT('Ctrl Pts',(94.427197669983,-13.7360288456135,13.4214356181844));
#2206=CARTESIAN_POINT('Ctrl Pts',(98.5652115860814,-9.21827631617079,12.4299367375673));
#2207=CARTESIAN_POINT('Ctrl Pts',(102.832302775742,-4.40501945770992,9.556216772993));
#2208=CARTESIAN_POINT('Ctrl Pts',(107.491431060786,1.21882266392672,4.59280990409711));
#2209=CARTESIAN_POINT('Ctrl Pts',(112.326948641381,7.74848147275444,-2.31936150923297));
#2210=CARTESIAN_POINT('Ctrl Pts',(116.386900039943,14.1434228600148,-8.64501617915558));
#2211=CARTESIAN_POINT('Ctrl Pts',(119.510242043094,19.5893435393201,-12.8375805348236));
#2212=CARTESIAN_POINT('Ctrl Pts',(121.812793337561,23.8320287868501,-15.3542057691765));
#2213=CARTESIAN_POINT('Ctrl Pts',(124.092095647161,28.2006136760902,-17.0587350845593));
#2214=CARTESIAN_POINT('Ctrl Pts',(127.096913570012,34.07711441477,-18.076652413999));
#2215=CARTESIAN_POINT('Ctrl Pts',(130.732403893375,41.1650500528964,-16.7556623852421));
#2216=CARTESIAN_POINT('Ctrl Pts',(134.151445946512,46.9981844509882,-12.0055752827371));
#2217=CARTESIAN_POINT('Ctrl Pts',(136.618784953218,49.9559561756896,-6.23180549523501));
#2218=CARTESIAN_POINT('Ctrl Pts',(138.302948707675,50.7094332890989,-0.663630542342233));
#2219=CARTESIAN_POINT('Ctrl Pts',(139.708933716333,49.3473891617574,5.86306082191841));
#2220=CARTESIAN_POINT('Ctrl Pts',(140.547129322276,44.8120966162884,12.3440179540946));
#2221=CARTESIAN_POINT('Ctrl Pts',(140.749332200321,36.806771714445,16.7789272285482));
#2222=CARTESIAN_POINT('Ctrl Pts',(140.639009343758,28.9041032542065,17.2608242392386));
#2223=CARTESIAN_POINT('Ctrl Pts',(140.583997252378,22.4973082127964,15.6793384544139));
#2224=CARTESIAN_POINT('Ctrl Pts',(140.602401950294,17.2074989826407,13.3995982042333));
#2225=CARTESIAN_POINT('Ctrl Pts',(140.75481971244,11.5196820654088,9.85580677062125));
#2226=CARTESIAN_POINT('Ctrl Pts',(141.271348564637,3.48059158814168,3.55980551245582));
#2227=CARTESIAN_POINT('Ctrl Pts',(142.324836191231,-4.29283929458132,-3.42976784306539));
#2228=CARTESIAN_POINT('Ctrl Pts',(143.679353676341,-10.9854657706275,-8.31485477450315));
#2229=CARTESIAN_POINT('Ctrl Pts',(144.540702660112,-14.7656924021407,-10.5405583546184));
#2230=CARTESIAN_POINT('Ctrl Pts',(145.67178093841,-19.4433293035182,-12.7884445595896));
#2231=CARTESIAN_POINT('Ctrl Pts',(147.351733034038,-25.8139278599803,-14.2590926615089));
#2232=CARTESIAN_POINT('Ctrl Pts',(149.283851498436,-33.2798064174011,-12.7069449979151));
#2233=CARTESIAN_POINT('Ctrl Pts',(150.439891415309,-39.2190475280582,-8.1652665874106));
#2234=CARTESIAN_POINT('Ctrl Pts',(150.253572295459,-42.6131235739102,-1.67892784372524));
#2235=CARTESIAN_POINT('Ctrl Pts',(148.373103084047,-42.8320325750415,5.37733651033777));
#2236=CARTESIAN_POINT('Ctrl Pts',(144.790360916371,-39.9096342032586,11.5410846448643));
#2237=CARTESIAN_POINT('Ctrl Pts',(139.878313144217,-34.5684866511015,15.3127294659646));
#2238=CARTESIAN_POINT('Ctrl Pts',(134.159911667227,-27.8972034234234,15.6279409819075));
#2239=CARTESIAN_POINT('Ctrl Pts',(128.071773728269,-20.9377513046783,12.2031197218059));
#2240=CARTESIAN_POINT('Ctrl Pts',(121.753849545996,-14.3048463084677,5.83367398554482));
#2241=CARTESIAN_POINT('Ctrl Pts',(115.107718790438,-8.18058441715718,-1.94398427353973));
#2242=CARTESIAN_POINT('Ctrl Pts',(107.99781522925,-2.50361605146778,-9.31084613749587));
#2243=CARTESIAN_POINT('Ctrl Pts',(101.681892201188,1.98178081329703,-13.6465409483444));
#2244=CARTESIAN_POINT('Ctrl Pts',(97.2113020269059,5.01602034475428,-15.1841437939304));
#2245=CARTESIAN_POINT('Ctrl Pts',(94.6947660624366,6.7094196557916,-15.6026129129625));
#2246=CARTESIAN_POINT('Ctrl Pts',(90.9876876378337,9.20143443548695,-15.7675012905369));
#2247=CARTESIAN_POINT('Ctrl Pts',(85.796462414909,12.7311700694665,-14.2430641764788));
#2248=CARTESIAN_POINT('Ctrl Pts',(81.7822472711569,15.8892784120955,-10.0613658228556));
#2249=CARTESIAN_POINT('Ctrl Pts',(79.6453671007665,18.2341313052092,-5.06986779263551));
#2250=CARTESIAN_POINT('Ctrl Pts',(79.3265316356525,19.5051775455145,-0.845828603637983));
#2251=CARTESIAN_POINT('Ctrl Pts',(80.6414803529966,20.4263015213887,4.29176057388614));
#2252=CARTESIAN_POINT('Ctrl Pts',(83.2809420501636,20.6918757855101,8.49641190992913));
#2253=CARTESIAN_POINT('Ctrl Pts',(87.7073591538028,20.4144544944888,11.9302094001245));
#2254=CARTESIAN_POINT('Ctrl Pts',(92.5110138514623,19.8593625166418,13.7560214052401));
#2255=CARTESIAN_POINT('Ctrl Pts',(97.8343103674992,19.1367543298506,14.1185861161023));
#2256=CARTESIAN_POINT('Ctrl Pts',(103.45111852152,18.3746997323298,12.9438910380291));
#2257=CARTESIAN_POINT('Ctrl Pts',(109.220801823211,17.6863562698032,10.2862918480824));
#2258=CARTESIAN_POINT('Ctrl Pts',(117.006873986204,16.983717610242,5.10155537452896));
#2259=CARTESIAN_POINT('Ctrl Pts',(126.782588093447,16.7030455868262,-3.50144768530573));
#2260=CARTESIAN_POINT('Ctrl Pts',(136.819078758957,17.3807478152803,-11.4481907212939));
#2261=CARTESIAN_POINT('Ctrl Pts',(145.14191681692,18.3354743232235,-15.4275270821636));
#2262=CARTESIAN_POINT('Ctrl Pts',(152.146831793158,19.2591248802128,-17.0594275211714));
#2263=CARTESIAN_POINT('Ctrl Pts',(158.282597864033,20.079894845826,-16.4838714333631));
#2264=CARTESIAN_POINT('Ctrl Pts',(164.69874208239,20.7702695460897,-13.8545920455209));
#2265=CARTESIAN_POINT('Ctrl Pts',(170.214207960489,21.0386244234802,-9.10118138897719));
#2266=CARTESIAN_POINT('Ctrl Pts',(173.686858246279,20.0680959757613,-1.04228482327122));
#2267=CARTESIAN_POINT('Ctrl Pts',(173.006335484585,17.4925120087677,7.41665854302529));
#2268=CARTESIAN_POINT('Ctrl Pts',(168.553713600191,13.5028978460045,14.2547466709162));
#2269=CARTESIAN_POINT('Ctrl Pts',(161.478916209742,8.500845585495,17.9822147214751));
#2270=CARTESIAN_POINT('Ctrl Pts',(154.599840573459,3.90428664463393,17.6828600390032));
#2271=CARTESIAN_POINT('Ctrl Pts',(149.179312910811,0.188755029753529,15.4929817016735));
#2272=CARTESIAN_POINT('Ctrl Pts',(143.91182501255,-3.54292766435841,12.2185786551374));
#2273=CARTESIAN_POINT('Ctrl Pts',(137.738306367836,-8.25414318668056,6.49408545083232));
#2274=CARTESIAN_POINT('Ctrl Pts',(130.990943882717,-14.1642338459628,-1.31133673050225));
#2275=CARTESIAN_POINT('Ctrl Pts',(124.767774241589,-20.4351382565324,-8.23347318351039));
#2276=CARTESIAN_POINT('Ctrl Pts',(118.989333488533,-26.907286910205,-12.6285469705657));
#2277=CARTESIAN_POINT('Ctrl Pts',(114.283758233189,-32.4297949604925,-13.5348777353634));
#2278=CARTESIAN_POINT('Ctrl Pts',(110.564898356481,-36.6887193552664,-12.2204437845507));
#2279=CARTESIAN_POINT('Ctrl Pts',(106.805302030279,-40.7085452526745,-9.03694044581156));
#2280=CARTESIAN_POINT('Ctrl Pts',(104.071051387698,-42.8480607892505,-3.8827674326083));
#2281=CARTESIAN_POINT('Ctrl Pts',(102.725833493474,-42.3851190467536,1.71500668107369));
#2282=CARTESIAN_POINT('Ctrl Pts',(102.364063263618,-40.6859137676318,5.96456835794417));
#2283=CARTESIAN_POINT('Ctrl Pts',(102.704733708163,-37.5041909739226,9.80927477046961));
#2284=CARTESIAN_POINT('Ctrl Pts',(103.68591858152,-32.9473398948562,12.60380858048));
#2285=CARTESIAN_POINT('Ctrl Pts',(105.07712543039,-27.5186516669162,13.7729104253848));
#2286=CARTESIAN_POINT('Ctrl Pts',(106.657060660321,-21.5454340470558,13.0673843086848));
#2287=CARTESIAN_POINT('Ctrl Pts',(108.235486082553,-15.2396697749406,10.4381384109426));
#2288=CARTESIAN_POINT('Ctrl Pts',(109.645253730272,-8.75845834958481,6.1411990935773));
#2289=CARTESIAN_POINT('Ctrl Pts',(110.771255326656,-2.17330087616807,0.735815531243016));
#2290=CARTESIAN_POINT('Ctrl Pts',(111.558727940175,4.5354409643961,-5.05766353176971));
#2291=CARTESIAN_POINT('Ctrl Pts',(112.011001654237,11.4354857407514,-10.4671868447088));
#2292=CARTESIAN_POINT('Ctrl Pts',(112.177094038993,18.5834000021498,-14.7619692793715));
#2293=CARTESIAN_POINT('Ctrl Pts',(112.146842724686,25.952464928037,-17.3058158872347));
#2294=CARTESIAN_POINT('Ctrl Pts',(112.050080862249,33.274288390396,-17.6457095989339));
#2295=CARTESIAN_POINT('Ctrl Pts',(112.055021411764,39.9891787387262,-15.7101664329227));
#2296=CARTESIAN_POINT('Ctrl Pts',(112.334619573406,45.4779358517864,-11.8175995184871));
#2297=CARTESIAN_POINT('Ctrl Pts',(113.039749187311,49.2015945431938,-6.49919348599191));
#2298=CARTESIAN_POINT('Ctrl Pts',(113.866941310022,50.2264009978653,-2.45751510054223));
#2299=CARTESIAN_POINT('Ctrl Pts',(114.374430524738,50.3472811841951,-0.446397951062067));
#2300=CARTESIAN_POINT('Ctrl Pts',(127.749768618708,-12.7696959287827,0.457154211419873));
#2301=CARTESIAN_POINT('Ctrl Pts',(123.361772663107,-13.8540486246756,-3.3485571967269));
#2302=CARTESIAN_POINT('Ctrl Pts',(116.881786499362,-15.8409186262049,-9.00071978730702));
#2303=CARTESIAN_POINT('Ctrl Pts',(108.332399834256,-19.0073970500751,-13.6042567254974));
#2304=CARTESIAN_POINT('Ctrl Pts',(102.076443638125,-21.46843885089,-15.1560387780231));
#2305=CARTESIAN_POINT('Ctrl Pts',(96.1994160630365,-23.7881055834174,-14.6497246801647));
#2306=CARTESIAN_POINT('Ctrl Pts',(91.0514915656009,-25.6716768474629,-12.2567001588395));
#2307=CARTESIAN_POINT('Ctrl Pts',(87.0252274855739,-26.8217194134192,-8.37002333930397));
#2308=CARTESIAN_POINT('Ctrl Pts',(84.4648946771705,-26.9926171242627,-3.55420008052334));
#2309=CARTESIAN_POINT('Ctrl Pts',(83.5543570892301,-26.0532080262334,1.56215957589812));
#2310=CARTESIAN_POINT('Ctrl Pts',(84.2715016795079,-24.0009576519938,6.40169941055433));
#2311=CARTESIAN_POINT('Ctrl Pts',(86.4132540906505,-20.9645660710475,10.3899537054794));
#2312=CARTESIAN_POINT('Ctrl Pts',(89.6307568279538,-17.1774491779032,13.0035284933894));
#2313=CARTESIAN_POINT('Ctrl Pts',(93.518495798381,-12.8930034563892,13.8852976475182));
#2314=CARTESIAN_POINT('Ctrl Pts',(97.7358100671042,-8.28350142546782,12.8604372413942));
#2315=CARTESIAN_POINT('Ctrl Pts',(102.038031362287,-3.42509950453364,9.94788215756979));
#2316=CARTESIAN_POINT('Ctrl Pts',(106.700612362778,2.2090140241356,4.96447477715657));
#2317=CARTESIAN_POINT('Ctrl Pts',(111.511837335075,8.71401211764871,-1.93345875584817));
#2318=CARTESIAN_POINT('Ctrl Pts',(115.530266660356,15.0520197093615,-8.21070673637529));
#2319=CARTESIAN_POINT('Ctrl Pts',(118.606589088926,20.4228683069533,-12.3523716484876));
#2320=CARTESIAN_POINT('Ctrl Pts',(120.86624048246,24.5916389704817,-14.8298875205197));
#2321=CARTESIAN_POINT('Ctrl Pts',(123.095251179357,28.8692711894365,-16.5038809287843));
#2322=CARTESIAN_POINT('Ctrl Pts',(126.026841751143,34.6093997973467,-17.5045292391124));
#2323=CARTESIAN_POINT('Ctrl Pts',(129.573821363101,41.534020607792,-16.2274287729007));
#2324=CARTESIAN_POINT('Ctrl Pts',(132.933011009405,47.2767598347034,-11.5747716642347));
#2325=CARTESIAN_POINT('Ctrl Pts',(135.373498730736,50.2118640875288,-5.87207428660869));
#2326=CARTESIAN_POINT('Ctrl Pts',(137.049661264312,50.9718670844631,-0.33902705981347));
#2327=CARTESIAN_POINT('Ctrl Pts',(138.458859892238,49.6224996814766,6.18989654548161));
#2328=CARTESIAN_POINT('Ctrl Pts',(139.30807422021,45.0697385402714,12.727598797118));
#2329=CARTESIAN_POINT('Ctrl Pts',(139.518176215267,36.9513193022813,17.2477388207046));
#2330=CARTESIAN_POINT('Ctrl Pts',(139.408836387247,28.8816883604122,17.7514679059169));
#2331=CARTESIAN_POINT('Ctrl Pts',(139.35528770398,22.3437541715306,16.1438349876229));
#2332=CARTESIAN_POINT('Ctrl Pts',(139.376580938566,16.9585707387469,13.8296152137613));
#2333=CARTESIAN_POINT('Ctrl Pts',(139.533779739424,11.1891599855971,10.2413566078304));
#2334=CARTESIAN_POINT('Ctrl Pts',(140.059739851126,3.06598534140411,3.89098573634679));
#2335=CARTESIAN_POINT('Ctrl Pts',(141.123841933368,-4.75304497189876,-3.12591670696712));
#2336=CARTESIAN_POINT('Ctrl Pts',(142.482556536705,-11.4515921886005,-8.00315468347769));
#2337=CARTESIAN_POINT('Ctrl Pts',(143.343050932057,-15.2206921066847,-10.2159021863519));
#2338=CARTESIAN_POINT('Ctrl Pts',(144.469299392444,-19.8704198033913,-12.4435380481012));
#2339=CARTESIAN_POINT('Ctrl Pts',(146.129467475984,-26.1547121216137,-13.8759908115997));
#2340=CARTESIAN_POINT('Ctrl Pts',(148.012481919461,-33.4181074939384,-12.3437291837644));
#2341=CARTESIAN_POINT('Ctrl Pts',(149.124906573051,-39.1253941887744,-7.95176753379989));
#2342=CARTESIAN_POINT('Ctrl Pts',(148.943894975239,-42.3226161148463,-1.78853224677788));
#2343=CARTESIAN_POINT('Ctrl Pts',(147.184056259309,-42.512692235697,4.81994934599768));
#2344=CARTESIAN_POINT('Ctrl Pts',(143.829748137217,-39.7642420332687,10.6013626613921));
#2345=CARTESIAN_POINT('Ctrl Pts',(139.2269132055,-34.7434261218043,14.1346702960414));
#2346=CARTESIAN_POINT('Ctrl Pts',(133.856626328479,-28.4625953652714,14.4377233744303));
#2347=CARTESIAN_POINT('Ctrl Pts',(128.026087291464,-21.7793586632786,11.168549336204));
#2348=CARTESIAN_POINT('Ctrl Pts',(121.843108496231,-15.2691390966437,4.9299895224892));
#2349=CARTESIAN_POINT('Ctrl Pts',(115.248573051092,-9.17572707197979,-2.8034931885513));
#2350=CARTESIAN_POINT('Ctrl Pts',(108.108926911737,-3.45909740097122,-10.2219924317623));
#2351=CARTESIAN_POINT('Ctrl Pts',(101.662479305834,1.1313468318202,-14.6707651429531));
#2352=CARTESIAN_POINT('Ctrl Pts',(97.0196579278449,4.28950696935784,-16.2770104833095));
#2353=CARTESIAN_POINT('Ctrl Pts',(94.3860266261839,6.06598801297767,-16.7181335122163));
#2354=CARTESIAN_POINT('Ctrl Pts',(90.4876692271011,8.69237165896374,-16.8962585616651));
#2355=CARTESIAN_POINT('Ctrl Pts',(84.9748437872803,12.4494544797197,-15.2914303173949));
#2356=CARTESIAN_POINT('Ctrl Pts',(80.6692418270041,15.8445479771219,-10.8199824456429));
#2357=CARTESIAN_POINT('Ctrl Pts',(78.3572288736731,18.3901297262554,-5.42823662728477));
#2358=CARTESIAN_POINT('Ctrl Pts',(78.0060884312213,19.7852511150751,-0.823636833601216));
#2359=CARTESIAN_POINT('Ctrl Pts',(79.4446060767022,20.8006213410937,4.78777617787485));
#2360=CARTESIAN_POINT('Ctrl Pts',(82.3191960467113,21.0965443863131,9.3573135270154));
#2361=CARTESIAN_POINT('Ctrl Pts',(87.1066157200721,20.8053538967204,13.0655727883955));
#2362=CARTESIAN_POINT('Ctrl Pts',(92.2816057479364,20.2156519778367,15.0290832187942));
#2363=CARTESIAN_POINT('Ctrl Pts',(97.9798549916321,19.4502086858167,15.4114630311981));
#2364=CARTESIAN_POINT('Ctrl Pts',(103.910019176104,18.65433761443,14.162662289667));
#2365=CARTESIAN_POINT('Ctrl Pts',(109.892524192899,17.949088431286,11.3998205406649));
#2366=CARTESIAN_POINT('Ctrl Pts',(117.836994774507,17.2441057893186,6.10109924592836));
#2367=CARTESIAN_POINT('Ctrl Pts',(127.642420211673,16.9797773645788,-2.53970379703619));
#2368=CARTESIAN_POINT('Ctrl Pts',(137.533842588129,17.665151248162,-10.3581604704354));
#2369=CARTESIAN_POINT('Ctrl Pts',(145.561866339187,18.5972294661353,-14.1905791873576));
#2370=CARTESIAN_POINT('Ctrl Pts',(152.211808277796,19.4827406720475,-15.7360883920746));
#2371=CARTESIAN_POINT('Ctrl Pts',(157.96405220955,20.2594725058761,-15.193118265171));
#2372=CARTESIAN_POINT('Ctrl Pts',(163.967954783855,20.9144291055602,-12.7365969760848));
#2373=CARTESIAN_POINT('Ctrl Pts',(169.124377105592,21.1735725006805,-8.29082258001526));
#2374=CARTESIAN_POINT('Ctrl Pts',(172.363119212349,20.2802211148934,-0.781651238328087));
#2375=CARTESIAN_POINT('Ctrl Pts',(171.740365523269,17.8854468808098,7.13436946056103));
#2376=CARTESIAN_POINT('Ctrl Pts',(167.53192818104,14.1153881794877,13.6342755210778));
#2377=CARTESIAN_POINT('Ctrl Pts',(160.760091915486,9.33374892949856,17.2210794221709));
#2378=CARTESIAN_POINT('Ctrl Pts',(154.102213325097,4.89083991083031,16.9508883768664));
#2379=CARTESIAN_POINT('Ctrl Pts',(148.791754142437,1.256167542132,14.8163549183545));
#2380=CARTESIAN_POINT('Ctrl Pts',(143.593020611641,-2.42144241301491,11.5956428782152));
#2381=CARTESIAN_POINT('Ctrl Pts',(137.44020400728,-7.1081658797757,5.90964543583627));
#2382=CARTESIAN_POINT('Ctrl Pts',(130.656004229309,-13.0392913995833,-1.91898261780557));
#2383=CARTESIAN_POINT('Ctrl Pts',(124.344060288926,-19.3863989950537,-8.92407799826725));
#2384=CARTESIAN_POINT('Ctrl Pts',(118.403745336575,-26.0252318868398,-13.4393379197121));
#2385=CARTESIAN_POINT('Ctrl Pts',(113.489071044468,-31.7810887947998,-14.3848867625378));
#2386=CARTESIAN_POINT('Ctrl Pts',(109.596274644534,-36.2293215934242,-13.0015199688729));
#2387=CARTESIAN_POINT('Ctrl Pts',(105.672938993686,-40.4123524707321,-9.67279579414798));
#2388=CARTESIAN_POINT('Ctrl Pts',(102.839176926632,-42.6153451366965,-4.31594007192146));
#2389=CARTESIAN_POINT('Ctrl Pts',(101.457571388978,-42.1238672382153,1.44783754547178));
#2390=CARTESIAN_POINT('Ctrl Pts',(101.092144958527,-40.3784753118743,5.78090710639319));
#2391=CARTESIAN_POINT('Ctrl Pts',(101.440355283243,-37.1531080052668,9.65851848742939));
#2392=CARTESIAN_POINT('Ctrl Pts',(102.426406280045,-32.5817459704862,12.4471999560392));
#2393=CARTESIAN_POINT('Ctrl Pts',(103.812046039883,-27.180033221691,13.5985304897398));
#2394=CARTESIAN_POINT('Ctrl Pts',(105.377536441595,-21.2662367033344,12.8902490683217));
#2395=CARTESIAN_POINT('Ctrl Pts',(106.940566116137,-15.0277816622927,10.2799350362972));
#2396=CARTESIAN_POINT('Ctrl Pts',(108.338702242125,-8.60657763927084,6.01300888756957));
#2397=CARTESIAN_POINT('Ctrl Pts',(109.457131967728,-2.07316891632938,0.638576887321306));
#2398=CARTESIAN_POINT('Ctrl Pts',(110.240279742622,4.59039545605921,-5.1278282544824));
#2399=CARTESIAN_POINT('Ctrl Pts',(110.690665144266,11.4505946085958,-10.5182213786426));
#2400=CARTESIAN_POINT('Ctrl Pts',(110.856554408184,18.5666170254157,-14.8052960417964));
#2401=CARTESIAN_POINT('Ctrl Pts',(110.826820116366,25.9209991428853,-17.3559582264884));
#2402=CARTESIAN_POINT('Ctrl Pts',(110.730090980689,33.2613833910227,-17.7091900455809));
#2403=CARTESIAN_POINT('Ctrl Pts',(110.73500875838,40.0352784103913,-15.7703374200557));
#2404=CARTESIAN_POINT('Ctrl Pts',(111.018385714953,45.6132414254901,-11.8310708532452));
#2405=CARTESIAN_POINT('Ctrl Pts',(111.738984487693,49.4335384828288,-6.39920487608302));
#2406=CARTESIAN_POINT('Ctrl Pts',(112.592269191936,50.499420649619,-2.23150380485903));
#2407=CARTESIAN_POINT('Ctrl Pts',(113.118210924407,50.627649229037,-0.149341186587808));
#2408=CARTESIAN_POINT('Ctrl Pts',(128.124671512088,-12.677290664778,-1.10474129844107E-12));
#2409=CARTESIAN_POINT('Ctrl Pts',(123.736136543731,-13.7589673856199,-3.80564244221036));
#2410=CARTESIAN_POINT('Ctrl Pts',(117.226273897409,-15.7489527440866,-9.48792406662571));
#2411=CARTESIAN_POINT('Ctrl Pts',(108.547001454284,-18.9569902302135,-14.166819268229));
#2412=CARTESIAN_POINT('Ctrl Pts',(102.137561963639,-21.473799060411,-15.7610271119629));
#2413=CARTESIAN_POINT('Ctrl Pts',(96.0749616928177,-23.8623347331533,-15.2422063687857));
#2414=CARTESIAN_POINT('Ctrl Pts',(90.7484981327513,-25.806954484105,-12.7686616870584));
#2415=CARTESIAN_POINT('Ctrl Pts',(86.5734697949485,-26.9954876289464,-8.74249378876808));
#2416=CARTESIAN_POINT('Ctrl Pts',(83.9086874653797,-27.1704050410154,-3.7378158582334));
#2417=CARTESIAN_POINT('Ctrl Pts',(82.9584299467895,-26.1878652283332,1.59188716315054));
#2418=CARTESIAN_POINT('Ctrl Pts',(83.7038098563366,-24.0510266930525,6.61690731225552));
#2419=CARTESIAN_POINT('Ctrl Pts',(85.9174351471101,-20.9081657772826,10.7359577519617));
#2420=CARTESIAN_POINT('Ctrl Pts',(89.2296654097648,-17.0047488723364,13.4237965990697));
#2421=CARTESIAN_POINT('Ctrl Pts',(93.2166934155824,-12.6061886576568,14.3235107716998));
#2422=CARTESIAN_POINT('Ctrl Pts',(97.5143452149104,-7.90412734670534,13.2720829256935));
#2423=CARTESIAN_POINT('Ctrl Pts',(101.863027048633,-2.98806826484064,10.3198263036483));
#2424=CARTESIAN_POINT('Ctrl Pts',(106.54586839585,2.67632521260169,5.30609923626647));
#2425=CARTESIAN_POINT('Ctrl Pts',(111.352753614469,9.18296653300625,-1.59654941193743));
#2426=CARTESIAN_POINT('Ctrl Pts',(115.348863450925,15.4931701147979,-7.84639538453339));
#2427=CARTESIAN_POINT('Ctrl Pts',(118.394644480786,20.8166269122502,-11.9524876320879));
#2428=CARTESIAN_POINT('Ctrl Pts',(120.624172950789,24.9341307800245,-14.4000894507727));
#2429=CARTESIAN_POINT('Ctrl Pts',(122.815426157855,29.143796849192,-16.0481718382694));
#2430=CARTESIAN_POINT('Ctrl Pts',(125.688308154429,34.7746453288385,-17.030682716003));
#2431=CARTESIAN_POINT('Ctrl Pts',(129.156365341475,41.5518632871934,-15.7832493744554));
#2432=CARTESIAN_POINT('Ctrl Pts',(132.445942825017,47.1828584499829,-11.2286097304855));
#2433=CARTESIAN_POINT('Ctrl Pts',(134.838842619385,50.0661279675894,-5.63568980496161));
#2434=CARTESIAN_POINT('Ctrl Pts',(136.484397637332,50.8168197386259,-0.202092662868362));
#2435=CARTESIAN_POINT('Ctrl Pts',(137.871546751961,49.4942426010032,6.22622187602881));
#2436=CARTESIAN_POINT('Ctrl Pts',(138.712070125038,45.0002996289082,12.6959849703172));
#2437=CARTESIAN_POINT('Ctrl Pts',(138.921123568304,36.9410412201756,17.1948013140784));
#2438=CARTESIAN_POINT('Ctrl Pts',(138.812042833265,28.8958104974991,17.7050472018668));
#2439=CARTESIAN_POINT('Ctrl Pts',(138.758267101817,22.36186149659,16.1025282796345));
#2440=CARTESIAN_POINT('Ctrl Pts',(138.77932822511,16.9732320871844,13.7907586551595));
#2441=CARTESIAN_POINT('Ctrl Pts',(138.936490353898,11.1942351596074,10.2006944272332));
#2442=CARTESIAN_POINT('Ctrl Pts',(139.463164522834,3.0514979334375,3.84173505293116));
#2443=CARTESIAN_POINT('Ctrl Pts',(140.529792783692,-4.79280981243501,-3.19145065172863));
#2444=CARTESIAN_POINT('Ctrl Pts',(141.893514636308,-11.5200876271537,-8.08485689321954));
#2445=CARTESIAN_POINT('Ctrl Pts',(142.75781618239,-15.3080206809577,-10.3057350808369));
#2446=CARTESIAN_POINT('Ctrl Pts',(143.88947541852,-19.9824301864334,-12.5423618876671));
#2447=CARTESIAN_POINT('Ctrl Pts',(145.558871776458,-26.3042383399453,-13.9791556124022));
#2448=CARTESIAN_POINT('Ctrl Pts',(147.448032137977,-33.5952802557745,-12.4330855292378));
#2449=CARTESIAN_POINT('Ctrl Pts',(148.557187652456,-39.293749814435,-8.03595828767287));
#2450=CARTESIAN_POINT('Ctrl Pts',(148.373513708133,-42.4624108178799,-1.9061777336795));
#2451=CARTESIAN_POINT('Ctrl Pts',(146.631928125037,-42.6408918257519,4.62240923154023));
#2452=CARTESIAN_POINT('Ctrl Pts',(143.327252959718,-39.9270260943875,10.3135110623545));
#2453=CARTESIAN_POINT('Ctrl Pts',(138.806211389863,-34.9894684221647,13.7780008436653));
#2454=CARTESIAN_POINT('Ctrl Pts',(133.540223497882,-28.8251277853211,14.0724366008903));
#2455=CARTESIAN_POINT('Ctrl Pts',(127.794373887252,-22.2329874483613,10.8499975205015));
#2456=CARTESIAN_POINT('Ctrl Pts',(121.661173637805,-15.7691913306186,4.65630880312061));
#2457=CARTESIAN_POINT('Ctrl Pts',(115.092092978283,-9.69428070604007,-3.05588912136551));
#2458=CARTESIAN_POINT('Ctrl Pts',(107.954685514137,-3.97484665998959,-10.4812783335179));
#2459=CARTESIAN_POINT('Ctrl Pts',(101.479671942346,0.639483442395339,-14.958697655695));
#2460=CARTESIAN_POINT('Ctrl Pts',(96.7920991765887,3.83004205738347,-16.584610574573));
#2461=CARTESIAN_POINT('Ctrl Pts',(94.1265026259883,5.6292407677737,-17.0329393139756));
#2462=CARTESIAN_POINT('Ctrl Pts',(90.1743990021643,8.29342698853677,-17.2160263311492));
#2463=CARTESIAN_POINT('Ctrl Pts',(84.5638538358341,12.1195654245558,-15.5898481700635));
#2464=CARTESIAN_POINT('Ctrl Pts',(80.1602146836493,15.5936159728871,-11.0254496881969));
#2465=CARTESIAN_POINT('Ctrl Pts',(77.785008552483,18.2100656590802,-5.49518467134309));
#2466=CARTESIAN_POINT('Ctrl Pts',(77.4198683552788,19.6516884251569,-0.751164928837926));
#2467=CARTESIAN_POINT('Ctrl Pts',(78.9034233638348,20.7040934760623,5.04192477957787));
#2468=CARTESIAN_POINT('Ctrl Pts',(81.8694540399266,21.0130666425412,9.75815626141779));
#2469=CARTESIAN_POINT('Ctrl Pts',(86.8063978315625,20.7169410724855,13.583626044849));
#2470=CARTESIAN_POINT('Ctrl Pts',(92.1421384904755,20.1126531158133,15.6093723499268));
#2471=CARTESIAN_POINT('Ctrl Pts',(98.0091442620625,19.3281269258025,16.0031358827925));
#2472=CARTESIAN_POINT('Ctrl Pts',(104.085672109945,18.5164931282813,14.7222717974363));
#2473=CARTESIAN_POINT('Ctrl Pts',(110.171638209783,17.8028224108428,11.910561070277));
#2474=CARTESIAN_POINT('Ctrl Pts',(118.198617166759,17.0959031395735,6.55607784726411));
#2475=CARTESIAN_POINT('Ctrl Pts',(128.0312186186,16.8385561707047,-2.11017721345597));
#2476=CARTESIAN_POINT('Ctrl Pts',(137.871301854639,17.5282477018946,-9.87855694851632));
#2477=CARTESIAN_POINT('Ctrl Pts',(145.77842113127,18.451370482019,-13.6480422472262));
#2478=CARTESIAN_POINT('Ctrl Pts',(152.276382342916,19.3206686056783,-15.1544035003603));
#2479=CARTESIAN_POINT('Ctrl Pts',(157.857361696406,20.0776415308261,-14.6235628884476));
#2480=CARTESIAN_POINT('Ctrl Pts',(163.669653381762,20.7158569311925,-12.2448268927836));
#2481=CARTESIAN_POINT('Ctrl Pts',(168.650232619687,20.969544150686,-7.9445902128063));
#2482=CARTESIAN_POINT('Ctrl Pts',(171.763831877151,20.1137823600208,-0.715622890737439));
#2483=CARTESIAN_POINT('Ctrl Pts',(171.1670367846,17.8155888678428,6.90322512990071));
#2484=CARTESIAN_POINT('Ctrl Pts',(167.09667944949,14.1723906557669,13.2009779594841));
#2485=CARTESIAN_POINT('Ctrl Pts',(160.515570988575,9.53044468344258,16.6920457146855));
#2486=CARTESIAN_POINT('Ctrl Pts',(154.012277824341,5.19500354272392,16.4366132808524));
#2487=CARTESIAN_POINT('Ctrl Pts',(148.786060376817,1.62183985253535,14.3405836319887));
#2488=CARTESIAN_POINT('Ctrl Pts',(143.644965835587,-2.01118631559312,11.1601020175254));
#2489=CARTESIAN_POINT('Ctrl Pts',(137.520023770762,-6.67068799082378,5.50886176890325));
#2490=CARTESIAN_POINT('Ctrl Pts',(130.726375373978,-12.602526295898,-2.32301653005987));
#2491=CARTESIAN_POINT('Ctrl Pts',(124.369439309758,-18.9864114282615,-9.37304314868169));
#2492=CARTESIAN_POINT('Ctrl Pts',(118.334372222145,-25.7218664980795,-13.9633904142617));
#2493=CARTESIAN_POINT('Ctrl Pts',(113.286296181103,-31.6267152440405,-14.9396153872815));
#2494=CARTESIAN_POINT('Ctrl Pts',(109.272825152415,-36.2070039761269,-13.5130294272029));
#2495=CARTESIAN_POINT('Ctrl Pts',(105.226032704711,-40.5144787277746,-10.0811841953759));
#2496=CARTESIAN_POINT('Ctrl Pts',(102.300956625099,-42.7832640277888,-4.55610065319793));
#2497=CARTESIAN_POINT('Ctrl Pts',(100.87445538527,-42.2711915347135,1.38860318001633));
#2498=CARTESIAN_POINT('Ctrl Pts',(100.498961724424,-40.4725014549207,5.83881660777644));
#2499=CARTESIAN_POINT('Ctrl Pts',(100.854816721903,-37.171156999288,9.79838164457045));
#2500=CARTESIAN_POINT('Ctrl Pts',(101.857558672595,-32.5168576174834,12.6305927169909));
#2501=CARTESIAN_POINT('Ctrl Pts',(103.260860502945,-27.0410006099307,13.791552284742));
#2502=CARTESIAN_POINT('Ctrl Pts',(104.838965589587,-21.0741932392,13.0706013714975));
#2503=CARTESIAN_POINT('Ctrl Pts',(106.406977070993,-14.8097333852832,10.4432349528673));
#2504=CARTESIAN_POINT('Ctrl Pts',(107.804721040729,-8.38348790422133,6.1675887562004));
#2505=CARTESIAN_POINT('Ctrl Pts',(108.920030447781,-1.85916164340379,0.795422118670178));
#2506=CARTESIAN_POINT('Ctrl Pts',(109.699176891913,4.78400014623014,-4.95801455340387));
#2507=CARTESIAN_POINT('Ctrl Pts',(110.145703899824,11.6113072992738,-10.3266598434045));
#2508=CARTESIAN_POINT('Ctrl Pts',(110.308777108359,18.6782031374757,-14.5870951473795));
#2509=CARTESIAN_POINT('Ctrl Pts',(110.277737551312,25.9645703282491,-17.1167032360804));
#2510=CARTESIAN_POINT('Ctrl Pts',(110.180608696867,33.2290675651543,-17.469620583586));
#2511=CARTESIAN_POINT('Ctrl Pts',(110.183973019397,39.9414155923095,-15.5533113720796));
#2512=CARTESIAN_POINT('Ctrl Pts',(110.463720314875,45.4832738517484,-11.6459192527276));
#2513=CARTESIAN_POINT('Ctrl Pts',(111.179336138366,49.2909902465578,-6.24171273827897));
#2514=CARTESIAN_POINT('Ctrl Pts',(112.03013513592,50.3594626338733,-2.08154868234304));
#2515=CARTESIAN_POINT('Ctrl Pts',(112.555585457047,50.4889745061547,-6.4698246760031E-13));
#2516=CARTESIAN_POINT('Ctrl Pts',(128.124671512088,-12.677290664778,-1.10474129844107E-12));
#2517=CARTESIAN_POINT('Ctrl Pts',(123.736136543731,-13.7589673856199,-3.80564244221036));
#2518=CARTESIAN_POINT('Ctrl Pts',(117.226273897409,-15.7489527440866,-9.48792406662571));
#2519=CARTESIAN_POINT('Ctrl Pts',(108.547001454284,-18.9569902302135,-14.166819268229));
#2520=CARTESIAN_POINT('Ctrl Pts',(102.137561963639,-21.473799060411,-15.7610271119629));
#2521=CARTESIAN_POINT('Ctrl Pts',(96.0749616928177,-23.8623347331533,-15.2422063687857));
#2522=CARTESIAN_POINT('Ctrl Pts',(90.7484981327513,-25.806954484105,-12.7686616870584));
#2523=CARTESIAN_POINT('Ctrl Pts',(86.5734697949485,-26.9954876289464,-8.74249378876808));
#2524=CARTESIAN_POINT('Ctrl Pts',(83.9086874653797,-27.1704050410154,-3.7378158582334));
#2525=CARTESIAN_POINT('Ctrl Pts',(82.9584299467895,-26.1878652283332,1.59188716315054));
#2526=CARTESIAN_POINT('Ctrl Pts',(83.7038098563366,-24.0510266930525,6.61690731225552));
#2527=CARTESIAN_POINT('Ctrl Pts',(85.9174351471101,-20.9081657772826,10.7359577519617));
#2528=CARTESIAN_POINT('Ctrl Pts',(89.2296654097648,-17.0047488723364,13.4237965990697));
#2529=CARTESIAN_POINT('Ctrl Pts',(93.2166934155824,-12.6061886576568,14.3235107716998));
#2530=CARTESIAN_POINT('Ctrl Pts',(97.5143452149104,-7.90412734670534,13.2720829256935));
#2531=CARTESIAN_POINT('Ctrl Pts',(101.863027048633,-2.98806826484064,10.3198263036483));
#2532=CARTESIAN_POINT('Ctrl Pts',(106.54586839585,2.67632521260169,5.30609923626647));
#2533=CARTESIAN_POINT('Ctrl Pts',(111.352753614469,9.18296653300625,-1.59654941193743));
#2534=CARTESIAN_POINT('Ctrl Pts',(115.348863450925,15.4931701147979,-7.84639538453339));
#2535=CARTESIAN_POINT('Ctrl Pts',(118.394644480786,20.8166269122502,-11.9524876320879));
#2536=CARTESIAN_POINT('Ctrl Pts',(120.624172950789,24.9341307800245,-14.4000894507727));
#2537=CARTESIAN_POINT('Ctrl Pts',(122.815426157855,29.143796849192,-16.0481718382694));
#2538=CARTESIAN_POINT('Ctrl Pts',(125.688308154429,34.7746453288385,-17.030682716003));
#2539=CARTESIAN_POINT('Ctrl Pts',(129.156365341475,41.5518632871934,-15.7832493744554));
#2540=CARTESIAN_POINT('Ctrl Pts',(132.445942825017,47.1828584499829,-11.2286097304855));
#2541=CARTESIAN_POINT('Ctrl Pts',(134.838842619385,50.0661279675894,-5.63568980496161));
#2542=CARTESIAN_POINT('Ctrl Pts',(136.484397637332,50.8168197386259,-0.202092662868362));
#2543=CARTESIAN_POINT('Ctrl Pts',(137.871546751961,49.4942426010032,6.22622187602881));
#2544=CARTESIAN_POINT('Ctrl Pts',(138.712070125038,45.0002996289082,12.6959849703172));
#2545=CARTESIAN_POINT('Ctrl Pts',(138.921123568304,36.9410412201756,17.1948013140784));
#2546=CARTESIAN_POINT('Ctrl Pts',(138.812042833265,28.8958104974991,17.7050472018668));
#2547=CARTESIAN_POINT('Ctrl Pts',(138.758267101817,22.36186149659,16.1025282796345));
#2548=CARTESIAN_POINT('Ctrl Pts',(138.77932822511,16.9732320871844,13.7907586551595));
#2549=CARTESIAN_POINT('Ctrl Pts',(138.936490353898,11.1942351596074,10.2006944272332));
#2550=CARTESIAN_POINT('Ctrl Pts',(139.463164522834,3.0514979334375,3.84173505293116));
#2551=CARTESIAN_POINT('Ctrl Pts',(140.529792783692,-4.79280981243501,-3.19145065172863));
#2552=CARTESIAN_POINT('Ctrl Pts',(141.893514636308,-11.5200876271537,-8.08485689321954));
#2553=CARTESIAN_POINT('Ctrl Pts',(142.75781618239,-15.3080206809577,-10.3057350808369));
#2554=CARTESIAN_POINT('Ctrl Pts',(143.88947541852,-19.9824301864334,-12.5423618876671));
#2555=CARTESIAN_POINT('Ctrl Pts',(145.558871776458,-26.3042383399453,-13.9791556124022));
#2556=CARTESIAN_POINT('Ctrl Pts',(147.448032137977,-33.5952802557745,-12.4330855292378));
#2557=CARTESIAN_POINT('Ctrl Pts',(148.557187652456,-39.293749814435,-8.03595828767287));
#2558=CARTESIAN_POINT('Ctrl Pts',(148.373513708133,-42.4624108178799,-1.9061777336795));
#2559=CARTESIAN_POINT('Ctrl Pts',(146.631928125037,-42.6408918257519,4.62240923154023));
#2560=CARTESIAN_POINT('Ctrl Pts',(143.327252959718,-39.9270260943875,10.3135110623545));
#2561=CARTESIAN_POINT('Ctrl Pts',(138.806211389863,-34.9894684221647,13.7780008436653));
#2562=CARTESIAN_POINT('Ctrl Pts',(133.540223497882,-28.8251277853211,14.0724366008903));
#2563=CARTESIAN_POINT('Ctrl Pts',(127.794373887252,-22.2329874483613,10.8499975205015));
#2564=CARTESIAN_POINT('Ctrl Pts',(121.661173637805,-15.7691913306186,4.65630880312061));
#2565=CARTESIAN_POINT('Ctrl Pts',(115.092092978283,-9.69428070604007,-3.05588912136551));
#2566=CARTESIAN_POINT('Ctrl Pts',(107.954685514137,-3.97484665998959,-10.4812783335179));
#2567=CARTESIAN_POINT('Ctrl Pts',(101.479671942346,0.639483442395339,-14.958697655695));
#2568=CARTESIAN_POINT('Ctrl Pts',(96.7920991765887,3.83004205738347,-16.584610574573));
#2569=CARTESIAN_POINT('Ctrl Pts',(94.1265026259883,5.6292407677737,-17.0329393139756));
#2570=CARTESIAN_POINT('Ctrl Pts',(90.1743990021643,8.29342698853677,-17.2160263311492));
#2571=CARTESIAN_POINT('Ctrl Pts',(84.5638538358341,12.1195654245558,-15.5898481700635));
#2572=CARTESIAN_POINT('Ctrl Pts',(80.1602146836493,15.5936159728871,-11.0254496881969));
#2573=CARTESIAN_POINT('Ctrl Pts',(77.785008552483,18.2100656590802,-5.49518467134309));
#2574=CARTESIAN_POINT('Ctrl Pts',(77.4198683552788,19.6516884251569,-0.751164928837926));
#2575=CARTESIAN_POINT('Ctrl Pts',(78.9034233638348,20.7040934760623,5.04192477957787));
#2576=CARTESIAN_POINT('Ctrl Pts',(81.8694540399266,21.0130666425412,9.75815626141779));
#2577=CARTESIAN_POINT('Ctrl Pts',(86.8063978315625,20.7169410724855,13.583626044849));
#2578=CARTESIAN_POINT('Ctrl Pts',(92.1421384904755,20.1126531158133,15.6093723499268));
#2579=CARTESIAN_POINT('Ctrl Pts',(98.0091442620625,19.3281269258025,16.0031358827925));
#2580=CARTESIAN_POINT('Ctrl Pts',(104.085672109945,18.5164931282813,14.7222717974363));
#2581=CARTESIAN_POINT('Ctrl Pts',(110.171638209783,17.8028224108428,11.910561070277));
#2582=CARTESIAN_POINT('Ctrl Pts',(118.198617166759,17.0959031395735,6.55607784726411));
#2583=CARTESIAN_POINT('Ctrl Pts',(128.0312186186,16.8385561707047,-2.11017721345597));
#2584=CARTESIAN_POINT('Ctrl Pts',(137.871301854639,17.5282477018946,-9.87855694851632));
#2585=CARTESIAN_POINT('Ctrl Pts',(145.77842113127,18.451370482019,-13.6480422472262));
#2586=CARTESIAN_POINT('Ctrl Pts',(152.276382342916,19.3206686056783,-15.1544035003603));
#2587=CARTESIAN_POINT('Ctrl Pts',(157.857361696406,20.0776415308261,-14.6235628884476));
#2588=CARTESIAN_POINT('Ctrl Pts',(163.669653381762,20.7158569311925,-12.2448268927836));
#2589=CARTESIAN_POINT('Ctrl Pts',(168.650232619687,20.969544150686,-7.9445902128063));
#2590=CARTESIAN_POINT('Ctrl Pts',(171.763831877151,20.1137823600208,-0.715622890737439));
#2591=CARTESIAN_POINT('Ctrl Pts',(171.1670367846,17.8155888678428,6.90322512990071));
#2592=CARTESIAN_POINT('Ctrl Pts',(167.09667944949,14.1723906557669,13.2009779594841));
#2593=CARTESIAN_POINT('Ctrl Pts',(160.515570988575,9.53044468344258,16.6920457146855));
#2594=CARTESIAN_POINT('Ctrl Pts',(154.012277824341,5.19500354272392,16.4366132808524));
#2595=CARTESIAN_POINT('Ctrl Pts',(148.786060376817,1.62183985253535,14.3405836319887));
#2596=CARTESIAN_POINT('Ctrl Pts',(143.644965835587,-2.01118631559312,11.1601020175254));
#2597=CARTESIAN_POINT('Ctrl Pts',(137.520023770762,-6.67068799082378,5.50886176890325));
#2598=CARTESIAN_POINT('Ctrl Pts',(130.726375373978,-12.602526295898,-2.32301653005987));
#2599=CARTESIAN_POINT('Ctrl Pts',(124.369439309758,-18.9864114282615,-9.37304314868169));
#2600=CARTESIAN_POINT('Ctrl Pts',(118.334372222145,-25.7218664980795,-13.9633904142617));
#2601=CARTESIAN_POINT('Ctrl Pts',(113.286296181103,-31.6267152440405,-14.9396153872815));
#2602=CARTESIAN_POINT('Ctrl Pts',(109.272825152415,-36.2070039761269,-13.5130294272029));
#2603=CARTESIAN_POINT('Ctrl Pts',(105.226032704711,-40.5144787277746,-10.0811841953759));
#2604=CARTESIAN_POINT('Ctrl Pts',(102.300956625099,-42.7832640277888,-4.55610065319793));
#2605=CARTESIAN_POINT('Ctrl Pts',(100.87445538527,-42.2711915347135,1.38860318001633));
#2606=CARTESIAN_POINT('Ctrl Pts',(100.498961724424,-40.4725014549207,5.83881660777644));
#2607=CARTESIAN_POINT('Ctrl Pts',(100.854816721903,-37.171156999288,9.79838164457045));
#2608=CARTESIAN_POINT('Ctrl Pts',(101.857558672595,-32.5168576174834,12.6305927169909));
#2609=CARTESIAN_POINT('Ctrl Pts',(103.260860502945,-27.0410006099307,13.791552284742));
#2610=CARTESIAN_POINT('Ctrl Pts',(104.838965589587,-21.0741932392,13.0706013714975));
#2611=CARTESIAN_POINT('Ctrl Pts',(106.406977070993,-14.8097333852832,10.4432349528673));
#2612=CARTESIAN_POINT('Ctrl Pts',(107.804721040729,-8.38348790422133,6.1675887562004));
#2613=CARTESIAN_POINT('Ctrl Pts',(108.920030447781,-1.85916164340379,0.795422118670178));
#2614=CARTESIAN_POINT('Ctrl Pts',(109.699176891913,4.78400014623014,-4.95801455340387));
#2615=CARTESIAN_POINT('Ctrl Pts',(110.145703899824,11.6113072992738,-10.3266598434045));
#2616=CARTESIAN_POINT('Ctrl Pts',(110.308777108359,18.6782031374757,-14.5870951473795));
#2617=CARTESIAN_POINT('Ctrl Pts',(110.277737551312,25.9645703282491,-17.1167032360804));
#2618=CARTESIAN_POINT('Ctrl Pts',(110.180608696867,33.2290675651543,-17.469620583586));
#2619=CARTESIAN_POINT('Ctrl Pts',(110.183973019397,39.9414155923095,-15.5533113720796));
#2620=CARTESIAN_POINT('Ctrl Pts',(110.463720314875,45.4832738517484,-11.6459192527276));
#2621=CARTESIAN_POINT('Ctrl Pts',(111.179336138366,49.2909902465578,-6.24171273827897));
#2622=CARTESIAN_POINT('Ctrl Pts',(112.03013513592,50.3594626338733,-2.08154868234304));
#2623=CARTESIAN_POINT('Ctrl Pts',(112.555585457047,50.4889745061547,-6.4698246760031E-13));
#2624=UNCERTAINTY_MEASURE_WITH_UNIT(LENGTH_MEASURE(0.01),#2628,
'DISTANCE_ACCURACY_VALUE',
'Maximum model space distance between geometric entities at asserted c
onnectivities');
#2625=UNCERTAINTY_MEASURE_WITH_UNIT(LENGTH_MEASURE(0.01),#2628,
'DISTANCE_ACCURACY_VALUE',
'Maximum model space distance between geometric entities at asserted c
onnectivities');
#2626=(
GEOMETRIC_REPRESENTATION_CONTEXT(3)
GLOBAL_UNCERTAINTY_ASSIGNED_CONTEXT((#2624))
GLOBAL_UNIT_ASSIGNED_CONTEXT((#2628,#2630,#2631))
REPRESENTATION_CONTEXT('','3D')
);
#2627=(
GEOMETRIC_REPRESENTATION_CONTEXT(3)
GLOBAL_UNCERTAINTY_ASSIGNED_CONTEXT((#2625))
GLOBAL_UNIT_ASSIGNED_CONTEXT((#2628,#2630,#2631))
REPRESENTATION_CONTEXT('','3D')
);
#2628=(
LENGTH_UNIT()
NAMED_UNIT(*)
SI_UNIT(.MILLI.,.METRE.)
);
#2629=(
LENGTH_UNIT()
NAMED_UNIT(*)
SI_UNIT($,.METRE.)
);
#2630=(
NAMED_UNIT(*)
PLANE_ANGLE_UNIT()
SI_UNIT($,.RADIAN.)
);
#2631=(
NAMED_UNIT(*)
SI_UNIT($,.STERADIAN.)
SOLID_ANGLE_UNIT()
);
#2632=SHAPE_DEFINITION_REPRESENTATION(#2633,#2634);
#2633=PRODUCT_DEFINITION_SHAPE('',$,#2636);
#2634=SHAPE_REPRESENTATION('',(#54),#2626);
#2635=PRODUCT_DEFINITION_CONTEXT('part definition',#2640,'design');
#2636=PRODUCT_DEFINITION('2026-08-15-11-26-32-801','13-loop',#2637,#2635);
#2637=PRODUCT_DEFINITION_FORMATION('',$,#2642);
#2638=PRODUCT_RELATED_PRODUCT_CATEGORY('13-loop','13-loop',(#2642));
#2639=APPLICATION_PROTOCOL_DEFINITION('international standard',
'automotive_design',2009,#2640);
#2640=APPLICATION_CONTEXT(
'Core Data for Automotive Mechanical Design Process');
#2641=PRODUCT_CONTEXT('part definition',#2640,'mechanical');
#2642=PRODUCT('2026-08-15-11-26-32-801','13-loop',$,(#2641));
#2643=PRESENTATION_STYLE_ASSIGNMENT((#2645));
#2644=PRESENTATION_STYLE_ASSIGNMENT((#2646));
#2645=SURFACE_STYLE_USAGE(.BOTH.,#2647);
#2646=SURFACE_STYLE_USAGE(.BOTH.,#2648);
#2647=SURFACE_SIDE_STYLE('',(#2649));
#2648=SURFACE_SIDE_STYLE('',(#2650));
#2649=SURFACE_STYLE_FILL_AREA(#2651);
#2650=SURFACE_STYLE_FILL_AREA(#2652);
#2651=FILL_AREA_STYLE('Steel - Satin',(#2653));
#2652=FILL_AREA_STYLE('Steel - Satin',(#2654));
#2653=FILL_AREA_STYLE_COLOUR('Steel - Satin',#2655);
#2654=FILL_AREA_STYLE_COLOUR('Steel - Satin',#2656);
#2655=COLOUR_RGB('Steel - Satin',0.627450980392157,0.627450980392157,0.627450980392157);
#2656=COLOUR_RGB('Steel - Satin',0.305882352941176,0.870588235294118,0.286274509803922);
ENDSEC;
END-ISO-10303-21;
