ISO-10303-21;
HEADER;
/* Generated by software containing ST-Developer
 * from STEP Tools, Inc. (www.steptools.com) 
 */

FILE_DESCRIPTION(
/* description */ (''),
/* implementation_level */ '2;1');

FILE_NAME(
/* name */ '5-loops.step',
/* time_stamp */ '2026-08-14T20:01:49+05:30',
/* author */ (''),
/* organization */ (''),
/* preprocessor_version */ 'ST-DEVELOPER v20.1',
/* originating_system */ 'Autodesk Translation Framework v15.8.0.0',
/* authorisation */ '');

FILE_SCHEMA (('AUTOMOTIVE_DESIGN { 1 0 10303 214 3 1 1 }'));
ENDSEC;

DATA;
#10=MECHANICAL_DESIGN_GEOMETRIC_PRESENTATION_REPRESENTATION('',(#13),#2183);
#11=SHAPE_REPRESENTATION_RELATIONSHIP('SRR','None',#2190,#12);
#12=ADVANCED_BREP_SHAPE_REPRESENTATION('',(#14),#2182);
#13=STYLED_ITEM('',(#2200),#14);
#14=MANIFOLD_SOLID_BREP('Body12',#41);
#15=FACE_OUTER_BOUND('',#17,.T.);
#16=FACE_OUTER_BOUND('',#18,.T.);
#17=EDGE_LOOP('',(#29,#30,#31,#32));
#18=EDGE_LOOP('',(#33,#34,#35,#36));
#19=B_SPLINE_CURVE_WITH_KNOTS('',3,(#1012,#1013,#1014,#1015,#1016,#1017,
#1018,#1019,#1020,#1021,#1022,#1023,#1024,#1025,#1026,#1027,#1028,#1029,
#1030,#1031,#1032,#1033,#1034,#1035,#1036,#1037,#1038,#1039,#1040,#1041,
#1042,#1043,#1044,#1045,#1046,#1047,#1048,#1049,#1050,#1051,#1052,#1053,
#1054,#1055,#1056,#1057,#1058,#1059,#1060,#1061,#1062,#1063,#1064,#1065,
#1066,#1067,#1068,#1069,#1070,#1071,#1072,#1073,#1074),.UNSPECIFIED.,.F.,
 .F.,(4,1,1,1,1,1,1,1,1,1,1,1,1,1,1,1,1,1,1,1,1,1,1,1,1,1,1,1,1,1,1,1,1,
1,1,1,1,1,1,1,1,1,1,1,1,1,1,1,1,1,1,1,1,1,1,1,1,1,1,1,4),(0.,0.00446428571428571,
0.00892857142857143,0.0178571428571429,0.0267857142857143,0.0357142857142857,
0.0446428571428571,0.0535714285714286,0.0625,0.0669642857142857,0.0691964285714286,
0.0714285714285714,0.0833333333333333,0.0952380952380952,0.107142857142857,
0.119047619047619,0.125,0.130952380952381,0.136904761904762,0.142857142857143,
0.154761904761905,0.160714285714286,0.163690476190476,0.166666666666667,
0.178571428571429,0.19047619047619,0.198412698412698,0.206349206349206,
0.214285714285714,0.222222222222222,0.238095238095238,0.25,0.261904761904762,
0.267857142857143,0.273809523809524,0.285714285714286,0.297619047619048,
0.309523809523809,0.321428571428571,0.327380952380952,0.333333333333333,
0.341269841269841,0.349206349206349,0.357142857142857,0.369047619047619,
0.380952380952381,0.392857142857143,0.401785714285714,0.410714285714286,
0.412946428571429,0.415178571428571,0.419642857142857,0.428571428571429,
0.4375,0.446428571428571,0.455357142857143,0.464285714285714,0.473214285714286,
0.482142857142857,0.491071428571429,0.5),.UNSPECIFIED.);
#20=B_SPLINE_CURVE_WITH_KNOTS('',3,(#2111,#2112,#2113,#2114,#2115,#2116,
#2117,#2118,#2119,#2120,#2121,#2122,#2123,#2124,#2125,#2126,#2127,#2128,
#2129,#2130,#2131,#2132,#2133,#2134,#2135,#2136,#2137,#2138,#2139,#2140,
#2141,#2142,#2143,#2144,#2145,#2146,#2147,#2148,#2149,#2150,#2151,#2152,
#2153,#2154,#2155,#2156,#2157,#2158,#2159,#2160,#2161,#2162,#2163,#2164,
#2165,#2166,#2167,#2168,#2169,#2170,#2171,#2172,#2173,#2174,#2175,#2176,
#2177,#2178,#2179),.UNSPECIFIED.,.F.,.F.,(4,1,1,1,1,1,1,1,1,1,1,1,1,1,1,
1,1,1,1,1,1,1,1,1,1,1,1,1,1,1,1,1,1,1,1,1,1,1,1,1,1,1,1,1,1,1,1,1,1,1,1,
1,1,1,1,1,1,1,1,1,1,1,1,1,1,1,4),(0.5,0.517857142857143,0.526785714285714,
0.535714285714286,0.544642857142857,0.553571428571429,0.558035714285714,
0.5625,0.571428571428571,0.579365079365079,0.587301587301587,0.595238095238095,
0.601190476190476,0.607142857142857,0.619047619047619,0.630952380952381,
0.642857142857143,0.650793650793651,0.658730158730159,0.666666666666667,
0.672619047619048,0.678571428571429,0.69047619047619,0.696428571428571,
0.702380952380952,0.714285714285714,0.726190476190476,0.732142857142857,
0.735119047619048,0.736607142857143,0.738095238095238,0.75,0.761904761904762,
0.76984126984127,0.777777777777778,0.785714285714286,0.793650793650794,
0.801587301587302,0.80952380952381,0.821428571428571,0.833333333333333,
0.845238095238095,0.857142857142857,0.863095238095238,0.869047619047619,
0.875,0.880952380952381,0.892857142857143,0.904761904761905,0.916666666666667,
0.928571428571429,0.929129464285714,0.9296875,0.930803571428571,0.931919642857143,
0.933035714285714,0.935267857142857,0.936383928571429,0.9375,0.946428571428571,
0.955357142857143,0.964285714285714,0.973214285714286,0.982142857142857,
0.991071428571429,0.995535714285714,1.),.UNSPECIFIED.);
#21=CIRCLE('',#55,5.00000000000001);
#22=CIRCLE('',#56,5.00000000000001);
#23=VERTEX_POINT('',#1009);
#24=VERTEX_POINT('',#1011);
#25=EDGE_CURVE('',#23,#23,#21,.T.);
#26=EDGE_CURVE('',#23,#24,#19,.T.);
#27=EDGE_CURVE('',#24,#24,#22,.T.);
#28=EDGE_CURVE('',#24,#23,#20,.T.);
#29=ORIENTED_EDGE('',*,*,#25,.T.);
#30=ORIENTED_EDGE('',*,*,#26,.T.);
#31=ORIENTED_EDGE('',*,*,#27,.F.);
#32=ORIENTED_EDGE('',*,*,#26,.F.);
#33=ORIENTED_EDGE('',*,*,#27,.T.);
#34=ORIENTED_EDGE('',*,*,#28,.T.);
#35=ORIENTED_EDGE('',*,*,#25,.F.);
#36=ORIENTED_EDGE('',*,*,#28,.F.);
#37=B_SPLINE_SURFACE_WITH_KNOTS('',3,3,((#64,#65,#66,#67,#68,#69,#70,#71,
#72,#73,#74,#75,#76,#77,#78,#79,#80,#81,#82,#83,#84,#85,#86,#87,#88,#89,
#90,#91,#92,#93,#94,#95,#96,#97,#98,#99,#100,#101,#102,#103,#104,#105,#106,
#107,#108,#109,#110,#111,#112,#113,#114,#115,#116,#117,#118,#119,#120,#121,
#122,#123,#124,#125,#126),(#127,#128,#129,#130,#131,#132,#133,#134,#135,
#136,#137,#138,#139,#140,#141,#142,#143,#144,#145,#146,#147,#148,#149,#150,
#151,#152,#153,#154,#155,#156,#157,#158,#159,#160,#161,#162,#163,#164,#165,
#166,#167,#168,#169,#170,#171,#172,#173,#174,#175,#176,#177,#178,#179,#180,
#181,#182,#183,#184,#185,#186,#187,#188,#189),(#190,#191,#192,#193,#194,
#195,#196,#197,#198,#199,#200,#201,#202,#203,#204,#205,#206,#207,#208,#209,
#210,#211,#212,#213,#214,#215,#216,#217,#218,#219,#220,#221,#222,#223,#224,
#225,#226,#227,#228,#229,#230,#231,#232,#233,#234,#235,#236,#237,#238,#239,
#240,#241,#242,#243,#244,#245,#246,#247,#248,#249,#250,#251,#252),(#253,
#254,#255,#256,#257,#258,#259,#260,#261,#262,#263,#264,#265,#266,#267,#268,
#269,#270,#271,#272,#273,#274,#275,#276,#277,#278,#279,#280,#281,#282,#283,
#284,#285,#286,#287,#288,#289,#290,#291,#292,#293,#294,#295,#296,#297,#298,
#299,#300,#301,#302,#303,#304,#305,#306,#307,#308,#309,#310,#311,#312,#313,
#314,#315),(#316,#317,#318,#319,#320,#321,#322,#323,#324,#325,#326,#327,
#328,#329,#330,#331,#332,#333,#334,#335,#336,#337,#338,#339,#340,#341,#342,
#343,#344,#345,#346,#347,#348,#349,#350,#351,#352,#353,#354,#355,#356,#357,
#358,#359,#360,#361,#362,#363,#364,#365,#366,#367,#368,#369,#370,#371,#372,
#373,#374,#375,#376,#377,#378),(#379,#380,#381,#382,#383,#384,#385,#386,
#387,#388,#389,#390,#391,#392,#393,#394,#395,#396,#397,#398,#399,#400,#401,
#402,#403,#404,#405,#406,#407,#408,#409,#410,#411,#412,#413,#414,#415,#416,
#417,#418,#419,#420,#421,#422,#423,#424,#425,#426,#427,#428,#429,#430,#431,
#432,#433,#434,#435,#436,#437,#438,#439,#440,#441),(#442,#443,#444,#445,
#446,#447,#448,#449,#450,#451,#452,#453,#454,#455,#456,#457,#458,#459,#460,
#461,#462,#463,#464,#465,#466,#467,#468,#469,#470,#471,#472,#473,#474,#475,
#476,#477,#478,#479,#480,#481,#482,#483,#484,#485,#486,#487,#488,#489,#490,
#491,#492,#493,#494,#495,#496,#497,#498,#499,#500,#501,#502,#503,#504),
(#505,#506,#507,#508,#509,#510,#511,#512,#513,#514,#515,#516,#517,#518,
#519,#520,#521,#522,#523,#524,#525,#526,#527,#528,#529,#530,#531,#532,#533,
#534,#535,#536,#537,#538,#539,#540,#541,#542,#543,#544,#545,#546,#547,#548,
#549,#550,#551,#552,#553,#554,#555,#556,#557,#558,#559,#560,#561,#562,#563,
#564,#565,#566,#567),(#568,#569,#570,#571,#572,#573,#574,#575,#576,#577,
#578,#579,#580,#581,#582,#583,#584,#585,#586,#587,#588,#589,#590,#591,#592,
#593,#594,#595,#596,#597,#598,#599,#600,#601,#602,#603,#604,#605,#606,#607,
#608,#609,#610,#611,#612,#613,#614,#615,#616,#617,#618,#619,#620,#621,#622,
#623,#624,#625,#626,#627,#628,#629,#630),(#631,#632,#633,#634,#635,#636,
#637,#638,#639,#640,#641,#642,#643,#644,#645,#646,#647,#648,#649,#650,#651,
#652,#653,#654,#655,#656,#657,#658,#659,#660,#661,#662,#663,#664,#665,#666,
#667,#668,#669,#670,#671,#672,#673,#674,#675,#676,#677,#678,#679,#680,#681,
#682,#683,#684,#685,#686,#687,#688,#689,#690,#691,#692,#693),(#694,#695,
#696,#697,#698,#699,#700,#701,#702,#703,#704,#705,#706,#707,#708,#709,#710,
#711,#712,#713,#714,#715,#716,#717,#718,#719,#720,#721,#722,#723,#724,#725,
#726,#727,#728,#729,#730,#731,#732,#733,#734,#735,#736,#737,#738,#739,#740,
#741,#742,#743,#744,#745,#746,#747,#748,#749,#750,#751,#752,#753,#754,#755,
#756),(#757,#758,#759,#760,#761,#762,#763,#764,#765,#766,#767,#768,#769,
#770,#771,#772,#773,#774,#775,#776,#777,#778,#779,#780,#781,#782,#783,#784,
#785,#786,#787,#788,#789,#790,#791,#792,#793,#794,#795,#796,#797,#798,#799,
#800,#801,#802,#803,#804,#805,#806,#807,#808,#809,#810,#811,#812,#813,#814,
#815,#816,#817,#818,#819),(#820,#821,#822,#823,#824,#825,#826,#827,#828,
#829,#830,#831,#832,#833,#834,#835,#836,#837,#838,#839,#840,#841,#842,#843,
#844,#845,#846,#847,#848,#849,#850,#851,#852,#853,#854,#855,#856,#857,#858,
#859,#860,#861,#862,#863,#864,#865,#866,#867,#868,#869,#870,#871,#872,#873,
#874,#875,#876,#877,#878,#879,#880,#881,#882),(#883,#884,#885,#886,#887,
#888,#889,#890,#891,#892,#893,#894,#895,#896,#897,#898,#899,#900,#901,#902,
#903,#904,#905,#906,#907,#908,#909,#910,#911,#912,#913,#914,#915,#916,#917,
#918,#919,#920,#921,#922,#923,#924,#925,#926,#927,#928,#929,#930,#931,#932,
#933,#934,#935,#936,#937,#938,#939,#940,#941,#942,#943,#944,#945),(#946,
#947,#948,#949,#950,#951,#952,#953,#954,#955,#956,#957,#958,#959,#960,#961,
#962,#963,#964,#965,#966,#967,#968,#969,#970,#971,#972,#973,#974,#975,#976,
#977,#978,#979,#980,#981,#982,#983,#984,#985,#986,#987,#988,#989,#990,#991,
#992,#993,#994,#995,#996,#997,#998,#999,#1000,#1001,#1002,#1003,#1004,#1005,
#1006,#1007,#1008)),.UNSPECIFIED.,.T.,.F.,.F.,(4,1,1,1,1,1,1,1,1,1,1,1,
4),(4,1,1,1,1,1,1,1,1,1,1,1,1,1,1,1,1,1,1,1,1,1,1,1,1,1,1,1,1,1,1,1,1,1,
1,1,1,1,1,1,1,1,1,1,1,1,1,1,1,1,1,1,1,1,1,1,1,1,1,1,4),(-3.14159265358979,
-2.69279370307697,-2.24399475256414,-1.34639685153848,-0.747998250854713,
-0.448798950512828,0.448798950512828,0.897597901025655,1.34639685153848,
1.79519580205131,2.24399475256414,2.69279370307697,3.14159265358979),(0.,
0.00446428571428571,0.00892857142857143,0.0178571428571429,0.0267857142857143,
0.0357142857142857,0.0446428571428571,0.0535714285714286,0.0625,0.0669642857142857,
0.0691964285714286,0.0714285714285714,0.0833333333333333,0.0952380952380952,
0.107142857142857,0.119047619047619,0.125,0.130952380952381,0.136904761904762,
0.142857142857143,0.154761904761905,0.160714285714286,0.163690476190476,
0.166666666666667,0.178571428571429,0.19047619047619,0.198412698412698,
0.206349206349206,0.214285714285714,0.222222222222222,0.238095238095238,
0.25,0.261904761904762,0.267857142857143,0.273809523809524,0.285714285714286,
0.297619047619048,0.309523809523809,0.321428571428571,0.327380952380952,
0.333333333333333,0.341269841269841,0.349206349206349,0.357142857142857,
0.369047619047619,0.380952380952381,0.392857142857143,0.401785714285714,
0.410714285714286,0.412946428571429,0.415178571428571,0.419642857142857,
0.428571428571429,0.4375,0.446428571428571,0.455357142857143,0.464285714285714,
0.473214285714286,0.482142857142857,0.491071428571429,0.5),
 .UNSPECIFIED.);
#38=B_SPLINE_SURFACE_WITH_KNOTS('',3,3,((#1076,#1077,#1078,#1079,#1080,
#1081,#1082,#1083,#1084,#1085,#1086,#1087,#1088,#1089,#1090,#1091,#1092,
#1093,#1094,#1095,#1096,#1097,#1098,#1099,#1100,#1101,#1102,#1103,#1104,
#1105,#1106,#1107,#1108,#1109,#1110,#1111,#1112,#1113,#1114,#1115,#1116,
#1117,#1118,#1119,#1120,#1121,#1122,#1123,#1124,#1125,#1126,#1127,#1128,
#1129,#1130,#1131,#1132,#1133,#1134,#1135,#1136,#1137,#1138,#1139,#1140,
#1141,#1142,#1143,#1144),(#1145,#1146,#1147,#1148,#1149,#1150,#1151,#1152,
#1153,#1154,#1155,#1156,#1157,#1158,#1159,#1160,#1161,#1162,#1163,#1164,
#1165,#1166,#1167,#1168,#1169,#1170,#1171,#1172,#1173,#1174,#1175,#1176,
#1177,#1178,#1179,#1180,#1181,#1182,#1183,#1184,#1185,#1186,#1187,#1188,
#1189,#1190,#1191,#1192,#1193,#1194,#1195,#1196,#1197,#1198,#1199,#1200,
#1201,#1202,#1203,#1204,#1205,#1206,#1207,#1208,#1209,#1210,#1211,#1212,
#1213),(#1214,#1215,#1216,#1217,#1218,#1219,#1220,#1221,#1222,#1223,#1224,
#1225,#1226,#1227,#1228,#1229,#1230,#1231,#1232,#1233,#1234,#1235,#1236,
#1237,#1238,#1239,#1240,#1241,#1242,#1243,#1244,#1245,#1246,#1247,#1248,
#1249,#1250,#1251,#1252,#1253,#1254,#1255,#1256,#1257,#1258,#1259,#1260,
#1261,#1262,#1263,#1264,#1265,#1266,#1267,#1268,#1269,#1270,#1271,#1272,
#1273,#1274,#1275,#1276,#1277,#1278,#1279,#1280,#1281,#1282),(#1283,#1284,
#1285,#1286,#1287,#1288,#1289,#1290,#1291,#1292,#1293,#1294,#1295,#1296,
#1297,#1298,#1299,#1300,#1301,#1302,#1303,#1304,#1305,#1306,#1307,#1308,
#1309,#1310,#1311,#1312,#1313,#1314,#1315,#1316,#1317,#1318,#1319,#1320,
#1321,#1322,#1323,#1324,#1325,#1326,#1327,#1328,#1329,#1330,#1331,#1332,
#1333,#1334,#1335,#1336,#1337,#1338,#1339,#1340,#1341,#1342,#1343,#1344,
#1345,#1346,#1347,#1348,#1349,#1350,#1351),(#1352,#1353,#1354,#1355,#1356,
#1357,#1358,#1359,#1360,#1361,#1362,#1363,#1364,#1365,#1366,#1367,#1368,
#1369,#1370,#1371,#1372,#1373,#1374,#1375,#1376,#1377,#1378,#1379,#1380,
#1381,#1382,#1383,#1384,#1385,#1386,#1387,#1388,#1389,#1390,#1391,#1392,
#1393,#1394,#1395,#1396,#1397,#1398,#1399,#1400,#1401,#1402,#1403,#1404,
#1405,#1406,#1407,#1408,#1409,#1410,#1411,#1412,#1413,#1414,#1415,#1416,
#1417,#1418,#1419,#1420),(#1421,#1422,#1423,#1424,#1425,#1426,#1427,#1428,
#1429,#1430,#1431,#1432,#1433,#1434,#1435,#1436,#1437,#1438,#1439,#1440,
#1441,#1442,#1443,#1444,#1445,#1446,#1447,#1448,#1449,#1450,#1451,#1452,
#1453,#1454,#1455,#1456,#1457,#1458,#1459,#1460,#1461,#1462,#1463,#1464,
#1465,#1466,#1467,#1468,#1469,#1470,#1471,#1472,#1473,#1474,#1475,#1476,
#1477,#1478,#1479,#1480,#1481,#1482,#1483,#1484,#1485,#1486,#1487,#1488,
#1489),(#1490,#1491,#1492,#1493,#1494,#1495,#1496,#1497,#1498,#1499,#1500,
#1501,#1502,#1503,#1504,#1505,#1506,#1507,#1508,#1509,#1510,#1511,#1512,
#1513,#1514,#1515,#1516,#1517,#1518,#1519,#1520,#1521,#1522,#1523,#1524,
#1525,#1526,#1527,#1528,#1529,#1530,#1531,#1532,#1533,#1534,#1535,#1536,
#1537,#1538,#1539,#1540,#1541,#1542,#1543,#1544,#1545,#1546,#1547,#1548,
#1549,#1550,#1551,#1552,#1553,#1554,#1555,#1556,#1557,#1558),(#1559,#1560,
#1561,#1562,#1563,#1564,#1565,#1566,#1567,#1568,#1569,#1570,#1571,#1572,
#1573,#1574,#1575,#1576,#1577,#1578,#1579,#1580,#1581,#1582,#1583,#1584,
#1585,#1586,#1587,#1588,#1589,#1590,#1591,#1592,#1593,#1594,#1595,#1596,
#1597,#1598,#1599,#1600,#1601,#1602,#1603,#1604,#1605,#1606,#1607,#1608,
#1609,#1610,#1611,#1612,#1613,#1614,#1615,#1616,#1617,#1618,#1619,#1620,
#1621,#1622,#1623,#1624,#1625,#1626,#1627),(#1628,#1629,#1630,#1631,#1632,
#1633,#1634,#1635,#1636,#1637,#1638,#1639,#1640,#1641,#1642,#1643,#1644,
#1645,#1646,#1647,#1648,#1649,#1650,#1651,#1652,#1653,#1654,#1655,#1656,
#1657,#1658,#1659,#1660,#1661,#1662,#1663,#1664,#1665,#1666,#1667,#1668,
#1669,#1670,#1671,#1672,#1673,#1674,#1675,#1676,#1677,#1678,#1679,#1680,
#1681,#1682,#1683,#1684,#1685,#1686,#1687,#1688,#1689,#1690,#1691,#1692,
#1693,#1694,#1695,#1696),(#1697,#1698,#1699,#1700,#1701,#1702,#1703,#1704,
#1705,#1706,#1707,#1708,#1709,#1710,#1711,#1712,#1713,#1714,#1715,#1716,
#1717,#1718,#1719,#1720,#1721,#1722,#1723,#1724,#1725,#1726,#1727,#1728,
#1729,#1730,#1731,#1732,#1733,#1734,#1735,#1736,#1737,#1738,#1739,#1740,
#1741,#1742,#1743,#1744,#1745,#1746,#1747,#1748,#1749,#1750,#1751,#1752,
#1753,#1754,#1755,#1756,#1757,#1758,#1759,#1760,#1761,#1762,#1763,#1764,
#1765),(#1766,#1767,#1768,#1769,#1770,#1771,#1772,#1773,#1774,#1775,#1776,
#1777,#1778,#1779,#1780,#1781,#1782,#1783,#1784,#1785,#1786,#1787,#1788,
#1789,#1790,#1791,#1792,#1793,#1794,#1795,#1796,#1797,#1798,#1799,#1800,
#1801,#1802,#1803,#1804,#1805,#1806,#1807,#1808,#1809,#1810,#1811,#1812,
#1813,#1814,#1815,#1816,#1817,#1818,#1819,#1820,#1821,#1822,#1823,#1824,
#1825,#1826,#1827,#1828,#1829,#1830,#1831,#1832,#1833,#1834),(#1835,#1836,
#1837,#1838,#1839,#1840,#1841,#1842,#1843,#1844,#1845,#1846,#1847,#1848,
#1849,#1850,#1851,#1852,#1853,#1854,#1855,#1856,#1857,#1858,#1859,#1860,
#1861,#1862,#1863,#1864,#1865,#1866,#1867,#1868,#1869,#1870,#1871,#1872,
#1873,#1874,#1875,#1876,#1877,#1878,#1879,#1880,#1881,#1882,#1883,#1884,
#1885,#1886,#1887,#1888,#1889,#1890,#1891,#1892,#1893,#1894,#1895,#1896,
#1897,#1898,#1899,#1900,#1901,#1902,#1903),(#1904,#1905,#1906,#1907,#1908,
#1909,#1910,#1911,#1912,#1913,#1914,#1915,#1916,#1917,#1918,#1919,#1920,
#1921,#1922,#1923,#1924,#1925,#1926,#1927,#1928,#1929,#1930,#1931,#1932,
#1933,#1934,#1935,#1936,#1937,#1938,#1939,#1940,#1941,#1942,#1943,#1944,
#1945,#1946,#1947,#1948,#1949,#1950,#1951,#1952,#1953,#1954,#1955,#1956,
#1957,#1958,#1959,#1960,#1961,#1962,#1963,#1964,#1965,#1966,#1967,#1968,
#1969,#1970,#1971,#1972),(#1973,#1974,#1975,#1976,#1977,#1978,#1979,#1980,
#1981,#1982,#1983,#1984,#1985,#1986,#1987,#1988,#1989,#1990,#1991,#1992,
#1993,#1994,#1995,#1996,#1997,#1998,#1999,#2000,#2001,#2002,#2003,#2004,
#2005,#2006,#2007,#2008,#2009,#2010,#2011,#2012,#2013,#2014,#2015,#2016,
#2017,#2018,#2019,#2020,#2021,#2022,#2023,#2024,#2025,#2026,#2027,#2028,
#2029,#2030,#2031,#2032,#2033,#2034,#2035,#2036,#2037,#2038,#2039,#2040,
#2041),(#2042,#2043,#2044,#2045,#2046,#2047,#2048,#2049,#2050,#2051,#2052,
#2053,#2054,#2055,#2056,#2057,#2058,#2059,#2060,#2061,#2062,#2063,#2064,
#2065,#2066,#2067,#2068,#2069,#2070,#2071,#2072,#2073,#2074,#2075,#2076,
#2077,#2078,#2079,#2080,#2081,#2082,#2083,#2084,#2085,#2086,#2087,#2088,
#2089,#2090,#2091,#2092,#2093,#2094,#2095,#2096,#2097,#2098,#2099,#2100,
#2101,#2102,#2103,#2104,#2105,#2106,#2107,#2108,#2109,#2110)),
 .UNSPECIFIED.,.T.,.F.,.F.,(4,1,1,1,1,1,1,1,1,1,1,1,4),(4,1,1,1,1,1,1,1,
1,1,1,1,1,1,1,1,1,1,1,1,1,1,1,1,1,1,1,1,1,1,1,1,1,1,1,1,1,1,1,1,1,1,1,1,
1,1,1,1,1,1,1,1,1,1,1,1,1,1,1,1,1,1,1,1,1,1,4),(-3.14159265358979,-2.69279370307697,
-2.24399475256414,-1.34639685153848,-0.747998250854713,-0.448798950512828,
0.448798950512828,0.897597901025655,1.34639685153848,1.79519580205131,2.24399475256414,
2.69279370307697,3.14159265358979),(0.5,0.517857142857143,0.526785714285714,
0.535714285714286,0.544642857142857,0.553571428571429,0.558035714285714,
0.5625,0.571428571428571,0.579365079365079,0.587301587301587,0.595238095238095,
0.601190476190476,0.607142857142857,0.619047619047619,0.630952380952381,
0.642857142857143,0.650793650793651,0.658730158730159,0.666666666666667,
0.672619047619048,0.678571428571429,0.69047619047619,0.696428571428571,
0.702380952380952,0.714285714285714,0.726190476190476,0.732142857142857,
0.735119047619048,0.736607142857143,0.738095238095238,0.75,0.761904761904762,
0.76984126984127,0.777777777777778,0.785714285714286,0.793650793650794,
0.801587301587302,0.80952380952381,0.821428571428571,0.833333333333333,
0.845238095238095,0.857142857142857,0.863095238095238,0.869047619047619,
0.875,0.880952380952381,0.892857142857143,0.904761904761905,0.916666666666667,
0.928571428571429,0.929129464285714,0.9296875,0.930803571428571,0.931919642857143,
0.933035714285714,0.935267857142857,0.936383928571429,0.9375,0.946428571428571,
0.955357142857143,0.964285714285714,0.973214285714286,0.982142857142857,
0.991071428571429,0.995535714285714,1.),.UNSPECIFIED.);
#39=ADVANCED_FACE('',(#15),#37,.T.);
#40=ADVANCED_FACE('',(#16),#38,.T.);
#41=CLOSED_SHELL('',(#39,#40));
#42=DERIVED_UNIT_ELEMENT(#44,1.);
#43=DERIVED_UNIT_ELEMENT(#2185,-3.);
#44=(
MASS_UNIT()
NAMED_UNIT(*)
SI_UNIT(.KILO.,.GRAM.)
);
#45=DERIVED_UNIT((#42,#43));
#46=MEASURE_REPRESENTATION_ITEM('density measure',
POSITIVE_RATIO_MEASURE(7850.),#45);
#47=PROPERTY_DEFINITION_REPRESENTATION(#52,#49);
#48=PROPERTY_DEFINITION_REPRESENTATION(#53,#50);
#49=REPRESENTATION('material name',(#51),#2182);
#50=REPRESENTATION('density',(#46),#2182);
#51=DESCRIPTIVE_REPRESENTATION_ITEM('Steel','Steel');
#52=PROPERTY_DEFINITION('material property','material name',#2192);
#53=PROPERTY_DEFINITION('material property','density of part',#2192);
#54=AXIS2_PLACEMENT_3D('',#63,#57,#58);
#55=AXIS2_PLACEMENT_3D('',#1010,#59,#60);
#56=AXIS2_PLACEMENT_3D('',#1075,#61,#62);
#57=DIRECTION('axis',(0.,0.,1.));
#58=DIRECTION('refdir',(1.,0.,0.));
#59=DIRECTION('center_axis',(0.401226790776219,0.291508326873226,0.868354741869352));
#60=DIRECTION('ref_axis',(-0.587785252292403,0.809016994374998,7.01383395806942E-13));
#61=DIRECTION('center_axis',(0.438235414575047,0.318396665966796,-0.840579136377691));
#62=DIRECTION('ref_axis',(-0.58778525229243,0.809016994374979,0.));
#63=CARTESIAN_POINT('',(0.,0.,0.));
#64=CARTESIAN_POINT('Ctrl Pts',(123.549663646838,36.4057647468724,-3.48318596188335E-12));
#65=CARTESIAN_POINT('Ctrl Pts',(123.798068192028,36.5862412131022,0.498872542307603));
#66=CARTESIAN_POINT('Ctrl Pts',(124.352306904811,36.8657982241618,1.49823276572299));
#67=CARTESIAN_POINT('Ctrl Pts',(125.717463865221,37.1106803322624,3.50990127458964));
#68=CARTESIAN_POINT('Ctrl Pts',(127.953837924538,36.8053100524565,6.04415220564302));
#69=CARTESIAN_POINT('Ctrl Pts',(131.396187818928,35.419861311775,8.83881726015537));
#70=CARTESIAN_POINT('Ctrl Pts',(135.317047457382,33.2090609749349,10.98895716325));
#71=CARTESIAN_POINT('Ctrl Pts',(139.341659509338,30.5006044534862,12.2161817783674));
#72=CARTESIAN_POINT('Ctrl Pts',(143.123373503414,27.6750004158309,12.3745033701807));
#73=CARTESIAN_POINT('Ctrl Pts',(145.873555940674,25.4802398110067,11.6370696811455));
#74=CARTESIAN_POINT('Ctrl Pts',(147.591288847396,24.0818643621452,10.7008471675409));
#75=CARTESIAN_POINT('Ctrl Pts',(148.524705658677,23.3143468390284,10.0468419112784));
#76=CARTESIAN_POINT('Ctrl Pts',(150.183114758847,21.9458771078371,8.7019003670745));
#77=CARTESIAN_POINT('Ctrl Pts',(152.611221445673,19.9410521882752,5.79003241359772));
#78=CARTESIAN_POINT('Ctrl Pts',(155.765515208247,17.5088038217271,0.114518407677917));
#79=CARTESIAN_POINT('Ctrl Pts',(159.141130938032,15.2666223747777,-6.52317371486317));
#80=CARTESIAN_POINT('Ctrl Pts',(162.695981991731,13.2049583759554,-12.0546467590294));
#81=CARTESIAN_POINT('Ctrl Pts',(166.302917063824,11.1654308346268,-15.9231665550796));
#82=CARTESIAN_POINT('Ctrl Pts',(169.416602628199,9.40763244569902,-18.3717824413218));
#83=CARTESIAN_POINT('Ctrl Pts',(172.889267222162,7.40334770005447,-20.2065055798229));
#84=CARTESIAN_POINT('Ctrl Pts',(177.843617763319,4.44557761393175,-21.7032477035923));
#85=CARTESIAN_POINT('Ctrl Pts',(183.024090355676,1.15309277039563,-21.7305134652079));
#86=CARTESIAN_POINT('Ctrl Pts',(187.339900407969,-1.90017887129763,-20.5980512118577));
#87=CARTESIAN_POINT('Ctrl Pts',(189.691180839875,-3.67416661619817,-19.6494373069241));
#88=CARTESIAN_POINT('Ctrl Pts',(193.072901008817,-6.3560104200704,-17.9346703714442));
#89=CARTESIAN_POINT('Ctrl Pts',(197.484525130602,-10.4304035251949,-14.3255005658794));
#90=CARTESIAN_POINT('Ctrl Pts',(200.584414787718,-15.0581929246717,-8.42478101644894));
#91=CARTESIAN_POINT('Ctrl Pts',(201.026212367754,-18.6628916528767,-2.50193405864109));
#92=CARTESIAN_POINT('Ctrl Pts',(199.687887731598,-21.2202547226727,2.67385612323581));
#93=CARTESIAN_POINT('Ctrl Pts',(196.781367187277,-23.1286765759712,7.4649189879218));
#94=CARTESIAN_POINT('Ctrl Pts',(191.315174879177,-24.8366351660026,12.9787695149031));
#95=CARTESIAN_POINT('Ctrl Pts',(183.242117099555,-25.5630753038014,17.3514675436409));
#96=CARTESIAN_POINT('Ctrl Pts',(173.577717961593,-25.3959095714041,19.1813880079846));
#97=CARTESIAN_POINT('Ctrl Pts',(166.651085656227,-24.8977760790049,18.3801507190943));
#98=CARTESIAN_POINT('Ctrl Pts',(161.71108437455,-24.4395986782177,16.421106163279));
#99=CARTESIAN_POINT('Ctrl Pts',(157.251362947631,-23.9783758970234,13.7035064582521));
#100=CARTESIAN_POINT('Ctrl Pts',(152.679151216432,-23.5027809123142,9.12154806038258));
#101=CARTESIAN_POINT('Ctrl Pts',(148.301146907748,-23.1975867205048,2.81048162396017));
#102=CARTESIAN_POINT('Ctrl Pts',(144.288610127504,-23.2035038945183,-3.35094879634865));
#103=CARTESIAN_POINT('Ctrl Pts',(140.72328473498,-23.4066214694662,-7.54871217125437));
#104=CARTESIAN_POINT('Ctrl Pts',(137.562817409781,-23.6255272462764,-10.0525666201585));
#105=CARTESIAN_POINT('Ctrl Pts',(134.719009301998,-23.8281364275788,-11.6572432699608));
#106=CARTESIAN_POINT('Ctrl Pts',(131.231846757702,-24.0356825107924,-12.7728933042914));
#107=CARTESIAN_POINT('Ctrl Pts',(126.957432081174,-24.2113901530452,-13.1473117991171));
#108=CARTESIAN_POINT('Ctrl Pts',(121.58776117841,-24.246701529375,-12.5116368972073));
#109=CARTESIAN_POINT('Ctrl Pts',(115.390296712939,-23.9086331961588,-10.2756983399882));
#110=CARTESIAN_POINT('Ctrl Pts',(109.495649021219,-22.7636330828445,-6.09021381919908));
#111=CARTESIAN_POINT('Ctrl Pts',(106.046817212781,-20.8791418267144,-1.3453366914147));
#112=CARTESIAN_POINT('Ctrl Pts',(104.84226849711,-18.5205331622074,3.17410872322422));
#113=CARTESIAN_POINT('Ctrl Pts',(105.177086826861,-16.5470373691314,6.20572089953484));
#114=CARTESIAN_POINT('Ctrl Pts',(105.864865784336,-15.090231791983,8.14542033177841));
#115=CARTESIAN_POINT('Ctrl Pts',(106.443496303737,-14.0843383966706,9.40963501438471));
#116=CARTESIAN_POINT('Ctrl Pts',(107.76334432396,-12.2394227993966,11.5300680347737));
#117=CARTESIAN_POINT('Ctrl Pts',(110.457318031322,-9.41297076177128,14.1914807508786));
#118=CARTESIAN_POINT('Ctrl Pts',(114.637251149278,-5.90881335125512,16.504000271816));
#119=CARTESIAN_POINT('Ctrl Pts',(119.349432457248,-2.48703831751872,17.6852228937871));
#120=CARTESIAN_POINT('Ctrl Pts',(124.174996984598,0.690263329019877,17.591771237778));
#121=CARTESIAN_POINT('Ctrl Pts',(128.751099199915,3.5034193724346,16.1399101119617));
#122=CARTESIAN_POINT('Ctrl Pts',(132.815533116346,5.90578811327111,13.3974378410967));
#123=CARTESIAN_POINT('Ctrl Pts',(136.251400929409,7.92801480439956,9.56230922315289));
#124=CARTESIAN_POINT('Ctrl Pts',(139.146616057449,9.71700423726914,4.97816243398472));
#125=CARTESIAN_POINT('Ctrl Pts',(140.836517110566,10.8713668045733,1.6589932760713));
#126=CARTESIAN_POINT('Ctrl Pts',(141.664452405268,11.4728970066108,6.7168492989822E-14));
#127=CARTESIAN_POINT('Ctrl Pts',(124.075142698042,36.7875476251478,-0.370964936195281));
#128=CARTESIAN_POINT('Ctrl Pts',(124.321743976315,36.9703054688988,0.127664423739874));
#129=CARTESIAN_POINT('Ctrl Pts',(124.872697891093,37.2540003155443,1.12659320731491));
#130=CARTESIAN_POINT('Ctrl Pts',(126.22996977176,37.5080306215806,3.13673998539562));
#131=CARTESIAN_POINT('Ctrl Pts',(128.455253312704,37.2160608275627,5.67004685428182));
#132=CARTESIAN_POINT('Ctrl Pts',(131.88098933334,35.8488101797802,8.4628973573317));
#133=CARTESIAN_POINT('Ctrl Pts',(135.779900864548,33.662239257911,10.613328210166));
#134=CARTESIAN_POINT('Ctrl Pts',(139.775254851346,30.9850060375765,11.8440601326622));
#135=CARTESIAN_POINT('Ctrl Pts',(143.517874685526,28.200633846329,12.014019779448));
#136=CARTESIAN_POINT('Ctrl Pts',(146.228056393133,26.0478180120835,11.299656434894));
#137=CARTESIAN_POINT('Ctrl Pts',(147.918301395561,24.6795688492133,10.3900618136612));
#138=CARTESIAN_POINT('Ctrl Pts',(148.837027841988,23.9283067510054,9.75329881222771));
#139=CARTESIAN_POINT('Ctrl Pts',(150.470129966671,22.5882165308102,8.44218087210258));
#140=CARTESIAN_POINT('Ctrl Pts',(152.872579494,20.6158700981598,5.59188646457925));
#141=CARTESIAN_POINT('Ctrl Pts',(156.019558908483,18.2006777558448,-0.0209273707714291));
#142=CARTESIAN_POINT('Ctrl Pts',(159.403649012153,15.9603290638771,-6.62705479427134));
#143=CARTESIAN_POINT('Ctrl Pts',(162.976651515136,13.8924379542844,-12.1530830069458));
#144=CARTESIAN_POINT('Ctrl Pts',(166.606481228931,11.8424043315581,-16.0262806030143));
#145=CARTESIAN_POINT('Ctrl Pts',(169.743247057591,10.0733463501274,-18.4782748567355));
#146=CARTESIAN_POINT('Ctrl Pts',(173.242526085904,8.05522704455298,-20.3144644323029));
#147=CARTESIAN_POINT('Ctrl Pts',(178.235386663117,5.07626206826938,-21.807206532146));
#148=CARTESIAN_POINT('Ctrl Pts',(183.453883066399,1.76141343720619,-21.8197884332439));
#149=CARTESIAN_POINT('Ctrl Pts',(187.803031324829,-1.31448015138291,-20.6655895250529));
#150=CARTESIAN_POINT('Ctrl Pts',(190.173488469531,-3.10258867081208,-19.7011727959311));
#151=CARTESIAN_POINT('Ctrl Pts',(193.583886454861,-5.80692370164587,-17.9591524620331));
#152=CARTESIAN_POINT('Ctrl Pts',(198.038942796408,-9.92084492630483,-14.2981514671489));
#153=CARTESIAN_POINT('Ctrl Pts',(201.182031645149,-14.6170033030449,-8.28714255954242));
#154=CARTESIAN_POINT('Ctrl Pts',(201.622803596118,-18.2914523319131,-2.2273136358104));
#155=CARTESIAN_POINT('Ctrl Pts',(200.240870666399,-20.8976530227149,3.07331863451682));
#156=CARTESIAN_POINT('Ctrl Pts',(197.260884450267,-22.8357794890011,7.96760243685852));
#157=CARTESIAN_POINT('Ctrl Pts',(191.677470215076,-24.5580561325336,13.5817349496533));
#158=CARTESIAN_POINT('Ctrl Pts',(183.46413600775,-25.275107376766,18.01617273849));
#159=CARTESIAN_POINT('Ctrl Pts',(173.611766335726,-25.0841313943982,19.8722052263592));
#160=CARTESIAN_POINT('Ctrl Pts',(166.509746865944,-24.556693097673,19.0412209504828));
#161=CARTESIAN_POINT('Ctrl Pts',(161.430728410597,-24.0737922079331,17.016923344642));
#162=CARTESIAN_POINT('Ctrl Pts',(156.851650419859,-23.5865914757682,14.2126700905357));
#163=CARTESIAN_POINT('Ctrl Pts',(152.188772784751,-23.0874936278023,9.51630735466413));
#164=CARTESIAN_POINT('Ctrl Pts',(147.781090426147,-22.760793641233,3.13020793605314));
#165=CARTESIAN_POINT('Ctrl Pts',(143.782928581011,-22.7499105621934,-3.03047370682197));
#166=CARTESIAN_POINT('Ctrl Pts',(140.276109540813,-22.9340652206838,-7.16906551540821));
#167=CARTESIAN_POINT('Ctrl Pts',(137.203223379984,-23.1331720666036,-9.61212794125007));
#168=CARTESIAN_POINT('Ctrl Pts',(134.452840234665,-23.3187616312426,-11.1701145888345));
#169=CARTESIAN_POINT('Ctrl Pts',(131.085379173842,-23.5058642095533,-12.2563103009667));
#170=CARTESIAN_POINT('Ctrl Pts',(126.939807588703,-23.66418421118,-12.6287014844523));
#171=CARTESIAN_POINT('Ctrl Pts',(121.708607557969,-23.6837916523183,-12.0215383921619));
#172=CARTESIAN_POINT('Ctrl Pts',(115.655101532377,-23.3372001677356,-9.85139216308006));
#173=CARTESIAN_POINT('Ctrl Pts',(109.926091046729,-22.2051441901628,-5.79450789769128));
#174=CARTESIAN_POINT('Ctrl Pts',(106.622229158325,-20.3761514641055,-1.25484759105493));
#175=CARTESIAN_POINT('Ctrl Pts',(105.479678412768,-18.1260944639995,3.01369916231041));
#176=CARTESIAN_POINT('Ctrl Pts',(105.790786195082,-16.240516225108,5.88679250002871));
#177=CARTESIAN_POINT('Ctrl Pts',(106.445670271631,-14.8395174334554,7.73825345067894));
#178=CARTESIAN_POINT('Ctrl Pts',(106.998566204102,-13.869839510704,8.94805538699293));
#179=CARTESIAN_POINT('Ctrl Pts',(108.26520462482,-12.084737013446,10.985687231425));
#180=CARTESIAN_POINT('Ctrl Pts',(110.869368630225,-9.33221670782202,13.5609445222218));
#181=CARTESIAN_POINT('Ctrl Pts',(114.9303254346,-5.90719036374477,15.8060496062227));
#182=CARTESIAN_POINT('Ctrl Pts',(119.507766350117,-2.56237026447834,16.9484232660552));
#183=CARTESIAN_POINT('Ctrl Pts',(124.177988542938,0.531346969594245,16.8498569128412));
#184=CARTESIAN_POINT('Ctrl Pts',(128.580863887127,3.25803124082844,15.441358236147));
#185=CARTESIAN_POINT('Ctrl Pts',(132.488069326455,5.58587605213449,12.794173773861));
#186=CARTESIAN_POINT('Ctrl Pts',(135.817251180906,7.56593139425244,9.06552656921592));
#187=CARTESIAN_POINT('Ctrl Pts',(138.656254398587,9.3389722945117,4.55588967977313));
#188=CARTESIAN_POINT('Ctrl Pts',(140.331266281062,10.4970975343782,1.25387011752699));
#189=CARTESIAN_POINT('Ctrl Pts',(141.155781575539,11.1033260160574,-0.405182246904371));
#190=CARTESIAN_POINT('Ctrl Pts',(124.918626604641,37.8261593863243,-1.10936398760971));
#191=CARTESIAN_POINT('Ctrl Pts',(125.168981080554,38.0186481732485,-0.592676218635682));
#192=CARTESIAN_POINT('Ctrl Pts',(125.729332861071,38.3186963550815,0.441744885934385));
#193=CARTESIAN_POINT('Ctrl Pts',(127.109359465297,38.5945247254882,2.51744288707652));
#194=CARTESIAN_POINT('Ctrl Pts',(129.361615203383,38.3159408816248,5.11695687692943));
#195=CARTESIAN_POINT('Ctrl Pts',(132.810317698984,36.9536795954852,7.96120497319331));
#196=CARTESIAN_POINT('Ctrl Pts',(136.716332435881,34.7769905736097,10.1484504290387));
#197=CARTESIAN_POINT('Ctrl Pts',(140.704436675951,32.1174352545643,11.4084588998827));
#198=CARTESIAN_POINT('Ctrl Pts',(144.424787120634,29.3624200268434,11.6093898192413));
#199=CARTESIAN_POINT('Ctrl Pts',(147.105175560176,27.2437174634804,10.9301439444242));
#200=CARTESIAN_POINT('Ctrl Pts',(148.774561567357,25.9001659211885,10.0555349568));
#201=CARTESIAN_POINT('Ctrl Pts',(149.682102547589,25.1621858121717,9.44042686210419));
#202=CARTESIAN_POINT('Ctrl Pts',(151.295757118032,23.8454617857812,8.17128971659161));
#203=CARTESIAN_POINT('Ctrl Pts',(153.678393825201,21.9008563044138,5.39887001198171));
#204=CARTESIAN_POINT('Ctrl Pts',(156.8247597592,19.4954290613224,-0.123111689119803));
#205=CARTESIAN_POINT('Ctrl Pts',(160.217918415021,17.2531821483185,-6.65558226230255));
#206=CARTESIAN_POINT('Ctrl Pts',(163.799666024183,15.1791948869277,-12.1282086898812));
#207=CARTESIAN_POINT('Ctrl Pts',(167.431793840589,13.1262112209044,-15.9642229508041));
#208=CARTESIAN_POINT('Ctrl Pts',(170.570713771089,11.3540097446761,-18.3889177086515));
#209=CARTESIAN_POINT('Ctrl Pts',(174.07195380607,9.33255103713327,-20.2007257631323));
#210=CARTESIAN_POINT('Ctrl Pts',(179.070069809519,6.3471083561784,-21.6642018913763));
#211=CARTESIAN_POINT('Ctrl Pts',(184.302410679493,3.01894420595661,-21.6449246808226));
#212=CARTESIAN_POINT('Ctrl Pts',(188.669611666921,-0.0746415679812606,-20.4586261965514));
#213=CARTESIAN_POINT('Ctrl Pts',(191.052128962282,-1.87529181249023,-19.4722838617803));
#214=CARTESIAN_POINT('Ctrl Pts',(194.48187204852,-4.6010829245863,-17.6931198898161));
#215=CARTESIAN_POINT('Ctrl Pts',(198.974865520715,-8.76058420357757,-13.9603773615161));
#216=CARTESIAN_POINT('Ctrl Pts',(202.154456237319,-13.5393300309266,-7.80393313496786));
#217=CARTESIAN_POINT('Ctrl Pts',(202.580851438538,-17.3012056576344,-1.5637844468876));
#218=CARTESIAN_POINT('Ctrl Pts',(201.128772876453,-19.9674522418788,3.90057364343121));
#219=CARTESIAN_POINT('Ctrl Pts',(198.038702536982,-21.9426810835712,8.93382836764238));
#220=CARTESIAN_POINT('Ctrl Pts',(192.278746253485,-23.6796348729226,14.682568865381));
#221=CARTESIAN_POINT('Ctrl Pts',(183.846031800687,-24.3782887989731,19.2004952729998));
#222=CARTESIAN_POINT('Ctrl Pts',(173.689315476389,-24.1465194872637,21.0866204255375));
#223=CARTESIAN_POINT('Ctrl Pts',(166.293732707855,-23.569314630113,20.1969393107843));
#224=CARTESIAN_POINT('Ctrl Pts',(160.983258095149,-23.0446478005964,18.0562554859478));
#225=CARTESIAN_POINT('Ctrl Pts',(156.205921373592,-22.5135948682018,15.0979287634897));
#226=CARTESIAN_POINT('Ctrl Pts',(151.390373987165,-21.9742560196269,10.1982510675092));
#227=CARTESIAN_POINT('Ctrl Pts',(146.936039411416,-21.6114903567666,3.66828112889213));
#228=CARTESIAN_POINT('Ctrl Pts',(142.963291771217,-21.5729332727418,-2.51261732544949));
#229=CARTESIAN_POINT('Ctrl Pts',(139.550909869428,-21.7273854604925,-6.57569738930024));
#230=CARTESIAN_POINT('Ctrl Pts',(136.615683301475,-21.8961816061953,-8.93665784735255));
#231=CARTESIAN_POINT('Ctrl Pts',(134.012002116075,-22.0557684398505,-10.4309083386955));
#232=CARTESIAN_POINT('Ctrl Pts',(130.832513800997,-22.2118006148549,-11.4809325678306));
#233=CARTESIAN_POINT('Ctrl Pts',(126.891631774082,-22.3440774286499,-11.8595590194388));
#234=CARTESIAN_POINT('Ctrl Pts',(121.885804936582,-22.3406583939965,-11.3098070784416));
#235=CARTESIAN_POINT('Ctrl Pts',(116.076067715248,-21.9848666583552,-9.26487054973928));
#236=CARTESIAN_POINT('Ctrl Pts',(110.630764906981,-20.8802765654374,-5.4407612225013));
#237=CARTESIAN_POINT('Ctrl Pts',(107.577115397816,-19.1563865334795,-1.27413641620714));
#238=CARTESIAN_POINT('Ctrl Pts',(106.53942296375,-17.1064003662453,2.53861617036011));
#239=CARTESIAN_POINT('Ctrl Pts',(106.801828687026,-15.3837626989913,5.12205450555167));
#240=CARTESIAN_POINT('Ctrl Pts',(107.393075538862,-14.0852167448514,6.81413485306305));
#241=CARTESIAN_POINT('Ctrl Pts',(107.896458571242,-13.18213675407,7.92569383054093));
#242=CARTESIAN_POINT('Ctrl Pts',(109.061030099859,-11.5079205495361,9.81310230467746));
#243=CARTESIAN_POINT('Ctrl Pts',(111.491374496932,-8.89561747489125,12.2300543095546));
#244=CARTESIAN_POINT('Ctrl Pts',(115.320451749675,-5.62266064086054,14.3518196887894));
#245=CARTESIAN_POINT('Ctrl Pts',(119.631866153863,-2.42861907191194,15.4249234895068));
#246=CARTESIAN_POINT('Ctrl Pts',(123.9927837953,0.499275943008275,15.3226648048261));
#247=CARTESIAN_POINT('Ctrl Pts',(128.048651825517,3.05301972386812,14.0077847570922));
#248=CARTESIAN_POINT('Ctrl Pts',(131.639613425054,5.23102818432437,11.558548412917));
#249=CARTESIAN_POINT('Ctrl Pts',(134.753693422244,7.12594648842395,8.05242809835226));
#250=CARTESIAN_POINT('Ctrl Pts',(137.479338211817,8.8665123142052,3.70216991027267));
#251=CARTESIAN_POINT('Ctrl Pts',(139.122638748874,10.0307548921249,0.442974297601299));
#252=CARTESIAN_POINT('Ctrl Pts',(139.940808693905,10.6463813785204,-1.21169024152954));
#253=CARTESIAN_POINT('Ctrl Pts',(125.505369815984,40.6028523028695,-2.31261209769723));
#254=CARTESIAN_POINT('Ctrl Pts',(125.788371020511,40.8306308433258,-1.69867376051196));
#255=CARTESIAN_POINT('Ctrl Pts',(126.426075862479,41.1852115791138,-0.470551277935096));
#256=CARTESIAN_POINT('Ctrl Pts',(127.986298214146,41.5090135766898,1.96515432704586));
#257=CARTESIAN_POINT('Ctrl Pts',(130.477120512379,41.1949402790756,4.93175649802677));
#258=CARTESIAN_POINT('Ctrl Pts',(134.179469111764,39.7196211023752,8.0673649394251));
#259=CARTESIAN_POINT('Ctrl Pts',(138.295031209388,37.4109040376493,10.4534626606692));
#260=CARTESIAN_POINT('Ctrl Pts',(142.467735076131,34.6104556626147,11.8465683173044));
#261=CARTESIAN_POINT('Ctrl Pts',(146.361525019855,31.7060295010595,12.1300553778366));
#262=CARTESIAN_POINT('Ctrl Pts',(149.181717815048,29.4574204508955,11.4716714162917));
#263=CARTESIAN_POINT('Ctrl Pts',(150.939363386843,28.0272145042652,10.5923164488279));
#264=CARTESIAN_POINT('Ctrl Pts',(151.89279659743,27.243313432972,9.96915534960344));
#265=CARTESIAN_POINT('Ctrl Pts',(153.584507352473,25.8471911214971,8.68112915413547));
#266=CARTESIAN_POINT('Ctrl Pts',(156.057212144518,23.8030661716003,5.87272069247145));
#267=CARTESIAN_POINT('Ctrl Pts',(159.250166710594,21.3281340628621,0.383687980580522));
#268=CARTESIAN_POINT('Ctrl Pts',(162.632484895117,19.0546767471685,-5.99399387856554));
#269=CARTESIAN_POINT('Ctrl Pts',(166.125193962828,16.9960495239815,-11.2236400047849));
#270=CARTESIAN_POINT('Ctrl Pts',(169.602052742645,15.003674850779,-14.8324546916425));
#271=CARTESIAN_POINT('Ctrl Pts',(172.584656170893,13.297035613112,-17.0898334534664));
#272=CARTESIAN_POINT('Ctrl Pts',(175.901610586001,11.3597568191359,-18.7649256702223));
#273=CARTESIAN_POINT('Ctrl Pts',(180.649600953261,8.4936823670946,-20.1041233632225));
#274=CARTESIAN_POINT('Ctrl Pts',(185.663428414543,5.27118964903192,-20.035320795642));
#275=CARTESIAN_POINT('Ctrl Pts',(189.885287140509,2.24906066012048,-18.8384709501375));
#276=CARTESIAN_POINT('Ctrl Pts',(192.193783965091,0.48399846023258,-17.8501405952116));
#277=CARTESIAN_POINT('Ctrl Pts',(195.520806341699,-2.19276509178718,-16.0720732429521));
#278=CARTESIAN_POINT('Ctrl Pts',(199.892136157836,-6.29108750557001,-12.3575163887878));
#279=CARTESIAN_POINT('Ctrl Pts',(202.960212217195,-11.0111213311159,-6.23442082588857));
#280=CARTESIAN_POINT('Ctrl Pts',(203.316820726245,-14.7300826806417,-0.030467620309851));
#281=CARTESIAN_POINT('Ctrl Pts',(201.808359453536,-17.3644086102707,5.40579470785837));
#282=CARTESIAN_POINT('Ctrl Pts',(198.668991408259,-19.3158945419284,10.4193019064891));
#283=CARTESIAN_POINT('Ctrl Pts',(192.821449441415,-21.0227924347941,16.1501261490505));
#284=CARTESIAN_POINT('Ctrl Pts',(184.251037241184,-21.6862045963588,20.6522706289586));
#285=CARTESIAN_POINT('Ctrl Pts',(173.838557231211,-21.4058503382407,22.5010783986695));
#286=CARTESIAN_POINT('Ctrl Pts',(166.167716270046,-20.7751365517691,21.5064440675963));
#287=CARTESIAN_POINT('Ctrl Pts',(160.628421723422,-20.2057598232702,19.2121630366923));
#288=CARTESIAN_POINT('Ctrl Pts',(155.656507602075,-19.6281595294113,16.0540162249048));
#289=CARTESIAN_POINT('Ctrl Pts',(150.693719387148,-19.0472039667607,10.8934503961373));
#290=CARTESIAN_POINT('Ctrl Pts',(146.209330944373,-18.6501914321517,4.13679306344063));
#291=CARTESIAN_POINT('Ctrl Pts',(142.2665207535,-18.5898897396643,-2.15718955962076));
#292=CARTESIAN_POINT('Ctrl Pts',(138.931111904645,-18.7245690414973,-6.24208833150793));
#293=CARTESIAN_POINT('Ctrl Pts',(136.096545134872,-18.8746630794486,-8.60090434432329));
#294=CARTESIAN_POINT('Ctrl Pts',(133.595570971399,-19.0186056948145,-10.0889233802333));
#295=CARTESIAN_POINT('Ctrl Pts',(130.553496323438,-19.1563010478805,-11.1568741138141));
#296=CARTESIAN_POINT('Ctrl Pts',(126.77016597079,-19.2735980315465,-11.5783012639908));
#297=CARTESIAN_POINT('Ctrl Pts',(121.95513293231,-19.2594542485012,-11.1233167412923));
#298=CARTESIAN_POINT('Ctrl Pts',(116.373869629672,-18.9075890040399,-9.24418007666184));
#299=CARTESIAN_POINT('Ctrl Pts',(111.235766736948,-17.8532754686049,-5.72558073525276));
#300=CARTESIAN_POINT('Ctrl Pts',(108.46560886486,-16.2799529036719,-2.05008475431291));
#301=CARTESIAN_POINT('Ctrl Pts',(107.531063677068,-14.5053203283495,1.15980788769178));
#302=CARTESIAN_POINT('Ctrl Pts',(107.702316084954,-13.0077237969006,3.35894363416861));
#303=CARTESIAN_POINT('Ctrl Pts',(108.190146100573,-11.8532900564173,4.8372296126603));
#304=CARTESIAN_POINT('Ctrl Pts',(108.614639972225,-11.0443987322221,5.81678502126114));
#305=CARTESIAN_POINT('Ctrl Pts',(109.618992480963,-9.52797045007161,7.50283338803751));
#306=CARTESIAN_POINT('Ctrl Pts',(111.778287615738,-7.11790728193738,9.71040976180077));
#307=CARTESIAN_POINT('Ctrl Pts',(115.238068945104,-4.07446267560063,11.6702118869771));
#308=CARTESIAN_POINT('Ctrl Pts',(119.114731658212,-1.11737553350729,12.6631475332127));
#309=CARTESIAN_POINT('Ctrl Pts',(122.958817784029,1.53952269328758,12.5839929764841));
#310=CARTESIAN_POINT('Ctrl Pts',(126.426615173362,3.80485855928085,11.4602202403277));
#311=CARTESIAN_POINT('Ctrl Pts',(129.477614812143,5.73025664170925,9.38291565375527));
#312=CARTESIAN_POINT('Ctrl Pts',(132.229397934378,7.48535302858591,6.29765423482697));
#313=CARTESIAN_POINT('Ctrl Pts',(134.767509033697,9.17512273300443,2.26076511107728));
#314=CARTESIAN_POINT('Ctrl Pts',(136.364354574755,10.3540021221999,-0.894889718346717));
#315=CARTESIAN_POINT('Ctrl Pts',(137.173221702092,10.9860107494996,-2.52592435172386));
#316=CARTESIAN_POINT('Ctrl Pts',(124.008614043992,43.8230970697317,-2.70207234111109));
#317=CARTESIAN_POINT('Ctrl Pts',(124.360057632471,44.1043123471712,-1.90915996738808));
#318=CARTESIAN_POINT('Ctrl Pts',(125.155619602353,44.5381912208072,-0.32450840081291));
#319=CARTESIAN_POINT('Ctrl Pts',(127.08400712395,44.9049886268308,2.77701463372013));
#320=CARTESIAN_POINT('Ctrl Pts',(130.066774525003,44.459660526482,6.42039497888875));
#321=CARTESIAN_POINT('Ctrl Pts',(134.315136154996,42.6880808663757,10.0981753990958));
#322=CARTESIAN_POINT('Ctrl Pts',(138.922221333403,40.0188944453025,12.8470425370019));
#323=CARTESIAN_POINT('Ctrl Pts',(143.576245668027,36.8077482407094,14.4667417484266));
#324=CARTESIAN_POINT('Ctrl Pts',(147.978557281089,33.4285249823672,14.8447334560018));
#325=CARTESIAN_POINT('Ctrl Pts',(151.250155962781,30.7372457224946,14.1122543509678));
#326=CARTESIAN_POINT('Ctrl Pts',(153.303064035197,29.0018968621862,13.0947826628974));
#327=CARTESIAN_POINT('Ctrl Pts',(154.411838670354,28.0549983913004,12.3731242473807));
#328=CARTESIAN_POINT('Ctrl Pts',(156.369316778004,26.3757007753682,10.8861728292948));
#329=CARTESIAN_POINT('Ctrl Pts',(159.132757327292,23.9900819208576,7.71157324012718));
#330=CARTESIAN_POINT('Ctrl Pts',(162.446176262757,21.3052284473482,1.97792896346053));
#331=CARTESIAN_POINT('Ctrl Pts',(165.767675111713,18.9648752791067,-4.27142357797048));
#332=CARTESIAN_POINT('Ctrl Pts',(169.008711598763,16.9649643357524,-9.08342809824915));
#333=CARTESIAN_POINT('Ctrl Pts',(172.08995351903,15.1346106757048,-12.2545052311549));
#334=CARTESIAN_POINT('Ctrl Pts',(174.674239054472,13.6027799501051,-14.1897285549802));
#335=CARTESIAN_POINT('Ctrl Pts',(177.524367097621,11.8870110637387,-15.6080857741284));
#336=CARTESIAN_POINT('Ctrl Pts',(181.62751713399,9.34247517137851,-16.7397692569347));
#337=CARTESIAN_POINT('Ctrl Pts',(186.054710941746,6.42378486457293,-16.6535176621416));
#338=CARTESIAN_POINT('Ctrl Pts',(189.848458469912,3.64268319464887,-15.5435400375793));
#339=CARTESIAN_POINT('Ctrl Pts',(191.928298102271,2.01146382623681,-14.6285464681614));
#340=CARTESIAN_POINT('Ctrl Pts',(194.928072865288,-0.466094423271235,-12.9853398160063));
#341=CARTESIAN_POINT('Ctrl Pts',(198.864458248625,-4.25807583722417,-9.55926924241063));
#342=CARTESIAN_POINT('Ctrl Pts',(201.51910923598,-8.53751031529791,-4.0351362361384));
#343=CARTESIAN_POINT('Ctrl Pts',(201.753029330366,-11.8380462880914,1.43524230063429));
#344=CARTESIAN_POINT('Ctrl Pts',(200.353909284316,-14.1764733350422,6.21283970145242));
#345=CARTESIAN_POINT('Ctrl Pts',(197.48263157299,-15.9392196861678,10.6863090962731));
#346=CARTESIAN_POINT('Ctrl Pts',(192.046015028569,-17.5209285746979,15.8951914712804));
#347=CARTESIAN_POINT('Ctrl Pts',(183.908416395031,-18.1649982260502,20.0663929843828));
#348=CARTESIAN_POINT('Ctrl Pts',(173.943703679016,-17.9112696666894,21.7188636847926));
#349=CARTESIAN_POINT('Ctrl Pts',(166.625392617501,-17.3252878864632,20.6762311748125));
#350=CARTESIAN_POINT('Ctrl Pts',(161.344030413552,-16.7943474948742,18.4179700679281));
#351=CARTESIAN_POINT('Ctrl Pts',(156.596942729016,-16.2579509120255,15.3154269252828));
#352=CARTESIAN_POINT('Ctrl Pts',(151.807339950253,-15.7155973887632,10.2339381756199));
#353=CARTESIAN_POINT('Ctrl Pts',(147.412881334935,-15.3608922909779,3.42755019812344));
#354=CARTESIAN_POINT('Ctrl Pts',(143.454700132226,-15.3430759524721,-3.07684038691669));
#355=CARTESIAN_POINT('Ctrl Pts',(139.974984685965,-15.5340336766678,-7.48914118147113));
#356=CARTESIAN_POINT('Ctrl Pts',(136.89836306731,-15.7462297723949,-10.139369289211));
#357=CARTESIAN_POINT('Ctrl Pts',(134.130184492387,-15.9443630267886,-11.8426921556752));
#358=CARTESIAN_POINT('Ctrl Pts',(130.757071757377,-16.1479358182697,-13.0864869154292));
#359=CARTESIAN_POINT('Ctrl Pts',(126.634715823387,-16.3222177146514,-13.5954484340751));
#360=CARTESIAN_POINT('Ctrl Pts',(121.493741237925,-16.3646862923912,-13.1744274419182));
#361=CARTESIAN_POINT('Ctrl Pts',(115.62632992925,-16.060425195803,-11.2752712415168));
#362=CARTESIAN_POINT('Ctrl Pts',(110.243226409522,-15.0347704760107,-7.6890081216604));
#363=CARTESIAN_POINT('Ctrl Pts',(107.285925080345,-13.4657629655378,-3.91156867557865));
#364=CARTESIAN_POINT('Ctrl Pts',(106.237488892279,-11.6657743427984,-0.581902699190279));
#365=CARTESIAN_POINT('Ctrl Pts',(106.357073839469,-10.1510197969701,1.68732212497506));
#366=CARTESIAN_POINT('Ctrl Pts',(106.815582416375,-8.98878469685412,3.20368835559786));
#367=CARTESIAN_POINT('Ctrl Pts',(107.220892458802,-8.17606107813838,4.20637679221737));
#368=CARTESIAN_POINT('Ctrl Pts',(108.191029747446,-6.65707127488622,5.92713736955756));
#369=CARTESIAN_POINT('Ctrl Pts',(110.292363787025,-4.25586549981392,8.17236843162924));
#370=CARTESIAN_POINT('Ctrl Pts',(113.656456107199,-1.24606182230474,10.1649311827132));
#371=CARTESIAN_POINT('Ctrl Pts',(117.394732437767,1.65335329059609,11.2012382111356));
#372=CARTESIAN_POINT('Ctrl Pts',(121.050513052546,4.22236035265585,11.1899011772904));
#373=CARTESIAN_POINT('Ctrl Pts',(124.286785928077,6.38196885253122,10.2053046775206));
#374=CARTESIAN_POINT('Ctrl Pts',(127.116375811006,8.20885723561849,8.34525133239535));
#375=CARTESIAN_POINT('Ctrl Pts',(129.726237414013,9.91452650763915,5.51211569580414));
#376=CARTESIAN_POINT('Ctrl Pts',(132.196136244352,11.5898431839432,1.68609200060409));
#377=CARTESIAN_POINT('Ctrl Pts',(133.782286692818,12.7783006163817,-1.36376029766762));
#378=CARTESIAN_POINT('Ctrl Pts',(134.590756136362,13.4174411781393,-2.95130788831175));
#379=CARTESIAN_POINT('Ctrl Pts',(121.30761648367,45.2041403990389,-1.91768444073491));
#380=CARTESIAN_POINT('Ctrl Pts',(121.716983672093,45.5199267228703,-0.986218288383059));
#381=CARTESIAN_POINT('Ctrl Pts',(122.644665221605,46.0023469172315,0.875077037020368));
#382=CARTESIAN_POINT('Ctrl Pts',(124.880332850611,46.3752955709575,4.49450048727569));
#383=CARTESIAN_POINT('Ctrl Pts',(128.278186573353,45.7876301158656,8.66467768239704));
#384=CARTESIAN_POINT('Ctrl Pts',(132.998509429199,43.732949765205,12.7671597658309));
#385=CARTESIAN_POINT('Ctrl Pts',(138.051447806906,40.7133154787882,15.7963965729302));
#386=CARTESIAN_POINT('Ctrl Pts',(143.164337297824,37.0927209121323,17.5815383493838));
#387=CARTESIAN_POINT('Ctrl Pts',(148.074499814056,33.2259401281161,17.9992975895996));
#388=CARTESIAN_POINT('Ctrl Pts',(151.812493365423,30.0696536601375,17.1431314755885));
#389=CARTESIAN_POINT('Ctrl Pts',(154.173036559586,28.0114638090063,15.9422645183935));
#390=CARTESIAN_POINT('Ctrl Pts',(155.444076669741,26.8918842697546,15.0949079410774));
#391=CARTESIAN_POINT('Ctrl Pts',(157.679656791886,24.9121465818477,13.3568908784934));
#392=CARTESIAN_POINT('Ctrl Pts',(160.744101517148,22.1660848118433,9.72037846442918));
#393=CARTESIAN_POINT('Ctrl Pts',(164.170932777274,19.27025612937,3.61680134143053));
#394=CARTESIAN_POINT('Ctrl Pts',(167.421381702279,16.8712145413906,-2.62674381254916));
#395=CARTESIAN_POINT('Ctrl Pts',(170.414605767179,14.9353003393192,-7.13282003195588));
#396=CARTESIAN_POINT('Ctrl Pts',(173.123821024155,13.2604668023125,-9.95362103488817));
#397=CARTESIAN_POINT('Ctrl Pts',(175.333715507083,11.896324955447,-11.6311013070635));
#398=CARTESIAN_POINT('Ctrl Pts',(177.746029762991,10.3919682513067,-12.8479439284046));
#399=CARTESIAN_POINT('Ctrl Pts',(181.240173696182,8.15704437361843,-13.8317378439064));
#400=CARTESIAN_POINT('Ctrl Pts',(185.100459622701,5.54091854033515,-13.7773912427778));
#401=CARTESIAN_POINT('Ctrl Pts',(188.467149276303,3.01182042242054,-12.7981462124392));
#402=CARTESIAN_POINT('Ctrl Pts',(190.315069184996,1.52486396782588,-11.9856620787661));
#403=CARTESIAN_POINT('Ctrl Pts',(192.979571358747,-0.733647029095472,-10.5259324694697));
#404=CARTESIAN_POINT('Ctrl Pts',(196.452022145456,-4.1706117357059,-7.47814498027453));
#405=CARTESIAN_POINT('Ctrl Pts',(198.663733835304,-7.91090590976069,-2.73822577678427));
#406=CARTESIAN_POINT('Ctrl Pts',(198.805711393563,-10.685384290449,1.76763184011463));
#407=CARTESIAN_POINT('Ctrl Pts',(197.61781404125,-12.6541874635554,5.67555199449782));
#408=CARTESIAN_POINT('Ctrl Pts',(195.167507202118,-14.1836960723832,9.43006663072316));
#409=CARTESIAN_POINT('Ctrl Pts',(190.388878603362,-15.6262475912685,13.9432960963409));
#410=CARTESIAN_POINT('Ctrl Pts',(182.995359009262,-16.2814494811508,17.6769718596301));
#411=CARTESIAN_POINT('Ctrl Pts',(173.922552122073,-16.1165468099108,19.1002811060498));
#412=CARTESIAN_POINT('Ctrl Pts',(167.389056066342,-15.6499330115774,18.1051071464307));
#413=CARTESIAN_POINT('Ctrl Pts',(162.7096887636,-15.2201359893813,16.0627278173111));
#414=CARTESIAN_POINT('Ctrl Pts',(158.481936453313,-14.7907056470272,13.2532264360627));
#415=CARTESIAN_POINT('Ctrl Pts',(154.091021792387,-14.3468490359918,8.5632753737016));
#416=CARTESIAN_POINT('Ctrl Pts',(149.852768287213,-14.0876379050879,1.93539360740742));
#417=CARTESIAN_POINT('Ctrl Pts',(145.840663656022,-14.1521898337736,-4.73377648958668));
#418=CARTESIAN_POINT('Ctrl Pts',(142.079269514498,-14.4418494115683,-9.56962714024503));
#419=CARTESIAN_POINT('Ctrl Pts',(138.562011977301,-14.7593042556332,-12.6201232908495));
#420=CARTESIAN_POINT('Ctrl Pts',(135.316047724101,-15.0485871482348,-14.6241640959019));
#421=CARTESIAN_POINT('Ctrl Pts',(131.340697165621,-15.3621517014802,-16.0885957318523));
#422=CARTESIAN_POINT('Ctrl Pts',(126.582837849353,-15.6304536413056,-16.669995374708));
#423=CARTESIAN_POINT('Ctrl Pts',(120.786999277842,-15.7618620883516,-16.191601117646));
#424=CARTESIAN_POINT('Ctrl Pts',(114.275185427595,-15.5174516964278,-14.0813226249202));
#425=CARTESIAN_POINT('Ctrl Pts',(108.221238884853,-14.4759193619995,-10.069005061551));
#426=CARTESIAN_POINT('Ctrl Pts',(104.698667854758,-12.7477477824672,-5.61530665631789));
#427=CARTESIAN_POINT('Ctrl Pts',(103.380935403505,-10.6123169104466,-1.46335560013198));
#428=CARTESIAN_POINT('Ctrl Pts',(103.528649623956,-8.8279531964373,1.32219430984328));
#429=CARTESIAN_POINT('Ctrl Pts',(104.059498595516,-7.49819372072715,3.12333836274197));
#430=CARTESIAN_POINT('Ctrl Pts',(104.524414817915,-6.57771866751469,4.30129507606534));
#431=CARTESIAN_POINT('Ctrl Pts',(105.622211205427,-4.88319221503079,6.28905678761147));
#432=CARTESIAN_POINT('Ctrl Pts',(107.940217365211,-2.27246851339021,8.81544831344371));
#433=CARTESIAN_POINT('Ctrl Pts',(111.576534643129,0.942488747287903,11.0303980393552));
#434=CARTESIAN_POINT('Ctrl Pts',(115.600287142057,4.02247655765023,12.2145053276666));
#435=CARTESIAN_POINT('Ctrl Pts',(119.562725025855,6.76762952158846,12.2715665804282));
#436=CARTESIAN_POINT('Ctrl Pts',(123.124254875043,9.09793099583619,11.2698323116436));
#437=CARTESIAN_POINT('Ctrl Pts',(126.240495603322,11.0662556962753,9.30232778225341));
#438=CARTESIAN_POINT('Ctrl Pts',(129.052511940024,12.8577573031241,6.35600051196334));
#439=CARTESIAN_POINT('Ctrl Pts',(131.634616784049,14.5694660061706,2.47721396974787));
#440=CARTESIAN_POINT('Ctrl Pts',(133.258381188581,15.7561197365011,-0.540687247993667));
#441=CARTESIAN_POINT('Ctrl Pts',(134.076419833311,16.3871869051956,-2.09456909466471));
#442=CARTESIAN_POINT('Ctrl Pts',(118.543331290248,45.3196600622549,-0.679215550835463));
#443=CARTESIAN_POINT('Ctrl Pts',(118.992984986082,45.6528640974145,0.340583005399418));
#444=CARTESIAN_POINT('Ctrl Pts',(120.01118836235,46.1576843078728,2.3782154765818));
#445=CARTESIAN_POINT('Ctrl Pts',(122.457494195312,46.5162837042922,6.32908653893776));
#446=CARTESIAN_POINT('Ctrl Pts',(126.141494907165,45.8110356093144,10.8353845899821));
#447=CARTESIAN_POINT('Ctrl Pts',(131.194766479013,43.5401401609913,15.2108323365907));
#448=CARTESIAN_POINT('Ctrl Pts',(136.574768512508,40.2495315102639,18.4172981361865));
#449=CARTESIAN_POINT('Ctrl Pts',(142.037373487979,36.3067187039826,20.3002762182182));
#450=CARTESIAN_POINT('Ctrl Pts',(147.347642569573,32.0484925417967,20.7200461033746));
#451=CARTESIAN_POINT('Ctrl Pts',(151.461249243941,28.5136058931738,19.739499596154));
#452=CARTESIAN_POINT('Ctrl Pts',(154.071356340018,26.1909827396286,18.3696274425109));
#453=CARTESIAN_POINT('Ctrl Pts',(155.474336658036,24.9297639275365,17.4084949003845));
#454=CARTESIAN_POINT('Ctrl Pts',(157.936299847291,22.7033888378666,15.444394430446));
#455=CARTESIAN_POINT('Ctrl Pts',(161.243170011436,19.6634763969314,11.3920729777989));
#456=CARTESIAN_POINT('Ctrl Pts',(164.756218645927,16.6002006090476,4.92980669807083));
#457=CARTESIAN_POINT('Ctrl Pts',(167.945030784154,14.1597097204183,-1.37388658159504));
#458=CARTESIAN_POINT('Ctrl Pts',(170.744871973519,12.276918887301,-5.69699378775129));
#459=CARTESIAN_POINT('Ctrl Pts',(173.172693895687,10.7215534344428,-8.2869249019791));
#460=CARTESIAN_POINT('Ctrl Pts',(175.099389419508,9.48613159697869,-9.79450272841556));
#461=CARTESIAN_POINT('Ctrl Pts',(177.181196785763,8.14340637258882,-10.8810460826375));
#462=CARTESIAN_POINT('Ctrl Pts',(180.21288054678,6.14687478281415,-11.7792414052356));
#463=CARTESIAN_POINT('Ctrl Pts',(183.637259319352,3.76806772712092,-11.7757556990783));
#464=CARTESIAN_POINT('Ctrl Pts',(186.667103783305,1.44376186436315,-10.9228031622564));
#465=CARTESIAN_POINT('Ctrl Pts',(188.330012793171,0.0762845450444874,-10.206695568906));
#466=CARTESIAN_POINT('Ctrl Pts',(190.725253912318,-1.99870764978048,-8.91748577008097));
#467=CARTESIAN_POINT('Ctrl Pts',(193.817035403716,-5.13079546064537,-6.21464903499223));
#468=CARTESIAN_POINT('Ctrl Pts',(195.66299888213,-8.39343118108683,-2.19145120576703));
#469=CARTESIAN_POINT('Ctrl Pts',(195.748827049099,-10.6958288515672,1.43083072384578));
#470=CARTESIAN_POINT('Ctrl Pts',(194.781481703964,-12.3336262944761,4.54017847082395));
#471=CARTESIAN_POINT('Ctrl Pts',(192.744420034063,-13.6558772063679,7.63312167061735));
#472=CARTESIAN_POINT('Ctrl Pts',(188.615895042733,-14.9814553705963,11.5057243351771));
#473=CARTESIAN_POINT('Ctrl Pts',(181.973900522488,-15.6619516723424,14.8385338746392));
#474=CARTESIAN_POINT('Ctrl Pts',(173.839739045234,-15.6002835813386,16.0641007447497));
#475=CARTESIAN_POINT('Ctrl Pts',(168.153484564274,-15.2674842585224,15.1575548633495));
#476=CARTESIAN_POINT('Ctrl Pts',(164.131160950548,-14.9507255399734,13.3808805501831));
#477=CARTESIAN_POINT('Ctrl Pts',(160.469044327078,-14.6405235119113,10.9283689227495));
#478=CARTESIAN_POINT('Ctrl Pts',(156.511671323199,-14.3060064431205,6.71316783193513));
#479=CARTESIAN_POINT('Ctrl Pts',(152.431708230814,-14.1502065607291,0.347088465438714));
#480=CARTESIAN_POINT('Ctrl Pts',(148.356848913061,-14.3006938095383,-6.42768166460989));
#481=CARTESIAN_POINT('Ctrl Pts',(144.300654920386,-14.6906324241159,-11.648786388833));
#482=CARTESIAN_POINT('Ctrl Pts',(140.330540517321,-15.1140102446908,-15.0730468809899));
#483=CARTESIAN_POINT('Ctrl Pts',(136.596201387926,-15.4947685901746,-17.3597321956729));
#484=CARTESIAN_POINT('Ctrl Pts',(132.00197871765,-15.9185067752269,-19.022132332549));
#485=CARTESIAN_POINT('Ctrl Pts',(126.585769323566,-16.280638478227,-19.6528764951011));
#486=CARTESIAN_POINT('Ctrl Pts',(120.09951510052,-16.4993356110474,-19.0809548161501));
#487=CARTESIAN_POINT('Ctrl Pts',(112.891056451881,-16.3086629044972,-16.7034264461299));
#488=CARTESIAN_POINT('Ctrl Pts',(106.082993474764,-15.2310954451871,-12.1655533506834));
#489=CARTESIAN_POINT('Ctrl Pts',(101.914832967574,-13.2910683986437,-6.8750469467829));
#490=CARTESIAN_POINT('Ctrl Pts',(100.302948807586,-10.7271585119835,-1.70331181132135));
#491=CARTESIAN_POINT('Ctrl Pts',(100.515327768956,-8.59675910730407,1.72510840690542));
#492=CARTESIAN_POINT('Ctrl Pts',(101.15698646317,-7.05040409170403,3.88134421312514));
#493=CARTESIAN_POINT('Ctrl Pts',(101.71055998189,-5.98998992019511,5.278008753634));
#494=CARTESIAN_POINT('Ctrl Pts',(102.99464688063,-4.06557852504883,7.59913552601109));
#495=CARTESIAN_POINT('Ctrl Pts',(105.628842063219,-1.17428755948695,10.4756662975511));
#496=CARTESIAN_POINT('Ctrl Pts',(109.67435297912,2.3285669152648,12.9659619560801));
#497=CARTESIAN_POINT('Ctrl Pts',(114.147237286261,5.67672326434034,14.3215262125226));
#498=CARTESIAN_POINT('Ctrl Pts',(118.612972282803,8.70015238056348,14.4326033917202));
#499=CARTESIAN_POINT('Ctrl Pts',(122.725057209847,11.3109496079342,13.3346034331453));
#500=CARTESIAN_POINT('Ctrl Pts',(126.335646799577,13.5174389101798,11.1107630586934));
#501=CARTESIAN_POINT('Ctrl Pts',(129.488835274205,15.4480038228643,7.88211906266502));
#502=CARTESIAN_POINT('Ctrl Pts',(132.254760892716,17.2152368506859,3.82247051088584));
#503=CARTESIAN_POINT('Ctrl Pts',(133.933794765137,18.3944311388559,0.790553386137429));
#504=CARTESIAN_POINT('Ctrl Pts',(134.764650848493,19.011106422591,-0.741865486928664));
#505=CARTESIAN_POINT('Ctrl Pts',(116.427315005362,43.7797468549714,0.815450031350581));
#506=CARTESIAN_POINT('Ctrl Pts',(116.883827272431,44.1036116031319,1.83537069181354));
#507=CARTESIAN_POINT('Ctrl Pts',(117.915191911685,44.5910581581604,3.87354539628421));
#508=CARTESIAN_POINT('Ctrl Pts',(120.391901954945,44.9125373530782,7.82776063923899));
#509=CARTESIAN_POINT('Ctrl Pts',(124.121025290119,44.1523250490386,12.3363987455124));
#510=CARTESIAN_POINT('Ctrl Pts',(129.240614921553,41.8083193459292,16.7176440174495));
#511=CARTESIAN_POINT('Ctrl Pts',(134.708821492078,38.4204793206819,19.9222729650988));
#512=CARTESIAN_POINT('Ctrl Pts',(140.288637330341,34.3527239103539,21.7906711098526));
#513=CARTESIAN_POINT('Ctrl Pts',(145.754885181819,29.9301331420519,22.1637627161088));
#514=CARTESIAN_POINT('Ctrl Pts',(150.028308469101,26.2277730283668,21.0913094007753));
#515=CARTESIAN_POINT('Ctrl Pts',(152.747195965566,23.7859025466462,19.6158184112114));
#516=CARTESIAN_POINT('Ctrl Pts',(154.208115261202,22.4605424887557,18.5864132003587));
#517=CARTESIAN_POINT('Ctrl Pts',(156.769887861393,20.1221469347492,16.4883176588617));
#518=CARTESIAN_POINT('Ctrl Pts',(160.180073193816,16.9513853362688,12.19009220473));
#519=CARTESIAN_POINT('Ctrl Pts',(163.721291977826,13.8211386274985,5.47865362277048));
#520=CARTESIAN_POINT('Ctrl Pts',(166.876911023459,11.3720647181823,-0.953779111101061));
#521=CARTESIAN_POINT('Ctrl Pts',(169.604394747917,9.51446803904903,-5.30079694164746));
#522=CARTESIAN_POINT('Ctrl Pts',(171.941944819635,8.00050829014105,-7.87479276930076));
#523=CARTESIAN_POINT('Ctrl Pts',(173.777836748027,6.8095568447398,-9.37068975052325));
#524=CARTESIAN_POINT('Ctrl Pts',(175.754730303094,5.52160880789268,-10.4531932223744));
#525=CARTESIAN_POINT('Ctrl Pts',(178.635178089942,3.60861361900047,-11.3687689859551));
#526=CARTESIAN_POINT('Ctrl Pts',(181.906681650742,1.32086496266741,-11.4269607984813));
#527=CARTESIAN_POINT('Ctrl Pts',(184.804945818757,-0.913582534228878,-10.6612055907531));
#528=CARTESIAN_POINT('Ctrl Pts',(186.392219901576,-2.22510592848943,-10.0080795241922));
#529=CARTESIAN_POINT('Ctrl Pts',(188.674491686245,-4.21087364386593,-8.82763774395675));
#530=CARTESIAN_POINT('Ctrl Pts',(191.592673833644,-7.18265231049133,-6.33595184272919));
#531=CARTESIAN_POINT('Ctrl Pts',(193.268987394139,-10.172970238478,-2.7532640182644));
#532=CARTESIAN_POINT('Ctrl Pts',(193.359361140869,-12.1974468129754,0.323221042474703));
#533=CARTESIAN_POINT('Ctrl Pts',(192.56628492436,-13.6415176407373,2.93674525538605));
#534=CARTESIAN_POINT('Ctrl Pts',(190.823048222387,-14.8445187791719,5.61659208981489));
#535=CARTESIAN_POINT('Ctrl Pts',(187.162505597424,-16.1124572016749,9.08853766130536));
#536=CARTESIAN_POINT('Ctrl Pts',(181.082885339742,-16.8295717792424,12.173158302464));
#537=CARTESIAN_POINT('Ctrl Pts',(173.699539802389,-16.8622956383998,13.2934284487631));
#538=CARTESIAN_POINT('Ctrl Pts',(168.717071641686,-16.646423703796,12.5046081766507));
#539=CARTESIAN_POINT('Ctrl Pts',(165.249145551266,-16.4281355385861,10.9875305596489));
#540=CARTESIAN_POINT('Ctrl Pts',(162.062887519573,-16.2214456800965,8.88002559790661));
#541=CARTESIAN_POINT('Ctrl Pts',(158.469363534047,-15.9813013000827,5.1208806922011));
#542=CARTESIAN_POINT('Ctrl Pts',(154.508470238187,-15.9117788400498,-0.945566219441917));
#543=CARTESIAN_POINT('Ctrl Pts',(150.375935749946,-16.1301016490745,-7.72232070301302));
#544=CARTESIAN_POINT('Ctrl Pts',(146.085865559779,-16.5958753703381,-13.1777627324738));
#545=CARTESIAN_POINT('Ctrl Pts',(141.766798850208,-17.098053505445,-16.8429145604898));
#546=CARTESIAN_POINT('Ctrl Pts',(137.659464043665,-17.5465713926724,-19.314420714171));
#547=CARTESIAN_POINT('Ctrl Pts',(132.588464435405,-18.0516191026014,-21.0933296968532));
#548=CARTESIAN_POINT('Ctrl Pts',(126.658400255335,-18.4825998533924,-21.7307459355985));
#549=CARTESIAN_POINT('Ctrl Pts',(119.618267016225,-18.7634831973155,-21.0436547803318));
#550=CARTESIAN_POINT('Ctrl Pts',(111.829649722406,-18.6048195919968,-18.3978440638385));
#551=CARTESIAN_POINT('Ctrl Pts',(104.359234850343,-17.4748678090195,-13.3452210531979));
#552=CARTESIAN_POINT('Ctrl Pts',(99.6122155651891,-15.3112857202023,-7.23230009697692));
#553=CARTESIAN_POINT('Ctrl Pts',(97.7515876764214,-12.3123998938219,-1.05587340993123));
#554=CARTESIAN_POINT('Ctrl Pts',(98.0583716666082,-9.82911274252426,3.00848585292407));
#555=CARTESIAN_POINT('Ctrl Pts',(98.8311675748375,-8.06010999754377,5.51668202127282));
#556=CARTESIAN_POINT('Ctrl Pts',(99.487434046975,-6.85522035451883,7.13030619998427));
#557=CARTESIAN_POINT('Ctrl Pts',(100.984107492618,-4.691643751096,9.78228791026944));
#558=CARTESIAN_POINT('Ctrl Pts',(103.978762898017,-1.50265132214653,13.00529773591));
#559=CARTESIAN_POINT('Ctrl Pts',(108.50149081185,2.31842300911456,15.7664776233338));
#560=CARTESIAN_POINT('Ctrl Pts',(113.515301549936,5.9764990325438,17.2787559720573));
#561=CARTESIAN_POINT('Ctrl Pts',(118.604399292928,9.33608031167445,17.4111552189295));
#562=CARTESIAN_POINT('Ctrl Pts',(123.411568834323,12.2945657212151,16.1404433865553));
#563=CARTESIAN_POINT('Ctrl Pts',(127.653228368904,14.8007684300092,13.5361357523419));
#564=CARTESIAN_POINT('Ctrl Pts',(131.236065326609,16.9019706296758,9.8819001074854));
#565=CARTESIAN_POINT('Ctrl Pts',(134.229092660631,18.7344781652268,5.52416564159533));
#566=CARTESIAN_POINT('Ctrl Pts',(135.970878273145,19.9005662155264,2.42305525836127));
#567=CARTESIAN_POINT('Ctrl Pts',(136.815357838638,20.4984948770478,0.890666054132555));
#568=CARTESIAN_POINT('Ctrl Pts',(115.879504877643,40.990656130039,2.0048709217102));
#569=CARTESIAN_POINT('Ctrl Pts',(116.302381966295,41.2786954975855,2.92524247928967));
#570=CARTESIAN_POINT('Ctrl Pts',(117.254719208523,41.710576084366,4.76559723203204));
#571=CARTESIAN_POINT('Ctrl Pts',(119.546524457411,41.9838498714308,8.35160549035742));
#572=CARTESIAN_POINT('Ctrl Pts',(123.0322682434,41.2604066993098,12.4860941990683));
#573=CARTESIAN_POINT('Ctrl Pts',(127.89197134537,39.0332310800363,16.5700567436223));
#574=CARTESIAN_POINT('Ctrl Pts',(133.144975811546,35.7821581811925,19.5723136576971));
#575=CARTESIAN_POINT('Ctrl Pts',(138.534062919851,31.8610616488373,21.3056368016204));
#576=CARTESIAN_POINT('Ctrl Pts',(143.819568841592,27.5951870459239,21.5961511605422));
#577=CARTESIAN_POINT('Ctrl Pts',(147.946504842001,24.0296070790878,20.5054054458403));
#578=CARTESIAN_POINT('Ctrl Pts',(150.572035290064,21.6798045944999,19.0381087884079));
#579=CARTESIAN_POINT('Ctrl Pts',(151.984240761085,20.4033873203932,18.0191050423947));
#580=CARTESIAN_POINT('Ctrl Pts',(154.463110850544,18.1496288980349,15.9445380937182));
#581=CARTESIAN_POINT('Ctrl Pts',(157.779381511463,15.0830170494162,11.6901380426829));
#582=CARTESIAN_POINT('Ctrl Pts',(161.271749404686,12.0260262776477,4.95272517189888));
#583=CARTESIAN_POINT('Ctrl Pts',(164.439641193403,9.60820287114901,-1.63473650647491));
#584=CARTESIAN_POINT('Ctrl Pts',(167.259733281615,7.73449412149952,-6.22963988509205));
#585=CARTESIAN_POINT('Ctrl Pts',(169.758439237517,6.15738214214177,-9.03679683152497));
#586=CARTESIAN_POINT('Ctrl Pts',(171.756714442592,4.89818481674704,-10.7043583087769));
#587=CARTESIAN_POINT('Ctrl Pts',(173.924825854068,3.5227700663746,-11.9271027614446));
#588=CARTESIAN_POINT('Ctrl Pts',(177.065503424857,1.48532310138303,-12.9694922516305));
#589=CARTESIAN_POINT('Ctrl Pts',(180.562697853364,-0.91142400688887,-13.0777205038184));
#590=CARTESIAN_POINT('Ctrl Pts',(183.61334938439,-3.2213413947599,-12.3204897606696));
#591=CARTESIAN_POINT('Ctrl Pts',(185.278564905825,-4.57086769510312,-11.667578600452));
#592=CARTESIAN_POINT('Ctrl Pts',(187.669344123243,-6.60931717483239,-10.4829939577063));
#593=CARTESIAN_POINT('Ctrl Pts',(190.715637579461,-9.64630814222507,-7.96908112729401));
#594=CARTESIAN_POINT('Ctrl Pts',(192.511520276939,-12.7041934571977,-4.34041629663514));
#595=CARTESIAN_POINT('Ctrl Pts',(192.672887986504,-14.7802374784284,-1.21145871275944));
#596=CARTESIAN_POINT('Ctrl Pts',(191.932478574811,-16.2627929939385,1.44567116344925));
#597=CARTESIAN_POINT('Ctrl Pts',(190.23139051058,-17.4928236187332,4.15642311195461));
#598=CARTESIAN_POINT('Ctrl Pts',(186.646986880279,-18.7926474577556,7.65743247318854));
#599=CARTESIAN_POINT('Ctrl Pts',(180.693028582569,-19.5440900313943,10.7639004578821));
#600=CARTESIAN_POINT('Ctrl Pts',(173.549562469315,-19.6232961381752,11.9244241273529));
#601=CARTESIAN_POINT('Ctrl Pts',(168.829615815089,-19.4585662084052,11.2384261048516));
#602=CARTESIAN_POINT('Ctrl Pts',(165.579152705479,-19.2829670834922,9.87012341017186));
#603=CARTESIAN_POINT('Ctrl Pts',(162.577624730757,-19.1207227456628,7.95612583438198));
#604=CARTESIAN_POINT('Ctrl Pts',(159.124839816548,-18.9205746533934,4.44946710083181));
#605=CARTESIAN_POINT('Ctrl Pts',(155.191479843995,-18.88373274312,-1.39455455073015));
#606=CARTESIAN_POINT('Ctrl Pts',(151.029838350713,-19.1226851403046,-8.0559585264121));
#607=CARTESIAN_POINT('Ctrl Pts',(146.667660201534,-19.6065725857524,-13.4819638844177));
#608=CARTESIAN_POINT('Ctrl Pts',(142.256041906876,-20.1255129330452,-17.1418241822333));
#609=CARTESIAN_POINT('Ctrl Pts',(138.054398532876,-20.588025650785,-19.6139293216152));
#610=CARTESIAN_POINT('Ctrl Pts',(132.857145371495,-21.1093665929005,-21.3708943800814));
#611=CARTESIAN_POINT('Ctrl Pts',(126.781057293639,-21.5534744931298,-21.9639553347631));
#612=CARTESIAN_POINT('Ctrl Pts',(119.561378704197,-21.8433833754129,-21.1830569708843));
#613=CARTESIAN_POINT('Ctrl Pts',(111.553426924287,-21.6791270909632,-18.3736388004103));
#614=CARTESIAN_POINT('Ctrl Pts',(103.787825018193,-20.4991563666894,-13.023565947735));
#615=CARTESIAN_POINT('Ctrl Pts',(98.7678043399463,-18.1876246853623,-6.43183044652939));
#616=CARTESIAN_POINT('Ctrl Pts',(96.8082487523868,-14.9196859780509,0.332147101557039));
#617=CARTESIAN_POINT('Ctrl Pts',(97.2049847675081,-12.2162025069704,4.77167641511497));
#618=CARTESIAN_POINT('Ctrl Pts',(98.0794222416772,-10.3066127225841,7.4878041762127));
#619=CARTESIAN_POINT('Ctrl Pts',(98.8131944646396,-9.00981232200506,9.22979234823767));
#620=CARTESIAN_POINT('Ctrl Pts',(100.467227636626,-6.6919740260462,12.077883410664));
#621=CARTESIAN_POINT('Ctrl Pts',(103.728597900369,-3.30423891927441,15.5057081380325));
#622=CARTESIAN_POINT('Ctrl Pts',(108.61506657601,0.742714262448222,18.4251962754245));
#623=CARTESIAN_POINT('Ctrl Pts',(114.057840690707,4.63463415075909,20.0155882950291));
#624=CARTESIAN_POINT('Ctrl Pts',(119.657360391053,8.26194186143298,20.1243527038073));
#625=CARTESIAN_POINT('Ctrl Pts',(125.045689987847,11.5055829721843,18.6640067047314));
#626=CARTESIAN_POINT('Ctrl Pts',(129.821226081446,14.2616926352899,15.6913671490195));
#627=CARTESIAN_POINT('Ctrl Pts',(133.76257950073,16.5014619180292,11.6200595015032));
#628=CARTESIAN_POINT('Ctrl Pts',(136.94129721879,18.3844916110594,6.95114152563395));
#629=CARTESIAN_POINT('Ctrl Pts',(138.729762786345,19.536705760465,3.74637514735703));
#630=CARTESIAN_POINT('Ctrl Pts',(139.583331366301,20.1184619914162,2.18979754030181));
#631=CARTESIAN_POINT('Ctrl Pts',(116.390817993893,38.8109842773767,2.50033660346731));
#632=CARTESIAN_POINT('Ctrl Pts',(116.774469547197,39.0657795773611,3.31496070975439));
#633=CARTESIAN_POINT('Ctrl Pts',(117.635681389666,39.4477889442224,4.94454867856461));
#634=CARTESIAN_POINT('Ctrl Pts',(119.715166255707,39.6891215363949,8.13753096764798));
#635=CARTESIAN_POINT('Ctrl Pts',(122.917508952588,39.0338401406718,11.871890190056));
#636=CARTESIAN_POINT('Ctrl Pts',(127.465764031114,36.96908479724,15.6360707084193));
#637=CARTESIAN_POINT('Ctrl Pts',(132.44334899421,33.9141547528627,18.4232094998686));
#638=CARTESIAN_POINT('Ctrl Pts',(137.56826369893,30.2139669241309,20.0197542399563));
#639=CARTESIAN_POINT('Ctrl Pts',(142.580496556348,26.1998314251921,20.245915912733));
#640=CARTESIAN_POINT('Ctrl Pts',(146.468616716075,22.866471377858,19.1824881058202));
#641=CARTESIAN_POINT('Ctrl Pts',(148.938902046655,20.6758781263242,17.7779853271677));
#642=CARTESIAN_POINT('Ctrl Pts',(150.269597414858,19.4843887604454,16.8050250148677));
#643=CARTESIAN_POINT('Ctrl Pts',(152.609139893187,17.3780769908779,14.8241510812605));
#644=CARTESIAN_POINT('Ctrl Pts',(155.771526083946,14.4905273784114,10.7425048377333));
#645=CARTESIAN_POINT('Ctrl Pts',(159.197806950254,11.5456662871097,4.10527368205622));
#646=CARTESIAN_POINT('Ctrl Pts',(162.395696196113,9.16613887006007,-2.58087275718026));
#647=CARTESIAN_POINT('Ctrl Pts',(165.351887123656,7.26209518534663,-7.4269037344289));
#648=CARTESIAN_POINT('Ctrl Pts',(168.068510822409,5.59654929137108,-10.4899246705721));
#649=CARTESIAN_POINT('Ctrl Pts',(170.286160798034,4.24188500404469,-12.3457989272214));
#650=CARTESIAN_POINT('Ctrl Pts',(172.711696221254,2.74519138460952,-13.7195219052904));
#651=CARTESIAN_POINT('Ctrl Pts',(176.206699190583,0.53249181705894,-14.8876153428857));
#652=CARTESIAN_POINT('Ctrl Pts',(180.024232822818,-2.02818732796756,-15.016835343854));
#653=CARTESIAN_POINT('Ctrl Pts',(183.304620857292,-4.46469094672732,-14.2236722683611));
#654=CARTESIAN_POINT('Ctrl Pts',(185.091562133,-5.88340482700608,-13.5385964061536));
#655=CARTESIAN_POINT('Ctrl Pts',(187.655681540224,-8.02378011642137,-12.2935742942326));
#656=CARTESIAN_POINT('Ctrl Pts',(190.928711526082,-11.2139833147408,-9.6459476227181));
#657=CARTESIAN_POINT('Ctrl Pts',(192.938712556972,-14.4840719301628,-5.74119931188755));
#658=CARTESIAN_POINT('Ctrl Pts',(193.173515932235,-16.7582201287768,-2.27543767694311));
#659=CARTESIAN_POINT('Ctrl Pts',(192.399417929397,-18.3812249554087,0.682852520665877));
#660=CARTESIAN_POINT('Ctrl Pts',(190.592010672043,-19.7018603158746,3.63983353183253));
#661=CARTESIAN_POINT('Ctrl Pts',(186.847809091308,-21.0656084333597,7.37847482958142));
#662=CARTESIAN_POINT('Ctrl Pts',(180.737622248143,-21.8351897728187,10.6369379507377));
#663=CARTESIAN_POINT('Ctrl Pts',(173.462830635033,-21.9155636239062,11.8951095760039));
#664=CARTESIAN_POINT('Ctrl Pts',(168.659158919978,-21.7452311040562,11.2587535538818));
#665=CARTESIAN_POINT('Ctrl Pts',(165.354835514316,-21.5644553087654,9.91549730100961));
#666=CARTESIAN_POINT('Ctrl Pts',(162.305062764801,-21.3962863420133,8.03015575005497));
#667=CARTESIAN_POINT('Ctrl Pts',(158.814365668926,-21.1900469767672,4.55812285074229));
#668=CARTESIAN_POINT('Ctrl Pts',(154.848941518493,-21.1434839177999,-1.20303201211945));
#669=CARTESIAN_POINT('Ctrl Pts',(150.68619540509,-21.3692787168063,-7.74023844739828));
#670=CARTESIAN_POINT('Ctrl Pts',(146.367825536246,-21.8333434113516,-13.0143802293525));
#671=CARTESIAN_POINT('Ctrl Pts',(142.03723531509,-22.3295902650255,-16.5448852312055));
#672=CARTESIAN_POINT('Ctrl Pts',(137.927310884138,-22.7721116672178,-18.922632592179));
#673=CARTESIAN_POINT('Ctrl Pts',(132.840932077422,-23.2689784273358,-20.5963935359846));
#674=CARTESIAN_POINT('Ctrl Pts',(126.873919942745,-23.6916744694507,-21.1389755919421));
#675=CARTESIAN_POINT('Ctrl Pts',(119.748654137366,-23.9591893483129,-20.3175651206425));
#676=CARTESIAN_POINT('Ctrl Pts',(111.807462334305,-23.7726039456816,-17.4727032426376));
#677=CARTESIAN_POINT('Ctrl Pts',(104.069091564461,-22.5664007473746,-12.0711318374758));
#678=CARTESIAN_POINT('Ctrl Pts',(99.0568586851503,-20.2126842842993,-5.39361110356387));
#679=CARTESIAN_POINT('Ctrl Pts',(97.1206386378039,-16.8824412402012,1.47805863505054));
#680=CARTESIAN_POINT('Ctrl Pts',(97.5648626562257,-14.1264462405807,5.98901520725705));
#681=CARTESIAN_POINT('Ctrl Pts',(98.4800153195304,-12.1818244620682,8.74529088365454));
#682=CARTESIAN_POINT('Ctrl Pts',(99.2434241596276,-10.8615635844622,10.5122356578033));
#683=CARTESIAN_POINT('Ctrl Pts',(100.955549384694,-8.50269667614713,13.3986461676011));
#684=CARTESIAN_POINT('Ctrl Pts',(104.315294481257,-5.05693386793869,16.8655889241915));
#685=CARTESIAN_POINT('Ctrl Pts',(109.343198354605,-0.933620157408293,19.8137010887991));
#686=CARTESIAN_POINT('Ctrl Pts',(114.963945350432,3.04736773894929,21.4061161554449));
#687=CARTESIAN_POINT('Ctrl Pts',(120.785613253249,6.78630692184787,21.4784041782782));
#688=CARTESIAN_POINT('Ctrl Pts',(126.434393807297,10.1541832521388,19.9048707563186));
#689=CARTESIAN_POINT('Ctrl Pts',(131.453008205272,13.0217418840173,16.7359270199917));
#690=CARTESIAN_POINT('Ctrl Pts',(135.55455276966,15.3209510720979,12.439673347413));
#691=CARTESIAN_POINT('Ctrl Pts',(138.813876472637,17.2240309309814,7.59294874194523));
#692=CARTESIAN_POINT('Ctrl Pts',(140.619637421443,18.3681075746121,4.31323639761448));
#693=CARTESIAN_POINT('Ctrl Pts',(141.475868759585,18.9423083167327,2.73096431541497));
#694=CARTESIAN_POINT('Ctrl Pts',(117.74601067742,36.9462193389961,2.50016950114293));
#695=CARTESIAN_POINT('Ctrl Pts',(118.083210415633,37.1672671944965,3.19637889867437));
#696=CARTESIAN_POINT('Ctrl Pts',(118.837711603525,37.4998278064719,4.59002792633766));
#697=CARTESIAN_POINT('Ctrl Pts',(120.668409801013,37.7191103340146,7.34199252620562));
#698=CARTESIAN_POINT('Ctrl Pts',(123.537468977132,37.1601987842352,10.6282691422394));
#699=CARTESIAN_POINT('Ctrl Pts',(127.713054615946,35.3040652711793,14.0328242476363));
#700=CARTESIAN_POINT('Ctrl Pts',(132.350244961622,32.5043882760296,16.5803353418997));
#701=CARTESIAN_POINT('Ctrl Pts',(137.136539432162,29.0974360616236,18.0295372170166));
#702=CARTESIAN_POINT('Ctrl Pts',(141.785517346815,25.4256928406407,18.2012473234321));
#703=CARTESIAN_POINT('Ctrl Pts',(145.347504791559,22.4140118911412,17.2026793159459));
#704=CARTESIAN_POINT('Ctrl Pts',(147.603783660516,20.4457607625063,15.9076860771048));
#705=CARTESIAN_POINT('Ctrl Pts',(148.821774807659,19.373105024257,15.0115995959558));
#706=CARTESIAN_POINT('Ctrl Pts',(150.968378789124,17.4733454328184,13.1853199902253));
#707=CARTESIAN_POINT('Ctrl Pts',(153.920604700942,14.8342948014062,9.38831568249559));
#708=CARTESIAN_POINT('Ctrl Pts',(157.262380019229,12.0397865627233,2.95569511230372));
#709=CARTESIAN_POINT('Ctrl Pts',(160.506173275544,9.70606360431731,-3.79300522972556));
#710=CARTESIAN_POINT('Ctrl Pts',(163.641307807892,7.75882507612649,-8.91115997135067));
#711=CARTESIAN_POINT('Ctrl Pts',(166.635154559733,5.97898364574507,-12.2664012742336));
#712=CARTESIAN_POINT('Ctrl Pts',(169.131899412759,4.50103271588384,-14.337354601693));
#713=CARTESIAN_POINT('Ctrl Pts',(171.884282110528,2.84837751632291,-15.8815420428219));
#714=CARTESIAN_POINT('Ctrl Pts',(175.831827115964,0.408617788774899,-17.1838822634332));
#715=CARTESIAN_POINT('Ctrl Pts',(180.063803010642,-2.3688202829876,-17.3138088909879));
#716=CARTESIAN_POINT('Ctrl Pts',(183.649986818911,-4.98022449604369,-16.4481499471622));
#717=CARTESIAN_POINT('Ctrl Pts',(185.60117137859,-6.49709137106676,-15.7037310348555));
#718=CARTESIAN_POINT('Ctrl Pts',(188.401149489698,-8.78457752007757,-14.3507858631874));
#719=CARTESIAN_POINT('Ctrl Pts',(191.991748770209,-12.2051577664963,-11.4757030548725));
#720=CARTESIAN_POINT('Ctrl Pts',(194.304264441929,-15.8135296307107,-7.09892953681936));
#721=CARTESIAN_POINT('Ctrl Pts',(194.619414848798,-18.4122517802037,-3.05405855440021));
#722=CARTESIAN_POINT('Ctrl Pts',(193.743014203733,-20.2642556062197,0.42508544744694));
#723=CARTESIAN_POINT('Ctrl Pts',(191.707662549135,-21.7302952710138,3.81043394004058));
#724=CARTESIAN_POINT('Ctrl Pts',(187.611133820726,-23.1868059729526,7.9632857332051));
#725=CARTESIAN_POINT('Ctrl Pts',(181.11775000249,-23.962936368233,11.4834522576083));
#726=CARTESIAN_POINT('Ctrl Pts',(173.417666222658,-24.0095147996374,12.8896825378365));
#727=CARTESIAN_POINT('Ctrl Pts',(168.259564643759,-23.7894881197211,12.2648894680518));
#728=CARTESIAN_POINT('Ctrl Pts',(164.689389188464,-23.5663799981837,10.853271686594));
#729=CARTESIAN_POINT('Ctrl Pts',(161.409163034622,-23.3531806249388,8.87194803334778));
#730=CARTESIAN_POINT('Ctrl Pts',(157.741225092776,-23.1051425560374,5.26926096994717));
#731=CARTESIAN_POINT('Ctrl Pts',(153.695786460987,-23.0157321918551,-0.510483754540757));
#732=CARTESIAN_POINT('Ctrl Pts',(149.553124702475,-23.2017057365997,-6.90824510736753));
#733=CARTESIAN_POINT('Ctrl Pts',(145.370432317221,-23.6154962612768,-11.9256462409657));
#734=CARTESIAN_POINT('Ctrl Pts',(141.259900466663,-24.0571324848577,-15.222074435508));
#735=CARTESIAN_POINT('Ctrl Pts',(137.390858689368,-24.4521736220915,-17.4257356415214));
#736=CARTESIAN_POINT('Ctrl Pts',(132.605347049771,-24.8915055832466,-18.9632077245113));
#737=CARTESIAN_POINT('Ctrl Pts',(126.950896146298,-25.2647161057033,-19.4468370467745));
#738=CARTESIAN_POINT('Ctrl Pts',(120.136518648249,-25.48413550159,-18.6228561002497));
#739=CARTESIAN_POINT('Ctrl Pts',(112.4847003481,-25.2607409646309,-15.8378140847165));
#740=CARTESIAN_POINT('Ctrl Pts',(105.02227072605,-24.0446332353659,-10.569538188223));
#741=CARTESIAN_POINT('Ctrl Pts',(100.233259933071,-21.7266271064822,-4.10096987633688));
#742=CARTESIAN_POINT('Ctrl Pts',(98.4151865964826,-18.488003743494,2.51865656386351));
#743=CARTESIAN_POINT('Ctrl Pts',(98.8773804562625,-15.8041304938521,6.87377226106442));
#744=CARTESIAN_POINT('Ctrl Pts',(99.7894347785008,-13.9028904483273,9.54443792184565));
#745=CARTESIAN_POINT('Ctrl Pts',(100.547909682852,-12.6099647741599,11.2588426157034));
#746=CARTESIAN_POINT('Ctrl Pts',(102.246153835037,-10.2938947433657,14.0654479705973));
#747=CARTESIAN_POINT('Ctrl Pts',(105.582161750173,-6.89361880705293,17.4477777664835));
#748=CARTESIAN_POINT('Ctrl Pts',(110.591228622124,-2.80289035232759,20.3275649621875));
#749=CARTESIAN_POINT('Ctrl Pts',(116.210388027527,1.16280750371911,21.8642526513271));
#750=CARTESIAN_POINT('Ctrl Pts',(122.049341348016,4.90197495051253,21.8879443822733));
#751=CARTESIAN_POINT('Ctrl Pts',(127.731669755969,8.27990307250225,20.2519475627079));
#752=CARTESIAN_POINT('Ctrl Pts',(132.788144844784,11.1609987233517,17.0045746900922));
#753=CARTESIAN_POINT('Ctrl Pts',(136.909486199713,13.4634112758568,12.6146033438175));
#754=CARTESIAN_POINT('Ctrl Pts',(140.174699383715,15.3646992502536,7.67957820460397));
#755=CARTESIAN_POINT('Ctrl Pts',(141.97643762085,16.5045070155183,4.34182624249888));
#756=CARTESIAN_POINT('Ctrl Pts',(142.830595607044,17.0772049286378,2.73078179979692));
#757=CARTESIAN_POINT('Ctrl Pts',(119.664876454126,35.7795348945742,2.00520804540171));
#758=CARTESIAN_POINT('Ctrl Pts',(119.95818649315,35.9734360265166,2.59527925551026));
#759=CARTESIAN_POINT('Ctrl Pts',(120.612429611095,36.2675657920191,3.77705468186169));
#760=CARTESIAN_POINT('Ctrl Pts',(122.209896977057,36.4794944384204,6.13251239113563));
#761=CARTESIAN_POINT('Ctrl Pts',(124.764259552901,36.0256799226779,9.01546772573772));
#762=CARTESIAN_POINT('Ctrl Pts',(128.583058448732,34.3812001125135,12.0951334496305));
#763=CARTESIAN_POINT('Ctrl Pts',(132.885024795315,31.8430522459538,14.4277882859322));
#764=CARTESIAN_POINT('Ctrl Pts',(137.3281739207,28.7408635271835,15.7492571168557));
#765=CARTESIAN_POINT('Ctrl Pts',(141.59921473107,25.4309344465192,15.8872275159322));
#766=CARTESIAN_POINT('Ctrl Pts',(144.815293423324,22.763568495396,14.9769258208303));
#767=CARTESIAN_POINT('Ctrl Pts',(146.843617849742,21.0341814286904,13.8149533511289));
#768=CARTESIAN_POINT('Ctrl Pts',(147.941405871569,20.0892691626669,13.0103285780464));
#769=CARTESIAN_POINT('Ctrl Pts',(149.882032880869,18.4117338245695,11.3668984616059));
#770=CARTESIAN_POINT('Ctrl Pts',(152.611046034342,16.0394702151508,7.90633559147491));
#771=CARTESIAN_POINT('Ctrl Pts',(155.867918704142,13.4018458624952,1.73946998386778));
#772=CARTESIAN_POINT('Ctrl Pts',(159.163795548647,11.1124349495548,-5.02279856668785));
#773=CARTESIAN_POINT('Ctrl Pts',(162.483615897048,9.11797087444019,-10.3770092124893));
#774=CARTESIAN_POINT('Ctrl Pts',(165.756048617808,7.22192693682531,-13.9994628909636));
#775=CARTESIAN_POINT('Ctrl Pts',(168.533159846527,5.61867117954978,-16.2670434977417));
#776=CARTESIAN_POINT('Ctrl Pts',(171.613486356942,3.80795164942474,-17.9653262439063));
#777=CARTESIAN_POINT('Ctrl Pts',(176.016851634128,1.13693134586763,-19.3821984735366));
#778=CARTESIAN_POINT('Ctrl Pts',(180.672175402444,-1.86576430045284,-19.4920849783635));
#779=CARTESIAN_POINT('Ctrl Pts',(184.576181641982,-4.66384159422283,-18.5324648167257));
#780=CARTESIAN_POINT('Ctrl Pts',(186.699671871722,-6.28725645353489,-17.7139806197092));
#781=CARTESIAN_POINT('Ctrl Pts',(189.748488991897,-8.73622080109596,-16.2281939775356));
#782=CARTESIAN_POINT('Ctrl Pts',(193.682116483432,-12.4173212484746,-13.0783753531587));
#783=CARTESIAN_POINT('Ctrl Pts',(196.321942933515,-16.4193911600673,-8.13210045533872));
#784=CARTESIAN_POINT('Ctrl Pts',(196.707831733295,-19.401390938367,-3.38704312381569));
#785=CARTESIAN_POINT('Ctrl Pts',(195.681972975547,-21.5228267640425,0.723203423367742));
#786=CARTESIAN_POINT('Ctrl Pts',(193.344954922515,-23.1590589854812,4.62998828150026));
#787=CARTESIAN_POINT('Ctrl Pts',(188.777532490207,-24.7180656065701,9.2873216911426));
#788=CARTESIAN_POINT('Ctrl Pts',(181.754024676267,-25.4882348274681,13.12500721095));
#789=CARTESIAN_POINT('Ctrl Pts',(173.423898210962,-25.4734377891846,14.6992864108534));
#790=CARTESIAN_POINT('Ctrl Pts',(167.714499896398,-25.1702437483718,14.0464279938195));
#791=CARTESIAN_POINT('Ctrl Pts',(163.722435543237,-24.8766256328374,12.4878008069027));
#792=CARTESIAN_POINT('Ctrl Pts',(160.078076741904,-24.5888140742143,10.3064107503882));
#793=CARTESIAN_POINT('Ctrl Pts',(156.13052503475,-24.272013090373,6.43605147484886));
#794=CARTESIAN_POINT('Ctrl Pts',(151.973867363877,-24.115567396765,0.540760128365736));
#795=CARTESIAN_POINT('Ctrl Pts',(147.868417957629,-24.2432606977616,-5.73094152146618));
#796=CARTESIAN_POINT('Ctrl Pts',(143.884926478816,-24.5868175870627,-10.4404842227124));
#797=CARTESIAN_POINT('Ctrl Pts',(140.08722626716,-24.9534017815766,-13.4473419551517));
#798=CARTESIAN_POINT('Ctrl Pts',(136.557759569498,-25.2834189120104,-15.4337262600561));
#799=CARTESIAN_POINT('Ctrl Pts',(132.199823318656,-25.6442503282395,-16.8104298309443));
#800=CARTESIAN_POINT('Ctrl Pts',(126.995795132139,-25.9503110992603,-17.2390328630051));
#801=CARTESIAN_POINT('Ctrl Pts',(120.64381256383,-26.1060031153631,-16.4508428634628));
#802=CARTESIAN_POINT('Ctrl Pts',(113.444445061304,-25.8390195678229,-13.8084878247186));
#803=CARTESIAN_POINT('Ctrl Pts',(106.448969514763,-24.6313628562594,-8.83012459897802));
#804=CARTESIAN_POINT('Ctrl Pts',(102.051960090541,-22.4194375052869,-2.82132445403494));
#805=CARTESIAN_POINT('Ctrl Pts',(100.422526476829,-19.4069624691008,3.23957969852961));
#806=CARTESIAN_POINT('Ctrl Pts',(100.869836444135,-16.9046167665159,7.24423878462754));
#807=CARTESIAN_POINT('Ctrl Pts',(101.735757692927,-15.1159414518252,9.7216764429038));
#808=CARTESIAN_POINT('Ctrl Pts',(102.45584261109,-13.8953274790028,11.3171815013179));
#809=CARTESIAN_POINT('Ctrl Pts',(104.071345437354,-11.6967864636476,13.9426889078151));
#810=CARTESIAN_POINT('Ctrl Pts',(107.266897824798,-8.43591026591642,17.1342076912096));
#811=CARTESIAN_POINT('Ctrl Pts',(112.101226097668,-4.47978746013302,19.8628470521675));
#812=CARTESIAN_POINT('Ctrl Pts',(117.540011854457,-0.630450943205677,21.297439725263));
#813=CARTESIAN_POINT('Ctrl Pts',(123.18820663729,2.99760196823269,21.2702682500878));
#814=CARTESIAN_POINT('Ctrl Pts',(128.67060971032,6.26940939196942,19.6351893930278));
#815=CARTESIAN_POINT('Ctrl Pts',(133.552200336461,9.06339678345606,16.4432015444953));
#816=CARTESIAN_POINT('Ctrl Pts',(137.549121544735,11.3121551544306,12.1098174221526));
#817=CARTESIAN_POINT('Ctrl Pts',(140.744471681937,13.1901967889552,7.19411186144277));
#818=CARTESIAN_POINT('Ctrl Pts',(142.521850620683,14.3304686996027,3.8269996185983));
#819=CARTESIAN_POINT('Ctrl Pts',(143.369642752443,14.9080235676368,2.1901657598377));
#820=CARTESIAN_POINT('Ctrl Pts',(121.773157531153,35.5365231863019,1.11264780851957));
#821=CARTESIAN_POINT('Ctrl Pts',(122.033468462234,35.7149952373957,1.62895632830965));
#822=CARTESIAN_POINT('Ctrl Pts',(122.61333877868,35.9887743530681,2.66348057130998));
#823=CARTESIAN_POINT('Ctrl Pts',(124.03774344507,36.2091806655592,4.74240877026545));
#824=CARTESIAN_POINT('Ctrl Pts',(126.357331089709,35.8483766572096,7.34475818996114));
#825=CARTESIAN_POINT('Ctrl Pts',(129.904280307619,34.3775742850865,10.1969165630669));
#826=CARTESIAN_POINT('Ctrl Pts',(133.941376935894,32.0565614625317,12.3812954008691));
#827=CARTESIAN_POINT('Ctrl Pts',(138.103485003197,29.2116904586504,13.6196045043747));
#828=CARTESIAN_POINT('Ctrl Pts',(142.055066088637,26.2131734211986,13.7514254342942));
#829=CARTESIAN_POINT('Ctrl Pts',(144.97250856495,23.8461977803333,12.9362649113898));
#830=CARTESIAN_POINT('Ctrl Pts',(146.802668223664,22.3264016850992,11.9054513025474));
#831=CARTESIAN_POINT('Ctrl Pts',(147.795731931374,21.4937276590888,11.189399016352));
#832=CARTESIAN_POINT('Ctrl Pts',(149.5567109914,20.0116022866854,9.72212613556944));
#833=CARTESIAN_POINT('Ctrl Pts',(152.092998055503,17.872406492758,6.58551938679945));
#834=CARTESIAN_POINT('Ctrl Pts',(155.280528840293,15.3683073924803,0.694664035630261));
#835=CARTESIAN_POINT('Ctrl Pts',(158.624756228895,13.1127063556736,-6.02965456044183));
#836=CARTESIAN_POINT('Ctrl Pts',(162.099268609189,11.0762515685354,-11.5389731812717));
#837=CARTESIAN_POINT('Ctrl Pts',(165.598205594061,9.08433816790512,-15.3527886762594));
#838=CARTESIAN_POINT('Ctrl Pts',(168.60327520867,7.37777528189477,-17.7611869825262));
#839=CARTESIAN_POINT('Ctrl Pts',(171.94974355514,5.43723441631645,-19.5679427030472));
#840=CARTESIAN_POINT('Ctrl Pts',(176.725079074008,2.57499939372278,-21.0579679466457));
#841=CARTESIAN_POINT('Ctrl Pts',(181.73008564838,-0.617306062895406,-21.1312933162772));
#842=CARTESIAN_POINT('Ctrl Pts',(185.903007928508,-3.5779365638381,-20.0744499434391));
#843=CARTESIAN_POINT('Ctrl Pts',(188.173879216346,-5.29585450650118,-19.1814291515289));
#844=CARTESIAN_POINT('Ctrl Pts',(191.436920253711,-7.88966376062,-17.5635105705748));
#845=CARTESIAN_POINT('Ctrl Pts',(195.672142582965,-11.8102426746467,-14.1456215798617));
#846=CARTESIAN_POINT('Ctrl Pts',(198.601456777613,-16.1855200237398,-8.64239438132261));
#847=CARTESIAN_POINT('Ctrl Pts',(199.034707631974,-19.5355412083557,-3.21097315434413));
#848=CARTESIAN_POINT('Ctrl Pts',(197.8411309517,-21.9151314774408,1.51939072069701));
#849=CARTESIAN_POINT('Ctrl Pts',(195.186799507783,-23.7131965873466,5.93965674197403));
#850=CARTESIAN_POINT('Ctrl Pts',(190.120688532369,-25.3644535746689,11.0941634256788));
#851=CARTESIAN_POINT('Ctrl Pts',(182.522761383874,-26.1169658945512,15.2431927041878));
#852=CARTESIAN_POINT('Ctrl Pts',(173.479693725141,-26.0248726350492,16.9726742790074));
#853=CARTESIAN_POINT('Ctrl Pts',(167.129316296084,-25.620987947232,16.2569592376451));
#854=CARTESIAN_POINT('Ctrl Pts',(162.640899303178,-25.2422697688015,14.5009533619768));
#855=CARTESIAN_POINT('Ctrl Pts',(158.569104898537,-24.864664244933,12.0540146894881));
#856=CARTESIAN_POINT('Ctrl Pts',(154.293913866542,-24.4654843198473,7.83030517547964));
#857=CARTESIAN_POINT('Ctrl Pts',(150.016334387833,-24.2308389919241,1.74472504360449));
#858=CARTESIAN_POINT('Ctrl Pts',(145.957850629274,-24.2931900087076,-4.43888984528884));
#859=CARTESIAN_POINT('Ctrl Pts',(142.198458966211,-24.5601662452073,-8.84876593442474));
#860=CARTESIAN_POINT('Ctrl Pts',(138.746000813818,-24.8457293726879,-11.5661944024471));
#861=CARTESIAN_POINT('Ctrl Pts',(135.589152479001,-25.105746382728,-13.3339428416784));
#862=CARTESIAN_POINT('Ctrl Pts',(131.703033803036,-25.3822421400077,-14.5562924869723));
#863=CARTESIAN_POINT('Ctrl Pts',(127.000278952267,-25.6164287165337,-14.9442705140207));
#864=CARTESIAN_POINT('Ctrl Pts',(121.172537758718,-25.7050774472854,-14.2232502866372));
#865=CARTESIAN_POINT('Ctrl Pts',(114.500053322692,-25.3961575539416,-11.77853648061));
#866=CARTESIAN_POINT('Ctrl Pts',(108.071778017227,-24.2136176884764,-7.190396502534));
#867=CARTESIAN_POINT('Ctrl Pts',(104.159262410147,-22.1574276724787,-1.80264428964644));
#868=CARTESIAN_POINT('Ctrl Pts',(102.751985445536,-19.4616336587144,3.50162022104977));
#869=CARTESIAN_POINT('Ctrl Pts',(103.154234700424,-17.2148653654563,7.02957027193461));
#870=CARTESIAN_POINT('Ctrl Pts',(103.939999103922,-15.5860463422241,9.24369981898935));
#871=CARTESIAN_POINT('Ctrl Pts',(104.595743559555,-14.4686544965325,10.6770425297368));
#872=CARTESIAN_POINT('Ctrl Pts',(106.075764503611,-12.4394892168751,13.0554087717755));
#873=CARTESIAN_POINT('Ctrl Pts',(109.041406345289,-9.38470608489312,15.9873129365876));
#874=CARTESIAN_POINT('Ctrl Pts',(113.579185956125,-5.63886991817812,18.5116312670379));
#875=CARTESIAN_POINT('Ctrl Pts',(118.69411423992,-1.98411534069377,19.8178698275049));
#876=CARTESIAN_POINT('Ctrl Pts',(123.98100231625,1.44338132557383,19.7476095931963));
#877=CARTESIAN_POINT('Ctrl Pts',(129.069414647169,4.51386765535888,18.1766033714618));
#878=CARTESIAN_POINT('Ctrl Pts',(133.59789980037,7.13734455919616,15.1627352543319));
#879=CARTESIAN_POINT('Ctrl Pts',(137.350635631101,9.28617135818002,11.0248863234485));
#880=CARTESIAN_POINT('Ctrl Pts',(140.414037413985,11.1240715370037,6.23203463514866));
#881=CARTESIAN_POINT('Ctrl Pts',(142.151333603718,12.2694124087905,2.87003364665926));
#882=CARTESIAN_POINT('Ctrl Pts',(142.989707363054,12.8572167776302,1.21527695770554));
#883=CARTESIAN_POINT('Ctrl Pts',(123.024184595635,36.0239818685969,0.370964936188315));
#884=CARTESIAN_POINT('Ctrl Pts',(123.274279441061,36.2021340803424,0.869840198999959));
#885=CARTESIAN_POINT('Ctrl Pts',(123.83180442289,36.4773479762419,1.86932274310038));
#886=CARTESIAN_POINT('Ctrl Pts',(125.204486364204,36.7129969487111,3.88175473382074));
#887=CARTESIAN_POINT('Ctrl Pts',(127.452158932163,36.393917263368,6.41663539946255));
#888=CARTESIAN_POINT('Ctrl Pts',(130.911021882328,34.9902900507636,9.21276082418015));
#889=CARTESIAN_POINT('Ctrl Pts',(134.853849509353,32.7553201301398,11.3624952016393));
#890=CARTESIAN_POINT('Ctrl Pts',(138.907611631659,30.0158244900739,12.5861404692704));
#891=CARTESIAN_POINT('Ctrl Pts',(142.728068368736,27.1494215958939,12.7329211660729));
#892=CARTESIAN_POINT('Ctrl Pts',(145.517948997075,24.9130808551114,11.9727328214655));
#893=CARTESIAN_POINT('Ctrl Pts',(147.262647873026,23.4851479164165,11.0103421084076));
#894=CARTESIAN_POINT('Ctrl Pts',(148.210417133606,22.7017414326702,10.3394213153972));
#895=CARTESIAN_POINT('Ctrl Pts',(149.893550128368,21.3055204362616,8.96127874964135));
#896=CARTESIAN_POINT('Ctrl Pts',(152.347355510922,19.2681544182143,5.98844733607541));
#897=CARTESIAN_POINT('Ctrl Pts',(155.508594792093,16.8193289577433,0.251173927606555));
#898=CARTESIAN_POINT('Ctrl Pts',(158.875995897778,14.5749546559282,-6.41848409580491));
#899=CARTESIAN_POINT('Ctrl Pts',(162.412874778817,12.5195614105827,-11.9559367661942));
#900=CARTESIAN_POINT('Ctrl Pts',(165.997431715082,10.4902929457858,-15.8205676578454));
#901=CARTESIAN_POINT('Ctrl Pts',(169.088619185534,8.74351731600217,-18.2663336023344));
#902=CARTESIAN_POINT('Ctrl Pts',(172.535277246771,6.75281669390712,-20.1000999619605));
#903=CARTESIAN_POINT('Ctrl Pts',(177.452173137612,3.81574321177123,-21.6011909016385));
#904=CARTESIAN_POINT('Ctrl Pts',(182.594593950888,0.545951365181672,-21.643831083457));
#905=CARTESIAN_POINT('Ctrl Pts',(186.87779285227,-2.48503325707589,-20.5330123219276));
#906=CARTESIAN_POINT('Ctrl Pts',(189.21033305578,-4.24515017360438,-19.6000177411766));
#907=CARTESIAN_POINT('Ctrl Pts',(192.564068807149,-6.90487247167713,-17.9122336367164));
#908=CARTESIAN_POINT('Ctrl Pts',(196.932546123219,-10.9393693249022,-14.3555973836888));
#909=CARTESIAN_POINT('Ctrl Pts',(199.990420271058,-15.4996065963825,-8.56418143132398));
#910=CARTESIAN_POINT('Ctrl Pts',(200.433332092159,-19.0353592417449,-2.77670940070945));
#911=CARTESIAN_POINT('Ctrl Pts',(199.138238451394,-21.5446998540883,2.27615756315143));
#912=CARTESIAN_POINT('Ctrl Pts',(196.30460158081,-23.4234979469302,6.96468463450413));
#913=CARTESIAN_POINT('Ctrl Pts',(190.954485927211,-25.1171276482433,12.3791116042635));
#914=CARTESIAN_POINT('Ctrl Pts',(183.020988217726,-25.8526046564832,16.6901487582089));
#915=CARTESIAN_POINT('Ctrl Pts',(173.542838477934,-25.70882154799,18.4938897646208));
#916=CARTESIAN_POINT('Ctrl Pts',(166.790882470459,-25.2396777605563,17.7217767609632));
#917=CARTESIAN_POINT('Ctrl Pts',(161.988380756561,-24.8059160237087,15.8270841926881));
#918=CARTESIAN_POINT('Ctrl Pts',(157.6466757075,-24.3703615414301,13.1950234324247));
#919=CARTESIAN_POINT('Ctrl Pts',(153.164767302818,-23.9181874379388,8.72612365745774));
#920=CARTESIAN_POINT('Ctrl Pts',(148.816310643127,-23.6344056379235,2.48934670493993));
#921=CARTESIAN_POINT('Ctrl Pts',(144.789450649046,-23.6571732011197,-3.67259852878667));
#922=CARTESIAN_POINT('Ctrl Pts',(141.166097850937,-23.8791077905775,-7.92846038615772));
#923=CARTESIAN_POINT('Ctrl Pts',(137.919090921994,-24.1175543840026,-10.4920252260535));
#924=CARTESIAN_POINT('Ctrl Pts',(134.982756395678,-24.3369691986433,-12.142516768195));
#925=CARTESIAN_POINT('Ctrl Pts',(131.377359543388,-24.5646769699129,-13.2870449646213));
#926=CARTESIAN_POINT('Ctrl Pts',(126.975494784583,-24.7574509862961,-13.6630899743068));
#927=CARTESIAN_POINT('Ctrl Pts',(121.468395836235,-24.8081804218561,-12.9988302834205));
#928=CARTESIAN_POINT('Ctrl Pts',(115.126842896081,-24.4780197613686,-10.6962352695586));
#929=CARTESIAN_POINT('Ctrl Pts',(109.067859214191,-23.3200156398143,-6.38305080879701));
#930=CARTESIAN_POINT('Ctrl Pts',(105.475419309912,-21.3800359511748,-1.43411257235993));
#931=CARTESIAN_POINT('Ctrl Pts',(104.209112716789,-18.9135085661318,3.33460293172068));
#932=CARTESIAN_POINT('Ctrl Pts',(104.567315826836,-16.8524472560894,6.52402629071071));
#933=CARTESIAN_POINT('Ctrl Pts',(105.287614897284,-15.3404208596844,8.55101822505405));
#934=CARTESIAN_POINT('Ctrl Pts',(105.891714880115,-14.2986949900084,9.86904123705983));
#935=CARTESIAN_POINT('Ctrl Pts',(107.264288981807,-12.3944511947978,12.0715477131399));
#936=CARTESIAN_POINT('Ctrl Pts',(110.047686070132,-9.49410960696105,14.8189690699441));
#937=CARTESIAN_POINT('Ctrl Pts',(114.346012996429,-5.91097786576365,17.1987308418359));
#938=CARTESIAN_POINT('Ctrl Pts',(119.192405227172,-2.41227964072986,18.4188780539488));
#939=CARTESIAN_POINT('Ctrl Pts',(124.172635499799,0.848447838218455,18.3307537028976));
#940=CARTESIAN_POINT('Ctrl Pts',(128.92120085419,3.74789141268826,16.8360822478172));
#941=CARTESIAN_POINT('Ctrl Pts',(133.142218727856,6.22464260341109,13.999255814167));
#942=CARTESIAN_POINT('Ctrl Pts',(136.684712448695,8.28923511379227,10.058575710401));
#943=CARTESIAN_POINT('Ctrl Pts',(139.636297074469,10.0944432924776,5.40049462244838));
#944=CARTESIAN_POINT('Ctrl Pts',(141.341809426589,11.2455878202199,2.06417486194984));
#945=CARTESIAN_POINT('Ctrl Pts',(142.173123234996,11.8424679971642,0.405182246904505));
#946=CARTESIAN_POINT('Ctrl Pts',(123.549663646838,36.4057647468724,-3.48318596188335E-12));
#947=CARTESIAN_POINT('Ctrl Pts',(123.798068192028,36.5862412131022,0.498872542307603));
#948=CARTESIAN_POINT('Ctrl Pts',(124.352306904811,36.8657982241618,1.49823276572299));
#949=CARTESIAN_POINT('Ctrl Pts',(125.717463865221,37.1106803322624,3.50990127458964));
#950=CARTESIAN_POINT('Ctrl Pts',(127.953837924538,36.8053100524565,6.04415220564302));
#951=CARTESIAN_POINT('Ctrl Pts',(131.396187818928,35.419861311775,8.83881726015537));
#952=CARTESIAN_POINT('Ctrl Pts',(135.317047457382,33.2090609749349,10.98895716325));
#953=CARTESIAN_POINT('Ctrl Pts',(139.341659509338,30.5006044534862,12.2161817783674));
#954=CARTESIAN_POINT('Ctrl Pts',(143.123373503414,27.6750004158309,12.3745033701807));
#955=CARTESIAN_POINT('Ctrl Pts',(145.873555940674,25.4802398110067,11.6370696811455));
#956=CARTESIAN_POINT('Ctrl Pts',(147.591288847396,24.0818643621452,10.7008471675409));
#957=CARTESIAN_POINT('Ctrl Pts',(148.524705658677,23.3143468390284,10.0468419112784));
#958=CARTESIAN_POINT('Ctrl Pts',(150.183114758847,21.9458771078371,8.7019003670745));
#959=CARTESIAN_POINT('Ctrl Pts',(152.611221445673,19.9410521882752,5.79003241359772));
#960=CARTESIAN_POINT('Ctrl Pts',(155.765515208247,17.5088038217271,0.114518407677917));
#961=CARTESIAN_POINT('Ctrl Pts',(159.141130938032,15.2666223747777,-6.52317371486317));
#962=CARTESIAN_POINT('Ctrl Pts',(162.695981991731,13.2049583759554,-12.0546467590294));
#963=CARTESIAN_POINT('Ctrl Pts',(166.302917063824,11.1654308346268,-15.9231665550796));
#964=CARTESIAN_POINT('Ctrl Pts',(169.416602628199,9.40763244569902,-18.3717824413218));
#965=CARTESIAN_POINT('Ctrl Pts',(172.889267222162,7.40334770005447,-20.2065055798229));
#966=CARTESIAN_POINT('Ctrl Pts',(177.843617763319,4.44557761393175,-21.7032477035923));
#967=CARTESIAN_POINT('Ctrl Pts',(183.024090355676,1.15309277039563,-21.7305134652079));
#968=CARTESIAN_POINT('Ctrl Pts',(187.339900407969,-1.90017887129763,-20.5980512118577));
#969=CARTESIAN_POINT('Ctrl Pts',(189.691180839875,-3.67416661619817,-19.6494373069241));
#970=CARTESIAN_POINT('Ctrl Pts',(193.072901008817,-6.3560104200704,-17.9346703714442));
#971=CARTESIAN_POINT('Ctrl Pts',(197.484525130602,-10.4304035251949,-14.3255005658794));
#972=CARTESIAN_POINT('Ctrl Pts',(200.584414787718,-15.0581929246717,-8.42478101644894));
#973=CARTESIAN_POINT('Ctrl Pts',(201.026212367754,-18.6628916528767,-2.50193405864109));
#974=CARTESIAN_POINT('Ctrl Pts',(199.687887731598,-21.2202547226727,2.67385612323581));
#975=CARTESIAN_POINT('Ctrl Pts',(196.781367187277,-23.1286765759712,7.4649189879218));
#976=CARTESIAN_POINT('Ctrl Pts',(191.315174879177,-24.8366351660026,12.9787695149031));
#977=CARTESIAN_POINT('Ctrl Pts',(183.242117099555,-25.5630753038014,17.3514675436409));
#978=CARTESIAN_POINT('Ctrl Pts',(173.577717961593,-25.3959095714041,19.1813880079846));
#979=CARTESIAN_POINT('Ctrl Pts',(166.651085656227,-24.8977760790049,18.3801507190943));
#980=CARTESIAN_POINT('Ctrl Pts',(161.71108437455,-24.4395986782177,16.421106163279));
#981=CARTESIAN_POINT('Ctrl Pts',(157.251362947631,-23.9783758970234,13.7035064582521));
#982=CARTESIAN_POINT('Ctrl Pts',(152.679151216432,-23.5027809123142,9.12154806038258));
#983=CARTESIAN_POINT('Ctrl Pts',(148.301146907748,-23.1975867205048,2.81048162396017));
#984=CARTESIAN_POINT('Ctrl Pts',(144.288610127504,-23.2035038945183,-3.35094879634865));
#985=CARTESIAN_POINT('Ctrl Pts',(140.72328473498,-23.4066214694662,-7.54871217125437));
#986=CARTESIAN_POINT('Ctrl Pts',(137.562817409781,-23.6255272462764,-10.0525666201585));
#987=CARTESIAN_POINT('Ctrl Pts',(134.719009301998,-23.8281364275788,-11.6572432699608));
#988=CARTESIAN_POINT('Ctrl Pts',(131.231846757702,-24.0356825107924,-12.7728933042914));
#989=CARTESIAN_POINT('Ctrl Pts',(126.957432081174,-24.2113901530452,-13.1473117991171));
#990=CARTESIAN_POINT('Ctrl Pts',(121.58776117841,-24.246701529375,-12.5116368972073));
#991=CARTESIAN_POINT('Ctrl Pts',(115.390296712939,-23.9086331961588,-10.2756983399882));
#992=CARTESIAN_POINT('Ctrl Pts',(109.495649021219,-22.7636330828445,-6.09021381919908));
#993=CARTESIAN_POINT('Ctrl Pts',(106.046817212781,-20.8791418267144,-1.3453366914147));
#994=CARTESIAN_POINT('Ctrl Pts',(104.84226849711,-18.5205331622074,3.17410872322422));
#995=CARTESIAN_POINT('Ctrl Pts',(105.177086826861,-16.5470373691314,6.20572089953484));
#996=CARTESIAN_POINT('Ctrl Pts',(105.864865784336,-15.090231791983,8.14542033177841));
#997=CARTESIAN_POINT('Ctrl Pts',(106.443496303737,-14.0843383966706,9.40963501438471));
#998=CARTESIAN_POINT('Ctrl Pts',(107.76334432396,-12.2394227993966,11.5300680347737));
#999=CARTESIAN_POINT('Ctrl Pts',(110.457318031322,-9.41297076177128,14.1914807508786));
#1000=CARTESIAN_POINT('Ctrl Pts',(114.637251149278,-5.90881335125512,16.504000271816));
#1001=CARTESIAN_POINT('Ctrl Pts',(119.349432457248,-2.48703831751872,17.6852228937871));
#1002=CARTESIAN_POINT('Ctrl Pts',(124.174996984598,0.690263329019877,17.591771237778));
#1003=CARTESIAN_POINT('Ctrl Pts',(128.751099199915,3.5034193724346,16.1399101119617));
#1004=CARTESIAN_POINT('Ctrl Pts',(132.815533116346,5.90578811327111,13.3974378410967));
#1005=CARTESIAN_POINT('Ctrl Pts',(136.251400929409,7.92801480439956,9.56230922315289));
#1006=CARTESIAN_POINT('Ctrl Pts',(139.146616057449,9.71700423726914,4.97816243398472));
#1007=CARTESIAN_POINT('Ctrl Pts',(140.836517110566,10.8713668045733,1.6589932760713));
#1008=CARTESIAN_POINT('Ctrl Pts',(141.664452405268,11.4728970066108,6.7168492989822E-14));
#1009=CARTESIAN_POINT('',(123.549663646838,36.4057647468724,-3.50658564051344E-12));
#1010=CARTESIAN_POINT('Origin',(120.610737385376,40.4508497187474,1.77635683940025E-14));
#1011=CARTESIAN_POINT('',(141.664452405268,11.4728970066108,4.99752920987243E-14));
#1012=CARTESIAN_POINT('Ctrl Pts',(123.549663646838,36.4057647468724,-3.48318596188335E-12));
#1013=CARTESIAN_POINT('Ctrl Pts',(123.798068192028,36.5862412131022,0.498872542307603));
#1014=CARTESIAN_POINT('Ctrl Pts',(124.352306904811,36.8657982241618,1.49823276572299));
#1015=CARTESIAN_POINT('Ctrl Pts',(125.717463865221,37.1106803322624,3.50990127458964));
#1016=CARTESIAN_POINT('Ctrl Pts',(127.953837924538,36.8053100524565,6.04415220564302));
#1017=CARTESIAN_POINT('Ctrl Pts',(131.396187818928,35.419861311775,8.83881726015537));
#1018=CARTESIAN_POINT('Ctrl Pts',(135.317047457382,33.2090609749349,10.98895716325));
#1019=CARTESIAN_POINT('Ctrl Pts',(139.341659509338,30.5006044534862,12.2161817783674));
#1020=CARTESIAN_POINT('Ctrl Pts',(143.123373503414,27.6750004158309,12.3745033701807));
#1021=CARTESIAN_POINT('Ctrl Pts',(145.873555940674,25.4802398110067,11.6370696811455));
#1022=CARTESIAN_POINT('Ctrl Pts',(147.591288847396,24.0818643621452,10.7008471675409));
#1023=CARTESIAN_POINT('Ctrl Pts',(148.524705658677,23.3143468390284,10.0468419112784));
#1024=CARTESIAN_POINT('Ctrl Pts',(150.183114758847,21.9458771078371,8.7019003670745));
#1025=CARTESIAN_POINT('Ctrl Pts',(152.611221445673,19.9410521882752,5.79003241359772));
#1026=CARTESIAN_POINT('Ctrl Pts',(155.765515208247,17.5088038217271,0.114518407677917));
#1027=CARTESIAN_POINT('Ctrl Pts',(159.141130938032,15.2666223747777,-6.52317371486317));
#1028=CARTESIAN_POINT('Ctrl Pts',(162.695981991731,13.2049583759554,-12.0546467590294));
#1029=CARTESIAN_POINT('Ctrl Pts',(166.302917063824,11.1654308346268,-15.9231665550796));
#1030=CARTESIAN_POINT('Ctrl Pts',(169.416602628199,9.40763244569902,-18.3717824413218));
#1031=CARTESIAN_POINT('Ctrl Pts',(172.889267222162,7.40334770005447,-20.2065055798229));
#1032=CARTESIAN_POINT('Ctrl Pts',(177.843617763319,4.44557761393175,-21.7032477035923));
#1033=CARTESIAN_POINT('Ctrl Pts',(183.024090355676,1.15309277039563,-21.7305134652079));
#1034=CARTESIAN_POINT('Ctrl Pts',(187.339900407969,-1.90017887129763,-20.5980512118577));
#1035=CARTESIAN_POINT('Ctrl Pts',(189.691180839875,-3.67416661619817,-19.6494373069241));
#1036=CARTESIAN_POINT('Ctrl Pts',(193.072901008817,-6.3560104200704,-17.9346703714442));
#1037=CARTESIAN_POINT('Ctrl Pts',(197.484525130602,-10.4304035251949,-14.3255005658794));
#1038=CARTESIAN_POINT('Ctrl Pts',(200.584414787718,-15.0581929246717,-8.42478101644894));
#1039=CARTESIAN_POINT('Ctrl Pts',(201.026212367754,-18.6628916528767,-2.50193405864109));
#1040=CARTESIAN_POINT('Ctrl Pts',(199.687887731598,-21.2202547226727,2.67385612323581));
#1041=CARTESIAN_POINT('Ctrl Pts',(196.781367187277,-23.1286765759712,7.4649189879218));
#1042=CARTESIAN_POINT('Ctrl Pts',(191.315174879177,-24.8366351660026,12.9787695149031));
#1043=CARTESIAN_POINT('Ctrl Pts',(183.242117099555,-25.5630753038014,17.3514675436409));
#1044=CARTESIAN_POINT('Ctrl Pts',(173.577717961593,-25.3959095714041,19.1813880079846));
#1045=CARTESIAN_POINT('Ctrl Pts',(166.651085656227,-24.8977760790049,18.3801507190943));
#1046=CARTESIAN_POINT('Ctrl Pts',(161.71108437455,-24.4395986782177,16.421106163279));
#1047=CARTESIAN_POINT('Ctrl Pts',(157.251362947631,-23.9783758970234,13.7035064582521));
#1048=CARTESIAN_POINT('Ctrl Pts',(152.679151216432,-23.5027809123142,9.12154806038258));
#1049=CARTESIAN_POINT('Ctrl Pts',(148.301146907748,-23.1975867205048,2.81048162396017));
#1050=CARTESIAN_POINT('Ctrl Pts',(144.288610127504,-23.2035038945183,-3.35094879634865));
#1051=CARTESIAN_POINT('Ctrl Pts',(140.72328473498,-23.4066214694662,-7.54871217125437));
#1052=CARTESIAN_POINT('Ctrl Pts',(137.562817409781,-23.6255272462764,-10.0525666201585));
#1053=CARTESIAN_POINT('Ctrl Pts',(134.719009301998,-23.8281364275788,-11.6572432699608));
#1054=CARTESIAN_POINT('Ctrl Pts',(131.231846757702,-24.0356825107924,-12.7728933042914));
#1055=CARTESIAN_POINT('Ctrl Pts',(126.957432081174,-24.2113901530452,-13.1473117991171));
#1056=CARTESIAN_POINT('Ctrl Pts',(121.58776117841,-24.246701529375,-12.5116368972073));
#1057=CARTESIAN_POINT('Ctrl Pts',(115.390296712939,-23.9086331961588,-10.2756983399882));
#1058=CARTESIAN_POINT('Ctrl Pts',(109.495649021219,-22.7636330828445,-6.09021381919908));
#1059=CARTESIAN_POINT('Ctrl Pts',(106.046817212781,-20.8791418267144,-1.3453366914147));
#1060=CARTESIAN_POINT('Ctrl Pts',(104.84226849711,-18.5205331622074,3.17410872322422));
#1061=CARTESIAN_POINT('Ctrl Pts',(105.177086826861,-16.5470373691314,6.20572089953484));
#1062=CARTESIAN_POINT('Ctrl Pts',(105.864865784336,-15.090231791983,8.14542033177841));
#1063=CARTESIAN_POINT('Ctrl Pts',(106.443496303737,-14.0843383966706,9.40963501438471));
#1064=CARTESIAN_POINT('Ctrl Pts',(107.76334432396,-12.2394227993966,11.5300680347737));
#1065=CARTESIAN_POINT('Ctrl Pts',(110.457318031322,-9.41297076177128,14.1914807508786));
#1066=CARTESIAN_POINT('Ctrl Pts',(114.637251149278,-5.90881335125512,16.504000271816));
#1067=CARTESIAN_POINT('Ctrl Pts',(119.349432457248,-2.48703831751872,17.6852228937871));
#1068=CARTESIAN_POINT('Ctrl Pts',(124.174996984598,0.690263329019877,17.591771237778));
#1069=CARTESIAN_POINT('Ctrl Pts',(128.751099199915,3.5034193724346,16.1399101119617));
#1070=CARTESIAN_POINT('Ctrl Pts',(132.815533116346,5.90578811327111,13.3974378410967));
#1071=CARTESIAN_POINT('Ctrl Pts',(136.251400929409,7.92801480439956,9.56230922315289));
#1072=CARTESIAN_POINT('Ctrl Pts',(139.146616057449,9.71700423726914,4.97816243398472));
#1073=CARTESIAN_POINT('Ctrl Pts',(140.836517110566,10.8713668045733,1.6589932760713));
#1074=CARTESIAN_POINT('Ctrl Pts',(141.664452405268,11.4728970066108,6.7168492989822E-14));
#1075=CARTESIAN_POINT('Origin',(138.725526143805,15.5179819784857,5.03069808033274E-14));
#1076=CARTESIAN_POINT('Ctrl Pts',(141.664452405268,11.4728970066108,3.08086889333481E-14));
#1077=CARTESIAN_POINT('Ctrl Pts',(143.320322994671,12.6759574106855,-3.31798655214228));
#1078=CARTESIAN_POINT('Ctrl Pts',(145.705060682982,14.6378379138089,-8.29256332115157));
#1079=CARTESIAN_POINT('Ctrl Pts',(149.697029887828,18.1709029967251,-13.3925431814339));
#1080=CARTESIAN_POINT('Ctrl Pts',(153.231273299416,21.2898591364339,-16.144643884068));
#1081=CARTESIAN_POINT('Ctrl Pts',(157.325266312711,24.7745011057556,-17.5868497473893));
#1082=CARTESIAN_POINT('Ctrl Pts',(161.083841389005,27.7811148650609,-17.6745426508762));
#1083=CARTESIAN_POINT('Ctrl Pts',(164.191557630408,30.0934528506061,-17.094447461918));
#1084=CARTESIAN_POINT('Ctrl Pts',(167.31757132228,32.2871555015492,-16.1165594698073));
#1085=CARTESIAN_POINT('Ctrl Pts',(170.99961456988,34.5907226341336,-14.2779060829257));
#1086=CARTESIAN_POINT('Ctrl Pts',(174.933359704126,36.5134155871164,-11.3662022122693));
#1087=CARTESIAN_POINT('Ctrl Pts',(178.185941864714,37.4793683155246,-8.07888385668424));
#1088=CARTESIAN_POINT('Ctrl Pts',(180.54347029342,37.4530718528269,-4.82492773632747));
#1089=CARTESIAN_POINT('Ctrl Pts',(182.147374276439,36.6849373396512,-1.81510605783307));
#1090=CARTESIAN_POINT('Ctrl Pts',(183.506538044624,34.9980197003444,1.77848101828148));
#1091=CARTESIAN_POINT('Ctrl Pts',(184.165088629423,31.4899292591158,6.088158095414));
#1092=CARTESIAN_POINT('Ctrl Pts',(183.434413573887,25.5281740804908,10.2759546478755));
#1093=CARTESIAN_POINT('Ctrl Pts',(181.841504916413,19.5289798240584,12.5130037415411));
#1094=CARTESIAN_POINT('Ctrl Pts',(180.143773431137,14.4352489773967,13.1439351222995));
#1095=CARTESIAN_POINT('Ctrl Pts',(178.663164577876,10.4194660221155,12.7775927784173));
#1096=CARTESIAN_POINT('Ctrl Pts',(177.380140393493,7.17338818871846,11.65300292314));
#1097=CARTESIAN_POINT('Ctrl Pts',(176.315721956838,4.52381371240128,10.056802517479));
#1098=CARTESIAN_POINT('Ctrl Pts',(175.126719790135,1.59030676239498,7.54735629763716));
#1099=CARTESIAN_POINT('Ctrl Pts',(174.091316338558,-1.06953793612808,4.1878262463349));
#1100=CARTESIAN_POINT('Ctrl Pts',(173.210331971908,-3.64726289289112,0.269813411893776));
#1101=CARTESIAN_POINT('Ctrl Pts',(172.411903886521,-6.26456718366286,-3.85965718625561));
#1102=CARTESIAN_POINT('Ctrl Pts',(171.521226431286,-9.8038640856864,-9.12847963235323));
#1103=CARTESIAN_POINT('Ctrl Pts',(170.567051004723,-14.3105711578713,-13.6974787177708));
#1104=CARTESIAN_POINT('Ctrl Pts',(169.740804541792,-18.1402372342802,-16.0846600333053));
#1105=CARTESIAN_POINT('Ctrl Pts',(169.280796662639,-20.2080685774229,-17.0229066396162));
#1106=CARTESIAN_POINT('Ctrl Pts',(169.003531180366,-21.4294068832399,-17.4812908302863));
#1107=CARTESIAN_POINT('Ctrl Pts',(168.285562113593,-24.5429191809645,-18.4968318864041));
#1108=CARTESIAN_POINT('Ctrl Pts',(166.864806175286,-30.2687537667657,-19.1869286628307));
#1109=CARTESIAN_POINT('Ctrl Pts',(164.605012482283,-37.6675019573751,-17.7156249555377));
#1110=CARTESIAN_POINT('Ctrl Pts',(162.271728738361,-43.6528685348937,-14.9200199648006));
#1111=CARTESIAN_POINT('Ctrl Pts',(160.023376025666,-48.1373874606622,-11.602738851448));
#1112=CARTESIAN_POINT('Ctrl Pts',(157.536630498559,-51.6414893169157,-7.46894121356079));
#1113=CARTESIAN_POINT('Ctrl Pts',(154.83231176591,-53.8077066446319,-2.66962143670399));
#1114=CARTESIAN_POINT('Ctrl Pts',(151.975359587273,-54.303227617219,2.49667955590393));
#1115=CARTESIAN_POINT('Ctrl Pts',(148.696076786547,-52.7582128631858,8.42626682500366));
#1116=CARTESIAN_POINT('Ctrl Pts',(145.239906690544,-48.3885701345207,14.3241320356032));
#1117=CARTESIAN_POINT('Ctrl Pts',(141.904886293948,-41.1054794448861,19.1388931634641));
#1118=CARTESIAN_POINT('Ctrl Pts',(139.080721212961,-32.5369204325793,21.7368205739644));
#1119=CARTESIAN_POINT('Ctrl Pts',(137.168106096079,-25.1072253394292,21.7041922656861));
#1120=CARTESIAN_POINT('Ctrl Pts',(135.887358013808,-19.4809689796728,20.2067261088683));
#1121=CARTESIAN_POINT('Ctrl Pts',(135.053382368786,-15.5592872339428,18.3722977091743));
#1122=CARTESIAN_POINT('Ctrl Pts',(134.339969929753,-12.0550967201872,15.9240193432554));
#1123=CARTESIAN_POINT('Ctrl Pts',(133.522894977796,-7.99400188308033,12.0547085790757));
#1124=CARTESIAN_POINT('Ctrl Pts',(132.65338720708,-3.97581110464886,6.52299251822582));
#1125=CARTESIAN_POINT('Ctrl Pts',(131.567672725986,-0.0726646381175448,
-0.114579661280277));
#1126=CARTESIAN_POINT('Ctrl Pts',(130.228552275939,3.67869305528668,-5.79013509316919));
#1127=CARTESIAN_POINT('Ctrl Pts',(129.145508357779,6.41920909628139,-8.51479767372814));
#1128=CARTESIAN_POINT('Ctrl Pts',(128.524532206018,7.9950975413881,-9.63024806938024));
#1129=CARTESIAN_POINT('Ctrl Pts',(128.417343726466,8.26718178149084,-9.81642734644183));
#1130=CARTESIAN_POINT('Ctrl Pts',(128.282075324738,8.61086740449757,-10.0396266353036));
#1131=CARTESIAN_POINT('Ctrl Pts',(128.117632317556,9.02950211435829,-10.292372297754));
#1132=CARTESIAN_POINT('Ctrl Pts',(127.895538108975,9.59649725844818,-10.6093410743771));
#1133=CARTESIAN_POINT('Ctrl Pts',(127.669188284084,10.1774874483824,-10.8964235515567));
#1134=CARTESIAN_POINT('Ctrl Pts',(127.438479084143,10.7741122570516,-11.1537383921992));
#1135=CARTESIAN_POINT('Ctrl Pts',(126.854852877805,12.2918866281245,-11.7469191318667));
#1136=CARTESIAN_POINT('Ctrl Pts',(125.80595929311,15.0930917552242,-12.3755249691387));
#1137=CARTESIAN_POINT('Ctrl Pts',(124.285518181343,19.5617614068497,-12.2160463035458));
#1138=CARTESIAN_POINT('Ctrl Pts',(122.954021531266,24.2269853275615,-10.9893403607671));
#1139=CARTESIAN_POINT('Ctrl Pts',(122.059939151037,28.6369689030086,-8.83703301648351));
#1140=CARTESIAN_POINT('Ctrl Pts',(121.814127774841,32.3441389443991,-6.04787410465728));
#1141=CARTESIAN_POINT('Ctrl Pts',(122.205169577168,34.5591351786371,-3.50702546357778));
#1142=CARTESIAN_POINT('Ctrl Pts',(122.86147230611,35.7826588842236,-1.49637538492926));
#1143=CARTESIAN_POINT('Ctrl Pts',(123.301259101649,36.2252882806426,-0.498872542314567));
#1144=CARTESIAN_POINT('Ctrl Pts',(123.549663646838,36.4057647468724,-3.48568396368876E-12));
#1145=CARTESIAN_POINT('Ctrl Pts',(141.155781575539,11.1033260160574,-0.405182246904398));
#1146=CARTESIAN_POINT('Ctrl Pts',(142.804812164493,12.3157829794156,-3.72328697576696));
#1147=CARTESIAN_POINT('Ctrl Pts',(145.200070223135,14.3074437998495,-8.75246829186342));
#1148=CARTESIAN_POINT('Ctrl Pts',(149.291331181396,17.956742257579,-13.9958891921863));
#1149=CARTESIAN_POINT('Ctrl Pts',(152.944155109417,21.2036335566872,-16.8427279585411));
#1150=CARTESIAN_POINT('Ctrl Pts',(157.175184469628,24.8251389430522,-18.3286031582995));
#1151=CARTESIAN_POINT('Ctrl Pts',(161.038886920481,27.9343991832612,-18.4116269376119));
#1152=CARTESIAN_POINT('Ctrl Pts',(164.226197702132,30.3188121459345,-17.8112321576848));
#1153=CARTESIAN_POINT('Ctrl Pts',(167.42875047778,32.5794465946592,-16.8026399640722));
#1154=CARTESIAN_POINT('Ctrl Pts',(171.199518344011,34.9538169072659,-14.9103147101108));
#1155=CARTESIAN_POINT('Ctrl Pts',(175.24174919585,36.9464457670205,-11.9047820718079));
#1156=CARTESIAN_POINT('Ctrl Pts',(178.606941183189,37.9602665307212,-8.48827094586284));
#1157=CARTESIAN_POINT('Ctrl Pts',(181.067177688296,37.94252185887,-5.07454827642007));
#1158=CARTESIAN_POINT('Ctrl Pts',(182.745212630774,37.1416078278549,-1.89966831823219));
#1159=CARTESIAN_POINT('Ctrl Pts',(184.162193393676,35.3745084586879,1.88682579292392));
#1160=CARTESIAN_POINT('Ctrl Pts',(184.82894342188,31.7251320676292,6.38360940756621));
#1161=CARTESIAN_POINT('Ctrl Pts',(184.05883245689,25.6035112047944,10.698377951127));
#1162=CARTESIAN_POINT('Ctrl Pts',(182.413313656908,19.4692896297285,13.0019243844448));
#1163=CARTESIAN_POINT('Ctrl Pts',(180.658834090401,14.2492080186417,13.6602956168419));
#1164=CARTESIAN_POINT('Ctrl Pts',(179.121023631705,10.1172166560092,13.2934386478789));
#1165=CARTESIAN_POINT('Ctrl Pts',(177.783535426808,6.76435046299407,12.1383792688235));
#1166=CARTESIAN_POINT('Ctrl Pts',(176.672789268293,4.03169297091052,10.4972178965386));
#1167=CARTESIAN_POINT('Ctrl Pts',(175.439160344054,1.02154097153925,7.92721102640931));
#1168=CARTESIAN_POINT('Ctrl Pts',(174.375381456652,-1.67754966552252,4.52062492953386));
#1169=CARTESIAN_POINT('Ctrl Pts',(173.476292800536,-4.26955134895442,0.591047031537241));
#1170=CARTESIAN_POINT('Ctrl Pts',(172.665327248951,-6.88559380032063,-3.52640886450424));
#1171=CARTESIAN_POINT('Ctrl Pts',(171.767251196998,-10.3955254092072,-8.73371026828733));
#1172=CARTESIAN_POINT('Ctrl Pts',(170.816167076071,-14.8094690536093,-13.1885598861185));
#1173=CARTESIAN_POINT('Ctrl Pts',(170.002211566508,-18.5331248884751,-15.5009903892967));
#1174=CARTESIAN_POINT('Ctrl Pts',(169.549623000034,-20.5422563380881,-16.4085327342266));
#1175=CARTESIAN_POINT('Ctrl Pts',(169.276874492939,-21.7290287957889,-16.8515576770351));
#1176=CARTESIAN_POINT('Ctrl Pts',(168.570717764289,-24.7550320112325,-17.8326202489616));
#1177=CARTESIAN_POINT('Ctrl Pts',(167.173885998275,-30.3327625856359,-18.4990424681709));
#1178=CARTESIAN_POINT('Ctrl Pts',(164.94132966585,-37.5832820038562,-17.0478186004427));
#1179=CARTESIAN_POINT('Ctrl Pts',(162.634129573279,-43.4565404015775,-14.2921421351735));
#1180=CARTESIAN_POINT('Ctrl Pts',(160.414374118659,-47.8540873636202,-11.0272301879107));
#1181=CARTESIAN_POINT('Ctrl Pts',(157.964951063661,-51.2794484912189,-6.96810006837662));
#1182=CARTESIAN_POINT('Ctrl Pts',(155.310058169751,-53.3837751218675,-2.27156776269561));
#1183=CARTESIAN_POINT('Ctrl Pts',(152.513684626904,-53.8548995379988,2.77213748337618));
#1184=CARTESIAN_POINT('Ctrl Pts',(149.299071437333,-52.3280808382064,8.56539400184976));
#1185=CARTESIAN_POINT('Ctrl Pts',(145.895206774508,-48.0217014663218,14.3551027886949));
#1186=CARTESIAN_POINT('Ctrl Pts',(142.592147381245,-40.8082777179959,19.0981612444076));
#1187=CARTESIAN_POINT('Ctrl Pts',(139.788611891462,-32.3056559051498,21.6544324804635));
#1188=CARTESIAN_POINT('Ctrl Pts',(137.88808677497,-24.9295563731269,21.6028784952608));
#1189=CARTESIAN_POINT('Ctrl Pts',(136.615394096177,-19.3451032678981,20.1006780916036));
#1190=CARTESIAN_POINT('Ctrl Pts',(135.78625822314,-15.4520346346643,18.2671966622088));
#1191=CARTESIAN_POINT('Ctrl Pts',(135.07636389885,-11.9720168888045,15.8219387512316));
#1192=CARTESIAN_POINT('Ctrl Pts',(134.262072387671,-7.93600999429859,11.9552786900282));
#1193=CARTESIAN_POINT('Ctrl Pts',(133.392985817743,-3.93611544662003,6.41838392732591));
#1194=CARTESIAN_POINT('Ctrl Pts',(132.302653143333,-0.0405122765242043,
-0.251614348424402));
#1195=CARTESIAN_POINT('Ctrl Pts',(130.949943167877,3.72244024339335,-5.98875541258666));
#1196=CARTESIAN_POINT('Ctrl Pts',(129.845419980212,6.49529714949508,-8.76992632845257));
#1197=CARTESIAN_POINT('Ctrl Pts',(129.209936203605,8.09559184622465,-9.9123469690825));
#1198=CARTESIAN_POINT('Ctrl Pts',(129.100229575315,8.3719407008642,-10.10309752358));
#1199=CARTESIAN_POINT('Ctrl Pts',(128.961742770647,8.72112765451252,-10.3318778941713));
#1200=CARTESIAN_POINT('Ctrl Pts',(128.793347458398,9.14659340669855,-10.5910950369287));
#1201=CARTESIAN_POINT('Ctrl Pts',(128.565881045204,9.72295983616329,-10.9163563969041));
#1202=CARTESIAN_POINT('Ctrl Pts',(128.334033910591,10.313667137393,-11.2111572757984));
#1203=CARTESIAN_POINT('Ctrl Pts',(128.097781568487,10.9201699910844,-11.4755942118222));
#1204=CARTESIAN_POINT('Ctrl Pts',(127.500258741363,12.4628808408019,-12.0855038641981));
#1205=CARTESIAN_POINT('Ctrl Pts',(126.428014800741,15.3070696390877,-12.7335286564079));
#1206=CARTESIAN_POINT('Ctrl Pts',(124.881020836566,19.8251877508525,-12.5851275842474));
#1207=CARTESIAN_POINT('Ctrl Pts',(123.529007481277,24.527861656081,-11.3617790168607));
#1208=CARTESIAN_POINT('Ctrl Pts',(122.619292643067,28.9658141584207,-9.20938173759819));
#1209=CARTESIAN_POINT('Ctrl Pts',(122.360229569487,32.694985906867,-6.41970361094347));
#1210=CARTESIAN_POINT('Ctrl Pts',(122.743041786585,34.9238686542808,-3.87730028219246));
#1211=CARTESIAN_POINT('Ctrl Pts',(123.392392169978,36.1572158170306,-1.86693613995287));
#1212=CARTESIAN_POINT('Ctrl Pts',(123.828541419768,36.6047897813968,-0.869594296130436));
#1213=CARTESIAN_POINT('Ctrl Pts',(124.075142698042,36.7875476251478,-0.370964936195279));
#1214=CARTESIAN_POINT('Ctrl Pts',(139.940805790905,10.6463818348357,-1.2116915821625));
#1215=CARTESIAN_POINT('Ctrl Pts',(141.577145680966,11.8776348076267,-4.52102066042403));
#1216=CARTESIAN_POINT('Ctrl Pts',(144.003478564526,13.9369494803463,-9.64749329556652));
#1217=CARTESIAN_POINT('Ctrl Pts',(148.287421932037,17.8103545542631,-15.1525300813674));
#1218=CARTESIAN_POINT('Ctrl Pts',(152.17198468395,21.3056142007703,-18.1723962836187));
#1219=CARTESIAN_POINT('Ctrl Pts',(156.669732602932,25.1919539963379,-19.7346422696455));
#1220=CARTESIAN_POINT('Ctrl Pts',(160.741757426022,28.5024065557709,-19.8013211320941));
#1221=CARTESIAN_POINT('Ctrl Pts',(164.086386965419,31.0275934167451,-19.1558261984872));
#1222=CARTESIAN_POINT('Ctrl Pts',(167.441534007599,33.4195550741046,-18.080864148613));
#1223=CARTESIAN_POINT('Ctrl Pts',(171.393466225435,35.9352017913846,-16.073374632355));
#1224=CARTESIAN_POINT('Ctrl Pts',(175.658997719901,38.0671265140112,-12.8679252742913));
#1225=CARTESIAN_POINT('Ctrl Pts',(179.256636634371,39.1751685637959,-9.17858346559362));
#1226=CARTESIAN_POINT('Ctrl Pts',(181.929677981685,39.1698035307289,-5.42718166111451));
#1227=CARTESIAN_POINT('Ctrl Pts',(183.761413026961,38.294306667307,-1.90229725037922));
#1228=CARTESIAN_POINT('Ctrl Pts',(185.296825419945,36.3517218816305,2.29247854931343));
#1229=CARTESIAN_POINT('Ctrl Pts',(185.976281510775,32.3935673683698,7.18794945936083));
#1230=CARTESIAN_POINT('Ctrl Pts',(185.115560186673,25.9164071927949,11.7766793017015));
#1231=CARTESIAN_POINT('Ctrl Pts',(183.348375555199,19.4747858657625,14.2230757543588));
#1232=CARTESIAN_POINT('Ctrl Pts',(181.461375371032,13.9623379127801,14.9369775239572));
#1233=CARTESIAN_POINT('Ctrl Pts',(179.788943767608,9.55905678198065,14.5602208603098));
#1234=CARTESIAN_POINT('Ctrl Pts',(178.322529349799,5.95484374636191,13.3255648781776));
#1235=CARTESIAN_POINT('Ctrl Pts',(177.101958079441,3.02626940735488,11.5696591130192));
#1236=CARTESIAN_POINT('Ctrl Pts',(175.762770117522,-0.163891004035002,8.84540772968141));
#1237=CARTESIAN_POINT('Ctrl Pts',(174.631718927816,-2.95503286790552,5.31700229164838));
#1238=CARTESIAN_POINT('Ctrl Pts',(173.690886052217,-5.57854014645629,1.34614749772619));
#1239=CARTESIAN_POINT('Ctrl Pts',(172.851354759646,-8.19023098185563,-2.75775731425119));
#1240=CARTESIAN_POINT('Ctrl Pts',(171.936936604715,-11.6307974958665,-7.83989352189957));
#1241=CARTESIAN_POINT('Ctrl Pts',(170.993747172892,-15.8326580985827,-12.05029478809));
#1242=CARTESIAN_POINT('Ctrl Pts',(170.207990164995,-19.3173308841621,-14.2024567168651));
#1243=CARTESIAN_POINT('Ctrl Pts',(169.772477224853,-21.1940478833328,-15.0449092421354));
#1244=CARTESIAN_POINT('Ctrl Pts',(169.51013244946,-22.3029099354065,-15.4557171343692));
#1245=CARTESIAN_POINT('Ctrl Pts',(168.831239735908,-25.1312905927456,-16.3648725544009));
#1246=CARTESIAN_POINT('Ctrl Pts',(167.490172734024,-30.3700420079624,-16.9849874690788));
#1247=CARTESIAN_POINT('Ctrl Pts',(165.323427189093,-37.2757985219357,-15.5911923353429));
#1248=CARTESIAN_POINT('Ctrl Pts',(163.081240515722,-42.88526467742,-12.9412112907778));
#1249=CARTESIAN_POINT('Ctrl Pts',(160.934056065318,-47.0742638960907,-9.81221087779483));
#1250=CARTESIAN_POINT('Ctrl Pts',(158.581050529222,-50.3088991657004,-5.94780865141966));
#1251=CARTESIAN_POINT('Ctrl Pts',(156.054911014995,-52.2646625380353,-1.51975504219071));
#1252=CARTESIAN_POINT('Ctrl Pts',(153.416691305855,-52.6826789553956,3.203676767767));
#1253=CARTESIAN_POINT('Ctrl Pts',(150.371934434086,-51.2189251458161,8.63946632453303));
#1254=CARTESIAN_POINT('Ctrl Pts',(147.107275821213,-47.0946345202468,14.1430229376938));
#1255=CARTESIAN_POINT('Ctrl Pts',(143.8908952036,-40.0950267852894,18.6979577395615));
#1256=CARTESIAN_POINT('Ctrl Pts',(141.147473114646,-31.8062473195308,21.1456342985915));
#1257=CARTESIAN_POINT('Ctrl Pts',(139.285889325435,-24.6231541409157,21.0555451301678));
#1258=CARTESIAN_POINT('Ctrl Pts',(138.040767475051,-19.1980060900494,19.5645563839836));
#1259=CARTESIAN_POINT('Ctrl Pts',(137.228570724596,-15.4164707085874,17.7590014563885));
#1260=CARTESIAN_POINT('Ctrl Pts',(136.530697820075,-12.030663963201,15.3526648306948));
#1261=CARTESIAN_POINT('Ctrl Pts',(135.724912918304,-8.09010792722637,11.5361791796879));
#1262=CARTESIAN_POINT('Ctrl Pts',(134.855096052513,-4.15353132814032,6.02957085426294));
#1263=CARTESIAN_POINT('Ctrl Pts',(133.74664580275,-0.277318401770912,-0.695328067328331));
#1264=CARTESIAN_POINT('Ctrl Pts',(132.349310039073,3.52838708395582,-6.5858694635419));
#1265=CARTESIAN_POINT('Ctrl Pts',(131.178174683046,6.40423990252206,-9.52082700877677));
#1266=CARTESIAN_POINT('Ctrl Pts',(130.497748614364,8.08183835062569,-10.7356299964913));
#1267=CARTESIAN_POINT('Ctrl Pts',(130.380234451337,8.37170063902422,-10.9385980650889));
#1268=CARTESIAN_POINT('Ctrl Pts',(130.231777959453,8.73830014347378,-11.1823151281444));
#1269=CARTESIAN_POINT('Ctrl Pts',(130.051136028209,9.18538780167005,-11.4587948730695));
#1270=CARTESIAN_POINT('Ctrl Pts',(129.807016504654,9.7914452494365,-11.8060819325879));
#1271=CARTESIAN_POINT('Ctrl Pts',(129.558127618934,10.4129022591141,-12.121329740207));
#1272=CARTESIAN_POINT('Ctrl Pts',(129.304648710779,11.0508421537255,-12.4043012952711));
#1273=CARTESIAN_POINT('Ctrl Pts',(128.663903894981,12.6729435309945,-13.0574976125418));
#1274=CARTESIAN_POINT('Ctrl Pts',(127.518740424596,15.6541140657086,-13.7535814213093));
#1275=CARTESIAN_POINT('Ctrl Pts',(125.886761275873,20.3381773612581,-13.6199755664011));
#1276=CARTESIAN_POINT('Ctrl Pts',(124.467455528891,25.1769086844778,-12.382184965266));
#1277=CARTESIAN_POINT('Ctrl Pts',(123.505862884167,29.7309467289679,-10.1946587993379));
#1278=CARTESIAN_POINT('Ctrl Pts',(123.207210460887,33.5667151787124,-7.34956280556598));
#1279=CARTESIAN_POINT('Ctrl Pts',(123.576106456463,35.8755720526144,-4.73750692226605));
#1280=CARTESIAN_POINT('Ctrl Pts',(124.227007905114,37.1635633233888,-2.65932025876825));
#1281=CARTESIAN_POINT('Ctrl Pts',(124.668272647436,37.6336735417319,-1.62605298400134));
#1282=CARTESIAN_POINT('Ctrl Pts',(124.918627123349,37.8261623286561,-1.10936521502729));
#1283=CARTESIAN_POINT('Ctrl Pts',(137.173221980773,10.9860224644035,-2.52591976903329));
#1284=CARTESIAN_POINT('Ctrl Pts',(138.790956235448,12.2500397190028,-5.78798903578746));
#1285=CARTESIAN_POINT('Ctrl Pts',(141.263957021445,14.4125919025483,-11.0187164922609));
#1286=CARTESIAN_POINT('Ctrl Pts',(145.854671963258,18.6392644199095,-16.8869251473949));
#1287=CARTESIAN_POINT('Ctrl Pts',(150.105247422401,22.5233797137197,-20.1442124933328));
#1288=CARTESIAN_POINT('Ctrl Pts',(155.027897600078,26.8275785960553,-21.7991070958658));
#1289=CARTESIAN_POINT('Ctrl Pts',(159.437676253804,30.4588823738339,-21.8132927331367));
#1290=CARTESIAN_POINT('Ctrl Pts',(163.044558577778,33.2134338404128,-21.0744955680054));
#1291=CARTESIAN_POINT('Ctrl Pts',(166.658245385922,35.8213644927921,-19.8684192466611));
#1292=CARTESIAN_POINT('Ctrl Pts',(170.922176799226,38.5712009550968,-17.6409183183095));
#1293=CARTESIAN_POINT('Ctrl Pts',(175.584094457353,40.9365463658572,-14.055428416131));
#1294=CARTESIAN_POINT('Ctrl Pts',(179.604018285226,42.1994536999099,-9.84611705294566));
#1295=CARTESIAN_POINT('Ctrl Pts',(182.668471658831,42.1987407135378,-5.44992084518264));
#1296=CARTESIAN_POINT('Ctrl Pts',(184.779722326027,41.1616354298984,-1.25595901446097));
#1297=CARTESIAN_POINT('Ctrl Pts',(186.526957982889,38.8610467679539,3.72169156561427));
#1298=CARTESIAN_POINT('Ctrl Pts',(187.209029046951,34.2789421724487,9.38099750933258));
#1299=CARTESIAN_POINT('Ctrl Pts',(186.142003179491,27.0698940252314,14.4910656331563));
#1300=CARTESIAN_POINT('Ctrl Pts',(184.102461065931,19.9735695731175,17.2030547210365));
#1301=CARTESIAN_POINT('Ctrl Pts',(181.9169167594,13.8195005859742,18.0061218530442));
#1302=CARTESIAN_POINT('Ctrl Pts',(179.93843420567,8.80975667482891,17.5763238533366));
#1303=CARTESIAN_POINT('Ctrl Pts',(178.177229605442,4.63655778356625,16.1343446848615));
#1304=CARTESIAN_POINT('Ctrl Pts',(176.705527935658,1.26514603009479,14.0866582832262));
#1305=CARTESIAN_POINT('Ctrl Pts',(175.124850818363,-2.33298525085108,10.9756206407034));
#1306=CARTESIAN_POINT('Ctrl Pts',(173.842565600818,-5.32713491982891,7.12696735819872));
#1307=CARTESIAN_POINT('Ctrl Pts',(172.809759980895,-8.01632256575713,3.01790351375308));
#1308=CARTESIAN_POINT('Ctrl Pts',(171.908696575415,-10.6145261220137,-1.10310833156991));
#1309=CARTESIAN_POINT('Ctrl Pts',(170.961290023667,-13.9014332598868,-5.96971131200828));
#1310=CARTESIAN_POINT('Ctrl Pts',(170.037980711765,-17.6488550286883,-9.70786559975708));
#1311=CARTESIAN_POINT('Ctrl Pts',(169.314055402736,-20.6250826860176,-11.5459347290567));
#1312=CARTESIAN_POINT('Ctrl Pts',(168.916129138613,-22.2190724507073,-12.2627526578634));
#1313=CARTESIAN_POINT('Ctrl Pts',(168.676758844389,-23.1612152277213,-12.6122355210867));
#1314=CARTESIAN_POINT('Ctrl Pts',(168.058074689303,-25.5667298773079,-13.386246371156));
#1315=CARTESIAN_POINT('Ctrl Pts',(166.839927304669,-30.0805589829899,-13.9348091799393));
#1316=CARTESIAN_POINT('Ctrl Pts',(164.825701509166,-36.2297278379622,-12.7048511796657));
#1317=CARTESIAN_POINT('Ctrl Pts',(162.74136499569,-41.2447135506438,-10.3306998539268));
#1318=CARTESIAN_POINT('Ctrl Pts',(160.774187631867,-44.9529993854081,-7.54898670080739));
#1319=CARTESIAN_POINT('Ctrl Pts',(158.665009729857,-47.7434844066568,-4.18323271817878));
#1320=CARTESIAN_POINT('Ctrl Pts',(156.467689805447,-49.3593547518329,-0.444131554366741));
#1321=CARTESIAN_POINT('Ctrl Pts',(154.23555087159,-49.6722293631275,3.45636751615712));
#1322=CARTESIAN_POINT('Ctrl Pts',(151.629567046149,-48.4167466025471,7.97056108027974));
#1323=CARTESIAN_POINT('Ctrl Pts',(148.727644128065,-44.817240523992,12.7349923077911));
#1324=CARTESIAN_POINT('Ctrl Pts',(145.742654053198,-38.4580909360891,16.806478559918));
#1325=CARTESIAN_POINT('Ctrl Pts',(143.169468396485,-30.8434526263716,18.9836794778457));
#1326=CARTESIAN_POINT('Ctrl Pts',(141.427701425158,-24.3093457937805,18.8316450371775));
#1327=CARTESIAN_POINT('Ctrl Pts',(140.271082425705,-19.4332410618297,17.4365004909786));
#1328=CARTESIAN_POINT('Ctrl Pts',(139.514040252764,-16.040861656733,15.7746711572138));
#1329=CARTESIAN_POINT('Ctrl Pts',(138.854661963123,-12.9839325857689,13.5556943454298));
#1330=CARTESIAN_POINT('Ctrl Pts',(138.073871718882,-9.37193904183412,9.9894945704442));
#1331=CARTESIAN_POINT('Ctrl Pts',(137.196509196506,-5.64546752257518,4.69062614514843));
#1332=CARTESIAN_POINT('Ctrl Pts',(136.024035548801,-1.81792509807917,-2.08774604680073));
#1333=CARTESIAN_POINT('Ctrl Pts',(134.486401330577,2.13033022821193,-8.34671714790258));
#1334=CARTESIAN_POINT('Ctrl Pts',(133.113780567308,5.32446186784097,-11.6853511298351));
#1335=CARTESIAN_POINT('Ctrl Pts',(132.298403995813,7.23802513282636,-13.0907884689859));
#1336=CARTESIAN_POINT('Ctrl Pts',(132.157457239649,7.56911945309647,-13.3259737683472));
#1337=CARTESIAN_POINT('Ctrl Pts',(131.979076268513,7.98884906262902,-13.6089778616818));
#1338=CARTESIAN_POINT('Ctrl Pts',(131.761677371545,8.5019173834675,-13.9307557321162));
#1339=CARTESIAN_POINT('Ctrl Pts',(131.467564746776,9.19860054570289,-14.3356266749311));
#1340=CARTESIAN_POINT('Ctrl Pts',(131.167466144005,9.91412671569026,-14.7037531113524));
#1341=CARTESIAN_POINT('Ctrl Pts',(130.862180123441,10.6483177366085,-15.0341886062961));
#1342=CARTESIAN_POINT('Ctrl Pts',(130.091316265677,12.514039797751,-15.7968999731321));
#1343=CARTESIAN_POINT('Ctrl Pts',(128.725366333813,15.9209685078286,-16.6012841505206));
#1344=CARTESIAN_POINT('Ctrl Pts',(126.831841348805,21.1378893161225,-16.4595652466791));
#1345=CARTESIAN_POINT('Ctrl Pts',(125.201832496221,26.4381447526335,-15.1113928315246));
#1346=CARTESIAN_POINT('Ctrl Pts',(124.077057947606,31.4158308286145,-12.7271307730706));
#1347=CARTESIAN_POINT('Ctrl Pts',(123.663574518534,35.6667633946678,-9.5815607886318));
#1348=CARTESIAN_POINT('Ctrl Pts',(124.018794461664,38.3091611908528,-6.59741712063957));
#1349=CARTESIAN_POINT('Ctrl Pts',(124.727658460669,39.8185643287993,-4.1549693285926));
#1350=CARTESIAN_POINT('Ctrl Pts',(125.222357193701,40.3750769793578,-2.92654623919645));
#1351=CARTESIAN_POINT('Ctrl Pts',(125.505358398227,40.6028555198141,-2.31260790201115));
#1352=CARTESIAN_POINT('Ctrl Pts',(134.590756647114,13.4174585230225,-2.95130105209322));
#1353=CARTESIAN_POINT('Ctrl Pts',(136.207695534203,14.6957396465377,-6.12639623338141));
#1354=CARTESIAN_POINT('Ctrl Pts',(138.709661897822,16.8971338353826,-11.2798380556578));
#1355=CARTESIAN_POINT('Ctrl Pts',(143.378007299635,21.204222507291,-17.1149950464232));
#1356=CARTESIAN_POINT('Ctrl Pts',(147.71955480506,25.1758041737078,-20.3455672498854));
#1357=CARTESIAN_POINT('Ctrl Pts',(152.751789365913,29.5777688577929,-21.9575967661326));
#1358=CARTESIAN_POINT('Ctrl Pts',(157.26623248781,33.2952939835398,-21.898632534274));
#1359=CARTESIAN_POINT('Ctrl Pts',(160.965359665227,36.1186466133131,-21.0880128773479));
#1360=CARTESIAN_POINT('Ctrl Pts',(164.679293374255,38.7958791341349,-19.7916277285587));
#1361=CARTESIAN_POINT('Ctrl Pts',(169.08065054981,41.6286912725067,-17.4236355640022));
#1362=CARTESIAN_POINT('Ctrl Pts',(173.938503033227,44.0802578141065,-13.600535608622));
#1363=CARTESIAN_POINT('Ctrl Pts',(178.182510326911,45.3933423160776,-9.06890308797644));
#1364=CARTESIAN_POINT('Ctrl Pts',(181.463036997018,45.3596002271122,-4.27082562946184));
#1365=CARTESIAN_POINT('Ctrl Pts',(183.724341004639,44.1863172289575,0.343290546832714));
#1366=CARTESIAN_POINT('Ctrl Pts',(185.577489778642,41.6208405755291,5.81427555171679));
#1367=CARTESIAN_POINT('Ctrl Pts',(186.223752029549,36.585144858949,11.9591075150332));
#1368=CARTESIAN_POINT('Ctrl Pts',(184.970302076092,28.8164001908862,17.4022702193754));
#1369=CARTESIAN_POINT('Ctrl Pts',(182.688147155346,21.1806911693867,20.2746056990509));
#1370=CARTESIAN_POINT('Ctrl Pts',(180.232429447077,14.468377872612,21.1062093590105));
#1371=CARTESIAN_POINT('Ctrl Pts',(177.972282667531,8.91483287664339,20.5814156586735));
#1372=CARTESIAN_POINT('Ctrl Pts',(175.93677217396,4.22044466278956,18.9081056173882));
#1373=CARTESIAN_POINT('Ctrl Pts',(174.231116999711,0.443486690316805,16.5449074334609));
#1374=CARTESIAN_POINT('Ctrl Pts',(172.425726887889,-3.52819274440801,13.0208152106022));
#1375=CARTESIAN_POINT('Ctrl Pts',(171.005222582005,-6.70213816363584,8.81411942216056));
#1376=CARTESIAN_POINT('Ctrl Pts',(169.892253284662,-9.44210243704929,4.50832887915984));
#1377=CARTESIAN_POINT('Ctrl Pts',(168.939672222304,-12.021846399974,0.297276984639689));
#1378=CARTESIAN_POINT('Ctrl Pts',(167.968016680842,-15.1710796916695,-4.47526971135186));
#1379=CARTESIAN_POINT('Ctrl Pts',(167.066040670732,-18.5394149679295,-7.90575777861082));
#1380=CARTESIAN_POINT('Ctrl Pts',(166.395442702657,-21.1014275388189,-9.53304207808967));
#1381=CARTESIAN_POINT('Ctrl Pts',(166.030184314314,-22.4637851494741,-10.1693939347422));
#1382=CARTESIAN_POINT('Ctrl Pts',(165.810876546916,-23.2690303101237,-10.4813723865256));
#1383=CARTESIAN_POINT('Ctrl Pts',(165.244866920946,-25.3266812206558,-11.1758306878391));
#1384=CARTESIAN_POINT('Ctrl Pts',(164.134913569658,-29.236752647229,-11.7091398233539));
#1385=CARTESIAN_POINT('Ctrl Pts',(162.266897181198,-34.7246295972535,-10.681397481785));
#1386=CARTESIAN_POINT('Ctrl Pts',(160.344310587079,-39.197973247005,-8.61754364396842));
#1387=CARTESIAN_POINT('Ctrl Pts',(158.567184693594,-42.4505114158919,-6.21633316595971));
#1388=CARTESIAN_POINT('Ctrl Pts',(156.722286698138,-44.8121881628536,-3.39927082194476));
#1389=CARTESIAN_POINT('Ctrl Pts',(154.885815734987,-46.1081088414875,-0.420152015237997));
#1390=CARTESIAN_POINT('Ctrl Pts',(153.101740495867,-46.3475689804066,2.57151016105468));
#1391=CARTESIAN_POINT('Ctrl Pts',(150.983686944608,-45.3849069983501,6.06329104105465));
#1392=CARTESIAN_POINT('Ctrl Pts',(148.49045056164,-42.4386919645934,10.0028369971765));
#1393=CARTESIAN_POINT('Ctrl Pts',(145.773187848982,-36.9124390754227,13.5391230553244));
#1394=CARTESIAN_POINT('Ctrl Pts',(143.410770666521,-30.2111199316708,15.4253123128371));
#1395=CARTESIAN_POINT('Ctrl Pts',(141.829237340969,-24.604009161918,15.2529064245344));
#1396=CARTESIAN_POINT('Ctrl Pts',(140.795256105129,-20.5289318748006,14.056345745144));
#1397=CARTESIAN_POINT('Ctrl Pts',(140.115519982875,-17.709257154682,12.6530044224785));
#1398=CARTESIAN_POINT('Ctrl Pts',(139.509407963328,-15.1363830659775,10.7622357957169));
#1399=CARTESIAN_POINT('Ctrl Pts',(138.760764504431,-12.0033881761461,7.64117389611167));
#1400=CARTESIAN_POINT('Ctrl Pts',(137.867476043509,-8.57266869936791,2.74852430262965));
#1401=CARTESIAN_POINT('Ctrl Pts',(136.600304905051,-4.79745170372263,-3.96927843942321));
#1402=CARTESIAN_POINT('Ctrl Pts',(134.872113670561,-0.645040546909502,-10.6019704056093));
#1403=CARTESIAN_POINT('Ctrl Pts',(133.235345629093,2.97413987224869,-14.4030477415289));
#1404=CARTESIAN_POINT('Ctrl Pts',(132.243700962506,5.20057566205763,-16.0259040263395));
#1405=CARTESIAN_POINT('Ctrl Pts',(132.07214485364,5.58633891561215,-16.2977901390316));
#1406=CARTESIAN_POINT('Ctrl Pts',(131.854685364867,6.07648707081788,-16.6254973011522));
#1407=CARTESIAN_POINT('Ctrl Pts',(131.58928169408,6.6770111468581,-16.998646630881));
#1408=CARTESIAN_POINT('Ctrl Pts',(131.229861880896,7.49386731418154,-17.4685063558103));
#1409=CARTESIAN_POINT('Ctrl Pts',(130.862837214358,8.33420957986789,-17.8957576019813));
#1410=CARTESIAN_POINT('Ctrl Pts',(130.489758291753,9.19639549350428,-18.2783706252663));
#1411=CARTESIAN_POINT('Ctrl Pts',(129.548499692856,11.3864496534261,-19.1599597944357));
#1412=CARTESIAN_POINT('Ctrl Pts',(127.892289878546,15.3635636517541,-20.067082941766));
#1413=CARTESIAN_POINT('Ctrl Pts',(125.649570637347,21.315059203699,-19.8558463662617));
#1414=CARTESIAN_POINT('Ctrl Pts',(123.734019597463,27.2779146350398,-18.2884189499984));
#1415=CARTESIAN_POINT('Ctrl Pts',(122.386923705707,32.8950664734732,-15.5436321654807));
#1416=CARTESIAN_POINT('Ctrl Pts',(121.827970619844,37.7988787334348,-11.8500331918575));
#1417=CARTESIAN_POINT('Ctrl Pts',(122.198373117346,40.9845157598522,-8.19156615706374));
#1418=CARTESIAN_POINT('Ctrl Pts',(123.047027097478,42.8511994048501,-5.08140584230411));
#1419=CARTESIAN_POINT('Ctrl Pts',(123.657153518129,43.5418864603635,-3.49497845592874));
#1420=CARTESIAN_POINT('Ctrl Pts',(124.008597106609,43.823101737803,-2.70206608220569));
#1421=CARTESIAN_POINT('Ctrl Pts',(134.076415454746,16.3872021367777,-2.09456560797015));
#1422=CARTESIAN_POINT('Ctrl Pts',(135.712492744206,17.6493364741667,-5.20232930131222));
#1423=CARTESIAN_POINT('Ctrl Pts',(138.198402896644,19.7864417524554,-10.1336128372398));
#1424=CARTESIAN_POINT('Ctrl Pts',(142.638331714239,23.8183931533367,-15.5284389784973));
#1425=CARTESIAN_POINT('Ctrl Pts',(146.704092497726,27.4846284697346,-18.4635591509165));
#1426=CARTESIAN_POINT('Ctrl Pts',(151.422473715733,31.5643891526387,-19.9160298713963));
#1427=CARTESIAN_POINT('Ctrl Pts',(155.710567527546,35.0490210743916,-19.8141389526931));
#1428=CARTESIAN_POINT('Ctrl Pts',(159.249941257447,37.7164812499712,-19.0069837645992));
#1429=CARTESIAN_POINT('Ctrl Pts',(162.819036697668,40.2530673754929,-17.7300217361476));
#1430=CARTESIAN_POINT('Ctrl Pts',(167.066951756051,42.9432279676404,-15.4101268797836));
#1431=CARTESIAN_POINT('Ctrl Pts',(171.759681146255,45.257775017141,-11.6768929913945));
#1432=CARTESIAN_POINT('Ctrl Pts',(175.849577474062,46.470476655031,-7.27115698488586));
#1433=CARTESIAN_POINT('Ctrl Pts',(178.998916749171,46.3864609540344,-2.62623002806099));
#1434=CARTESIAN_POINT('Ctrl Pts',(181.160323196089,45.2028336442799,1.83295671068397));
#1435=CARTESIAN_POINT('Ctrl Pts',(182.927258243757,42.6649902909161,7.1254788019078));
#1436=CARTESIAN_POINT('Ctrl Pts',(183.520973852435,37.688796244758,13.100940032618));
#1437=CARTESIAN_POINT('Ctrl Pts',(182.236315224112,29.9525294026586,18.4293005825139));
#1438=CARTESIAN_POINT('Ctrl Pts',(179.918567433378,22.2930662575668,21.2298564988093));
#1439=CARTESIAN_POINT('Ctrl Pts',(177.41839386908,15.5167475775244,22.0023668204126));
#1440=CARTESIAN_POINT('Ctrl Pts',(175.106418286533,9.88045693052177,21.4050719611759));
#1441=CARTESIAN_POINT('Ctrl Pts',(173.016951472069,5.09336789564791,19.6410316983336));
#1442=CARTESIAN_POINT('Ctrl Pts',(171.264948357737,1.24446809649651,17.1638158534271));
#1443=CARTESIAN_POINT('Ctrl Pts',(169.415371036336,-2.79355475288786,13.4963157523156));
#1444=CARTESIAN_POINT('Ctrl Pts',(167.9706564713,-5.99202900857798,9.1474599069716));
#1445=CARTESIAN_POINT('Ctrl Pts',(166.84826739445,-8.72993789830442,4.72311442724691));
#1446=CARTESIAN_POINT('Ctrl Pts',(165.892277224975,-11.2992223981335,0.407245643787187));
#1447=CARTESIAN_POINT('Ctrl Pts',(164.923432837208,-14.4279754893927,-4.47260201076527));
#1448=CARTESIAN_POINT('Ctrl Pts',(164.028995262839,-17.7735828126398,-7.99796545648227));
#1449=CARTESIAN_POINT('Ctrl Pts',(163.363977518785,-20.3232076850811,-9.67944358680755));
#1450=CARTESIAN_POINT('Ctrl Pts',(163.002450854344,-21.6768435441341,-10.3426624120989));
#1451=CARTESIAN_POINT('Ctrl Pts',(162.785551974334,-22.4764849751724,-10.6701330412473));
#1452=CARTESIAN_POINT('Ctrl Pts',(162.225991558599,-24.5191368872014,-11.4030368082047));
#1453=CARTESIAN_POINT('Ctrl Pts',(161.130148393024,-28.3944011474428,-11.9944651740373));
#1454=CARTESIAN_POINT('Ctrl Pts',(159.295972495846,-33.8032169340333,-11.0655105766573));
#1455=CARTESIAN_POINT('Ctrl Pts',(157.422631500074,-38.1839338933422,-9.12566862927125));
#1456=CARTESIAN_POINT('Ctrl Pts',(155.709290101401,-41.3373933534137,-6.86659148657187));
#1457=CARTESIAN_POINT('Ctrl Pts',(153.960198711756,-43.5971723389912,-4.25676634670148));
#1458=CARTESIAN_POINT('Ctrl Pts',(152.25897445645,-44.8265456150918,-1.56644906695751));
#1459=CARTESIAN_POINT('Ctrl Pts',(150.645126186375,-45.0804706930938,1.07914718591493));
#1460=CARTESIAN_POINT('Ctrl Pts',(148.716215046269,-44.2916579652096,4.17707197116484));
#1461=CARTESIAN_POINT('Ctrl Pts',(146.386965522963,-41.668674650225,7.79366632672217));
#1462=CARTESIAN_POINT('Ctrl Pts',(143.783730832886,-36.5839483026384,11.1251079721054));
#1463=CARTESIAN_POINT('Ctrl Pts',(141.524378322174,-30.398962296391,12.9082476227508));
#1464=CARTESIAN_POINT('Ctrl Pts',(140.031557680278,-25.3537194979573,12.7760440959387));
#1465=CARTESIAN_POINT('Ctrl Pts',(139.068837384802,-21.7758205041468,11.7466030211536));
#1466=CARTESIAN_POINT('Ctrl Pts',(138.434695962569,-19.3153193408209,10.5401452103287));
#1467=CARTESIAN_POINT('Ctrl Pts',(137.859464017499,-17.0461103253577,8.89403071396922));
#1468=CARTESIAN_POINT('Ctrl Pts',(137.127489268535,-14.210108830144,6.10890860223141));
#1469=CARTESIAN_POINT('Ctrl Pts',(136.220592682507,-10.9559050800341,1.54631921213206));
#1470=CARTESIAN_POINT('Ctrl Pts',(134.893430989534,-7.19897492201775,-5.02995045211933));
#1471=CARTESIAN_POINT('Ctrl Pts',(133.05749834293,-2.92318012429218,-11.7714995316167));
#1472=CARTESIAN_POINT('Ctrl Pts',(131.278594798808,0.931180666254671,-15.7640825415783));
#1473=CARTESIAN_POINT('Ctrl Pts',(130.193012709559,3.32820916176811,-17.476361372644));
#1474=CARTESIAN_POINT('Ctrl Pts',(130.005152697975,3.74376658608088,-17.7633189211378));
#1475=CARTESIAN_POINT('Ctrl Pts',(129.76687747695,4.27228736259561,-18.1093181642909));
#1476=CARTESIAN_POINT('Ctrl Pts',(129.475903539214,4.92047209079458,-18.5033274544835));
#1477=CARTESIAN_POINT('Ctrl Pts',(129.081687270921,5.80284783099997,-18.9992798466391));
#1478=CARTESIAN_POINT('Ctrl Pts',(128.678950545125,6.71139332885646,-19.4496759151802));
#1479=CARTESIAN_POINT('Ctrl Pts',(128.26965747133,7.64365394993946,-19.8519014986845));
#1480=CARTESIAN_POINT('Ctrl Pts',(127.237234076598,10.011712461071,-20.7765774187158));
#1481=CARTESIAN_POINT('Ctrl Pts',(125.424383209208,14.3060024696871,-21.7049520782381));
#1482=CARTESIAN_POINT('Ctrl Pts',(122.989021030141,20.6824730479373,-21.4063642800317));
#1483=CARTESIAN_POINT('Ctrl Pts',(120.912392194544,27.0500272508059,-19.65795383475));
#1484=CARTESIAN_POINT('Ctrl Pts',(119.439003484742,33.0815163413921,-16.6329066771163));
#1485=CARTESIAN_POINT('Ctrl Pts',(118.806176416568,38.4269993156783,-12.515975254613));
#1486=CARTESIAN_POINT('Ctrl Pts',(119.212167922795,41.9937622730494,-8.33893658955114));
#1487=CARTESIAN_POINT('Ctrl Pts',(120.188619723835,44.1079047041455,-4.7127868714186));
#1488=CARTESIAN_POINT('Ctrl Pts',(120.898236017564,44.8883628412019,-2.84914740084077));
#1489=CARTESIAN_POINT('Ctrl Pts',(121.307603205986,45.2041491650333,-1.91768124848891));
#1490=CARTESIAN_POINT('Ctrl Pts',(134.764655498892,19.0111123272856,-0.741860825850966));
#1491=CARTESIAN_POINT('Ctrl Pts',(136.426367665605,20.2444628947559,-3.80669857198315));
#1492=CARTESIAN_POINT('Ctrl Pts',(138.87589212017,22.276749798169,-8.48723944077061));
#1493=CARTESIAN_POINT('Ctrl Pts',(142.974004601272,25.9039178093094,-13.3194893691071));
#1494=CARTESIAN_POINT('Ctrl Pts',(146.628512970877,29.1219416438913,-15.8798503478537));
#1495=CARTESIAN_POINT('Ctrl Pts',(150.875681120326,32.7258214429283,-17.1449542690019));
#1496=CARTESIAN_POINT('Ctrl Pts',(154.810427200984,35.8583724669007,-17.025425508783));
#1497=CARTESIAN_POINT('Ctrl Pts',(158.090741889252,38.2842636775659,-16.2607653931867));
#1498=CARTESIAN_POINT('Ctrl Pts',(161.416212560901,40.5991181911108,-15.0570771427857));
#1499=CARTESIAN_POINT('Ctrl Pts',(165.389548032247,43.0578398118337,-12.8749435496001));
#1500=CARTESIAN_POINT('Ctrl Pts',(169.761500170329,45.1467159480729,-9.38565865752333));
#1501=CARTESIAN_POINT('Ctrl Pts',(173.530337005491,46.2008811381007,-5.31574039497415));
#1502=CARTESIAN_POINT('Ctrl Pts',(176.393063346604,46.0682160947232,-1.084411401504));
#1503=CARTESIAN_POINT('Ctrl Pts',(178.343860304605,44.9429780421969,2.94911832241892));
#1504=CARTESIAN_POINT('Ctrl Pts',(179.941464202515,42.5812504534622,7.74655452604424));
#1505=CARTESIAN_POINT('Ctrl Pts',(180.4849794398,37.9230124217195,13.2428264469867));
#1506=CARTESIAN_POINT('Ctrl Pts',(179.2577866094,30.5256141857012,18.2440280022025));
#1507=CARTESIAN_POINT('Ctrl Pts',(177.021362807905,23.1200941642362,20.8653706432035));
#1508=CARTESIAN_POINT('Ctrl Pts',(174.605218148134,16.5541816311916,21.5450034909415));
#1509=CARTESIAN_POINT('Ctrl Pts',(172.37342887361,11.0955726228922,20.9022264145909));
#1510=CARTESIAN_POINT('Ctrl Pts',(170.357459150491,6.46105315586882,19.1405822271048));
#1511=CARTESIAN_POINT('Ctrl Pts',(168.66781007157,2.73131811264756,16.6794808117306));
#1512=CARTESIAN_POINT('Ctrl Pts',(166.878358916112,-1.1973992525081,13.040559066528));
#1513=CARTESIAN_POINT('Ctrl Pts',(165.475064503232,-4.3328218750526,8.6937548849525));
#1514=CARTESIAN_POINT('Ctrl Pts',(164.382518361542,-7.04128528547499,4.21690368434037));
#1515=CARTESIAN_POINT('Ctrl Pts',(163.449246577107,-9.60649276554158,-0.189456791393096));
#1516=CARTESIAN_POINT('Ctrl Pts',(162.496973547949,-12.7810147780348,-5.25977923573336));
#1517=CARTESIAN_POINT('Ctrl Pts',(161.60119311906,-16.2968642074798,-9.07176127709143));
#1518=CARTESIAN_POINT('Ctrl Pts',(160.915412705762,-19.0484804891251,-10.9354800876721));
#1519=CARTESIAN_POINT('Ctrl Pts',(160.541580644126,-20.5126578790604,-11.6764112165058));
#1520=CARTESIAN_POINT('Ctrl Pts',(160.317290346311,-21.3769993095182,-12.0440312082596));
#1521=CARTESIAN_POINT('Ctrl Pts',(159.738449020087,-23.5831451104326,-12.869388817832));
#1522=CARTESIAN_POINT('Ctrl Pts',(158.603700685611,-27.7316464044817,-13.5445075583195));
#1523=CARTESIAN_POINT('Ctrl Pts',(156.736559088018,-33.3855652366952,-12.6382363381334));
#1524=CARTESIAN_POINT('Ctrl Pts',(154.842642244598,-37.929744703002,-10.6978613208818));
#1525=CARTESIAN_POINT('Ctrl Pts',(153.112988399656,-41.1929501639407,-8.42518073199533));
#1526=CARTESIAN_POINT('Ctrl Pts',(151.350473202882,-43.544444148549,-5.7985471322053));
#1527=CARTESIAN_POINT('Ctrl Pts',(149.636868951145,-44.8547670619521,-3.08750411126602));
#1528=CARTESIAN_POINT('Ctrl Pts',(148.011091885375,-45.166285290455,-0.418796296886863));
#1529=CARTESIAN_POINT('Ctrl Pts',(146.074081647807,-44.4520878470694,2.69923180701431));
#1530=CARTESIAN_POINT('Ctrl Pts',(143.744426083099,-41.9095821445876,6.32688826377235));
#1531=CARTESIAN_POINT('Ctrl Pts',(141.150160880472,-36.9672053686019,9.67059498312486));
#1532=CARTESIAN_POINT('Ctrl Pts',(138.914625359189,-30.9793540214293,11.4725503172455));
#1533=CARTESIAN_POINT('Ctrl Pts',(137.453815893466,-26.1843638611983,11.404353586365));
#1534=CARTESIAN_POINT('Ctrl Pts',(136.520243439317,-22.8391442512439,10.4906563198136));
#1535=CARTESIAN_POINT('Ctrl Pts',(135.905390408298,-20.5498590868244,9.4074893221992));
#1536=CARTESIAN_POINT('Ctrl Pts',(135.342734716056,-18.4254402988154,7.91085956588557));
#1537=CARTESIAN_POINT('Ctrl Pts',(134.615810893165,-15.7282183250906,5.33391848200389));
#1538=CARTESIAN_POINT('Ctrl Pts',(133.699362687836,-12.5497252682919,0.991935822412954));
#1539=CARTESIAN_POINT('Ctrl Pts',(132.343402554986,-8.78964228003765,-5.42968680008178));
#1540=CARTESIAN_POINT('Ctrl Pts',(130.4659974398,-4.45851393848215,-12.1179690909122));
#1541=CARTESIAN_POINT('Ctrl Pts',(128.639666256108,-0.519245517232005,-16.1191545723105));
#1542=CARTESIAN_POINT('Ctrl Pts',(127.523179480071,1.93774942322732,-17.8347781717646));
#1543=CARTESIAN_POINT('Ctrl Pts',(127.329951448101,2.36378173940927,-18.1222728105158));
#1544=CARTESIAN_POINT('Ctrl Pts',(127.084834157307,2.90576997530209,-18.4688383627036));
#1545=CARTESIAN_POINT('Ctrl Pts',(126.785451978168,3.57068706854665,-18.8632899275961));
#1546=CARTESIAN_POINT('Ctrl Pts',(126.379779121518,4.47610613985417,-19.3594082789774));
#1547=CARTESIAN_POINT('Ctrl Pts',(125.965270390761,5.40869238778764,-19.809191992969));
#1548=CARTESIAN_POINT('Ctrl Pts',(125.543957683234,6.36588634602404,-20.2097907452017));
#1549=CARTESIAN_POINT('Ctrl Pts',(124.481189092121,8.79755891094927,-21.1287006799354));
#1550=CARTESIAN_POINT('Ctrl Pts',(122.615438531289,13.2077477086043,-22.0315356097998));
#1551=CARTESIAN_POINT('Ctrl Pts',(120.110620944227,19.7558006868808,-21.655148680459));
#1552=CARTESIAN_POINT('Ctrl Pts',(117.972700131808,26.3057266478281,-19.78468141079));
#1553=CARTESIAN_POINT('Ctrl Pts',(116.450426510749,32.5444923262072,-16.5814496005198));
#1554=CARTESIAN_POINT('Ctrl Pts',(115.797218122,38.1264132759016,-12.1965203600163));
#1555=CARTESIAN_POINT('Ctrl Pts',(116.242396015102,41.9072529683357,-7.69299497519497));
#1556=CARTESIAN_POINT('Ctrl Pts',(117.313690460057,44.1588743041365,-3.73893482781354));
#1557=CARTESIAN_POINT('Ctrl Pts',(118.093670348307,44.9864532884726,-1.69900983961687));
#1558=CARTESIAN_POINT('Ctrl Pts',(118.543324044141,45.3196573236322,-0.679211283382014));
#1559=CARTESIAN_POINT('Ctrl Pts',(136.815371795295,20.4984795335276,0.890667518570253));
#1560=CARTESIAN_POINT('Ctrl Pts',(138.504330926281,21.6943368565704,-2.17411088988718));
#1561=CARTESIAN_POINT('Ctrl Pts',(140.902531924478,23.5985587527263,-6.63288544287458));
#1562=CARTESIAN_POINT('Ctrl Pts',(144.603068167717,26.7607731819065,-10.8933558614006));
#1563=CARTESIAN_POINT('Ctrl Pts',(147.78084372064,29.4651248387879,-13.0753809822539));
#1564=CARTESIAN_POINT('Ctrl Pts',(151.478713398983,32.5208446213385,-14.1664992347026));
#1565=CARTESIAN_POINT('Ctrl Pts',(154.990274953769,35.2409168954479,-14.0661967096567));
#1566=CARTESIAN_POINT('Ctrl Pts',(157.951998090372,37.3785692576156,-13.3830281809617));
#1567=CARTESIAN_POINT('Ctrl Pts',(160.970922005919,39.4256896458187,-12.3025557179079));
#1568=CARTESIAN_POINT('Ctrl Pts',(164.586569612211,41.5997286588248,-10.3367780123336));
#1569=CARTESIAN_POINT('Ctrl Pts',(168.522212881374,43.4081415610054,-7.2249910653782));
#1570=CARTESIAN_POINT('Ctrl Pts',(171.839649457536,44.2705972645707,-3.6726710244639));
#1571=CARTESIAN_POINT('Ctrl Pts',(174.291057953402,44.1040416852807,-0.0813683420145479));
#1572=CARTESIAN_POINT('Ctrl Pts',(175.944247587437,43.1101665444947,3.29022098264223));
#1573=CARTESIAN_POINT('Ctrl Pts',(177.310108624029,41.0694228901248,7.31514377994907));
#1574=CARTESIAN_POINT('Ctrl Pts',(177.81979431619,36.9777783817254,12.0599589242445));
#1575=CARTESIAN_POINT('Ctrl Pts',(176.74920319984,30.2232805756366,16.5478934300918));
#1576=CARTESIAN_POINT('Ctrl Pts',(174.723158875879,23.3613305795063,18.8996227661359));
#1577=CARTESIAN_POINT('Ctrl Pts',(172.534378504412,17.3033585916603,19.4676938022571));
#1578=CARTESIAN_POINT('Ctrl Pts',(170.53185376899,12.3111751919179,18.8264910189285));
#1579=CARTESIAN_POINT('Ctrl Pts',(168.734327324492,8.10517634044509,17.1868115867029));
#1580=CARTESIAN_POINT('Ctrl Pts',(167.230616726497,4.70926851752371,14.9055229876088));
#1581=CARTESIAN_POINT('Ctrl Pts',(165.620048545881,1.08770965955437,11.5096727003877));
#1582=CARTESIAN_POINT('Ctrl Pts',(164.331276936989,-1.889186246398,7.35010837694488));
#1583=CARTESIAN_POINT('Ctrl Pts',(163.311318464414,-4.54061109927171,2.91987093623618));
#1584=CARTESIAN_POINT('Ctrl Pts',(162.42838367431,-7.11105326768927,-1.53463158417821));
#1585=CARTESIAN_POINT('Ctrl Pts',(161.505927548718,-10.4043190273385,-6.85250968486484));
#1586=CARTESIAN_POINT('Ctrl Pts',(160.597733569012,-14.2935970992185,-11.1228822798636));
#1587=CARTESIAN_POINT('Ctrl Pts',(159.862707660636,-17.470251420378,-13.2860220541547));
#1588=CARTESIAN_POINT('Ctrl Pts',(159.459142057877,-19.1696193952509,-14.1497977114334));
#1589=CARTESIAN_POINT('Ctrl Pts',(159.216762272661,-20.1723250979236,-14.5787965878337));
#1590=CARTESIAN_POINT('Ctrl Pts',(158.590566875047,-22.7290536341797,-15.5419705040315));
#1591=CARTESIAN_POINT('Ctrl Pts',(157.359381821728,-27.4743800422104,-16.3124036596297));
#1592=CARTESIAN_POINT('Ctrl Pts',(155.382409029835,-33.7254427469049,-15.3254878161257));
#1593=CARTESIAN_POINT('Ctrl Pts',(153.383544384376,-38.719995177311,-13.2244700544283));
#1594=CARTESIAN_POINT('Ctrl Pts',(151.538801522585,-42.3330226797871,-10.7412417470096));
#1595=CARTESIAN_POINT('Ctrl Pts',(149.625947649411,-45.0015413068187,-7.81400441784961));
#1596=CARTESIAN_POINT('Ctrl Pts',(147.713279459078,-46.5614187328112,-4.68925097241629));
#1597=CARTESIAN_POINT('Ctrl Pts',(145.843859343058,-46.9710098863842,-1.52747780467556));
#1598=CARTESIAN_POINT('Ctrl Pts',(143.646656899158,-46.1836941617567,2.1390377172289));
#1599=CARTESIAN_POINT('Ctrl Pts',(141.105862365867,-43.3880008136925,6.20351036131245));
#1600=CARTESIAN_POINT('Ctrl Pts',(138.382870843081,-38.1647707260537,9.83608151493556));
#1601=CARTESIAN_POINT('Ctrl Pts',(136.063619478926,-31.9117127452863,11.8074900898705));
#1602=CARTESIAN_POINT('Ctrl Pts',(134.553683434994,-26.9001493329642,11.8164923954095));
#1603=CARTESIAN_POINT('Ctrl Pts',(133.587360712807,-23.3851029660987,10.9213724051707));
#1604=CARTESIAN_POINT('Ctrl Pts',(132.952819199814,-20.9794833213134,9.8337887934636));
#1605=CARTESIAN_POINT('Ctrl Pts',(132.375852729689,-18.7568128326137,8.32418331040685));
#1606=CARTESIAN_POINT('Ctrl Pts',(131.637638367047,-15.9576649160216,5.73534843008986));
#1607=CARTESIAN_POINT('Ctrl Pts',(130.719436584982,-12.7056845564848,1.41429548376535));
#1608=CARTESIAN_POINT('Ctrl Pts',(129.38220999325,-8.91530086902171,-4.87696215155907));
#1609=CARTESIAN_POINT('Ctrl Pts',(127.559733495077,-4.63154899660785,-11.3168805810158));
#1610=CARTESIAN_POINT('Ctrl Pts',(125.820071725916,-0.82277307440117,-15.0888190886475));
#1611=CARTESIAN_POINT('Ctrl Pts',(124.76218834267,1.53555328187731,-16.6957927858397));
#1612=CARTESIAN_POINT('Ctrl Pts',(124.579135083295,1.94434209336459,-16.9649111735925));
#1613=CARTESIAN_POINT('Ctrl Pts',(124.347019805856,2.4640919503631,-17.2890079303123));
#1614=CARTESIAN_POINT('Ctrl Pts',(124.063605856083,3.10139685892809,-17.6574188126825));
#1615=CARTESIAN_POINT('Ctrl Pts',(123.679638130785,3.9689288223806,-18.1201803585354));
#1616=CARTESIAN_POINT('Ctrl Pts',(123.287339615965,4.86226929974826,-18.5388343569402));
#1617=CARTESIAN_POINT('Ctrl Pts',(122.888425157709,5.77951894394379,-18.9108083536763));
#1618=CARTESIAN_POINT('Ctrl Pts',(121.881812461503,8.11041761004544,-19.762369440371));
#1619=CARTESIAN_POINT('Ctrl Pts',(120.110450966777,12.3475719822329,-20.5857506192334));
#1620=CARTESIAN_POINT('Ctrl Pts',(117.713094691371,18.6960589620595,-20.1640634322115));
#1621=CARTESIAN_POINT('Ctrl Pts',(115.658329419268,25.0948074891521,-18.2793088585545));
#1622=CARTESIAN_POINT('Ctrl Pts',(114.199559993249,31.2203837255199,-15.0759657389117));
#1623=CARTESIAN_POINT('Ctrl Pts',(113.600035704379,36.7127360909462,-10.6936339256358));
#1624=CARTESIAN_POINT('Ctrl Pts',(114.07832603268,40.4371233481887,-6.19676331893477));
#1625=CARTESIAN_POINT('Ctrl Pts',(115.17675700892,42.6482532715239,-2.24407907424605));
#1626=CARTESIAN_POINT('Ctrl Pts',(115.970812957254,43.4558640476957,-0.204469288345211));
#1627=CARTESIAN_POINT('Ctrl Pts',(116.427325224323,43.7797287958561,0.815451372117693));
#1628=CARTESIAN_POINT('Ctrl Pts',(139.583336048583,20.1184579738701,2.18979845963072));
#1629=CARTESIAN_POINT('Ctrl Pts',(141.290473208495,21.2819704357725,-0.923356754479657));
#1630=CARTESIAN_POINT('Ctrl Pts',(143.639309336265,23.0811691573473,-5.28005165907265));
#1631=CARTESIAN_POINT('Ctrl Pts',(147.037874493374,25.8959655232516,-9.18663191163315));
#1632=CARTESIAN_POINT('Ctrl Pts',(149.854771349191,28.2172464399045,-11.1369888434079));
#1633=CARTESIAN_POINT('Ctrl Pts',(153.134152548091,30.86171596194,-12.1385297972592));
#1634=CARTESIAN_POINT('Ctrl Pts',(156.312083588844,33.2652606131069,-12.0911858709539));
#1635=CARTESIAN_POINT('Ctrl Pts',(159.015111923595,35.176979581376,-11.5009577920827));
#1636=CARTESIAN_POINT('Ctrl Pts',(161.778731452514,37.0112254138784,-10.5508582566586));
#1637=CARTESIAN_POINT('Ctrl Pts',(165.085167084242,38.9536866927877,-8.8037966906583));
#1638=CARTESIAN_POINT('Ctrl Pts',(168.627849579532,40.5314097956151,-6.06964595282517));
#1639=CARTESIAN_POINT('Ctrl Pts',(171.52678661973,41.2410713459098,-3.03346425680425));
#1640=CARTESIAN_POINT('Ctrl Pts',(173.590215645211,41.0707095495321,-0.0822812509946646));
#1641=CARTESIAN_POINT('Ctrl Pts',(174.966186576754,40.2379265392825,2.62482944067073));
#1642=CARTESIAN_POINT('Ctrl Pts',(176.122251595545,38.553392507591,5.87248214017837));
#1643=CARTESIAN_POINT('Ctrl Pts',(176.629757033533,35.0825113034607,9.85824731319162));
#1644=CARTESIAN_POINT('Ctrl Pts',(175.76461035065,29.0570426235459,13.8271401464638));
#1645=CARTESIAN_POINT('Ctrl Pts',(174.01023772195,22.8482596077569,15.914340800228));
#1646=CARTESIAN_POINT('Ctrl Pts',(172.119602958573,17.431068221457,16.393947625736));
#1647=CARTESIAN_POINT('Ctrl Pts',(170.422973403013,13.0449056244743,15.8066469696134));
#1648=CARTESIAN_POINT('Ctrl Pts',(168.920208169978,9.4077332246276,14.3750370888824));
#1649=CARTESIAN_POINT('Ctrl Pts',(167.667586538732,6.45455346859658,12.386282434845));
#1650=CARTESIAN_POINT('Ctrl Pts',(166.298513774151,3.2408250950769,9.37853568211595));
#1651=CARTESIAN_POINT('Ctrl Pts',(165.160847581924,0.466704296933935,5.53962430516414));
#1652=CARTESIAN_POINT('Ctrl Pts',(164.232725437606,-2.1193306832532,1.24916016945189));
#1653=CARTESIAN_POINT('Ctrl Pts',(163.411172274293,-4.70346290579501,-3.18668058429308));
#1654=CARTESIAN_POINT('Ctrl Pts',(162.521551496276,-8.15045609647196,-8.71828769965758));
#1655=CARTESIAN_POINT('Ctrl Pts',(161.593431055999,-12.4933791603425,-13.4584895072091));
#1656=CARTESIAN_POINT('Ctrl Pts',(160.79669284599,-16.1770940062016,-15.9339348896822));
#1657=CARTESIAN_POINT('Ctrl Pts',(160.355604747345,-18.158426527937,-16.9224923349402));
#1658=CARTESIAN_POINT('Ctrl Pts',(160.090284494401,-19.3273914381136,-17.4123247238873));
#1659=CARTESIAN_POINT('Ctrl Pts',(159.403976199233,-22.3058730667739,-18.5095399522417));
#1660=CARTESIAN_POINT('Ctrl Pts',(158.05015754859,-27.7748695996142,-19.3510899004077));
#1661=CARTESIAN_POINT('Ctrl Pts',(155.920699540464,-34.7819218411698,-18.1997804545635));
#1662=CARTESIAN_POINT('Ctrl Pts',(153.763690224465,-40.3708807140345,-15.8218449469069));
#1663=CARTESIAN_POINT('Ctrl Pts',(151.738442595915,-44.4650487811415,-12.9901263046774));
#1664=CARTESIAN_POINT('Ctrl Pts',(149.580970048019,-47.5784498769376,-9.56245369744604));
#1665=CARTESIAN_POINT('Ctrl Pts',(147.338266054999,-49.4787136852833,-5.74612481899994));
#1666=CARTESIAN_POINT('Ctrl Pts',(145.061056720684,-49.9930734394147,-1.75790813105715));
#1667=CARTESIAN_POINT('Ctrl Pts',(142.423170965172,-48.9953354843785,2.83423649959777));
#1668=CARTESIAN_POINT('Ctrl Pts',(139.518325195858,-45.6721102157808,7.64066092877841));
#1669=CARTESIAN_POINT('Ctrl Pts',(136.562726517396,-39.8030137968491,11.7589039275506));
#1670=CARTESIAN_POINT('Ctrl Pts',(134.072336821747,-32.8704301746392,14.0016531778556));
#1671=CARTESIAN_POINT('Ctrl Pts',(132.441572551806,-27.2031797678474,14.0720060967117));
#1672=CARTESIAN_POINT('Ctrl Pts',(131.385784459682,-23.1321281827548,13.0783565698675));
#1673=CARTESIAN_POINT('Ctrl Pts',(130.695452541852,-20.3323144409375,11.8440185443904));
#1674=CARTESIAN_POINT('Ctrl Pts',(130.079565305981,-17.7765420929428,10.1433041692164));
#1675=CARTESIAN_POINT('Ctrl Pts',(129.316099572872,-14.6446389215411,7.29898444585432));
#1676=CARTESIAN_POINT('Ctrl Pts',(128.405628814073,-11.1809392039349,2.76565706110972));
#1677=CARTESIAN_POINT('Ctrl Pts',(127.133056685374,-7.34150756130292,-3.47452656377981));
#1678=CARTESIAN_POINT('Ctrl Pts',(125.452303651497,-3.2023972545059,-9.54473541744449));
#1679=CARTESIAN_POINT('Ctrl Pts',(123.915583729657,0.285606946901121,-12.9102411293195));
#1680=CARTESIAN_POINT('Ctrl Pts',(122.993924101817,2.40560145306402,-14.3254775183833));
#1681=CARTESIAN_POINT('Ctrl Pts',(122.834533454165,2.77273420304096,-14.5622040171903));
#1682=CARTESIAN_POINT('Ctrl Pts',(122.63262771196,3.23882172282855,-14.8467919741535));
#1683=CARTESIAN_POINT('Ctrl Pts',(122.386323616083,3.80948460014347,-15.1696547959807));
#1684=CARTESIAN_POINT('Ctrl Pts',(122.052832349879,4.58547087038868,-15.5745270657172));
#1685=CARTESIAN_POINT('Ctrl Pts',(121.712214782453,5.38385779842214,-15.939995154789));
#1686=CARTESIAN_POINT('Ctrl Pts',(121.365614106245,6.20386449883905,-16.2642909708885));
#1687=CARTESIAN_POINT('Ctrl Pts',(120.490363353049,8.28873644535508,-17.0058104278426));
#1688=CARTESIAN_POINT('Ctrl Pts',(118.941572185133,12.0970440672458,-17.7199542779419));
#1689=CARTESIAN_POINT('Ctrl Pts',(116.808197803819,17.907776856179,-17.3070509232931));
#1690=CARTESIAN_POINT('Ctrl Pts',(114.966104656751,23.8405830637721,-15.5344453904051));
#1691=CARTESIAN_POINT('Ctrl Pts',(113.672114565847,29.5378021204474,-12.5309221787706));
#1692=CARTESIAN_POINT('Ctrl Pts',(113.188264212834,34.6095689588079,-8.45456041015991));
#1693=CARTESIAN_POINT('Ctrl Pts',(113.679458522622,37.9961580400249,-4.33628355723959));
#1694=CARTESIAN_POINT('Ctrl Pts',(114.717699549215,39.9823513189356,-0.755922581059765));
#1695=CARTESIAN_POINT('Ctrl Pts',(115.456630124862,40.7026110401794,1.08450020582315));
#1696=CARTESIAN_POINT('Ctrl Pts',(115.879507213515,40.9906504077258,2.00487176340254));
#1697=CARTESIAN_POINT('Ctrl Pts',(141.475872215082,18.9423054155081,2.73096501800296));
#1698=CARTESIAN_POINT('Ctrl Pts',(143.188334891366,20.0907068997492,-0.433579146396004));
#1699=CARTESIAN_POINT('Ctrl Pts',(145.511540671674,21.8448497971863,-4.79709787643217));
#1700=CARTESIAN_POINT('Ctrl Pts',(148.793498672765,24.5293941430204,-8.62141300094656));
#1701=CARTESIAN_POINT('Ctrl Pts',(151.471951719959,26.7077392816299,-10.5203400555779));
#1702=CARTESIAN_POINT('Ctrl Pts',(154.588886689586,29.1969545806867,-11.5163081337517));
#1703=CARTESIAN_POINT('Ctrl Pts',(157.629815756612,31.4763043455921,-11.5157149442499));
#1704=CARTESIAN_POINT('Ctrl Pts',(160.221629962185,33.296069887225,-10.9824669047434));
#1705=CARTESIAN_POINT('Ctrl Pts',(162.87145732455,35.0417225464932,-10.1076999756066));
#1706=CARTESIAN_POINT('Ctrl Pts',(166.033167416175,36.8846255811991,-8.48220901047573));
#1707=CARTESIAN_POINT('Ctrl Pts',(169.382510631265,38.3615870799581,-5.95569662744201));
#1708=CARTESIAN_POINT('Ctrl Pts',(172.068692210208,39.0075264787107,-3.20220406624885));
#1709=CARTESIAN_POINT('Ctrl Pts',(173.93120857839,38.8506995512017,-0.602522589892869));
#1710=CARTESIAN_POINT('Ctrl Pts',(175.165580744707,38.1218832964083,1.73840690089261));
#1711=CARTESIAN_POINT('Ctrl Pts',(176.217827150884,36.6511372209322,4.55690841167225));
#1712=CARTESIAN_POINT('Ctrl Pts',(176.740607390115,33.5493810203035,8.12197655541753));
#1713=CARTESIAN_POINT('Ctrl Pts',(176.01375341036,27.9694017606365,11.8028076738363));
#1714=CARTESIAN_POINT('Ctrl Pts',(174.440407500702,22.1763844368116,13.7474105932086));
#1715=CARTESIAN_POINT('Ctrl Pts',(172.750053342003,17.1797138281806,14.1904184781156));
#1716=CARTESIAN_POINT('Ctrl Pts',(171.260781853712,13.1980903713101,13.6596099606884));
#1717=CARTESIAN_POINT('Ctrl Pts',(169.95908639788,9.94533287007123,12.3865210399416));
#1718=CARTESIAN_POINT('Ctrl Pts',(168.877909709784,7.29136751088789,10.6163862330429));
#1719=CARTESIAN_POINT('Ctrl Pts',(167.67352142668,4.35314208519028,7.89608695337946));
#1720=CARTESIAN_POINT('Ctrl Pts',(166.638043222905,1.71363229953602,4.30250300902436));
#1721=CARTESIAN_POINT('Ctrl Pts',(165.770238634217,-0.83222456090936,0.136668141378449));
#1722=CARTESIAN_POINT('Ctrl Pts',(164.988115165811,-3.4281866393347,-4.25443367327977));
#1723=CARTESIAN_POINT('Ctrl Pts',(164.118150688194,-6.97770140945992,-9.88548419383622));
#1724=CARTESIAN_POINT('Ctrl Pts',(163.175198410587,-11.6112253442088,-14.8889411679351));
#1725=CARTESIAN_POINT('Ctrl Pts',(162.338160805619,-15.6154851202747,-17.5422288683229));
#1726=CARTESIAN_POINT('Ctrl Pts',(161.872463470312,-17.7756226231809,-18.6002059128349));
#1727=CARTESIAN_POINT('Ctrl Pts',(161.592062520063,-19.0501481045539,-19.1231365855286));
#1728=CARTESIAN_POINT('Ctrl Pts',(160.866176992001,-22.2966902417543,-20.2918942099723));
#1729=CARTESIAN_POINT('Ctrl Pts',(159.431127199188,-28.2289178624689,-21.1591256253868));
#1730=CARTESIAN_POINT('Ctrl Pts',(157.195574247473,-35.7332577342204,-19.8736384905655));
#1731=CARTESIAN_POINT('Ctrl Pts',(154.924207680395,-41.7225820411488,-17.2835495585746));
#1732=CARTESIAN_POINT('Ctrl Pts',(152.766071728739,-46.1484387344309,-14.1892999933776));
#1733=CARTESIAN_POINT('Ctrl Pts',(150.425509686483,-49.5717183546769,-10.383561012278));
#1734=CARTESIAN_POINT('Ctrl Pts',(147.933944752721,-51.7054848860208,-6.04410828537213));
#1735=CARTESIAN_POINT('Ctrl Pts',(145.348448253844,-52.2806381215345,-1.43078758278186));
#1736=CARTESIAN_POINT('Ctrl Pts',(142.375741518734,-51.0966910078679,3.86349181641978));
#1737=CARTESIAN_POINT('Ctrl Pts',(139.191441217977,-47.3417323541852,9.2357405149868));
#1738=CARTESIAN_POINT('Ctrl Pts',(136.054604049786,-40.9300753796824,13.7218111504414));
#1739=CARTESIAN_POINT('Ctrl Pts',(133.424492111791,-33.4097132668542,16.1669761922177));
#1740=CARTESIAN_POINT('Ctrl Pts',(131.690150076086,-27.1553888378705,16.2630953365314));
#1741=CARTESIAN_POINT('Ctrl Pts',(130.556005794383,-22.5804658223858,15.1553805906749));
#1742=CARTESIAN_POINT('Ctrl Pts',(129.816458215053,-19.4213004920095,13.767446845937));
#1743=CARTESIAN_POINT('Ctrl Pts',(129.166525974988,-16.5618014300687,11.8703948031221));
#1744=CARTESIAN_POINT('Ctrl Pts',(128.382057316167,-13.1285412145662,8.76081095864956));
#1745=CARTESIAN_POINT('Ctrl Pts',(127.48069440161,-9.47658863857766,3.99088250518968));
#1746=CARTESIAN_POINT('Ctrl Pts',(126.267539834717,-5.60091813012097,-2.26195124021215));
#1747=CARTESIAN_POINT('Ctrl Pts',(124.709242028332,-1.59081768771146,-8.06714451487174));
#1748=CARTESIAN_POINT('Ctrl Pts',(123.344297635854,1.62238680700932,-11.1185668719557));
#1749=CARTESIAN_POINT('Ctrl Pts',(122.53727085865,3.5398727190618,-12.3859620158813));
#1750=CARTESIAN_POINT('Ctrl Pts',(122.397782457852,3.87162453344176,-12.59772446488));
#1751=CARTESIAN_POINT('Ctrl Pts',(122.221291296155,4.29212784543698,-12.8518917688975));
#1752=CARTESIAN_POINT('Ctrl Pts',(122.006205219519,4.80617918289398,-13.139757048171));
#1753=CARTESIAN_POINT('Ctrl Pts',(121.715179300778,5.50438931050211,-13.5002798997819));
#1754=CARTESIAN_POINT('Ctrl Pts',(121.418084595357,6.22198516358634,-13.8252719813175));
#1755=CARTESIAN_POINT('Ctrl Pts',(121.115540700955,6.95922841700348,-14.1136323131676));
#1756=CARTESIAN_POINT('Ctrl Pts',(120.35101426491,8.83441663666906,-14.7729201382268));
#1757=CARTESIAN_POINT('Ctrl Pts',(118.99076674516,12.2743588284585,-15.412450703711));
#1758=CARTESIAN_POINT('Ctrl Pts',(117.083050890308,17.6149024593212,-15.0328526028089));
#1759=CARTESIAN_POINT('Ctrl Pts',(115.424688976692,23.128552927144,-13.3876773512203));
#1760=CARTESIAN_POINT('Ctrl Pts',(114.273520107895,28.4270569955434,-10.5976971374935));
#1761=CARTESIAN_POINT('Ctrl Pts',(113.88529328219,33.0964545598676,-6.8461587463932));
#1762=CARTESIAN_POINT('Ctrl Pts',(114.373468287401,36.151265874179,-3.12825075562308));
#1763=CARTESIAN_POINT('Ctrl Pts',(115.33394025456,37.9189463740779,0.0571032648155036));
#1764=CARTESIAN_POINT('Ctrl Pts',(116.007168102865,38.5561847733163,1.68571314043535));
#1765=CARTESIAN_POINT('Ctrl Pts',(116.390819656169,38.8109800733007,2.50033724672235));
#1766=CARTESIAN_POINT('Ctrl Pts',(142.830595247956,17.0772072832623,2.73078250447726));
#1767=CARTESIAN_POINT('Ctrl Pts',(144.538911220345,18.2226031095012,-0.491306380926542));
#1768=CARTESIAN_POINT('Ctrl Pts',(146.852647685591,19.9738674120051,-4.94428644894086));
#1769=CARTESIAN_POINT('Ctrl Pts',(150.15160247615,22.6851037076487,-8.8885642089068));
#1770=CARTESIAN_POINT('Ctrl Pts',(152.852019749694,24.8940221788244,-10.8701055819568));
#1771=CARTESIAN_POINT('Ctrl Pts',(155.99095338656,27.4128085755845,-11.9242594575629));
#1772=CARTESIAN_POINT('Ctrl Pts',(159.035605226609,29.7061545028986,-11.9686852972527));
#1773=CARTESIAN_POINT('Ctrl Pts',(161.621146911261,31.5299154811947,-11.4689308276185));
#1774=CARTESIAN_POINT('Ctrl Pts',(164.257351502969,33.2757121811088,-10.6327096803122));
#1775=CARTESIAN_POINT('Ctrl Pts',(167.389853867289,35.1127462484007,-9.06281815554151));
#1776=CARTESIAN_POINT('Ctrl Pts',(170.684734003265,36.5808869907372,-6.62844072253959));
#1777=CARTESIAN_POINT('Ctrl Pts',(173.300275881658,37.2265743917119,-3.9992266667657));
#1778=CARTESIAN_POINT('Ctrl Pts',(175.090516046378,37.097384939708,-1.55543212177531));
#1779=CARTESIAN_POINT('Ctrl Pts',(176.276822039227,36.4360712687086,0.621363631147596));
#1780=CARTESIAN_POINT('Ctrl Pts',(177.298839465948,35.0854389926129,3.24620683678011));
#1781=CARTESIAN_POINT('Ctrl Pts',(177.851217946899,32.1863182528378,6.61939268409247));
#1782=CARTESIAN_POINT('Ctrl Pts',(177.22090906807,26.8658308998075,10.1685366697705));
#1783=CARTESIAN_POINT('Ctrl Pts',(175.771949035343,21.3359493044993,12.0537163527281));
#1784=CARTESIAN_POINT('Ctrl Pts',(174.221277931421,16.6211607824207,12.4971843776721));
#1785=CARTESIAN_POINT('Ctrl Pts',(172.878981059881,12.9191338602703,12.0290320528009));
#1786=CARTESIAN_POINT('Ctrl Pts',(171.721238548091,9.93755262734847,10.8880842319904));
#1787=CARTESIAN_POINT('Ctrl Pts',(170.76287831819,7.49446402592012,9.29587280542672));
#1788=CARTESIAN_POINT('Ctrl Pts',(169.676450109396,4.75064971477307,6.80712849381643));
#1789=CARTESIAN_POINT('Ctrl Pts',(168.712621257907,2.2026787900437,3.41836608659303));
#1790=CARTESIAN_POINT('Ctrl Pts',(167.885381817105,-0.31936517557699,-0.625303861663008));
#1791=CARTESIAN_POINT('Ctrl Pts',(167.12868014424,-2.92663068054881,-4.94854150514298));
#1792=CARTESIAN_POINT('Ctrl Pts',(166.269609235322,-6.5467144935152,-10.5992030986488));
#1793=CARTESIAN_POINT('Ctrl Pts',(165.314678591956,-11.3666892110041,-15.7273920772568));
#1794=CARTESIAN_POINT('Ctrl Pts',(164.450818148536,-15.5719546990889,-18.4687139887256));
#1795=CARTESIAN_POINT('Ctrl Pts',(163.968615298013,-17.8449462602114,-19.5588416075789));
#1796=CARTESIAN_POINT('Ctrl Pts',(163.678045793413,-19.1862962853279,-20.0960537023208));
#1797=CARTESIAN_POINT('Ctrl Pts',(162.925447386323,-22.6027785099465,-21.2937990472513));
#1798=CARTESIAN_POINT('Ctrl Pts',(161.435486046584,-28.8315126464533,-22.1547861829982));
#1799=CARTESIAN_POINT('Ctrl Pts',(159.122177630879,-36.6704202445115,-20.7494477284137));
#1800=CARTESIAN_POINT('Ctrl Pts',(156.761872369361,-42.9406453059597,-17.9817205894764));
#1801=CARTESIAN_POINT('Ctrl Pts',(154.497813907472,-47.6078292529511,-14.6719505332068));
#1802=CARTESIAN_POINT('Ctrl Pts',(152.008310843539,-51.260244175394,-10.5549687217593));
#1803=CARTESIAN_POINT('Ctrl Pts',(149.312294643159,-53.5626942537567,-5.78392630089077));
#1804=CARTESIAN_POINT('Ctrl Pts',(146.472242992667,-54.1695521219822,-0.654073143462735));
#1805=CARTESIAN_POINT('Ctrl Pts',(143.221465137169,-52.8044008316459,5.22232990932263));
#1806=CARTESIAN_POINT('Ctrl Pts',(139.803255173665,-48.6606880441645,11.0648735278085));
#1807=CARTESIAN_POINT('Ctrl Pts',(136.511441119935,-41.7462726521679,15.8553292427436));
#1808=CARTESIAN_POINT('Ctrl Pts',(133.756427448734,-33.6673169411014,18.4635779954041));
#1809=CARTESIAN_POINT('Ctrl Pts',(131.924592640093,-26.837018598777,18.5597328997985));
#1810=CARTESIAN_POINT('Ctrl Pts',(130.714966946554,-21.7613625142192,17.3173918293234));
#1811=CARTESIAN_POINT('Ctrl Pts',(129.927671215928,-18.2433220410461,15.759170566199));
#1812=CARTESIAN_POINT('Ctrl Pts',(129.244969006516,-15.0804872162857,13.6471800237419));
#1813=CARTESIAN_POINT('Ctrl Pts',(128.441174746886,-11.3478580954312,10.2451082707659));
#1814=CARTESIAN_POINT('Ctrl Pts',(127.550663032129,-7.51291942282303,5.20270384193337));
#1815=CARTESIAN_POINT('Ctrl Pts',(126.396906095449,-3.60779871001531,-1.11270529009953));
#1816=CARTESIAN_POINT('Ctrl Pts',(124.955235127263,0.275369404362819,-6.71339088175211));
#1817=CARTESIAN_POINT('Ctrl Pts',(123.750088559414,3.22987957610565,-9.49843737626892));
#1818=CARTESIAN_POINT('Ctrl Pts',(123.049608781058,4.95732569104367,-10.6406613007117));
#1819=CARTESIAN_POINT('Ctrl Pts',(122.928623979314,5.25587048156675,-10.8312966805934));
#1820=CARTESIAN_POINT('Ctrl Pts',(122.77575285189,5.63360638528447,-11.0597484832278));
#1821=CARTESIAN_POINT('Ctrl Pts',(122.589682969322,6.09454167561002,-11.3180986673079));
#1822=CARTESIAN_POINT('Ctrl Pts',(122.338135305876,6.71975471185525,-11.6413531486051));
#1823=CARTESIAN_POINT('Ctrl Pts',(122.081498885938,7.36152165919154,-11.9325803429348));
#1824=CARTESIAN_POINT('Ctrl Pts',(121.819959080101,8.02094582980657,-12.1913345926565));
#1825=CARTESIAN_POINT('Ctrl Pts',(121.15851293023,9.69887832231579,-12.7835431078879));
#1826=CARTESIAN_POINT('Ctrl Pts',(119.974011358738,12.7914323532093,-13.3688313495481));
#1827=CARTESIAN_POINT('Ctrl Pts',(118.278798272142,17.6803708072291,-13.0430561358114));
#1828=CARTESIAN_POINT('Ctrl Pts',(116.794987885176,22.7817482125759,-11.5454497672357));
#1829=CARTESIAN_POINT('Ctrl Pts',(115.779925448726,27.6767537718617,-8.99404630825129));
#1830=CARTESIAN_POINT('Ctrl Pts',(115.478659823177,31.9297128060568,-5.60464804139595));
#1831=CARTESIAN_POINT('Ctrl Pts',(115.95104120729,34.6349431487719,-2.33173674953959));
#1832=CARTESIAN_POINT('Ctrl Pts',(116.81437002254,36.1732438629777,0.412137668821367));
#1833=CARTESIAN_POINT('Ctrl Pts',(117.408808781558,36.7251725313889,1.80396074878226));
#1834=CARTESIAN_POINT('Ctrl Pts',(117.746008519771,36.9462203868892,2.50017014631363));
#1835=CARTESIAN_POINT('Ctrl Pts',(143.369643631926,14.9080244282074,2.19016654432498));
#1836=CARTESIAN_POINT('Ctrl Pts',(145.065227895446,16.0631341642756,-1.08350117319607));
#1837=CARTESIAN_POINT('Ctrl Pts',(147.387587027481,17.854519280937,-5.69087975965815));
#1838=CARTESIAN_POINT('Ctrl Pts',(150.833358446264,20.7435893218809,-9.9319767716199));
#1839=CARTESIAN_POINT('Ctrl Pts',(153.711264888798,23.1500197163724,-12.1130335346989));
#1840=CARTESIAN_POINT('Ctrl Pts',(157.051714695152,25.8767963031223,-13.2770836390583));
#1841=CARTESIAN_POINT('Ctrl Pts',(160.239776471175,28.319317876438,-13.3557378486517));
#1842=CARTESIAN_POINT('Ctrl Pts',(162.925130847197,30.2420821007424,-12.859097693465));
#1843=CARTESIAN_POINT('Ctrl Pts',(165.650574712433,32.0766540362231,-12.016720660659));
#1844=CARTESIAN_POINT('Ctrl Pts',(168.875276297944,34.0027853670012,-10.4252956712208));
#1845=CARTESIAN_POINT('Ctrl Pts',(172.265736413492,35.5560080895213,-7.94880364141317));
#1846=CARTESIAN_POINT('Ctrl Pts',(174.967357722551,36.2650066460099,-5.25980267440379));
#1847=CARTESIAN_POINT('Ctrl Pts',(176.82895642841,36.171920698242,-2.74401722273582));
#1848=CARTESIAN_POINT('Ctrl Pts',(178.070702611644,35.5278220606106,-0.495418602359633));
#1849=CARTESIAN_POINT('Ctrl Pts',(179.142345601551,34.1787484537717,2.21142063476075));
#1850=CARTESIAN_POINT('Ctrl Pts',(179.732568307513,31.2741517699114,5.66112956740441));
#1851=CARTESIAN_POINT('Ctrl Pts',(179.137234202292,25.9742713507176,9.26186303372056));
#1852=CARTESIAN_POINT('Ctrl Pts',(177.730419424547,20.5010452437228,11.1829264337634));
#1853=CARTESIAN_POINT('Ctrl Pts',(176.229895107777,15.8712420522419,11.6637528056819));
#1854=CARTESIAN_POINT('Ctrl Pts',(174.943537512401,12.2656339948047,11.2512498025408));
#1855=CARTESIAN_POINT('Ctrl Pts',(173.842598695121,9.38541645071711,10.1884414283098));
#1856=CARTESIAN_POINT('Ctrl Pts',(172.932906965263,7.02107405339535,8.69630283403009));
#1857=CARTESIAN_POINT('Ctrl Pts',(171.893001926922,4.34984400766752,6.33464045101267));
#1858=CARTESIAN_POINT('Ctrl Pts',(170.955809176959,1.83186452338475,3.06799959754924));
#1859=CARTESIAN_POINT('Ctrl Pts',(170.140926568195,-0.687713734694155,-0.881550836678634));
#1860=CARTESIAN_POINT('Ctrl Pts',(169.390398892128,-3.30336441955402,-5.12791238390202));
#1861=CARTESIAN_POINT('Ctrl Pts',(168.531282502668,-6.94754148481512,-10.7139392663779));
#1862=CARTESIAN_POINT('Ctrl Pts',(167.569699473172,-11.8113615927875,-15.8019474220428));
#1863=CARTESIAN_POINT('Ctrl Pts',(166.698077092546,-16.0562203593405,-18.5229737624335));
#1864=CARTESIAN_POINT('Ctrl Pts',(166.210909977985,-18.352552621436,-19.6012247268509));
#1865=CARTESIAN_POINT('Ctrl Pts',(165.917213602664,-19.7079977285881,-20.1309170883901));
#1866=CARTESIAN_POINT('Ctrl Pts',(165.156321799737,-23.1608034716412,-21.3089775780859));
#1867=CARTESIAN_POINT('Ctrl Pts',(163.648743538868,-29.4584393127649,-22.1322436664556));
#1868=CARTESIAN_POINT('Ctrl Pts',(161.301755925244,-37.4001784466334,-20.6455642707954));
#1869=CARTESIAN_POINT('Ctrl Pts',(158.896302854607,-43.773259612632,-17.771479052178));
#1870=CARTESIAN_POINT('Ctrl Pts',(156.575239451269,-48.5411186586074,-14.3379316342303));
#1871=CARTESIAN_POINT('Ctrl Pts',(154.001712873099,-52.2940523070025,-10.0409368245013));
#1872=CARTESIAN_POINT('Ctrl Pts',(151.188009886887,-54.6651614314636,-5.01938865561474));
#1873=CARTESIAN_POINT('Ctrl Pts',(148.20030136738,-55.2678940974719,0.410489230016129));
#1874=CARTESIAN_POINT('Ctrl Pts',(144.786208129024,-53.7643939403176,6.62744790794355));
#1875=CARTESIAN_POINT('Ctrl Pts',(141.227473087536,-49.3551991699617,12.7482425932736));
#1876=CARTESIAN_POINT('Ctrl Pts',(137.839197935534,-42.0826803153323,17.7160779313687));
#1877=CARTESIAN_POINT('Ctrl Pts',(134.999345381374,-33.5894998608749,20.4152161260304));
#1878=CARTESIAN_POINT('Ctrl Pts',(133.096092854435,-26.3135189320907,20.4860323572053));
#1879=CARTESIAN_POINT('Ctrl Pts',(131.829562515064,-20.844977753054,19.1169739726392));
#1880=CARTESIAN_POINT('Ctrl Pts',(131.005945930821,-17.0435589363588,17.4076105830115));
#1881=CARTESIAN_POINT('Ctrl Pts',(130.2985757975,-13.6411500214314,15.1072765403309));
#1882=CARTESIAN_POINT('Ctrl Pts',(129.481210773242,-9.67379136132059,11.4470052673031));
#1883=CARTESIAN_POINT('Ctrl Pts',(128.600999743436,-5.69848053620384,6.15325400421967));
#1884=CARTESIAN_POINT('Ctrl Pts',(127.4945083883,-1.77718786847886,-0.261344823561052));
#1885=CARTESIAN_POINT('Ctrl Pts',(126.139261191146,2.0080851208867,-5.76103029436243));
#1886=CARTESIAN_POINT('Ctrl Pts',(125.049104263024,4.77324073898084,-8.38312695364185));
#1887=CARTESIAN_POINT('Ctrl Pts',(124.424738727144,6.36300922686456,-9.44914623703663));
#1888=CARTESIAN_POINT('Ctrl Pts',(124.316965327622,6.6375069224532,-9.62693340649576));
#1889=CARTESIAN_POINT('Ctrl Pts',(124.180961808296,6.98427086054319,-9.83977963181719));
#1890=CARTESIAN_POINT('Ctrl Pts',(124.015612210317,7.40673805038609,-10.0803037784867));
#1891=CARTESIAN_POINT('Ctrl Pts',(123.792259559783,7.97907297260995,-10.381205204152));
#1892=CARTESIAN_POINT('Ctrl Pts',(123.56455337054,8.56581465557572,-10.6524941311837));
#1893=CARTESIAN_POINT('Ctrl Pts',(123.332343984263,9.16872492457782,-10.8941950255612));
#1894=CARTESIAN_POINT('Ctrl Pts',(122.74471470057,10.7031572101082,-11.448619971338));
#1895=CARTESIAN_POINT('Ctrl Pts',(121.686868660176,13.5405608675593,-12.0119627197814));
#1896=CARTESIAN_POINT('Ctrl Pts',(120.146826277113,18.0898737231224,-11.7498556926204));
#1897=CARTESIAN_POINT('Ctrl Pts',(118.792278190429,22.8706086525548,-10.3898300504381));
#1898=CARTESIAN_POINT('Ctrl Pts',(117.878444681361,27.4402780711204,-8.05305173716914));
#1899=CARTESIAN_POINT('Ctrl Pts',(117.637559366036,31.3486228242152,-4.98808030049972));
#1900=CARTESIAN_POINT('Ctrl Pts',(118.085008491498,33.7579860597286,-2.11281727196059));
#1901=CARTESIAN_POINT('Ctrl Pts',(118.85235087694,35.1038645725134,0.235681964492527));
#1902=CARTESIAN_POINT('Ctrl Pts',(119.371565292332,35.5856331684802,1.41513755353122));
#1903=CARTESIAN_POINT('Ctrl Pts',(119.664875331356,35.7795343004226,2.00520876363972));
#1904=CARTESIAN_POINT('Ctrl Pts',(142.989706785068,12.8572187765332,1.21527741352192));
#1905=CARTESIAN_POINT('Ctrl Pts',(144.666454303739,14.0328275142124,-2.09423596438535));
#1906=CARTESIAN_POINT('Ctrl Pts',(147.013966681133,15.8993068989039,-6.89002868886495));
#1907=CARTESIAN_POINT('Ctrl Pts',(150.707599612805,19.0824755108705,-11.5469779086421));
#1908=CARTESIAN_POINT('Ctrl Pts',(153.883788911888,21.8145958415775,-14.0052999910437));
#1909=CARTESIAN_POINT('Ctrl Pts',(157.565789547923,24.8869578357723,-15.3094261311162));
#1910=CARTESIAN_POINT('Ctrl Pts',(161.008828682954,27.5844598671066,-15.4046825945918));
#1911=CARTESIAN_POINT('Ctrl Pts',(163.880409426254,29.6817282242581,-14.8802724227121));
#1912=CARTESIAN_POINT('Ctrl Pts',(166.780322475301,31.6761751739893,-13.9883701557953));
#1913=CARTESIAN_POINT('Ctrl Pts',(170.200409427378,33.768640916726,-12.3024474894312));
#1914=CARTESIAN_POINT('Ctrl Pts',(173.817428423186,35.483817903189,-9.65802323433858));
#1915=CARTESIAN_POINT('Ctrl Pts',(176.744483776222,36.3070997573055,-6.73752364917077));
#1916=CARTESIAN_POINT('Ctrl Pts',(178.806560855942,36.2514665452658,-3.93685086938102));
#1917=CARTESIAN_POINT('Ctrl Pts',(180.196031473321,35.5710493544382,-1.39540463417239));
#1918=CARTESIAN_POINT('Ctrl Pts',(181.387173689096,34.1052425727212,1.65186606473121));
#1919=CARTESIAN_POINT('Ctrl Pts',(182.016091183543,30.9887553151772,5.43061017458491));
#1920=CARTESIAN_POINT('Ctrl Pts',(181.387541938432,25.4668706891517,9.25580132046358));
#1921=CARTESIAN_POINT('Ctrl Pts',(179.932714205679,19.8331603726855,11.3008871152438));
#1922=CARTESIAN_POINT('Ctrl Pts',(178.383524096184,15.0757749624987,11.8486584443802));
#1923=CARTESIAN_POINT('Ctrl Pts',(177.051872249754,11.3659053324896,11.474254856386));
#1924=CARTESIAN_POINT('Ctrl Pts',(175.910207602824,8.39879833195139,10.4209595952742));
#1925=CARTESIAN_POINT('Ctrl Pts',(174.96603879946,5.96654752462794,8.93233749974158));
#1926=CARTESIAN_POINT('Ctrl Pts',(173.892818759778,3.23304653646773,6.56976657496897));
#1927=CARTESIAN_POINT('Ctrl Pts',(172.931942529218,0.677511767916115,3.31910818130305));
#1928=CARTESIAN_POINT('Ctrl Pts',(172.099000361638,-1.86127438407571,-0.582189905807964));
#1929=CARTESIAN_POINT('Ctrl Pts',(171.334268418543,-4.48082813260636,-4.75752813420908));
#1930=CARTESIAN_POINT('Ctrl Pts',(170.4641483748,-8.09807049868426,-10.207894871015));
#1931=CARTESIAN_POINT('Ctrl Pts',(169.502509830381,-12.8551296677212,-15.0998711322616));
#1932=CARTESIAN_POINT('Ctrl Pts',(168.643571463935,-16.9714902681453,-17.6969848645262));
#1933=CARTESIAN_POINT('Ctrl Pts',(168.16386987635,-19.1977330055182,-18.7219349314509));
#1934=CARTESIAN_POINT('Ctrl Pts',(167.874637840716,-20.5122117951055,-19.2238920294607));
#1935=CARTESIAN_POINT('Ctrl Pts',(167.125369645772,-23.8616080375068,-20.3377477193397));
#1936=CARTESIAN_POINT('Ctrl Pts',(165.64109315237,-29.9877080808212,-21.1000606414797));
#1937=CARTESIAN_POINT('Ctrl Pts',(163.311176381271,-37.7814074937465,-19.5867240904225));
#1938=CARTESIAN_POINT('Ctrl Pts',(160.91295180899,-44.0605921090441,-16.6978463678455));
#1939=CARTESIAN_POINT('Ctrl Pts',(158.594599325527,-48.7699211508361,-13.25571007511));
#1940=CARTESIAN_POINT('Ctrl Pts',(156.01801205599,-52.4762772208777,-8.94423265634622));
#1941=CARTESIAN_POINT('Ctrl Pts',(153.195763653715,-54.8034310966207,-3.90077134848038));
#1942=CARTESIAN_POINT('Ctrl Pts',(150.19496292784,-55.3673358621179,1.55645484020403));
#1943=CARTESIAN_POINT('Ctrl Pts',(146.763002121798,-53.7946132735825,7.80853355239216));
#1944=CARTESIAN_POINT('Ctrl Pts',(143.184489485477,-49.2942156049887,13.9616775619242));
#1945=CARTESIAN_POINT('Ctrl Pts',(139.776524918931,-41.8762111704939,18.9466239770384));
#1946=CARTESIAN_POINT('Ctrl Pts',(136.90874311264,-33.1931633206104,21.6462890886812));
#1947=CARTESIAN_POINT('Ctrl Pts',(134.974051567364,-25.687559481599,21.6710440157496));
#1948=CARTESIAN_POINT('Ctrl Pts',(133.680061566116,-20.0085954750957,20.2071103213477));
#1949=CARTESIAN_POINT('Ctrl Pts',(132.838464883441,-16.0531516275161,18.3943793711619));
#1950=CARTESIAN_POINT('Ctrl Pts',(132.119230499951,-12.5204992988795,15.9679892678245));
#1951=CARTESIAN_POINT('Ctrl Pts',(131.29657985415,-8.42758058197976,12.1327462703623));
#1952=CARTESIAN_POINT('Ctrl Pts',(130.424173588984,-4.38200649903061,6.65677293233662));
#1953=CARTESIAN_POINT('Ctrl Pts',(129.343540382153,-0.460516933003535,0.125395313751848));
#1954=CARTESIAN_POINT('Ctrl Pts',(128.028131342363,3.27408432699609,-5.39527315815616));
#1955=CARTESIAN_POINT('Ctrl Pts',(126.985848379395,5.95588970284532,-7.98842311736917));
#1956=CARTESIAN_POINT('Ctrl Pts',(126.392835203875,7.48624806349564,-9.0413779563713));
#1957=CARTESIAN_POINT('Ctrl Pts',(126.290505940588,7.75036876596064,-9.21698135757674));
#1958=CARTESIAN_POINT('Ctrl Pts',(126.16144586518,8.08378287571558,-9.42723138664623));
#1959=CARTESIAN_POINT('Ctrl Pts',(126.004627821542,8.48966568245295,-9.66492619429455));
#1960=CARTESIAN_POINT('Ctrl Pts',(125.792894331741,9.03917540317126,-9.96253798798056));
#1961=CARTESIAN_POINT('Ctrl Pts',(125.577122511402,9.60212225057115,-10.2313959371015));
#1962=CARTESIAN_POINT('Ctrl Pts',(125.357067617243,10.1804351021149,-10.4717518831998));
#1963=CARTESIAN_POINT('Ctrl Pts',(124.800092686392,11.6522055365953,-11.0246305761652));
#1964=CARTESIAN_POINT('Ctrl Pts',(123.795414523186,14.3763126999563,-11.6017900250417));
#1965=CARTESIAN_POINT('Ctrl Pts',(122.32358769368,18.7633375436178,-11.4003921041301));
#1966=CARTESIAN_POINT('Ctrl Pts',(121.028152194899,23.3773129552674,-10.1409788943239));
#1967=CARTESIAN_POINT('Ctrl Pts',(120.161202362312,27.7630179168712,-7.9530521514222));
#1968=CARTESIAN_POINT('Ctrl Pts',(119.942457583786,31.4652925002634,-5.11220180181912));
#1969=CARTESIAN_POINT('Ctrl Pts',(120.360353576994,33.6903675612788,-2.51031823739194));
#1970=CARTESIAN_POINT('Ctrl Pts',(121.051057416273,34.9175646082738,-0.435833653535824));
#1971=CARTESIAN_POINT('Ctrl Pts',(121.512844858701,35.3580522888632,0.596339706052618));
#1972=CARTESIAN_POINT('Ctrl Pts',(121.773155789782,35.536524339957,1.11264822584267));
#1973=CARTESIAN_POINT('Ctrl Pts',(142.173123234996,11.8424679971642,0.405182246904459));
#1974=CARTESIAN_POINT('Ctrl Pts',(143.83575085181,13.0362283510526,-2.91280298318603));
#1975=CARTESIAN_POINT('Ctrl Pts',(146.207606884227,14.966171208921,-7.83222618206452));
#1976=CARTESIAN_POINT('Ctrl Pts',(150.100941953786,18.3838905022095,-12.7903928421187));
#1977=CARTESIAN_POINT('Ctrl Pts',(153.516883052985,21.375378529077,-15.4486229612853));
#1978=CARTESIAN_POINT('Ctrl Pts',(157.474592475792,24.7240188654029,-16.8476628123222));
#1979=CARTESIAN_POINT('Ctrl Pts',(161.12814472326,27.628265832309,-16.9401085087443));
#1980=CARTESIAN_POINT('Ctrl Pts',(164.156822685925,29.8690963244733,-16.3802291146423));
#1981=CARTESIAN_POINT('Ctrl Pts',(167.206782794788,31.9963756797414,-15.4329084778234));
#1982=CARTESIAN_POINT('Ctrl Pts',(170.800048997574,34.2292810170307,-13.6479288182433));
#1983=CARTESIAN_POINT('Ctrl Pts',(174.625517208749,36.0823662789322,-10.8298847179729));
#1984=CARTESIAN_POINT('Ctrl Pts',(177.766097004134,37.0007461091767,-7.67097893357137));
#1985=CARTESIAN_POINT('Ctrl Pts',(180.021571953395,36.9660354196738,-4.57581373094387));
#1986=CARTESIAN_POINT('Ctrl Pts',(181.551623127254,36.2304762143754,-1.73022504215474));
#1987=CARTESIAN_POINT('Ctrl Pts',(182.853284437433,34.6231861165883,1.67170030034058));
#1988=CARTESIAN_POINT('Ctrl Pts',(183.503416174925,31.255643674441,5.7949199182261));
#1989=CARTESIAN_POINT('Ctrl Pts',(182.811550363481,25.4533553098034,9.85532662520878));
#1990=CARTESIAN_POINT('Ctrl Pts',(181.270808371315,19.5889978967144,12.0254432386918));
#1991=CARTESIAN_POINT('Ctrl Pts',(179.629475305892,14.6212850476132,12.6286698032285));
#1992=CARTESIAN_POINT('Ctrl Pts',(178.205751852268,10.7212381493129,12.262715317485));
#1993=CARTESIAN_POINT('Ctrl Pts',(176.976931187109,7.58149534289956,11.1683874542207));
#1994=CARTESIAN_POINT('Ctrl Pts',(175.958645034705,5.01475026720252,9.61679702193154));
#1995=CARTESIAN_POINT('Ctrl Pts',(174.81403604589,2.15746960104632,7.16768609916883));
#1996=CARTESIAN_POINT('Ctrl Pts',(173.807026180583,-0.463066777534831,3.85454948844566));
#1997=CARTESIAN_POINT('Ctrl Pts',(172.94405271646,-3.02664053768017,-0.0518893126678605));
#1998=CARTESIAN_POINT('Ctrl Pts',(172.158111381407,-5.64524880758189,-4.19331182370852));
#1999=CARTESIAN_POINT('Ctrl Pts',(171.274827994558,-9.21401137722327,-9.52360399497928));
#2000=CARTESIAN_POINT('Ctrl Pts',(170.317574197961,-13.8133707557757,-14.2063889851413));
#2001=CARTESIAN_POINT('Ctrl Pts',(169.479109678793,-17.7484996507966,-16.6678764417608));
#2002=CARTESIAN_POINT('Ctrl Pts',(169.011724576184,-19.8746890240881,-17.6366057134752));
#2003=CARTESIAN_POINT('Ctrl Pts',(168.729970224512,-21.1303607367968,-18.1102178253108));
#2004=CARTESIAN_POINT('Ctrl Pts',(168.000252480362,-24.3308638895244,-19.1599557974547));
#2005=CARTESIAN_POINT('Ctrl Pts',(166.555594955348,-30.204768106512,-19.8737756384928));
#2006=CARTESIAN_POINT('Ctrl Pts',(164.268575108912,-37.7516753193383,-18.3825230637437));
#2007=CARTESIAN_POINT('Ctrl Pts',(161.9092590401,-43.8488061461778,-15.5470734158286));
#2008=CARTESIAN_POINT('Ctrl Pts',(159.632354299421,-48.4201399684049,-12.1775596715481));
#2009=CARTESIAN_POINT('Ctrl Pts',(157.108318381461,-52.0029311459876,-7.96919663793214));
#2010=CARTESIAN_POINT('Ctrl Pts',(154.354616308444,-54.2310942580428,-3.06723935396597));
#2011=CARTESIAN_POINT('Ctrl Pts',(151.437195561117,-54.750964886364,2.22143696918051));
#2012=CARTESIAN_POINT('Ctrl Pts',(148.09334087456,-53.1878059375606,8.2871514238613));
#2013=CARTESIAN_POINT('Ctrl Pts',(144.584832793441,-48.7554159203976,14.2933293162655));
#2014=CARTESIAN_POINT('Ctrl Pts',(141.217870407704,-41.4026262078624,19.1797892601477));
#2015=CARTESIAN_POINT('Ctrl Pts',(138.372980003826,-32.7683627457343,21.8197141901286));
#2016=CARTESIAN_POINT('Ctrl Pts',(136.448192916993,-25.2849899991441,21.8062374287789));
#2017=CARTESIAN_POINT('Ctrl Pts',(135.159316447137,-19.6165540113339,20.3133508319862));
#2018=CARTESIAN_POINT('Ctrl Pts',(134.320452242138,-15.6659787969699,18.4777991781702));
#2019=CARTESIAN_POINT('Ctrl Pts',(133.603487079775,-12.1373893797819,16.0262679373812));
#2020=CARTESIAN_POINT('Ctrl Pts',(132.783605486478,-8.05097556025374,12.1539587395863));
#2021=CARTESIAN_POINT('Ctrl Pts',(131.913663358279,-4.0146150135956,6.62743707511635));
#2022=CARTESIAN_POINT('Ctrl Pts',(130.832578176018,-0.103923627394987,0.0222043083677675));
#2023=CARTESIAN_POINT('Ctrl Pts',(129.507094736989,3.63563172607209,-5.59167759629189));
#2024=CARTESIAN_POINT('Ctrl Pts',(128.445523453308,6.34381642330038,-8.25940663043101));
#2025=CARTESIAN_POINT('Ctrl Pts',(127.839102096664,7.89519503851307,-9.34787760413274));
#2026=CARTESIAN_POINT('Ctrl Pts',(127.734441623682,8.16299471858341,-9.52949416402938));
#2027=CARTESIAN_POINT('Ctrl Pts',(127.602402724318,8.50115617836917,-9.74711418497057));
#2028=CARTESIAN_POINT('Ctrl Pts',(127.441926269226,8.91293176671318,-9.99339362471285));
#2029=CARTESIAN_POINT('Ctrl Pts',(127.225224038252,9.47051430070499,-10.302079940657));
#2030=CARTESIAN_POINT('Ctrl Pts',(127.004388775453,10.0417619519542,-10.5814303585854));
#2031=CARTESIAN_POINT('Ctrl Pts',(126.779244110436,10.6284622920495,-10.8316383028576));
#2032=CARTESIAN_POINT('Ctrl Pts',(126.209565186199,12.121210315276,-11.4080929617488));
#2033=CARTESIAN_POINT('Ctrl Pts',(125.184072971906,14.8795681730031,-12.0169124181915));
#2034=CARTESIAN_POINT('Ctrl Pts',(123.690295710938,19.2987710451395,-11.8461343535723));
#2035=CARTESIAN_POINT('Ctrl Pts',(122.379419854466,23.9265722064012,-10.6158148654165));
#2036=CARTESIAN_POINT('Ctrl Pts',(121.501087499026,28.3085570061746,-8.46340475478529));
#2037=CARTESIAN_POINT('Ctrl Pts',(121.268587192657,31.9935668276756,-5.67484685259123));
#2038=CARTESIAN_POINT('Ctrl Pts',(121.667822957267,34.1946597971553,-3.13557615999299));
#2039=CARTESIAN_POINT('Ctrl Pts',(122.33083138236,35.4081278329197,-1.12532824361559));
#2040=CARTESIAN_POINT('Ctrl Pts',(122.774089750209,35.8458296568515,-0.127910326623324));
#2041=CARTESIAN_POINT('Ctrl Pts',(123.024184595635,36.023981868597,0.370964936188308));
#2042=CARTESIAN_POINT('Ctrl Pts',(141.664452405268,11.4728970066108,3.08086889333481E-14));
#2043=CARTESIAN_POINT('Ctrl Pts',(143.320322994671,12.6759574106855,-3.31798655214228));
#2044=CARTESIAN_POINT('Ctrl Pts',(145.705060682982,14.6378379138089,-8.29256332115157));
#2045=CARTESIAN_POINT('Ctrl Pts',(149.697029887828,18.1709029967251,-13.3925431814339));
#2046=CARTESIAN_POINT('Ctrl Pts',(153.231273299416,21.2898591364339,-16.144643884068));
#2047=CARTESIAN_POINT('Ctrl Pts',(157.325266312711,24.7745011057556,-17.5868497473893));
#2048=CARTESIAN_POINT('Ctrl Pts',(161.083841389005,27.7811148650609,-17.6745426508762));
#2049=CARTESIAN_POINT('Ctrl Pts',(164.191557630408,30.0934528506061,-17.094447461918));
#2050=CARTESIAN_POINT('Ctrl Pts',(167.31757132228,32.2871555015492,-16.1165594698073));
#2051=CARTESIAN_POINT('Ctrl Pts',(170.99961456988,34.5907226341336,-14.2779060829257));
#2052=CARTESIAN_POINT('Ctrl Pts',(174.933359704126,36.5134155871164,-11.3662022122693));
#2053=CARTESIAN_POINT('Ctrl Pts',(178.185941864714,37.4793683155246,-8.07888385668424));
#2054=CARTESIAN_POINT('Ctrl Pts',(180.54347029342,37.4530718528269,-4.82492773632747));
#2055=CARTESIAN_POINT('Ctrl Pts',(182.147374276439,36.6849373396512,-1.81510605783307));
#2056=CARTESIAN_POINT('Ctrl Pts',(183.506538044624,34.9980197003444,1.77848101828148));
#2057=CARTESIAN_POINT('Ctrl Pts',(184.165088629423,31.4899292591158,6.088158095414));
#2058=CARTESIAN_POINT('Ctrl Pts',(183.434413573887,25.5281740804908,10.2759546478755));
#2059=CARTESIAN_POINT('Ctrl Pts',(181.841504916413,19.5289798240584,12.5130037415411));
#2060=CARTESIAN_POINT('Ctrl Pts',(180.143773431137,14.4352489773967,13.1439351222995));
#2061=CARTESIAN_POINT('Ctrl Pts',(178.663164577876,10.4194660221155,12.7775927784173));
#2062=CARTESIAN_POINT('Ctrl Pts',(177.380140393493,7.17338818871846,11.65300292314));
#2063=CARTESIAN_POINT('Ctrl Pts',(176.315721956838,4.52381371240128,10.056802517479));
#2064=CARTESIAN_POINT('Ctrl Pts',(175.126719790135,1.59030676239498,7.54735629763716));
#2065=CARTESIAN_POINT('Ctrl Pts',(174.091316338558,-1.06953793612808,4.1878262463349));
#2066=CARTESIAN_POINT('Ctrl Pts',(173.210331971908,-3.64726289289112,0.269813411893776));
#2067=CARTESIAN_POINT('Ctrl Pts',(172.411903886521,-6.26456718366286,-3.85965718625561));
#2068=CARTESIAN_POINT('Ctrl Pts',(171.521226431286,-9.8038640856864,-9.12847963235323));
#2069=CARTESIAN_POINT('Ctrl Pts',(170.567051004723,-14.3105711578713,-13.6974787177708));
#2070=CARTESIAN_POINT('Ctrl Pts',(169.740804541792,-18.1402372342802,-16.0846600333053));
#2071=CARTESIAN_POINT('Ctrl Pts',(169.280796662639,-20.2080685774229,-17.0229066396162));
#2072=CARTESIAN_POINT('Ctrl Pts',(169.003531180366,-21.4294068832399,-17.4812908302863));
#2073=CARTESIAN_POINT('Ctrl Pts',(168.285562113593,-24.5429191809645,-18.4968318864041));
#2074=CARTESIAN_POINT('Ctrl Pts',(166.864806175286,-30.2687537667657,-19.1869286628307));
#2075=CARTESIAN_POINT('Ctrl Pts',(164.605012482283,-37.6675019573751,-17.7156249555377));
#2076=CARTESIAN_POINT('Ctrl Pts',(162.271728738361,-43.6528685348937,-14.9200199648006));
#2077=CARTESIAN_POINT('Ctrl Pts',(160.023376025666,-48.1373874606622,-11.602738851448));
#2078=CARTESIAN_POINT('Ctrl Pts',(157.536630498559,-51.6414893169157,-7.46894121356079));
#2079=CARTESIAN_POINT('Ctrl Pts',(154.83231176591,-53.8077066446319,-2.66962143670399));
#2080=CARTESIAN_POINT('Ctrl Pts',(151.975359587273,-54.303227617219,2.49667955590393));
#2081=CARTESIAN_POINT('Ctrl Pts',(148.696076786547,-52.7582128631858,8.42626682500366));
#2082=CARTESIAN_POINT('Ctrl Pts',(145.239906690544,-48.3885701345207,14.3241320356032));
#2083=CARTESIAN_POINT('Ctrl Pts',(141.904886293948,-41.1054794448861,19.1388931634641));
#2084=CARTESIAN_POINT('Ctrl Pts',(139.080721212961,-32.5369204325793,21.7368205739644));
#2085=CARTESIAN_POINT('Ctrl Pts',(137.168106096079,-25.1072253394292,21.7041922656861));
#2086=CARTESIAN_POINT('Ctrl Pts',(135.887358013808,-19.4809689796728,20.2067261088683));
#2087=CARTESIAN_POINT('Ctrl Pts',(135.053382368786,-15.5592872339428,18.3722977091743));
#2088=CARTESIAN_POINT('Ctrl Pts',(134.339969929753,-12.0550967201872,15.9240193432554));
#2089=CARTESIAN_POINT('Ctrl Pts',(133.522894977796,-7.99400188308033,12.0547085790757));
#2090=CARTESIAN_POINT('Ctrl Pts',(132.65338720708,-3.97581110464886,6.52299251822582));
#2091=CARTESIAN_POINT('Ctrl Pts',(131.567672725986,-0.0726646381175448,
-0.114579661280277));
#2092=CARTESIAN_POINT('Ctrl Pts',(130.228552275939,3.67869305528668,-5.79013509316919));
#2093=CARTESIAN_POINT('Ctrl Pts',(129.145508357779,6.41920909628139,-8.51479767372814));
#2094=CARTESIAN_POINT('Ctrl Pts',(128.524532206018,7.9950975413881,-9.63024806938024));
#2095=CARTESIAN_POINT('Ctrl Pts',(128.417343726466,8.26718178149084,-9.81642734644183));
#2096=CARTESIAN_POINT('Ctrl Pts',(128.282075324738,8.61086740449757,-10.0396266353036));
#2097=CARTESIAN_POINT('Ctrl Pts',(128.117632317556,9.02950211435829,-10.292372297754));
#2098=CARTESIAN_POINT('Ctrl Pts',(127.895538108975,9.59649725844818,-10.6093410743771));
#2099=CARTESIAN_POINT('Ctrl Pts',(127.669188284084,10.1774874483824,-10.8964235515567));
#2100=CARTESIAN_POINT('Ctrl Pts',(127.438479084143,10.7741122570516,-11.1537383921992));
#2101=CARTESIAN_POINT('Ctrl Pts',(126.854852877805,12.2918866281245,-11.7469191318667));
#2102=CARTESIAN_POINT('Ctrl Pts',(125.80595929311,15.0930917552242,-12.3755249691387));
#2103=CARTESIAN_POINT('Ctrl Pts',(124.285518181343,19.5617614068497,-12.2160463035458));
#2104=CARTESIAN_POINT('Ctrl Pts',(122.954021531266,24.2269853275615,-10.9893403607671));
#2105=CARTESIAN_POINT('Ctrl Pts',(122.059939151037,28.6369689030086,-8.83703301648351));
#2106=CARTESIAN_POINT('Ctrl Pts',(121.814127774841,32.3441389443991,-6.04787410465728));
#2107=CARTESIAN_POINT('Ctrl Pts',(122.205169577168,34.5591351786371,-3.50702546357778));
#2108=CARTESIAN_POINT('Ctrl Pts',(122.86147230611,35.7826588842236,-1.49637538492926));
#2109=CARTESIAN_POINT('Ctrl Pts',(123.301259101649,36.2252882806426,-0.498872542314567));
#2110=CARTESIAN_POINT('Ctrl Pts',(123.549663646838,36.4057647468724,-3.48568396368876E-12));
#2111=CARTESIAN_POINT('Ctrl Pts',(141.664452405268,11.4728970066108,3.08086889333481E-14));
#2112=CARTESIAN_POINT('Ctrl Pts',(143.320322994671,12.6759574106855,-3.31798655214228));
#2113=CARTESIAN_POINT('Ctrl Pts',(145.705060682982,14.6378379138089,-8.29256332115157));
#2114=CARTESIAN_POINT('Ctrl Pts',(149.697029887828,18.1709029967251,-13.3925431814339));
#2115=CARTESIAN_POINT('Ctrl Pts',(153.231273299416,21.2898591364339,-16.144643884068));
#2116=CARTESIAN_POINT('Ctrl Pts',(157.325266312711,24.7745011057556,-17.5868497473893));
#2117=CARTESIAN_POINT('Ctrl Pts',(161.083841389005,27.7811148650609,-17.6745426508762));
#2118=CARTESIAN_POINT('Ctrl Pts',(164.191557630408,30.0934528506061,-17.094447461918));
#2119=CARTESIAN_POINT('Ctrl Pts',(167.31757132228,32.2871555015492,-16.1165594698073));
#2120=CARTESIAN_POINT('Ctrl Pts',(170.99961456988,34.5907226341336,-14.2779060829257));
#2121=CARTESIAN_POINT('Ctrl Pts',(174.933359704126,36.5134155871164,-11.3662022122693));
#2122=CARTESIAN_POINT('Ctrl Pts',(178.185941864714,37.4793683155246,-8.07888385668424));
#2123=CARTESIAN_POINT('Ctrl Pts',(180.54347029342,37.4530718528269,-4.82492773632747));
#2124=CARTESIAN_POINT('Ctrl Pts',(182.147374276439,36.6849373396512,-1.81510605783307));
#2125=CARTESIAN_POINT('Ctrl Pts',(183.506538044624,34.9980197003444,1.77848101828148));
#2126=CARTESIAN_POINT('Ctrl Pts',(184.165088629423,31.4899292591158,6.088158095414));
#2127=CARTESIAN_POINT('Ctrl Pts',(183.434413573887,25.5281740804908,10.2759546478755));
#2128=CARTESIAN_POINT('Ctrl Pts',(181.841504916413,19.5289798240584,12.5130037415411));
#2129=CARTESIAN_POINT('Ctrl Pts',(180.143773431137,14.4352489773967,13.1439351222995));
#2130=CARTESIAN_POINT('Ctrl Pts',(178.663164577876,10.4194660221155,12.7775927784173));
#2131=CARTESIAN_POINT('Ctrl Pts',(177.380140393493,7.17338818871846,11.65300292314));
#2132=CARTESIAN_POINT('Ctrl Pts',(176.315721956838,4.52381371240128,10.056802517479));
#2133=CARTESIAN_POINT('Ctrl Pts',(175.126719790135,1.59030676239498,7.54735629763716));
#2134=CARTESIAN_POINT('Ctrl Pts',(174.091316338558,-1.06953793612808,4.1878262463349));
#2135=CARTESIAN_POINT('Ctrl Pts',(173.210331971908,-3.64726289289112,0.269813411893776));
#2136=CARTESIAN_POINT('Ctrl Pts',(172.411903886521,-6.26456718366286,-3.85965718625561));
#2137=CARTESIAN_POINT('Ctrl Pts',(171.521226431286,-9.8038640856864,-9.12847963235323));
#2138=CARTESIAN_POINT('Ctrl Pts',(170.567051004723,-14.3105711578713,-13.6974787177708));
#2139=CARTESIAN_POINT('Ctrl Pts',(169.740804541792,-18.1402372342802,-16.0846600333053));
#2140=CARTESIAN_POINT('Ctrl Pts',(169.280796662639,-20.2080685774229,-17.0229066396162));
#2141=CARTESIAN_POINT('Ctrl Pts',(169.003531180366,-21.4294068832399,-17.4812908302863));
#2142=CARTESIAN_POINT('Ctrl Pts',(168.285562113593,-24.5429191809645,-18.4968318864041));
#2143=CARTESIAN_POINT('Ctrl Pts',(166.864806175286,-30.2687537667657,-19.1869286628307));
#2144=CARTESIAN_POINT('Ctrl Pts',(164.605012482283,-37.6675019573751,-17.7156249555377));
#2145=CARTESIAN_POINT('Ctrl Pts',(162.271728738361,-43.6528685348937,-14.9200199648006));
#2146=CARTESIAN_POINT('Ctrl Pts',(160.023376025666,-48.1373874606622,-11.602738851448));
#2147=CARTESIAN_POINT('Ctrl Pts',(157.536630498559,-51.6414893169157,-7.46894121356079));
#2148=CARTESIAN_POINT('Ctrl Pts',(154.83231176591,-53.8077066446319,-2.66962143670399));
#2149=CARTESIAN_POINT('Ctrl Pts',(151.975359587273,-54.303227617219,2.49667955590393));
#2150=CARTESIAN_POINT('Ctrl Pts',(148.696076786547,-52.7582128631858,8.42626682500366));
#2151=CARTESIAN_POINT('Ctrl Pts',(145.239906690544,-48.3885701345207,14.3241320356032));
#2152=CARTESIAN_POINT('Ctrl Pts',(141.904886293948,-41.1054794448861,19.1388931634641));
#2153=CARTESIAN_POINT('Ctrl Pts',(139.080721212961,-32.5369204325793,21.7368205739644));
#2154=CARTESIAN_POINT('Ctrl Pts',(137.168106096079,-25.1072253394292,21.7041922656861));
#2155=CARTESIAN_POINT('Ctrl Pts',(135.887358013808,-19.4809689796728,20.2067261088683));
#2156=CARTESIAN_POINT('Ctrl Pts',(135.053382368786,-15.5592872339428,18.3722977091743));
#2157=CARTESIAN_POINT('Ctrl Pts',(134.339969929753,-12.0550967201872,15.9240193432554));
#2158=CARTESIAN_POINT('Ctrl Pts',(133.522894977796,-7.99400188308033,12.0547085790757));
#2159=CARTESIAN_POINT('Ctrl Pts',(132.65338720708,-3.97581110464886,6.52299251822582));
#2160=CARTESIAN_POINT('Ctrl Pts',(131.567672725986,-0.0726646381175448,
-0.114579661280277));
#2161=CARTESIAN_POINT('Ctrl Pts',(130.228552275939,3.67869305528668,-5.79013509316919));
#2162=CARTESIAN_POINT('Ctrl Pts',(129.145508357779,6.41920909628139,-8.51479767372814));
#2163=CARTESIAN_POINT('Ctrl Pts',(128.524532206018,7.9950975413881,-9.63024806938024));
#2164=CARTESIAN_POINT('Ctrl Pts',(128.417343726466,8.26718178149084,-9.81642734644183));
#2165=CARTESIAN_POINT('Ctrl Pts',(128.282075324738,8.61086740449757,-10.0396266353036));
#2166=CARTESIAN_POINT('Ctrl Pts',(128.117632317556,9.02950211435829,-10.292372297754));
#2167=CARTESIAN_POINT('Ctrl Pts',(127.895538108975,9.59649725844818,-10.6093410743771));
#2168=CARTESIAN_POINT('Ctrl Pts',(127.669188284084,10.1774874483824,-10.8964235515567));
#2169=CARTESIAN_POINT('Ctrl Pts',(127.438479084143,10.7741122570516,-11.1537383921992));
#2170=CARTESIAN_POINT('Ctrl Pts',(126.854852877805,12.2918866281245,-11.7469191318667));
#2171=CARTESIAN_POINT('Ctrl Pts',(125.80595929311,15.0930917552242,-12.3755249691387));
#2172=CARTESIAN_POINT('Ctrl Pts',(124.285518181343,19.5617614068497,-12.2160463035458));
#2173=CARTESIAN_POINT('Ctrl Pts',(122.954021531266,24.2269853275615,-10.9893403607671));
#2174=CARTESIAN_POINT('Ctrl Pts',(122.059939151037,28.6369689030086,-8.83703301648351));
#2175=CARTESIAN_POINT('Ctrl Pts',(121.814127774841,32.3441389443991,-6.04787410465728));
#2176=CARTESIAN_POINT('Ctrl Pts',(122.205169577168,34.5591351786371,-3.50702546357778));
#2177=CARTESIAN_POINT('Ctrl Pts',(122.86147230611,35.7826588842236,-1.49637538492926));
#2178=CARTESIAN_POINT('Ctrl Pts',(123.301259101649,36.2252882806426,-0.498872542314567));
#2179=CARTESIAN_POINT('Ctrl Pts',(123.549663646838,36.4057647468724,-3.48568396368876E-12));
#2180=UNCERTAINTY_MEASURE_WITH_UNIT(LENGTH_MEASURE(0.01),#2184,
'DISTANCE_ACCURACY_VALUE',
'Maximum model space distance between geometric entities at asserted c
onnectivities');
#2181=UNCERTAINTY_MEASURE_WITH_UNIT(LENGTH_MEASURE(0.01),#2184,
'DISTANCE_ACCURACY_VALUE',
'Maximum model space distance between geometric entities at asserted c
onnectivities');
#2182=(
GEOMETRIC_REPRESENTATION_CONTEXT(3)
GLOBAL_UNCERTAINTY_ASSIGNED_CONTEXT((#2180))
GLOBAL_UNIT_ASSIGNED_CONTEXT((#2184,#2186,#2187))
REPRESENTATION_CONTEXT('','3D')
);
#2183=(
GEOMETRIC_REPRESENTATION_CONTEXT(3)
GLOBAL_UNCERTAINTY_ASSIGNED_CONTEXT((#2181))
GLOBAL_UNIT_ASSIGNED_CONTEXT((#2184,#2186,#2187))
REPRESENTATION_CONTEXT('','3D')
);
#2184=(
LENGTH_UNIT()
NAMED_UNIT(*)
SI_UNIT(.MILLI.,.METRE.)
);
#2185=(
LENGTH_UNIT()
NAMED_UNIT(*)
SI_UNIT($,.METRE.)
);
#2186=(
NAMED_UNIT(*)
PLANE_ANGLE_UNIT()
SI_UNIT($,.RADIAN.)
);
#2187=(
NAMED_UNIT(*)
SI_UNIT($,.STERADIAN.)
SOLID_ANGLE_UNIT()
);
#2188=SHAPE_DEFINITION_REPRESENTATION(#2189,#2190);
#2189=PRODUCT_DEFINITION_SHAPE('',$,#2192);
#2190=SHAPE_REPRESENTATION('',(#54),#2182);
#2191=PRODUCT_DEFINITION_CONTEXT('part definition',#2196,'design');
#2192=PRODUCT_DEFINITION('2026-08-14-19-12-57-395','5-loops',#2193,#2191);
#2193=PRODUCT_DEFINITION_FORMATION('',$,#2198);
#2194=PRODUCT_RELATED_PRODUCT_CATEGORY('5-loops','5-loops',(#2198));
#2195=APPLICATION_PROTOCOL_DEFINITION('international standard',
'automotive_design',2009,#2196);
#2196=APPLICATION_CONTEXT(
'Core Data for Automotive Mechanical Design Process');
#2197=PRODUCT_CONTEXT('part definition',#2196,'mechanical');
#2198=PRODUCT('2026-08-14-19-12-57-395','5-loops',$,(#2197));
#2199=PRESENTATION_STYLE_ASSIGNMENT((#2201));
#2200=PRESENTATION_STYLE_ASSIGNMENT((#2202));
#2201=SURFACE_STYLE_USAGE(.BOTH.,#2203);
#2202=SURFACE_STYLE_USAGE(.BOTH.,#2204);
#2203=SURFACE_SIDE_STYLE('',(#2205));
#2204=SURFACE_SIDE_STYLE('',(#2206));
#2205=SURFACE_STYLE_FILL_AREA(#2207);
#2206=SURFACE_STYLE_FILL_AREA(#2208);
#2207=FILL_AREA_STYLE('Steel - Satin',(#2209));
#2208=FILL_AREA_STYLE('Steel - Satin',(#2210));
#2209=FILL_AREA_STYLE_COLOUR('Steel - Satin',#2211);
#2210=FILL_AREA_STYLE_COLOUR('Steel - Satin',#2212);
#2211=COLOUR_RGB('Steel - Satin',0.627450980392157,0.627450980392157,0.627450980392157);
#2212=COLOUR_RGB('Steel - Satin',0.196078431372549,0.784313725490196,0.196078431372549);
ENDSEC;
END-ISO-10303-21;
