ISO-10303-21;
HEADER;
/* Generated by software containing ST-Developer
 * from STEP Tools, Inc. (www.steptools.com) 
 */

FILE_DESCRIPTION(
/* description */ (''),
/* implementation_level */ '2;1');

FILE_NAME(
/* name */ '9-loops.step',
/* time_stamp */ '2026-08-14T21:43:06+05:30',
/* author */ (''),
/* organization */ (''),
/* preprocessor_version */ 'ST-DEVELOPER v20.1',
/* originating_system */ 'Autodesk Translation Framework v15.8.0.0',
/* authorisation */ '');

FILE_SCHEMA (('AUTOMOTIVE_DESIGN { 1 0 10303 214 3 1 1 }'));
ENDSEC;

DATA;
#10=MECHANICAL_DESIGN_GEOMETRIC_PRESENTATION_REPRESENTATION('',(#13),#3472);
#11=SHAPE_REPRESENTATION_RELATIONSHIP('SRR','None',#3479,#12);
#12=ADVANCED_BREP_SHAPE_REPRESENTATION('',(#69),#3471);
#13=STYLED_ITEM('',(#3489),#69);
#14=ORIENTED_CLOSED_SHELL('',*,#68,.F.);
#15=FACE_OUTER_BOUND('',#19,.T.);
#16=FACE_OUTER_BOUND('',#20,.T.);
#17=FACE_OUTER_BOUND('',#21,.T.);
#18=FACE_OUTER_BOUND('',#22,.T.);
#19=EDGE_LOOP('',(#43,#44,#45,#46));
#20=EDGE_LOOP('',(#47,#48,#49,#50));
#21=EDGE_LOOP('',(#51,#52,#53,#54));
#22=EDGE_LOOP('',(#55,#56,#57,#58));
#23=B_SPLINE_CURVE_WITH_KNOTS('',3,(#1007,#1008,#1009,#1010,#1011,#1012,
#1013,#1014,#1015,#1016,#1017,#1018,#1019,#1020,#1021,#1022,#1023,#1024,
#1025,#1026,#1027,#1028,#1029,#1030,#1031,#1032,#1033,#1034,#1035,#1036,
#1037,#1038,#1039,#1040,#1041,#1042,#1043,#1044,#1045,#1046,#1047,#1048,
#1049,#1050,#1051,#1052,#1053,#1054,#1055,#1056,#1057,#1058,#1059,#1060,
#1061,#1062,#1063,#1064,#1065,#1066,#1067,#1068,#1069,#1070,#1071,#1072,
#1073,#1074,#1075,#1076,#1077,#1078,#1079,#1080,#1081,#1082),
 .UNSPECIFIED.,.F.,.F.,(4,1,1,1,1,1,1,1,1,1,1,1,1,1,1,1,1,1,1,1,1,1,1,1,
1,1,1,1,1,1,1,1,1,1,1,1,1,1,1,1,1,1,1,1,1,1,1,1,1,1,1,1,1,1,1,1,1,1,1,1,
1,1,1,1,1,1,1,1,1,1,1,1,1,4),(0.,0.00892857142857143,0.0178571428571429,
0.0267857142857143,0.0357142857142857,0.0446428571428571,0.0535714285714286,
0.0625,0.0669642857142857,0.0714285714285714,0.0793650793650794,0.0873015873015873,
0.0952380952380952,0.101190476190476,0.107142857142857,0.113095238095238,
0.119047619047619,0.125,0.130952380952381,0.136904761904762,0.142857142857143,
0.148809523809524,0.154761904761905,0.166666666666667,0.172619047619048,
0.178571428571429,0.18452380952381,0.19047619047619,0.198412698412698,0.206349206349206,
0.21031746031746,0.214285714285714,0.222222222222222,0.23015873015873,0.238095238095238,
0.246031746031746,0.253968253968254,0.261904761904762,0.267857142857143,
0.273809523809524,0.285714285714286,0.291666666666667,0.297619047619048,
0.303571428571428,0.309523809523809,0.317460317460317,0.325396825396825,
0.333333333333333,0.339285714285714,0.345238095238095,0.351190476190476,
0.357142857142857,0.366071428571428,0.375,0.379464285714286,0.392857142857143,
0.395089285714286,0.401785714285714,0.410714285714286,0.419642857142857,
0.421875,0.428571428571429,0.4375,0.446428571428571,0.447544642857143,0.450892857142857,
0.455357142857143,0.464285714285714,0.466517857142857,0.473214285714286,
0.482142857142857,0.491071428571429,0.493303571428571,0.5),
 .UNSPECIFIED.);
#24=B_SPLINE_CURVE_WITH_KNOTS('',3,(#1996,#1997,#1998,#1999,#2000,#2001,
#2002,#2003,#2004,#2005,#2006,#2007,#2008,#2009,#2010,#2011,#2012,#2013,
#2014,#2015,#2016,#2017,#2018,#2019,#2020,#2021,#2022,#2023,#2024,#2025,
#2026,#2027,#2028,#2029,#2030,#2031,#2032,#2033,#2034,#2035,#2036,#2037,
#2038,#2039,#2040,#2041,#2042,#2043,#2044,#2045,#2046,#2047,#2048,#2049,
#2050,#2051,#2052,#2053,#2054,#2055,#2056,#2057,#2058,#2059,#2060,#2061,
#2062,#2063,#2064,#2065,#2066,#2067,#2068,#2069,#2070,#2071),
 .UNSPECIFIED.,.F.,.F.,(4,1,1,1,1,1,1,1,1,1,1,1,1,1,1,1,1,1,1,1,1,1,1,1,
1,1,1,1,1,1,1,1,1,1,1,1,1,1,1,1,1,1,1,1,1,1,1,1,1,1,1,1,1,1,1,1,1,1,1,1,
1,1,1,1,1,1,1,1,1,1,1,1,1,4),(0.5,0.508928571428571,0.517857142857143,0.526785714285714,
0.535714285714286,0.544642857142857,0.553571428571429,0.5625,0.571428571428571,
0.579365079365079,0.587301587301587,0.595238095238095,0.601190476190476,
0.607142857142857,0.619047619047619,0.625,0.630952380952381,0.633928571428571,
0.635416666666667,0.636904761904762,0.639880952380952,0.642857142857143,
0.650793650793651,0.658730158730159,0.666666666666667,0.672619047619048,
0.678571428571429,0.68452380952381,0.69047619047619,0.696428571428571,0.702380952380952,
0.708333333333333,0.714285714285714,0.726190476190476,0.732142857142857,
0.738095238095238,0.744047619047619,0.75,0.755952380952381,0.761904761904762,
0.76984126984127,0.777777777777778,0.785714285714286,0.793650793650794,
0.801587301587302,0.80952380952381,0.817460317460317,0.825396825396825,
0.833333333333333,0.839285714285714,0.845238095238095,0.851190476190476,
0.857142857142857,0.860119047619048,0.863095238095238,0.866071428571429,
0.869047619047619,0.875,0.880952380952381,0.886904761904762,0.892857142857143,
0.898809523809524,0.904761904761905,0.912698412698413,0.920634920634921,
0.928571428571429,0.9375,0.946428571428571,0.955357142857143,0.964285714285714,
0.973214285714286,0.982142857142857,0.991071428571429,1.),.UNSPECIFIED.);
#25=B_SPLINE_CURVE_WITH_KNOTS('',3,(#2693,#2694,#2695,#2696,#2697,#2698,
#2699,#2700,#2701,#2702),.UNSPECIFIED.,.T.,.F.,(4,1,1,1,1,1,1,4),(-3.14159265358979,
-2.24399475256414,-1.34639685153848,-0.448798950512828,0.448798950512828,
1.34639685153848,2.24399475256414,3.14159265358979),.UNSPECIFIED.);
#26=B_SPLINE_CURVE_WITH_KNOTS('',3,(#2704,#2705,#2706,#2707,#2708,#2709,
#2710,#2711,#2712,#2713,#2714,#2715,#2716,#2717,#2718,#2719,#2720,#2721,
#2722,#2723,#2724,#2725,#2726,#2727,#2728,#2729,#2730,#2731,#2732,#2733,
#2734,#2735,#2736,#2737,#2738,#2739,#2740,#2741,#2742,#2743,#2744,#2745,
#2746,#2747,#2748,#2749,#2750,#2751,#2752,#2753,#2754,#2755,#2756,#2757,
#2758,#2759,#2760,#2761,#2762,#2763,#2764,#2765),.UNSPECIFIED.,.F.,.F.,
(4,1,1,1,1,1,1,1,1,1,1,1,1,1,1,1,1,1,1,1,1,1,1,1,1,1,1,1,1,1,1,1,1,1,1,
1,1,1,1,1,1,1,1,1,1,1,1,1,1,1,1,1,1,1,1,1,1,1,1,4),(0.,0.00892857142857143,
0.0178571428571429,0.0267857142857143,0.0357142857142857,0.0446428571428571,
0.0535714285714286,0.0625,0.0714285714285714,0.0793650793650794,0.0873015873015873,
0.0952380952380952,0.107142857142857,0.113095238095238,0.119047619047619,
0.12202380952381,0.125,0.130952380952381,0.142857142857143,0.154761904761905,
0.166666666666667,0.178571428571429,0.18452380952381,0.19047619047619,0.198412698412698,
0.206349206349206,0.214285714285714,0.222222222222222,0.23015873015873,
0.238095238095238,0.242063492063492,0.246031746031746,0.253968253968254,
0.261904761904762,0.273809523809524,0.285714285714286,0.297619047619048,
0.303571428571428,0.309523809523809,0.317460317460317,0.325396825396825,
0.333333333333333,0.345238095238095,0.357142857142857,0.366071428571428,
0.375,0.379464285714286,0.392857142857143,0.401785714285714,0.410714285714286,
0.419642857142857,0.428571428571429,0.4375,0.446428571428571,0.455357142857143,
0.464285714285714,0.473214285714286,0.482142857142857,0.491071428571429,
0.5),.UNSPECIFIED.);
#27=B_SPLINE_CURVE_WITH_KNOTS('',3,(#2766,#2767,#2768,#2769,#2770,#2771,
#2772,#2773,#2774,#2775),.UNSPECIFIED.,.T.,.F.,(4,1,1,1,1,1,1,4),(-3.14159265358979,
-2.24399475256414,-1.34639685153848,-0.448798950512828,0.448798950512828,
1.34639685153848,2.24399475256414,3.14159265358979),.UNSPECIFIED.);
#28=B_SPLINE_CURVE_WITH_KNOTS('',3,(#3406,#3407,#3408,#3409,#3410,#3411,
#3412,#3413,#3414,#3415,#3416,#3417,#3418,#3419,#3420,#3421,#3422,#3423,
#3424,#3425,#3426,#3427,#3428,#3429,#3430,#3431,#3432,#3433,#3434,#3435,
#3436,#3437,#3438,#3439,#3440,#3441,#3442,#3443,#3444,#3445,#3446,#3447,
#3448,#3449,#3450,#3451,#3452,#3453,#3454,#3455,#3456,#3457,#3458,#3459,
#3460,#3461,#3462,#3463,#3464,#3465,#3466,#3467,#3468),.UNSPECIFIED.,.F.,
 .F.,(4,1,1,1,1,1,1,1,1,1,1,1,1,1,1,1,1,1,1,1,1,1,1,1,1,1,1,1,1,1,1,1,1,
1,1,1,1,1,1,1,1,1,1,1,1,1,1,1,1,1,1,1,1,1,1,1,1,1,1,1,4),(0.5,0.508928571428571,
0.517857142857143,0.526785714285714,0.535714285714286,0.544642857142857,
0.553571428571429,0.5625,0.571428571428571,0.575396825396825,0.579365079365079,
0.587301587301587,0.595238095238095,0.607142857142857,0.613095238095238,
0.619047619047619,0.625,0.630952380952381,0.636904761904762,0.642857142857143,
0.650793650793651,0.658730158730159,0.666666666666667,0.678571428571429,
0.69047619047619,0.696428571428571,0.702380952380952,0.714285714285714,
0.726190476190476,0.738095238095238,0.744047619047619,0.75,0.761904761904762,
0.76984126984127,0.777777777777778,0.785714285714286,0.78968253968254,0.793650793650794,
0.801587301587302,0.80952380952381,0.817460317460317,0.825396825396825,
0.833333333333333,0.845238095238095,0.857142857142857,0.869047619047619,
0.880952380952381,0.886904761904762,0.892857142857143,0.904761904761905,
0.912698412698413,0.920634920634921,0.928571428571429,0.9375,0.946428571428571,
0.955357142857143,0.964285714285714,0.973214285714286,0.982142857142857,
0.991071428571429,1.),.UNSPECIFIED.);
#29=CIRCLE('',#83,3.);
#30=CIRCLE('',#84,3.);
#31=VERTEX_POINT('',#1004);
#32=VERTEX_POINT('',#1006);
#33=VERTEX_POINT('',#2692);
#34=VERTEX_POINT('',#2703);
#35=EDGE_CURVE('',#31,#31,#29,.T.);
#36=EDGE_CURVE('',#31,#32,#23,.T.);
#37=EDGE_CURVE('',#32,#32,#30,.T.);
#38=EDGE_CURVE('',#32,#31,#24,.T.);
#39=EDGE_CURVE('',#33,#33,#25,.T.);
#40=EDGE_CURVE('',#33,#34,#26,.T.);
#41=EDGE_CURVE('',#34,#34,#27,.T.);
#42=EDGE_CURVE('',#34,#33,#28,.T.);
#43=ORIENTED_EDGE('',*,*,#35,.T.);
#44=ORIENTED_EDGE('',*,*,#36,.T.);
#45=ORIENTED_EDGE('',*,*,#37,.F.);
#46=ORIENTED_EDGE('',*,*,#36,.F.);
#47=ORIENTED_EDGE('',*,*,#37,.T.);
#48=ORIENTED_EDGE('',*,*,#38,.T.);
#49=ORIENTED_EDGE('',*,*,#35,.F.);
#50=ORIENTED_EDGE('',*,*,#38,.F.);
#51=ORIENTED_EDGE('',*,*,#39,.F.);
#52=ORIENTED_EDGE('',*,*,#40,.T.);
#53=ORIENTED_EDGE('',*,*,#41,.T.);
#54=ORIENTED_EDGE('',*,*,#40,.F.);
#55=ORIENTED_EDGE('',*,*,#41,.F.);
#56=ORIENTED_EDGE('',*,*,#42,.T.);
#57=ORIENTED_EDGE('',*,*,#39,.T.);
#58=ORIENTED_EDGE('',*,*,#42,.F.);
#59=B_SPLINE_SURFACE_WITH_KNOTS('',3,3,((#92,#93,#94,#95,#96,#97,#98,#99,
#100,#101,#102,#103,#104,#105,#106,#107,#108,#109,#110,#111,#112,#113,#114,
#115,#116,#117,#118,#119,#120,#121,#122,#123,#124,#125,#126,#127,#128,#129,
#130,#131,#132,#133,#134,#135,#136,#137,#138,#139,#140,#141,#142,#143,#144,
#145,#146,#147,#148,#149,#150,#151,#152,#153,#154,#155,#156,#157,#158,#159,
#160,#161,#162,#163,#164,#165,#166,#167),(#168,#169,#170,#171,#172,#173,
#174,#175,#176,#177,#178,#179,#180,#181,#182,#183,#184,#185,#186,#187,#188,
#189,#190,#191,#192,#193,#194,#195,#196,#197,#198,#199,#200,#201,#202,#203,
#204,#205,#206,#207,#208,#209,#210,#211,#212,#213,#214,#215,#216,#217,#218,
#219,#220,#221,#222,#223,#224,#225,#226,#227,#228,#229,#230,#231,#232,#233,
#234,#235,#236,#237,#238,#239,#240,#241,#242,#243),(#244,#245,#246,#247,
#248,#249,#250,#251,#252,#253,#254,#255,#256,#257,#258,#259,#260,#261,#262,
#263,#264,#265,#266,#267,#268,#269,#270,#271,#272,#273,#274,#275,#276,#277,
#278,#279,#280,#281,#282,#283,#284,#285,#286,#287,#288,#289,#290,#291,#292,
#293,#294,#295,#296,#297,#298,#299,#300,#301,#302,#303,#304,#305,#306,#307,
#308,#309,#310,#311,#312,#313,#314,#315,#316,#317,#318,#319),(#320,#321,
#322,#323,#324,#325,#326,#327,#328,#329,#330,#331,#332,#333,#334,#335,#336,
#337,#338,#339,#340,#341,#342,#343,#344,#345,#346,#347,#348,#349,#350,#351,
#352,#353,#354,#355,#356,#357,#358,#359,#360,#361,#362,#363,#364,#365,#366,
#367,#368,#369,#370,#371,#372,#373,#374,#375,#376,#377,#378,#379,#380,#381,
#382,#383,#384,#385,#386,#387,#388,#389,#390,#391,#392,#393,#394,#395),
(#396,#397,#398,#399,#400,#401,#402,#403,#404,#405,#406,#407,#408,#409,
#410,#411,#412,#413,#414,#415,#416,#417,#418,#419,#420,#421,#422,#423,#424,
#425,#426,#427,#428,#429,#430,#431,#432,#433,#434,#435,#436,#437,#438,#439,
#440,#441,#442,#443,#444,#445,#446,#447,#448,#449,#450,#451,#452,#453,#454,
#455,#456,#457,#458,#459,#460,#461,#462,#463,#464,#465,#466,#467,#468,#469,
#470,#471),(#472,#473,#474,#475,#476,#477,#478,#479,#480,#481,#482,#483,
#484,#485,#486,#487,#488,#489,#490,#491,#492,#493,#494,#495,#496,#497,#498,
#499,#500,#501,#502,#503,#504,#505,#506,#507,#508,#509,#510,#511,#512,#513,
#514,#515,#516,#517,#518,#519,#520,#521,#522,#523,#524,#525,#526,#527,#528,
#529,#530,#531,#532,#533,#534,#535,#536,#537,#538,#539,#540,#541,#542,#543,
#544,#545,#546,#547),(#548,#549,#550,#551,#552,#553,#554,#555,#556,#557,
#558,#559,#560,#561,#562,#563,#564,#565,#566,#567,#568,#569,#570,#571,#572,
#573,#574,#575,#576,#577,#578,#579,#580,#581,#582,#583,#584,#585,#586,#587,
#588,#589,#590,#591,#592,#593,#594,#595,#596,#597,#598,#599,#600,#601,#602,
#603,#604,#605,#606,#607,#608,#609,#610,#611,#612,#613,#614,#615,#616,#617,
#618,#619,#620,#621,#622,#623),(#624,#625,#626,#627,#628,#629,#630,#631,
#632,#633,#634,#635,#636,#637,#638,#639,#640,#641,#642,#643,#644,#645,#646,
#647,#648,#649,#650,#651,#652,#653,#654,#655,#656,#657,#658,#659,#660,#661,
#662,#663,#664,#665,#666,#667,#668,#669,#670,#671,#672,#673,#674,#675,#676,
#677,#678,#679,#680,#681,#682,#683,#684,#685,#686,#687,#688,#689,#690,#691,
#692,#693,#694,#695,#696,#697,#698,#699),(#700,#701,#702,#703,#704,#705,
#706,#707,#708,#709,#710,#711,#712,#713,#714,#715,#716,#717,#718,#719,#720,
#721,#722,#723,#724,#725,#726,#727,#728,#729,#730,#731,#732,#733,#734,#735,
#736,#737,#738,#739,#740,#741,#742,#743,#744,#745,#746,#747,#748,#749,#750,
#751,#752,#753,#754,#755,#756,#757,#758,#759,#760,#761,#762,#763,#764,#765,
#766,#767,#768,#769,#770,#771,#772,#773,#774,#775),(#776,#777,#778,#779,
#780,#781,#782,#783,#784,#785,#786,#787,#788,#789,#790,#791,#792,#793,#794,
#795,#796,#797,#798,#799,#800,#801,#802,#803,#804,#805,#806,#807,#808,#809,
#810,#811,#812,#813,#814,#815,#816,#817,#818,#819,#820,#821,#822,#823,#824,
#825,#826,#827,#828,#829,#830,#831,#832,#833,#834,#835,#836,#837,#838,#839,
#840,#841,#842,#843,#844,#845,#846,#847,#848,#849,#850,#851),(#852,#853,
#854,#855,#856,#857,#858,#859,#860,#861,#862,#863,#864,#865,#866,#867,#868,
#869,#870,#871,#872,#873,#874,#875,#876,#877,#878,#879,#880,#881,#882,#883,
#884,#885,#886,#887,#888,#889,#890,#891,#892,#893,#894,#895,#896,#897,#898,
#899,#900,#901,#902,#903,#904,#905,#906,#907,#908,#909,#910,#911,#912,#913,
#914,#915,#916,#917,#918,#919,#920,#921,#922,#923,#924,#925,#926,#927),
(#928,#929,#930,#931,#932,#933,#934,#935,#936,#937,#938,#939,#940,#941,
#942,#943,#944,#945,#946,#947,#948,#949,#950,#951,#952,#953,#954,#955,#956,
#957,#958,#959,#960,#961,#962,#963,#964,#965,#966,#967,#968,#969,#970,#971,
#972,#973,#974,#975,#976,#977,#978,#979,#980,#981,#982,#983,#984,#985,#986,
#987,#988,#989,#990,#991,#992,#993,#994,#995,#996,#997,#998,#999,#1000,
#1001,#1002,#1003)),.UNSPECIFIED.,.T.,.F.,.F.,(4,1,1,1,1,1,1,1,1,4),(4,
1,1,1,1,1,1,1,1,1,1,1,1,1,1,1,1,1,1,1,1,1,1,1,1,1,1,1,1,1,1,1,1,1,1,1,1,
1,1,1,1,1,1,1,1,1,1,1,1,1,1,1,1,1,1,1,1,1,1,1,1,1,1,1,1,1,1,1,1,1,1,1,1,
4),(-3.14159265358979,-2.69279370307697,-2.24399475256414,-1.34639685153848,
-0.448798950512828,0.448798950512828,1.34639685153848,2.24399475256414,
2.69279370307697,3.14159265358979),(0.,0.00892857142857143,0.0178571428571429,
0.0267857142857143,0.0357142857142857,0.0446428571428571,0.0535714285714286,
0.0625,0.0669642857142857,0.0714285714285714,0.0793650793650794,0.0873015873015873,
0.0952380952380952,0.101190476190476,0.107142857142857,0.113095238095238,
0.119047619047619,0.125,0.130952380952381,0.136904761904762,0.142857142857143,
0.148809523809524,0.154761904761905,0.166666666666667,0.172619047619048,
0.178571428571429,0.18452380952381,0.19047619047619,0.198412698412698,0.206349206349206,
0.21031746031746,0.214285714285714,0.222222222222222,0.23015873015873,0.238095238095238,
0.246031746031746,0.253968253968254,0.261904761904762,0.267857142857143,
0.273809523809524,0.285714285714286,0.291666666666667,0.297619047619048,
0.303571428571428,0.309523809523809,0.317460317460317,0.325396825396825,
0.333333333333333,0.339285714285714,0.345238095238095,0.351190476190476,
0.357142857142857,0.366071428571428,0.375,0.379464285714286,0.392857142857143,
0.395089285714286,0.401785714285714,0.410714285714286,0.419642857142857,
0.421875,0.428571428571429,0.4375,0.446428571428571,0.447544642857143,0.450892857142857,
0.455357142857143,0.464285714285714,0.466517857142857,0.473214285714286,
0.482142857142857,0.491071428571429,0.493303571428571,0.5),
 .UNSPECIFIED.);
#60=B_SPLINE_SURFACE_WITH_KNOTS('',3,3,((#1084,#1085,#1086,#1087,#1088,
#1089,#1090,#1091,#1092,#1093,#1094,#1095,#1096,#1097,#1098,#1099,#1100,
#1101,#1102,#1103,#1104,#1105,#1106,#1107,#1108,#1109,#1110,#1111,#1112,
#1113,#1114,#1115,#1116,#1117,#1118,#1119,#1120,#1121,#1122,#1123,#1124,
#1125,#1126,#1127,#1128,#1129,#1130,#1131,#1132,#1133,#1134,#1135,#1136,
#1137,#1138,#1139,#1140,#1141,#1142,#1143,#1144,#1145,#1146,#1147,#1148,
#1149,#1150,#1151,#1152,#1153,#1154,#1155,#1156,#1157,#1158,#1159),(#1160,
#1161,#1162,#1163,#1164,#1165,#1166,#1167,#1168,#1169,#1170,#1171,#1172,
#1173,#1174,#1175,#1176,#1177,#1178,#1179,#1180,#1181,#1182,#1183,#1184,
#1185,#1186,#1187,#1188,#1189,#1190,#1191,#1192,#1193,#1194,#1195,#1196,
#1197,#1198,#1199,#1200,#1201,#1202,#1203,#1204,#1205,#1206,#1207,#1208,
#1209,#1210,#1211,#1212,#1213,#1214,#1215,#1216,#1217,#1218,#1219,#1220,
#1221,#1222,#1223,#1224,#1225,#1226,#1227,#1228,#1229,#1230,#1231,#1232,
#1233,#1234,#1235),(#1236,#1237,#1238,#1239,#1240,#1241,#1242,#1243,#1244,
#1245,#1246,#1247,#1248,#1249,#1250,#1251,#1252,#1253,#1254,#1255,#1256,
#1257,#1258,#1259,#1260,#1261,#1262,#1263,#1264,#1265,#1266,#1267,#1268,
#1269,#1270,#1271,#1272,#1273,#1274,#1275,#1276,#1277,#1278,#1279,#1280,
#1281,#1282,#1283,#1284,#1285,#1286,#1287,#1288,#1289,#1290,#1291,#1292,
#1293,#1294,#1295,#1296,#1297,#1298,#1299,#1300,#1301,#1302,#1303,#1304,
#1305,#1306,#1307,#1308,#1309,#1310,#1311),(#1312,#1313,#1314,#1315,#1316,
#1317,#1318,#1319,#1320,#1321,#1322,#1323,#1324,#1325,#1326,#1327,#1328,
#1329,#1330,#1331,#1332,#1333,#1334,#1335,#1336,#1337,#1338,#1339,#1340,
#1341,#1342,#1343,#1344,#1345,#1346,#1347,#1348,#1349,#1350,#1351,#1352,
#1353,#1354,#1355,#1356,#1357,#1358,#1359,#1360,#1361,#1362,#1363,#1364,
#1365,#1366,#1367,#1368,#1369,#1370,#1371,#1372,#1373,#1374,#1375,#1376,
#1377,#1378,#1379,#1380,#1381,#1382,#1383,#1384,#1385,#1386,#1387),(#1388,
#1389,#1390,#1391,#1392,#1393,#1394,#1395,#1396,#1397,#1398,#1399,#1400,
#1401,#1402,#1403,#1404,#1405,#1406,#1407,#1408,#1409,#1410,#1411,#1412,
#1413,#1414,#1415,#1416,#1417,#1418,#1419,#1420,#1421,#1422,#1423,#1424,
#1425,#1426,#1427,#1428,#1429,#1430,#1431,#1432,#1433,#1434,#1435,#1436,
#1437,#1438,#1439,#1440,#1441,#1442,#1443,#1444,#1445,#1446,#1447,#1448,
#1449,#1450,#1451,#1452,#1453,#1454,#1455,#1456,#1457,#1458,#1459,#1460,
#1461,#1462,#1463),(#1464,#1465,#1466,#1467,#1468,#1469,#1470,#1471,#1472,
#1473,#1474,#1475,#1476,#1477,#1478,#1479,#1480,#1481,#1482,#1483,#1484,
#1485,#1486,#1487,#1488,#1489,#1490,#1491,#1492,#1493,#1494,#1495,#1496,
#1497,#1498,#1499,#1500,#1501,#1502,#1503,#1504,#1505,#1506,#1507,#1508,
#1509,#1510,#1511,#1512,#1513,#1514,#1515,#1516,#1517,#1518,#1519,#1520,
#1521,#1522,#1523,#1524,#1525,#1526,#1527,#1528,#1529,#1530,#1531,#1532,
#1533,#1534,#1535,#1536,#1537,#1538,#1539),(#1540,#1541,#1542,#1543,#1544,
#1545,#1546,#1547,#1548,#1549,#1550,#1551,#1552,#1553,#1554,#1555,#1556,
#1557,#1558,#1559,#1560,#1561,#1562,#1563,#1564,#1565,#1566,#1567,#1568,
#1569,#1570,#1571,#1572,#1573,#1574,#1575,#1576,#1577,#1578,#1579,#1580,
#1581,#1582,#1583,#1584,#1585,#1586,#1587,#1588,#1589,#1590,#1591,#1592,
#1593,#1594,#1595,#1596,#1597,#1598,#1599,#1600,#1601,#1602,#1603,#1604,
#1605,#1606,#1607,#1608,#1609,#1610,#1611,#1612,#1613,#1614,#1615),(#1616,
#1617,#1618,#1619,#1620,#1621,#1622,#1623,#1624,#1625,#1626,#1627,#1628,
#1629,#1630,#1631,#1632,#1633,#1634,#1635,#1636,#1637,#1638,#1639,#1640,
#1641,#1642,#1643,#1644,#1645,#1646,#1647,#1648,#1649,#1650,#1651,#1652,
#1653,#1654,#1655,#1656,#1657,#1658,#1659,#1660,#1661,#1662,#1663,#1664,
#1665,#1666,#1667,#1668,#1669,#1670,#1671,#1672,#1673,#1674,#1675,#1676,
#1677,#1678,#1679,#1680,#1681,#1682,#1683,#1684,#1685,#1686,#1687,#1688,
#1689,#1690,#1691),(#1692,#1693,#1694,#1695,#1696,#1697,#1698,#1699,#1700,
#1701,#1702,#1703,#1704,#1705,#1706,#1707,#1708,#1709,#1710,#1711,#1712,
#1713,#1714,#1715,#1716,#1717,#1718,#1719,#1720,#1721,#1722,#1723,#1724,
#1725,#1726,#1727,#1728,#1729,#1730,#1731,#1732,#1733,#1734,#1735,#1736,
#1737,#1738,#1739,#1740,#1741,#1742,#1743,#1744,#1745,#1746,#1747,#1748,
#1749,#1750,#1751,#1752,#1753,#1754,#1755,#1756,#1757,#1758,#1759,#1760,
#1761,#1762,#1763,#1764,#1765,#1766,#1767),(#1768,#1769,#1770,#1771,#1772,
#1773,#1774,#1775,#1776,#1777,#1778,#1779,#1780,#1781,#1782,#1783,#1784,
#1785,#1786,#1787,#1788,#1789,#1790,#1791,#1792,#1793,#1794,#1795,#1796,
#1797,#1798,#1799,#1800,#1801,#1802,#1803,#1804,#1805,#1806,#1807,#1808,
#1809,#1810,#1811,#1812,#1813,#1814,#1815,#1816,#1817,#1818,#1819,#1820,
#1821,#1822,#1823,#1824,#1825,#1826,#1827,#1828,#1829,#1830,#1831,#1832,
#1833,#1834,#1835,#1836,#1837,#1838,#1839,#1840,#1841,#1842,#1843),(#1844,
#1845,#1846,#1847,#1848,#1849,#1850,#1851,#1852,#1853,#1854,#1855,#1856,
#1857,#1858,#1859,#1860,#1861,#1862,#1863,#1864,#1865,#1866,#1867,#1868,
#1869,#1870,#1871,#1872,#1873,#1874,#1875,#1876,#1877,#1878,#1879,#1880,
#1881,#1882,#1883,#1884,#1885,#1886,#1887,#1888,#1889,#1890,#1891,#1892,
#1893,#1894,#1895,#1896,#1897,#1898,#1899,#1900,#1901,#1902,#1903,#1904,
#1905,#1906,#1907,#1908,#1909,#1910,#1911,#1912,#1913,#1914,#1915,#1916,
#1917,#1918,#1919),(#1920,#1921,#1922,#1923,#1924,#1925,#1926,#1927,#1928,
#1929,#1930,#1931,#1932,#1933,#1934,#1935,#1936,#1937,#1938,#1939,#1940,
#1941,#1942,#1943,#1944,#1945,#1946,#1947,#1948,#1949,#1950,#1951,#1952,
#1953,#1954,#1955,#1956,#1957,#1958,#1959,#1960,#1961,#1962,#1963,#1964,
#1965,#1966,#1967,#1968,#1969,#1970,#1971,#1972,#1973,#1974,#1975,#1976,
#1977,#1978,#1979,#1980,#1981,#1982,#1983,#1984,#1985,#1986,#1987,#1988,
#1989,#1990,#1991,#1992,#1993,#1994,#1995)),.UNSPECIFIED.,.T.,.F.,.F.,(4,
1,1,1,1,1,1,1,1,4),(4,1,1,1,1,1,1,1,1,1,1,1,1,1,1,1,1,1,1,1,1,1,1,1,1,1,
1,1,1,1,1,1,1,1,1,1,1,1,1,1,1,1,1,1,1,1,1,1,1,1,1,1,1,1,1,1,1,1,1,1,1,1,
1,1,1,1,1,1,1,1,1,1,1,4),(-3.14159265358979,-2.69279370307697,-2.24399475256414,
-1.34639685153848,-0.448798950512828,0.448798950512828,1.34639685153848,
2.24399475256414,2.69279370307697,3.14159265358979),(0.5,0.508928571428571,
0.517857142857143,0.526785714285714,0.535714285714286,0.544642857142857,
0.553571428571429,0.5625,0.571428571428571,0.579365079365079,0.587301587301587,
0.595238095238095,0.601190476190476,0.607142857142857,0.619047619047619,
0.625,0.630952380952381,0.633928571428571,0.635416666666667,0.636904761904762,
0.639880952380952,0.642857142857143,0.650793650793651,0.658730158730159,
0.666666666666667,0.672619047619048,0.678571428571429,0.68452380952381,
0.69047619047619,0.696428571428571,0.702380952380952,0.708333333333333,
0.714285714285714,0.726190476190476,0.732142857142857,0.738095238095238,
0.744047619047619,0.75,0.755952380952381,0.761904761904762,0.76984126984127,
0.777777777777778,0.785714285714286,0.793650793650794,0.801587301587302,
0.80952380952381,0.817460317460317,0.825396825396825,0.833333333333333,
0.839285714285714,0.845238095238095,0.851190476190476,0.857142857142857,
0.860119047619048,0.863095238095238,0.866071428571429,0.869047619047619,
0.875,0.880952380952381,0.886904761904762,0.892857142857143,0.898809523809524,
0.904761904761905,0.912698412698413,0.920634920634921,0.928571428571429,
0.9375,0.946428571428571,0.955357142857143,0.964285714285714,0.973214285714286,
0.982142857142857,0.991071428571429,1.),.UNSPECIFIED.);
#61=B_SPLINE_SURFACE_WITH_KNOTS('',3,3,((#2072,#2073,#2074,#2075,#2076,
#2077,#2078,#2079,#2080,#2081,#2082,#2083,#2084,#2085,#2086,#2087,#2088,
#2089,#2090,#2091,#2092,#2093,#2094,#2095,#2096,#2097,#2098,#2099,#2100,
#2101,#2102,#2103,#2104,#2105,#2106,#2107,#2108,#2109,#2110,#2111,#2112,
#2113,#2114,#2115,#2116,#2117,#2118,#2119,#2120,#2121,#2122,#2123,#2124,
#2125,#2126,#2127,#2128,#2129,#2130,#2131,#2132,#2133),(#2134,#2135,#2136,
#2137,#2138,#2139,#2140,#2141,#2142,#2143,#2144,#2145,#2146,#2147,#2148,
#2149,#2150,#2151,#2152,#2153,#2154,#2155,#2156,#2157,#2158,#2159,#2160,
#2161,#2162,#2163,#2164,#2165,#2166,#2167,#2168,#2169,#2170,#2171,#2172,
#2173,#2174,#2175,#2176,#2177,#2178,#2179,#2180,#2181,#2182,#2183,#2184,
#2185,#2186,#2187,#2188,#2189,#2190,#2191,#2192,#2193,#2194,#2195),(#2196,
#2197,#2198,#2199,#2200,#2201,#2202,#2203,#2204,#2205,#2206,#2207,#2208,
#2209,#2210,#2211,#2212,#2213,#2214,#2215,#2216,#2217,#2218,#2219,#2220,
#2221,#2222,#2223,#2224,#2225,#2226,#2227,#2228,#2229,#2230,#2231,#2232,
#2233,#2234,#2235,#2236,#2237,#2238,#2239,#2240,#2241,#2242,#2243,#2244,
#2245,#2246,#2247,#2248,#2249,#2250,#2251,#2252,#2253,#2254,#2255,#2256,
#2257),(#2258,#2259,#2260,#2261,#2262,#2263,#2264,#2265,#2266,#2267,#2268,
#2269,#2270,#2271,#2272,#2273,#2274,#2275,#2276,#2277,#2278,#2279,#2280,
#2281,#2282,#2283,#2284,#2285,#2286,#2287,#2288,#2289,#2290,#2291,#2292,
#2293,#2294,#2295,#2296,#2297,#2298,#2299,#2300,#2301,#2302,#2303,#2304,
#2305,#2306,#2307,#2308,#2309,#2310,#2311,#2312,#2313,#2314,#2315,#2316,
#2317,#2318,#2319),(#2320,#2321,#2322,#2323,#2324,#2325,#2326,#2327,#2328,
#2329,#2330,#2331,#2332,#2333,#2334,#2335,#2336,#2337,#2338,#2339,#2340,
#2341,#2342,#2343,#2344,#2345,#2346,#2347,#2348,#2349,#2350,#2351,#2352,
#2353,#2354,#2355,#2356,#2357,#2358,#2359,#2360,#2361,#2362,#2363,#2364,
#2365,#2366,#2367,#2368,#2369,#2370,#2371,#2372,#2373,#2374,#2375,#2376,
#2377,#2378,#2379,#2380,#2381),(#2382,#2383,#2384,#2385,#2386,#2387,#2388,
#2389,#2390,#2391,#2392,#2393,#2394,#2395,#2396,#2397,#2398,#2399,#2400,
#2401,#2402,#2403,#2404,#2405,#2406,#2407,#2408,#2409,#2410,#2411,#2412,
#2413,#2414,#2415,#2416,#2417,#2418,#2419,#2420,#2421,#2422,#2423,#2424,
#2425,#2426,#2427,#2428,#2429,#2430,#2431,#2432,#2433,#2434,#2435,#2436,
#2437,#2438,#2439,#2440,#2441,#2442,#2443),(#2444,#2445,#2446,#2447,#2448,
#2449,#2450,#2451,#2452,#2453,#2454,#2455,#2456,#2457,#2458,#2459,#2460,
#2461,#2462,#2463,#2464,#2465,#2466,#2467,#2468,#2469,#2470,#2471,#2472,
#2473,#2474,#2475,#2476,#2477,#2478,#2479,#2480,#2481,#2482,#2483,#2484,
#2485,#2486,#2487,#2488,#2489,#2490,#2491,#2492,#2493,#2494,#2495,#2496,
#2497,#2498,#2499,#2500,#2501,#2502,#2503,#2504,#2505),(#2506,#2507,#2508,
#2509,#2510,#2511,#2512,#2513,#2514,#2515,#2516,#2517,#2518,#2519,#2520,
#2521,#2522,#2523,#2524,#2525,#2526,#2527,#2528,#2529,#2530,#2531,#2532,
#2533,#2534,#2535,#2536,#2537,#2538,#2539,#2540,#2541,#2542,#2543,#2544,
#2545,#2546,#2547,#2548,#2549,#2550,#2551,#2552,#2553,#2554,#2555,#2556,
#2557,#2558,#2559,#2560,#2561,#2562,#2563,#2564,#2565,#2566,#2567),(#2568,
#2569,#2570,#2571,#2572,#2573,#2574,#2575,#2576,#2577,#2578,#2579,#2580,
#2581,#2582,#2583,#2584,#2585,#2586,#2587,#2588,#2589,#2590,#2591,#2592,
#2593,#2594,#2595,#2596,#2597,#2598,#2599,#2600,#2601,#2602,#2603,#2604,
#2605,#2606,#2607,#2608,#2609,#2610,#2611,#2612,#2613,#2614,#2615,#2616,
#2617,#2618,#2619,#2620,#2621,#2622,#2623,#2624,#2625,#2626,#2627,#2628,
#2629),(#2630,#2631,#2632,#2633,#2634,#2635,#2636,#2637,#2638,#2639,#2640,
#2641,#2642,#2643,#2644,#2645,#2646,#2647,#2648,#2649,#2650,#2651,#2652,
#2653,#2654,#2655,#2656,#2657,#2658,#2659,#2660,#2661,#2662,#2663,#2664,
#2665,#2666,#2667,#2668,#2669,#2670,#2671,#2672,#2673,#2674,#2675,#2676,
#2677,#2678,#2679,#2680,#2681,#2682,#2683,#2684,#2685,#2686,#2687,#2688,
#2689,#2690,#2691)),.UNSPECIFIED.,.T.,.F.,.F.,(4,1,1,1,1,1,1,4),(4,1,1,
1,1,1,1,1,1,1,1,1,1,1,1,1,1,1,1,1,1,1,1,1,1,1,1,1,1,1,1,1,1,1,1,1,1,1,1,
1,1,1,1,1,1,1,1,1,1,1,1,1,1,1,1,1,1,1,1,4),(-3.14159265358979,-2.24399475256414,
-1.34639685153848,-0.448798950512828,0.448798950512828,1.34639685153848,
2.24399475256414,3.14159265358979),(0.,0.00892857142857143,0.0178571428571429,
0.0267857142857143,0.0357142857142857,0.0446428571428571,0.0535714285714286,
0.0625,0.0714285714285714,0.0793650793650794,0.0873015873015873,0.0952380952380952,
0.107142857142857,0.113095238095238,0.119047619047619,0.12202380952381,
0.125,0.130952380952381,0.142857142857143,0.154761904761905,0.166666666666667,
0.178571428571429,0.18452380952381,0.19047619047619,0.198412698412698,0.206349206349206,
0.214285714285714,0.222222222222222,0.23015873015873,0.238095238095238,
0.242063492063492,0.246031746031746,0.253968253968254,0.261904761904762,
0.273809523809524,0.285714285714286,0.297619047619048,0.303571428571428,
0.309523809523809,0.317460317460317,0.325396825396825,0.333333333333333,
0.345238095238095,0.357142857142857,0.366071428571428,0.375,0.379464285714286,
0.392857142857143,0.401785714285714,0.410714285714286,0.419642857142857,
0.428571428571429,0.4375,0.446428571428571,0.455357142857143,0.464285714285714,
0.473214285714286,0.482142857142857,0.491071428571429,0.5),
 .UNSPECIFIED.);
#62=B_SPLINE_SURFACE_WITH_KNOTS('',3,3,((#2776,#2777,#2778,#2779,#2780,
#2781,#2782,#2783,#2784,#2785,#2786,#2787,#2788,#2789,#2790,#2791,#2792,
#2793,#2794,#2795,#2796,#2797,#2798,#2799,#2800,#2801,#2802,#2803,#2804,
#2805,#2806,#2807,#2808,#2809,#2810,#2811,#2812,#2813,#2814,#2815,#2816,
#2817,#2818,#2819,#2820,#2821,#2822,#2823,#2824,#2825,#2826,#2827,#2828,
#2829,#2830,#2831,#2832,#2833,#2834,#2835,#2836,#2837,#2838),(#2839,#2840,
#2841,#2842,#2843,#2844,#2845,#2846,#2847,#2848,#2849,#2850,#2851,#2852,
#2853,#2854,#2855,#2856,#2857,#2858,#2859,#2860,#2861,#2862,#2863,#2864,
#2865,#2866,#2867,#2868,#2869,#2870,#2871,#2872,#2873,#2874,#2875,#2876,
#2877,#2878,#2879,#2880,#2881,#2882,#2883,#2884,#2885,#2886,#2887,#2888,
#2889,#2890,#2891,#2892,#2893,#2894,#2895,#2896,#2897,#2898,#2899,#2900,
#2901),(#2902,#2903,#2904,#2905,#2906,#2907,#2908,#2909,#2910,#2911,#2912,
#2913,#2914,#2915,#2916,#2917,#2918,#2919,#2920,#2921,#2922,#2923,#2924,
#2925,#2926,#2927,#2928,#2929,#2930,#2931,#2932,#2933,#2934,#2935,#2936,
#2937,#2938,#2939,#2940,#2941,#2942,#2943,#2944,#2945,#2946,#2947,#2948,
#2949,#2950,#2951,#2952,#2953,#2954,#2955,#2956,#2957,#2958,#2959,#2960,
#2961,#2962,#2963,#2964),(#2965,#2966,#2967,#2968,#2969,#2970,#2971,#2972,
#2973,#2974,#2975,#2976,#2977,#2978,#2979,#2980,#2981,#2982,#2983,#2984,
#2985,#2986,#2987,#2988,#2989,#2990,#2991,#2992,#2993,#2994,#2995,#2996,
#2997,#2998,#2999,#3000,#3001,#3002,#3003,#3004,#3005,#3006,#3007,#3008,
#3009,#3010,#3011,#3012,#3013,#3014,#3015,#3016,#3017,#3018,#3019,#3020,
#3021,#3022,#3023,#3024,#3025,#3026,#3027),(#3028,#3029,#3030,#3031,#3032,
#3033,#3034,#3035,#3036,#3037,#3038,#3039,#3040,#3041,#3042,#3043,#3044,
#3045,#3046,#3047,#3048,#3049,#3050,#3051,#3052,#3053,#3054,#3055,#3056,
#3057,#3058,#3059,#3060,#3061,#3062,#3063,#3064,#3065,#3066,#3067,#3068,
#3069,#3070,#3071,#3072,#3073,#3074,#3075,#3076,#3077,#3078,#3079,#3080,
#3081,#3082,#3083,#3084,#3085,#3086,#3087,#3088,#3089,#3090),(#3091,#3092,
#3093,#3094,#3095,#3096,#3097,#3098,#3099,#3100,#3101,#3102,#3103,#3104,
#3105,#3106,#3107,#3108,#3109,#3110,#3111,#3112,#3113,#3114,#3115,#3116,
#3117,#3118,#3119,#3120,#3121,#3122,#3123,#3124,#3125,#3126,#3127,#3128,
#3129,#3130,#3131,#3132,#3133,#3134,#3135,#3136,#3137,#3138,#3139,#3140,
#3141,#3142,#3143,#3144,#3145,#3146,#3147,#3148,#3149,#3150,#3151,#3152,
#3153),(#3154,#3155,#3156,#3157,#3158,#3159,#3160,#3161,#3162,#3163,#3164,
#3165,#3166,#3167,#3168,#3169,#3170,#3171,#3172,#3173,#3174,#3175,#3176,
#3177,#3178,#3179,#3180,#3181,#3182,#3183,#3184,#3185,#3186,#3187,#3188,
#3189,#3190,#3191,#3192,#3193,#3194,#3195,#3196,#3197,#3198,#3199,#3200,
#3201,#3202,#3203,#3204,#3205,#3206,#3207,#3208,#3209,#3210,#3211,#3212,
#3213,#3214,#3215,#3216),(#3217,#3218,#3219,#3220,#3221,#3222,#3223,#3224,
#3225,#3226,#3227,#3228,#3229,#3230,#3231,#3232,#3233,#3234,#3235,#3236,
#3237,#3238,#3239,#3240,#3241,#3242,#3243,#3244,#3245,#3246,#3247,#3248,
#3249,#3250,#3251,#3252,#3253,#3254,#3255,#3256,#3257,#3258,#3259,#3260,
#3261,#3262,#3263,#3264,#3265,#3266,#3267,#3268,#3269,#3270,#3271,#3272,
#3273,#3274,#3275,#3276,#3277,#3278,#3279),(#3280,#3281,#3282,#3283,#3284,
#3285,#3286,#3287,#3288,#3289,#3290,#3291,#3292,#3293,#3294,#3295,#3296,
#3297,#3298,#3299,#3300,#3301,#3302,#3303,#3304,#3305,#3306,#3307,#3308,
#3309,#3310,#3311,#3312,#3313,#3314,#3315,#3316,#3317,#3318,#3319,#3320,
#3321,#3322,#3323,#3324,#3325,#3326,#3327,#3328,#3329,#3330,#3331,#3332,
#3333,#3334,#3335,#3336,#3337,#3338,#3339,#3340,#3341,#3342),(#3343,#3344,
#3345,#3346,#3347,#3348,#3349,#3350,#3351,#3352,#3353,#3354,#3355,#3356,
#3357,#3358,#3359,#3360,#3361,#3362,#3363,#3364,#3365,#3366,#3367,#3368,
#3369,#3370,#3371,#3372,#3373,#3374,#3375,#3376,#3377,#3378,#3379,#3380,
#3381,#3382,#3383,#3384,#3385,#3386,#3387,#3388,#3389,#3390,#3391,#3392,
#3393,#3394,#3395,#3396,#3397,#3398,#3399,#3400,#3401,#3402,#3403,#3404,
#3405)),.UNSPECIFIED.,.T.,.F.,.F.,(4,1,1,1,1,1,1,4),(4,1,1,1,1,1,1,1,1,
1,1,1,1,1,1,1,1,1,1,1,1,1,1,1,1,1,1,1,1,1,1,1,1,1,1,1,1,1,1,1,1,1,1,1,1,
1,1,1,1,1,1,1,1,1,1,1,1,1,1,1,4),(-3.14159265358979,-2.24399475256414,-1.34639685153848,
-0.448798950512828,0.448798950512828,1.34639685153848,2.24399475256414,
3.14159265358979),(0.5,0.508928571428571,0.517857142857143,0.526785714285714,
0.535714285714286,0.544642857142857,0.553571428571429,0.5625,0.571428571428571,
0.575396825396825,0.579365079365079,0.587301587301587,0.595238095238095,
0.607142857142857,0.613095238095238,0.619047619047619,0.625,0.630952380952381,
0.636904761904762,0.642857142857143,0.650793650793651,0.658730158730159,
0.666666666666667,0.678571428571429,0.69047619047619,0.696428571428571,
0.702380952380952,0.714285714285714,0.726190476190476,0.738095238095238,
0.744047619047619,0.75,0.761904761904762,0.76984126984127,0.777777777777778,
0.785714285714286,0.78968253968254,0.793650793650794,0.801587301587302,
0.80952380952381,0.817460317460317,0.825396825396825,0.833333333333333,
0.845238095238095,0.857142857142857,0.869047619047619,0.880952380952381,
0.886904761904762,0.892857142857143,0.904761904761905,0.912698412698413,
0.920634920634921,0.928571428571429,0.9375,0.946428571428571,0.955357142857143,
0.964285714285714,0.973214285714286,0.982142857142857,0.991071428571429,
1.),.UNSPECIFIED.);
#63=ADVANCED_FACE('',(#15),#59,.T.);
#64=ADVANCED_FACE('',(#16),#60,.T.);
#65=ADVANCED_FACE('',(#17),#61,.F.);
#66=ADVANCED_FACE('',(#18),#62,.F.);
#67=CLOSED_SHELL('',(#63,#64));
#68=CLOSED_SHELL('',(#65,#66));
#69=BREP_WITH_VOIDS('Body2',#67,(#14));
#70=DERIVED_UNIT_ELEMENT(#72,1.);
#71=DERIVED_UNIT_ELEMENT(#3474,-3.);
#72=(
MASS_UNIT()
NAMED_UNIT(*)
SI_UNIT(.KILO.,.GRAM.)
);
#73=DERIVED_UNIT((#70,#71));
#74=MEASURE_REPRESENTATION_ITEM('density measure',
POSITIVE_RATIO_MEASURE(7850.),#73);
#75=PROPERTY_DEFINITION_REPRESENTATION(#80,#77);
#76=PROPERTY_DEFINITION_REPRESENTATION(#81,#78);
#77=REPRESENTATION('material name',(#79),#3471);
#78=REPRESENTATION('density',(#74),#3471);
#79=DESCRIPTIVE_REPRESENTATION_ITEM('Steel','Steel');
#80=PROPERTY_DEFINITION('material property','material name',#3481);
#81=PROPERTY_DEFINITION('material property','density of part',#3481);
#82=AXIS2_PLACEMENT_3D('',#91,#85,#86);
#83=AXIS2_PLACEMENT_3D('',#1005,#87,#88);
#84=AXIS2_PLACEMENT_3D('',#1083,#89,#90);
#85=DIRECTION('axis',(0.,0.,1.));
#86=DIRECTION('refdir',(1.,0.,0.));
#87=DIRECTION('center_axis',(0.353919324342286,0.128812528759532,0.926363019712939));
#88=DIRECTION('ref_axis',(0.336867609930776,-0.941549399226688,0.00222310489849324));
#89=DIRECTION('center_axis',(0.731817332261751,0.275495853795611,-0.62333412127263));
#90=DIRECTION('ref_axis',(-0.352316488164651,0.935880917727959,0.));
#91=CARTESIAN_POINT('',(0.,0.,0.));
#92=CARTESIAN_POINT('Ctrl Pts',(-18.1116099960758,49.8092792369755,-0.0066693146955193));
#93=CARTESIAN_POINT('Ctrl Pts',(-16.9610683029834,50.2280701579065,3.02157722957701));
#94=CARTESIAN_POINT('Ctrl Pts',(-14.0689821153708,49.4254235635458,9.05902896800686));
#95=CARTESIAN_POINT('Ctrl Pts',(-8.47241879177166,44.0624208474254,15.8112348788229));
#96=CARTESIAN_POINT('Ctrl Pts',(-2.2342721442405,35.9845224621668,18.7516072971613));
#97=CARTESIAN_POINT('Ctrl Pts',(3.94061816418286,26.8298979829935,17.1104851298862));
#98=CARTESIAN_POINT('Ctrl Pts',(9.57618065674293,17.8248831564527,11.5813421063084));
#99=CARTESIAN_POINT('Ctrl Pts',(14.7288281713306,9.15097922779798,3.83791154407351));
#100=CARTESIAN_POINT('Ctrl Pts',(18.7553255207604,2.06161417112011,-2.81866881845365));
#101=CARTESIAN_POINT('Ctrl Pts',(21.8450410736567,-3.58231977014796,-7.2630740710437));
#102=CARTESIAN_POINT('Ctrl Pts',(24.6620366607455,-8.881167190692,-10.6557984081754));
#103=CARTESIAN_POINT('Ctrl Pts',(27.8433722757839,-15.1625149222629,-13.0302741376358));
#104=CARTESIAN_POINT('Ctrl Pts',(31.0400495565017,-22.1408230194468,-12.9062059298308));
#105=CARTESIAN_POINT('Ctrl Pts',(33.1659943840451,-27.854730570007,-10.3261220040616));
#106=CARTESIAN_POINT('Ctrl Pts',(34.0846007487042,-32.0266075640259,-6.44224612255755));
#107=CARTESIAN_POINT('Ctrl Pts',(33.9373783136216,-34.7158963576089,-2.155142603546));
#108=CARTESIAN_POINT('Ctrl Pts',(32.6904935794096,-36.1524409536549,2.49231142487047));
#109=CARTESIAN_POINT('Ctrl Pts',(30.3059622616384,-36.26813693662,7.06525025046488));
#110=CARTESIAN_POINT('Ctrl Pts',(26.8622056434381,-35.1115778718347,11.0779053517479));
#111=CARTESIAN_POINT('Ctrl Pts',(22.5634671068043,-32.8585227731119,14.038669708295));
#112=CARTESIAN_POINT('Ctrl Pts',(17.6775251640379,-29.7703634118777,15.5465349980812));
#113=CARTESIAN_POINT('Ctrl Pts',(12.4819045797472,-26.1350523731921,15.3538305647774));
#114=CARTESIAN_POINT('Ctrl Pts',(7.20593209098587,-22.2049965014105,13.4124228417971));
#115=CARTESIAN_POINT('Ctrl Pts',(0.240585500571962,-16.7835947391275,8.77283922583909));
#116=CARTESIAN_POINT('Ctrl Pts',(-6.51314627790625,-11.2623782580219,1.82630586598288));
#117=CARTESIAN_POINT('Ctrl Pts',(-13.1448494915311,-5.62647395428475,-5.16149885724938));
#118=CARTESIAN_POINT('Ctrl Pts',(-18.0924296968376,-1.30106990078649,-9.80560773439548));
#119=CARTESIAN_POINT('Ctrl Pts',(-23.0012465629314,3.13204824508996,-13.3213835660045));
#120=CARTESIAN_POINT('Ctrl Pts',(-28.3203801771516,8.14155920456019,-15.5263721418948));
#121=CARTESIAN_POINT('Ctrl Pts',(-33.7500176167159,13.6200736866214,-15.4504375301934));
#122=CARTESIAN_POINT('Ctrl Pts',(-37.662435742948,18.1943404918389,-12.9285315427025));
#123=CARTESIAN_POINT('Ctrl Pts',(-39.7886085189758,21.3397002293631,-9.83264167911377));
#124=CARTESIAN_POINT('Ctrl Pts',(-41.1492842418368,24.0684384463266,-6.20271397491644));
#125=CARTESIAN_POINT('Ctrl Pts',(-41.2538225159169,26.5648173951605,-1.03663834940637));
#126=CARTESIAN_POINT('Ctrl Pts',(-38.7164339314217,27.9665474370939,5.05216362288884));
#127=CARTESIAN_POINT('Ctrl Pts',(-33.8455345487805,27.9189046848764,10.0064185827635));
#128=CARTESIAN_POINT('Ctrl Pts',(-27.3306200547652,26.7345794760103,12.8645985940477));
#129=CARTESIAN_POINT('Ctrl Pts',(-19.9217422311436,24.8117449411538,13.0433661005885));
#130=CARTESIAN_POINT('Ctrl Pts',(-12.6987670696122,22.6278340300834,10.5479691800486));
#131=CARTESIAN_POINT('Ctrl Pts',(-5.97245825208375,20.4295577812752,6.39170348053838));
#132=CARTESIAN_POINT('Ctrl Pts',(2.17492336462122,17.6254235988306,0.0126547533901495));
#133=CARTESIAN_POINT('Ctrl Pts',(10.4273056091025,14.6039353719711,-7.38494373127778));
#134=CARTESIAN_POINT('Ctrl Pts',(18.9859139788457,11.2604058109217,-13.4063740726416));
#135=CARTESIAN_POINT('Ctrl Pts',(25.5857818593544,8.54714918106995,-16.6930758037151));
#136=CARTESIAN_POINT('Ctrl Pts',(32.2722134122543,5.61675142887234,-18.282357732268));
#137=CARTESIAN_POINT('Ctrl Pts',(39.4487451806959,2.17914665483938,-17.8529877705152));
#138=CARTESIAN_POINT('Ctrl Pts',(46.3128402115669,-1.67211749662744,-14.5810891543048));
#139=CARTESIAN_POINT('Ctrl Pts',(51.3477414270444,-5.68729056458979,-8.20896061315662));
#140=CARTESIAN_POINT('Ctrl Pts',(52.7522789658403,-8.96617631633722,-0.835374920347394));
#141=CARTESIAN_POINT('Ctrl Pts',(51.0814840266984,-11.4322079703002,5.90635216080309));
#142=CARTESIAN_POINT('Ctrl Pts',(47.5218280651292,-13.2067652176836,11.2694870636397));
#143=CARTESIAN_POINT('Ctrl Pts',(42.2972298982528,-14.5696944652087,15.3766930335226));
#144=CARTESIAN_POINT('Ctrl Pts',(34.8077970696999,-15.7440528048515,18.230089864344));
#145=CARTESIAN_POINT('Ctrl Pts',(25.117961911073,-16.5996753577998,18.2049181373317));
#146=CARTESIAN_POINT('Ctrl Pts',(16.1018537400315,-17.0259734230452,14.5884907407074));
#147=CARTESIAN_POINT('Ctrl Pts',(5.71393282526824,-17.3161275855803,8.12509538091613));
#148=CARTESIAN_POINT('Ctrl Pts',(-1.72357678636129,-17.3521871769532,1.82848519291695));
#149=CARTESIAN_POINT('Ctrl Pts',(-9.83944890262055,-17.2495916839578,-4.39240594620844));
#150=CARTESIAN_POINT('Ctrl Pts',(-16.272013801146,-17.0940647375976,-8.85374438195621));
#151=CARTESIAN_POINT('Ctrl Pts',(-24.9044867945781,-16.6847461366691,-12.6971064468784));
#152=CARTESIAN_POINT('Ctrl Pts',(-31.4999223089792,-16.1119629548615,-13.084007179737));
#153=CARTESIAN_POINT('Ctrl Pts',(-36.8385917544721,-15.412591582534,-11.9845945605112));
#154=CARTESIAN_POINT('Ctrl Pts',(-41.6678644052349,-14.5478989983502,-9.78419748237707));
#155=CARTESIAN_POINT('Ctrl Pts',(-46.3696756010937,-12.8723943322602,-4.60582451683231));
#156=CARTESIAN_POINT('Ctrl Pts',(-47.5309867389114,-11.0930161073674,0.332768236601412));
#157=CARTESIAN_POINT('Ctrl Pts',(-47.2591827612713,-9.63546205844809,3.77730768968646));
#158=CARTESIAN_POINT('Ctrl Pts',(-46.7610419103036,-8.60541129119963,6.04577148027188));
#159=CARTESIAN_POINT('Ctrl Pts',(-44.8041805205781,-6.48897253076999,10.0459020989384));
#160=CARTESIAN_POINT('Ctrl Pts',(-41.4675767500605,-4.25952825564159,12.989638032856));
#161=CARTESIAN_POINT('Ctrl Pts',(-36.6846922665167,-1.58770482666064,14.9939789369238));
#162=CARTESIAN_POINT('Ctrl Pts',(-31.2450052504749,1.15688730850565,15.8403774722505));
#163=CARTESIAN_POINT('Ctrl Pts',(-22.9778294606521,4.92588351843873,13.7996853721549));
#164=CARTESIAN_POINT('Ctrl Pts',(-16.1099479013748,7.85227038083336,9.4768710331004));
#165=CARTESIAN_POINT('Ctrl Pts',(-10.0224253097147,10.332341878983,4.79046050260625));
#166=CARTESIAN_POINT('Ctrl Pts',(-6.98085924533578,11.5223757880018,2.19139223822387));
#167=CARTESIAN_POINT('Ctrl Pts',(-4.69273483395958,12.3837502875022,0.236408493983607));
#168=CARTESIAN_POINT('Ctrl Pts',(-18.5031883857031,49.6695793900625,0.162359722841682));
#169=CARTESIAN_POINT('Ctrl Pts',(-17.3519674275209,50.0876057648,3.19156634765316));
#170=CARTESIAN_POINT('Ctrl Pts',(-14.455626173523,49.2843204232835,9.23894773994412));
#171=CARTESIAN_POINT('Ctrl Pts',(-8.83541733296261,43.8981514359279,16.0207173305724));
#172=CARTESIAN_POINT('Ctrl Pts',(-2.55837370923641,35.7679851650196,18.9786425214473));
#173=CARTESIAN_POINT('Ctrl Pts',(3.65527646824586,26.5531430255335,17.3224031836029));
#174=CARTESIAN_POINT('Ctrl Pts',(9.31026966491899,17.5139701241119,11.7667923050631));
#175=CARTESIAN_POINT('Ctrl Pts',(14.4667908039489,8.83053021140735,4.01148860840022));
#176=CARTESIAN_POINT('Ctrl Pts',(18.4872279770832,1.74907339965417,-2.63921015538361));
#177=CARTESIAN_POINT('Ctrl Pts',(21.5651901428404,-3.87556336158514,-7.06940252099488));
#178=CARTESIAN_POINT('Ctrl Pts',(24.3657880086326,-9.14585938359402,-10.4447655813244));
#179=CARTESIAN_POINT('Ctrl Pts',(27.5168256392772,-15.3708407543226,-12.7960514361573));
#180=CARTESIAN_POINT('Ctrl Pts',(30.6657016946307,-22.2496515314638,-12.6723263597618));
#181=CARTESIAN_POINT('Ctrl Pts',(32.7520943252878,-27.8630299377478,-10.137784129435));
#182=CARTESIAN_POINT('Ctrl Pts',(33.6498941792638,-31.9488669876854,-6.3349883034332));
#183=CARTESIAN_POINT('Ctrl Pts',(33.5042678240041,-34.5729691284663,-2.15248326854068));
#184=CARTESIAN_POINT('Ctrl Pts',(32.2903786370951,-35.9713551357876,2.36660124093306));
#185=CARTESIAN_POINT('Ctrl Pts',(29.9699394996659,-36.0860584368776,6.81527406950488));
#186=CARTESIAN_POINT('Ctrl Pts',(26.612096886671,-34.960925606065,10.7272938242414));
#187=CARTESIAN_POINT('Ctrl Pts',(22.41387831539,-32.7628617700792,13.6185171153548));
#188=CARTESIAN_POINT('Ctrl Pts',(17.635690472924,-29.745429227061,15.0933310154014));
#189=CARTESIAN_POINT('Ctrl Pts',(12.5418012785407,-26.1838783350069,14.9060935197366));
#190=CARTESIAN_POINT('Ctrl Pts',(7.34421254069532,-22.3149228219743,12.9961414246043));
#191=CARTESIAN_POINT('Ctrl Pts',(0.443834272402115,-16.9476190805972,8.40401406834322));
#192=CARTESIAN_POINT('Ctrl Pts',(-6.29169553623303,-11.4451881461359,1.48171341277063));
#193=CARTESIAN_POINT('Ctrl Pts',(-12.9349625054494,-5.80287538850908,-5.51746001405532));
#194=CARTESIAN_POINT('Ctrl Pts',(-17.9086383476027,-1.45733089238424,-10.1856593557779));
#195=CARTESIAN_POINT('Ctrl Pts',(-22.8654900684525,3.01642093739055,-13.736472288375));
#196=CARTESIAN_POINT('Ctrl Pts',(-28.2656221060448,8.09881489852681,-15.9772566690666));
#197=CARTESIAN_POINT('Ctrl Pts',(-33.8086204507045,13.687960624971,-15.9024127891433));
#198=CARTESIAN_POINT('Ctrl Pts',(-37.8131091997659,18.3659912111349,-13.3232840226691));
#199=CARTESIAN_POINT('Ctrl Pts',(-39.991974626203,21.5864260569885,-10.1521939385073));
#200=CARTESIAN_POINT('Ctrl Pts',(-41.3888365999982,24.3833829475465,-6.43039528199988));
#201=CARTESIAN_POINT('Ctrl Pts',(-41.4982688444525,26.9471117951924,-1.1219220154121));
#202=CARTESIAN_POINT('Ctrl Pts',(-38.8935616353229,28.3828945380341,5.12782218922931));
#203=CARTESIAN_POINT('Ctrl Pts',(-33.9183354510546,28.3309948611387,10.1861341534707));
#204=CARTESIAN_POINT('Ctrl Pts',(-27.2896361474377,27.1240375734911,13.0945129682626));
#205=CARTESIAN_POINT('Ctrl Pts',(-19.7758119700379,25.1718973440656,13.274537937281));
#206=CARTESIAN_POINT('Ctrl Pts',(-12.4873992784329,22.9665520863463,10.7551308492426));
#207=CARTESIAN_POINT('Ctrl Pts',(-5.72746321541453,20.7560051382021,6.57904000534889));
#208=CARTESIAN_POINT('Ctrl Pts',(2.44117440536948,17.9431309176109,0.184969904579123));
#209=CARTESIAN_POINT('Ctrl Pts',(10.6940005583731,14.919956148553,-7.21039142983208));
#210=CARTESIAN_POINT('Ctrl Pts',(19.2332998948308,11.5826302382958,-13.2151005594504));
#211=CARTESIAN_POINT('Ctrl Pts',(25.8058062826087,8.87962217178351,-16.4859108095889));
#212=CARTESIAN_POINT('Ctrl Pts',(32.453241891364,5.9653654155547,-18.0637958274438));
#213=CARTESIAN_POINT('Ctrl Pts',(39.5830789179367,2.54908936044925,-17.6353749125976));
#214=CARTESIAN_POINT('Ctrl Pts',(46.4075398297819,-1.28065884462198,-14.3816772211154));
#215=CARTESIAN_POINT('Ctrl Pts',(51.4233035832276,-5.28121249266694,-8.03309114154085));
#216=CARTESIAN_POINT('Ctrl Pts',(52.8262787345172,-8.55583111947027,-0.669381400322863));
#217=CARTESIAN_POINT('Ctrl Pts',(51.1530615137809,-11.0240804626577,6.0790922452678));
#218=CARTESIAN_POINT('Ctrl Pts',(47.5819384216812,-12.8034880583365,11.4578625321488));
#219=CARTESIAN_POINT('Ctrl Pts',(42.3330044966289,-14.1719826590225,15.582825337522));
#220=CARTESIAN_POINT('Ctrl Pts',(34.7987633061012,-15.3524224664477,18.4521272872934));
#221=CARTESIAN_POINT('Ctrl Pts',(25.0435915003621,-16.2125569852018,18.4235889870998));
#222=CARTESIAN_POINT('Ctrl Pts',(15.9841911381237,-16.6394976268331,14.7851155746768));
#223=CARTESIAN_POINT('Ctrl Pts',(5.56970911414375,-16.9290035491785,8.30140565515247));
#224=CARTESIAN_POINT('Ctrl Pts',(-1.8685633655607,-16.9636979908868,2.00071054998699));
#225=CARTESIAN_POINT('Ctrl Pts',(-9.96740275583113,-16.8600807486879,-4.2092928145047));
#226=CARTESIAN_POINT('Ctrl Pts',(-16.3774243248455,-16.7039935288755,-8.65629422067033));
#227=CARTESIAN_POINT('Ctrl Pts',(-24.9459481700061,-16.29584143657,-12.4691607439741));
#228=CARTESIAN_POINT('Ctrl Pts',(-31.4533757063576,-15.7289171639107,-12.8483273318187));
#229=CARTESIAN_POINT('Ctrl Pts',(-36.7069493361037,-15.0394133860867,-11.7680707340419));
#230=CARTESIAN_POINT('Ctrl Pts',(-41.4509786185485,-14.1885743204955,-9.60645468338619));
#231=CARTESIAN_POINT('Ctrl Pts',(-46.0497410423305,-12.5458944607961,-4.53757143472786));
#232=CARTESIAN_POINT('Ctrl Pts',(-47.1778427582149,-10.8123258383702,0.267679799345063));
#233=CARTESIAN_POINT('Ctrl Pts',(-46.914552775903,-9.39372216452619,3.61674297698551));
#234=CARTESIAN_POINT('Ctrl Pts',(-46.4303800630549,-8.39100192575021,5.82320523606646));
#235=CARTESIAN_POINT('Ctrl Pts',(-44.526155193171,-6.32828831361493,9.71850978267282));
#236=CARTESIAN_POINT('Ctrl Pts',(-41.2707920429454,-4.15049900594794,12.5931955958475));
#237=CARTESIAN_POINT('Ctrl Pts',(-36.5969421333482,-1.53735561013098,14.5519714150208));
#238=CARTESIAN_POINT('Ctrl Pts',(-31.2751466361688,1.15027432780549,15.3814055743884));
#239=CARTESIAN_POINT('Ctrl Pts',(-23.1466566555826,4.85945939026999,13.3812143365488));
#240=CARTESIAN_POINT('Ctrl Pts',(-16.3361536508013,7.76419200191871,9.09874010818866));
#241=CARTESIAN_POINT('Ctrl Pts',(-10.2775872617674,10.234466144194,4.43385035939908));
#242=CARTESIAN_POINT('Ctrl Pts',(-7.24198843040176,11.4233105898919,1.8400884751868));
#243=CARTESIAN_POINT('Ctrl Pts',(-4.95454911117305,12.2851891511953,-0.114532362341921));
#244=CARTESIAN_POINT('Ctrl Pts',(-19.2137783280356,49.1965447332891,0.499618762717224));
#245=CARTESIAN_POINT('Ctrl Pts',(-18.0742101069661,49.6083415099013,3.49549704829239));
#246=CARTESIAN_POINT('Ctrl Pts',(-15.1989657062563,48.8119530733599,9.49819914512338));
#247=CARTESIAN_POINT('Ctrl Pts',(-9.58453909651378,43.4323472390554,16.2739949586104));
#248=CARTESIAN_POINT('Ctrl Pts',(-3.28288281954013,35.2690864820602,19.2426793434692));
#249=CARTESIAN_POINT('Ctrl Pts',(2.96534147772789,26.0003004523048,17.5710949601381));
#250=CARTESIAN_POINT('Ctrl Pts',(8.63818602379214,16.9292917090783,11.9879245740304));
#251=CARTESIAN_POINT('Ctrl Pts',(13.7959851968026,8.24031827805476,4.22081979585577));
#252=CARTESIAN_POINT('Ctrl Pts',(17.8064235289987,1.17335833357973,-2.42130459791669));
#253=CARTESIAN_POINT('Ctrl Pts',(20.8679226237984,-4.423688912829,-6.83331694924209));
#254=CARTESIAN_POINT('Ctrl Pts',(23.646100417159,-9.65442447396443,-10.1868466875811));
#255=CARTESIAN_POINT('Ctrl Pts',(26.7554344842353,-15.8009136247928,-12.5088595244976));
#256=CARTESIAN_POINT('Ctrl Pts',(29.8379949900731,-22.5408496008813,-12.3874975585667));
#257=CARTESIAN_POINT('Ctrl Pts',(31.8657020219551,-28.0036918924335,-9.92204990040335));
#258=CARTESIAN_POINT('Ctrl Pts',(32.730986694209,-31.9530713236098,-6.2485220336248));
#259=CARTESIAN_POINT('Ctrl Pts',(32.5888207751038,-34.469412090821,-2.23992044659306));
#260=CARTESIAN_POINT('Ctrl Pts',(31.4310544059005,-35.8030568044666,2.06145288144108));
#261=CARTESIAN_POINT('Ctrl Pts',(29.2239472899117,-35.9160643754492,6.29117842875196));
#262=CARTESIAN_POINT('Ctrl Pts',(26.0219337192284,-34.8476607629103,10.0208584677816));
#263=CARTESIAN_POINT('Ctrl Pts',(22.0104744565381,-32.7515133972417,12.7829225729941));
#264=CARTESIAN_POINT('Ctrl Pts',(17.4363511680474,-29.8677889287365,14.1951541760261));
#265=CARTESIAN_POINT('Ctrl Pts',(12.5376137754965,-26.4475565903413,14.0183353468029));
#266=CARTESIAN_POINT('Ctrl Pts',(7.49147147217701,-22.6965357022085,12.1691975666915));
#267=CARTESIAN_POINT('Ctrl Pts',(0.716317949365816,-17.43350218554,7.66913915028652));
#268=CARTESIAN_POINT('Ctrl Pts',(-5.98398375947533,-11.9673528018865,0.793962327359823));
#269=CARTESIAN_POINT('Ctrl Pts',(-12.6524869593365,-6.31032080425869,-6.22860695554004));
#270=CARTESIAN_POINT('Ctrl Pts',(-17.6803302531555,-1.92260754254934,-10.9453202582646));
#271=CARTESIAN_POINT('Ctrl Pts',(-22.7347508211544,2.63381818703237,-14.5662754731321));
#272=CARTESIAN_POINT('Ctrl Pts',(-28.3008310323369,7.8659221512819,-16.8784885783297));
#273=CARTESIAN_POINT('Ctrl Pts',(-34.0764607507274,13.6822604154418,-16.8052669124404));
#274=CARTESIAN_POINT('Ctrl Pts',(-38.2737088605619,18.5778410801093,-14.1057110509281));
#275=CARTESIAN_POINT('Ctrl Pts',(-40.5651447239819,21.9589458041002,-10.7734658624023));
#276=CARTESIAN_POINT('Ctrl Pts',(-42.0398866853616,24.9034573098817,-6.85240737788793));
#277=CARTESIAN_POINT('Ctrl Pts',(-42.1610237504311,27.6179901251061,-1.22673613658414));
#278=CARTESIAN_POINT('Ctrl Pts',(-39.4025035783186,29.1319690071259,5.39155745508327));
#279=CARTESIAN_POINT('Ctrl Pts',(-34.1794921590538,29.0703476126118,10.6977199678024));
#280=CARTESIAN_POINT('Ctrl Pts',(-27.2682394731935,27.8073691435607,13.7311757500907));
#281=CARTESIAN_POINT('Ctrl Pts',(-19.4840376813692,25.7796748323573,13.9134987347295));
#282=CARTESIAN_POINT('Ctrl Pts',(-12.0241388697966,23.5179873657935,11.3294346588458));
#283=CARTESIAN_POINT('Ctrl Pts',(-5.17687412303755,21.2753759990662,7.09994291369103));
#284=CARTESIAN_POINT('Ctrl Pts',(3.04503507887121,18.4401976286287,0.6658242051541));
#285=CARTESIAN_POINT('Ctrl Pts',(11.2946863161103,15.4138664464946,-6.72158819290293));
#286=CARTESIAN_POINT('Ctrl Pts',(19.7727495360101,12.096611211286,-12.6768062382975));
#287=CARTESIAN_POINT('Ctrl Pts',(26.2610870970777,9.42530682328864,-15.9007238854652));
#288=CARTESIAN_POINT('Ctrl Pts',(32.7876432495558,6.56111214539721,-17.4446818472315));
#289=CARTESIAN_POINT('Ctrl Pts',(39.766997635389,3.21379750956593,-17.0211330714128));
#290=CARTESIAN_POINT('Ctrl Pts',(46.4518245197129,-0.540805552212727,-13.8307186428242));
#291=CARTESIAN_POINT('Ctrl Pts',(51.378625439801,-4.47367333317843,-7.59135641189638));
#292=CARTESIAN_POINT('Ctrl Pts',(52.761139837681,-7.7042916027367,-0.328773465494316));
#293=CARTESIAN_POINT('Ctrl Pts',(51.1017936124348,-10.1507819998024,6.35838250283096));
#294=CARTESIAN_POINT('Ctrl Pts',(47.5454370119581,-11.9220064480041,11.7115236289185));
#295=CARTESIAN_POINT('Ctrl Pts',(42.2972764147775,-13.2898423280641,15.8337697264023));
#296=CARTESIAN_POINT('Ctrl Pts',(34.7407740645681,-14.472922257651,18.7089968401779));
#297=CARTESIAN_POINT('Ctrl Pts',(24.9308917761192,-15.3369212944733,18.6769225850603));
#298=CARTESIAN_POINT('Ctrl Pts',(15.830560470942,-15.7643427797692,15.0156282937032));
#299=CARTESIAN_POINT('Ctrl Pts',(5.39423541744238,-16.0529278161311,8.51144951673316));
#300=CARTESIAN_POINT('Ctrl Pts',(-2.039958151363,-16.0861008441327,2.20753566102954));
#301=CARTESIAN_POINT('Ctrl Pts',(-10.1128733608396,-15.9813949805061,-3.98791063171497));
#302=CARTESIAN_POINT('Ctrl Pts',(-16.4899097942867,-15.8248985162201,-8.41648056466447));
#303=CARTESIAN_POINT('Ctrl Pts',(-24.970916588077,-15.4186879953962,-12.1906565626767));
#304=CARTESIAN_POINT('Ctrl Pts',(-31.3549624334218,-14.8604690327961,-12.5612854116033));
#305=CARTESIAN_POINT('Ctrl Pts',(-36.4870985516807,-14.1853209730026,-11.5097185623021));
#306=CARTESIAN_POINT('Ctrl Pts',(-41.1039069282284,-13.3558794337157,-9.40782307908249));
#307=CARTESIAN_POINT('Ctrl Pts',(-45.5380461535311,-11.7656299136821,-4.51297041464799));
#308=CARTESIAN_POINT('Ctrl Pts',(-46.6093576031641,-10.1105366037806,0.0650279201079639));
#309=CARTESIAN_POINT('Ctrl Pts',(-46.3611436896501,-8.75890941921799,3.25033734471178));
#310=CARTESIAN_POINT('Ctrl Pts',(-45.9017847955649,-7.8039853505813,5.34884093752236));
#311=CARTESIAN_POINT('Ctrl Pts',(-44.0911475484739,-5.83678997701524,9.05812742977745));
#312=CARTESIAN_POINT('Ctrl Pts',(-40.9875467090543,-3.75619656669101,11.8028232036385));
#313=CARTESIAN_POINT('Ctrl Pts',(-36.5180144958511,-1.25299345932029,13.6767518693325));
#314=CARTESIAN_POINT('Ctrl Pts',(-31.422169810502,1.32525985948864,14.473650524201));
#315=CARTESIAN_POINT('Ctrl Pts',(-23.5630472199401,4.91807016082125,12.5517884518137));
#316=CARTESIAN_POINT('Ctrl Pts',(-16.8647592756658,7.78038265273643,8.34818677948858));
#317=CARTESIAN_POINT('Ctrl Pts',(-10.8607325947612,10.2323193806664,3.72445901272523));
#318=CARTESIAN_POINT('Ctrl Pts',(-7.83645683320598,11.4189511029911,1.14076470848248));
#319=CARTESIAN_POINT('Ctrl Pts',(-5.54907319041906,12.2823040489664,-0.813800771475552));
#320=CARTESIAN_POINT('Ctrl Pts',(-20.0963305048052,47.6709456840011,1.04893747544903));
#321=CARTESIAN_POINT('Ctrl Pts',(-19.0226176999361,48.0555013383716,3.86340210856136));
#322=CARTESIAN_POINT('Ctrl Pts',(-16.3036246586121,47.3101533774356,9.53828087143851));
#323=CARTESIAN_POINT('Ctrl Pts',(-10.9002647298217,42.142586021011,16.0603164141282));
#324=CARTESIAN_POINT('Ctrl Pts',(-4.76195909435187,34.1956618332417,18.9502887149472));
#325=CARTESIAN_POINT('Ctrl Pts',(1.38053798215394,25.0881634299427,17.3051727603783));
#326=CARTESIAN_POINT('Ctrl Pts',(7.00105646792055,16.1042882922777,11.7672975229269));
#327=CARTESIAN_POINT('Ctrl Pts',(12.1349031280732,7.45891696791938,4.02462036287867));
#328=CARTESIAN_POINT('Ctrl Pts',(16.137675975078,0.408118037428814,-2.61551472430431));
#329=CARTESIAN_POINT('Ctrl Pts',(19.1980021322753,-5.18480262489713,-7.03380230182034));
#330=CARTESIAN_POINT('Ctrl Pts',(21.9775858255309,-10.4161640023163,-10.396784126393));
#331=CARTESIAN_POINT('Ctrl Pts',(25.0923211000952,-16.57116234346,-12.7306765930309));
#332=CARTESIAN_POINT('Ctrl Pts',(28.1717161502761,-23.3025839311511,-12.6155468008663));
#333=CARTESIAN_POINT('Ctrl Pts',(30.1775182990403,-28.7086353693689,-10.1777134642408));
#334=CARTESIAN_POINT('Ctrl Pts',(31.0226439933008,-32.5692899118238,-6.59172411645098));
#335=CARTESIAN_POINT('Ctrl Pts',(30.8842172950002,-34.9947034867266,-2.73239065592981));
#336=CARTESIAN_POINT('Ctrl Pts',(29.7850624181617,-36.2640967332009,1.34671598461293));
#337=CARTESIAN_POINT('Ctrl Pts',(27.7079622529416,-36.376573567484,5.32727175687585));
#338=CARTESIAN_POINT('Ctrl Pts',(24.7028507886071,-35.3813069752632,8.82906201989108));
#339=CARTESIAN_POINT('Ctrl Pts',(20.9458540747632,-33.4250775386834,11.4175055582961));
#340=CARTESIAN_POINT('Ctrl Pts',(16.6658858316216,-30.7350671787452,12.7426251616178));
#341=CARTESIAN_POINT('Ctrl Pts',(12.0586834314366,-27.5267116017924,12.5849597672759));
#342=CARTESIAN_POINT('Ctrl Pts',(7.24235542834084,-23.9553581308682,10.8325759139643));
#343=CARTESIAN_POINT('Ctrl Pts',(0.656835260646613,-18.851118127035,6.47856908991814));
#344=CARTESIAN_POINT('Ctrl Pts',(-5.99609986112565,-13.4361151932187,-0.323177389045641));
#345=CARTESIAN_POINT('Ctrl Pts',(-12.714575727095,-7.74769516433997,-7.38729363044141));
#346=CARTESIAN_POINT('Ctrl Pts',(-17.8379609156475,-3.28509758494188,-12.186407123389));
#347=CARTESIAN_POINT('Ctrl Pts',(-23.0624792985857,1.41594490321954,-15.9260752714509));
#348=CARTESIAN_POINT('Ctrl Pts',(-28.9156778677789,6.90732158551277,-18.3592100367629));
#349=CARTESIAN_POINT('Ctrl Pts',(-35.1010605566231,13.124260487029,-18.2864384280796));
#350=CARTESIAN_POINT('Ctrl Pts',(-39.6509576894722,18.4179871504295,-15.365698264014));
#351=CARTESIAN_POINT('Ctrl Pts',(-42.1553614228411,22.1044454028085,-11.7245850665529));
#352=CARTESIAN_POINT('Ctrl Pts',(-43.7808278840142,25.33696392681,-7.41222562627094));
#353=CARTESIAN_POINT('Ctrl Pts',(-43.9250193247405,28.3568360807698,-1.14271936445236));
#354=CARTESIAN_POINT('Ctrl Pts',(-40.8372912613756,30.0381676258811,6.26448883722225));
#355=CARTESIAN_POINT('Ctrl Pts',(-35.0532989980615,29.9540652569427,12.1307916984465));
#356=CARTESIAN_POINT('Ctrl Pts',(-27.4660915564723,28.5562294742068,15.4610214820197));
#357=CARTESIAN_POINT('Ctrl Pts',(-19.0060777103257,26.3390941141399,15.645326593581));
#358=CARTESIAN_POINT('Ctrl Pts',(-11.1093046814173,23.9332870071011,12.8912208593133));
#359=CARTESIAN_POINT('Ctrl Pts',(-4.04182394445532,21.60915394834,8.52111628665814));
#360=CARTESIAN_POINT('Ctrl Pts',(4.30889585001846,18.7188817986155,1.98289532176007));
#361=CARTESIAN_POINT('Ctrl Pts',(12.5347236822015,15.6895312555798,-5.3783876576291));
#362=CARTESIAN_POINT('Ctrl Pts',(20.8254354926814,12.4349934940789,-11.1921990468161));
#363=CARTESIAN_POINT('Ctrl Pts',(27.0622412569581,9.85918877907467,-14.2825287106497));
#364=CARTESIAN_POINT('Ctrl Pts',(33.225768055454,7.14627965324167,-15.7307989688251));
#365=CARTESIAN_POINT('Ctrl Pts',(39.7409506957698,4.01263856064693,-15.3277075998434));
#366=CARTESIAN_POINT('Ctrl Pts',(45.9637808421057,0.508854743508652,-12.3524461346079));
#367=CARTESIAN_POINT('Ctrl Pts',(50.5540353460942,-3.1675197288423,-6.5269855374549));
#368=CARTESIAN_POINT('Ctrl Pts',(51.8417065858297,-6.19121700152625,0.26043468029561));
#369=CARTESIAN_POINT('Ctrl Pts',(50.2768951500827,-8.50014117740987,6.55954429304099));
#370=CARTESIAN_POINT('Ctrl Pts',(46.8847627484131,-10.1921379062876,11.6620526640884));
#371=CARTESIAN_POINT('Ctrl Pts',(41.8272401952595,-11.5119460095149,15.6310219809398));
#372=CARTESIAN_POINT('Ctrl Pts',(34.4849573379375,-12.6633598984936,18.4194208114178));
#373=CARTESIAN_POINT('Ctrl Pts',(24.8769616188928,-13.51186853121,18.3870898755077));
#374=CARTESIAN_POINT('Ctrl Pts',(15.8874186739618,-13.9358320454322,14.7651019605781));
#375=CARTESIAN_POINT('Ctrl Pts',(5.53170076167845,-14.2237479552636,8.29852379985921));
#376=CARTESIAN_POINT('Ctrl Pts',(-1.87642010351124,-14.2583158956554,2.00725367537527));
#377=CARTESIAN_POINT('Ctrl Pts',(-9.93442045308524,-14.1550162751705,-4.18927735248563));
#378=CARTESIAN_POINT('Ctrl Pts',(-16.3068304226971,-13.9996510219768,-8.62400502152534));
#379=CARTESIAN_POINT('Ctrl Pts',(-24.797064168904,-13.5944339874203,-12.4146448973752));
#380=CARTESIAN_POINT('Ctrl Pts',(-31.1830819061222,-13.0365994001782,-12.7904706033026));
#381=CARTESIAN_POINT('Ctrl Pts',(-36.2891363229775,-12.3656539765433,-11.7517622174041));
#382=CARTESIAN_POINT('Ctrl Pts',(-40.8593433199608,-11.5448192874256,-9.67514814517738));
#383=CARTESIAN_POINT('Ctrl Pts',(-45.1799302717023,-9.98971489419453,-4.89764219301071));
#384=CARTESIAN_POINT('Ctrl Pts',(-46.1955607617458,-8.40814835328672,-0.534451610209041));
#385=CARTESIAN_POINT('Ctrl Pts',(-45.9671593689174,-7.12974126759317,2.47336244383004));
#386=CARTESIAN_POINT('Ctrl Pts',(-45.5372745988479,-6.22901579101162,4.45012390747078));
#387=CARTESIAN_POINT('Ctrl Pts',(-43.8428505716527,-4.37812325885148,7.93460189745382));
#388=CARTESIAN_POINT('Ctrl Pts',(-40.9409936076186,-2.42635216672192,10.5066196044033));
#389=CARTESIAN_POINT('Ctrl Pts',(-36.7657401561571,-0.0804571109442928,
12.2625041692086));
#390=CARTESIAN_POINT('Ctrl Pts',(-32.0049263067148,2.3362169677149,13.0138955525558));
#391=CARTESIAN_POINT('Ctrl Pts',(-24.5591327265368,5.75114243827822,11.2175467988814));
#392=CARTESIAN_POINT('Ctrl Pts',(-18.0287231667955,8.55076781757391,7.13885955312095));
#393=CARTESIAN_POINT('Ctrl Pts',(-12.1023280315782,10.9774439602957,2.5779875580841));
#394=CARTESIAN_POINT('Ctrl Pts',(-9.08969651076165,12.1631826080459,0.00779697370557164));
#395=CARTESIAN_POINT('Ctrl Pts',(-6.79776542494501,13.03070049864,-1.94904185143051));
#396=CARTESIAN_POINT('Ctrl Pts',(-19.7658087920939,45.225500580084,1.26270458652858));
#397=CARTESIAN_POINT('Ctrl Pts',(-18.8350809220916,45.5567527525266,3.688376044714));
#398=CARTESIAN_POINT('Ctrl Pts',(-16.4713433610836,44.923706359215,8.61309462397637));
#399=CARTESIAN_POINT('Ctrl Pts',(-11.6473298710599,40.3349014053719,14.4325219170064));
#400=CARTESIAN_POINT('Ctrl Pts',(-6.07307816288979,33.1390075402864,17.0571826574534));
#401=CARTESIAN_POINT('Ctrl Pts',(-0.371735148457103,24.7104697904966,15.5525179168975));
#402=CARTESIAN_POINT('Ctrl Pts',(5.02888982153147,16.1026979377545,10.2585351189277));
#403=CARTESIAN_POINT('Ctrl Pts',(10.0901988350332,7.60319407050432,2.63404467915122));
#404=CARTESIAN_POINT('Ctrl Pts',(14.1108306313881,0.541964070217738,-4.03487597027278));
#405=CARTESIAN_POINT('Ctrl Pts',(17.2345482103472,-5.15045408206145,-8.54594719947916));
#406=CARTESIAN_POINT('Ctrl Pts',(20.1090155827534,-10.5432618675778,-12.0260251517829));
#407=CARTESIAN_POINT('Ctrl Pts',(23.405379608472,-17.0332233084543,-14.5147130355659));
#408=CARTESIAN_POINT('Ctrl Pts',(26.7458079379491,-24.3041551663712,-14.4104709392621));
#409=CARTESIAN_POINT('Ctrl Pts',(28.9268897569838,-30.1539821466308,-11.7752711035482));
#410=CARTESIAN_POINT('Ctrl Pts',(29.8459589836496,-34.3096542792363,-7.9195618862916));
#411=CARTESIAN_POINT('Ctrl Pts',(29.7061701805736,-36.9084087476717,-3.788937767496));
#412=CARTESIAN_POINT('Ctrl Pts',(28.5462633347788,-38.2557489015739,0.538880759087383));
#413=CARTESIAN_POINT('Ctrl Pts',(26.3846392117106,-38.3727488753443,4.68924204711423));
#414=CARTESIAN_POINT('Ctrl Pts',(23.3142712918951,-37.3561975018621,8.2734144101046));
#415=CARTESIAN_POINT('Ctrl Pts',(19.5319049228185,-35.3877841804657,10.884715041886));
#416=CARTESIAN_POINT('Ctrl Pts',(15.2700337750985,-32.7111868032998,12.2111586353104));
#417=CARTESIAN_POINT('Ctrl Pts',(10.7091992547013,-29.5376500291704,12.063742918848));
#418=CARTESIAN_POINT('Ctrl Pts',(5.93950742137523,-26.0038805859312,10.3400934636029));
#419=CARTESIAN_POINT('Ctrl Pts',(-0.609075826972216,-20.9323697188269,6.02945278090161));
#420=CARTESIAN_POINT('Ctrl Pts',(-7.26450270866219,-15.5198525826829,-0.752773677884441));
#421=CARTESIAN_POINT('Ctrl Pts',(-14.0238948847209,-9.80097320312206,-7.84108690825365));
#422=CARTESIAN_POINT('Ctrl Pts',(-19.2028975826375,-5.29312633876235,-12.6795635324889));
#423=CARTESIAN_POINT('Ctrl Pts',(-24.5182890077814,-0.513674245986881,-16.4741971476218));
#424=CARTESIAN_POINT('Ctrl Pts',(-30.524473955988,5.11715325575163,-18.9628737596726));
#425=CARTESIAN_POINT('Ctrl Pts',(-36.9414192748563,11.5615629753523,-18.8849431573019));
#426=CARTESIAN_POINT('Ctrl Pts',(-41.7213222353467,17.1158467036647,-15.817253944949));
#427=CARTESIAN_POINT('Ctrl Pts',(-44.3808372731398,21.0273737462042,-11.9441630139792));
#428=CARTESIAN_POINT('Ctrl Pts',(-46.1224742399442,24.4869763342026,-7.31869604632088));
#429=CARTESIAN_POINT('Ctrl Pts',(-46.2876830898429,27.7746198663289,-0.485978860743436));
#430=CARTESIAN_POINT('Ctrl Pts',(-42.8806956759206,29.6191261009098,7.68838902513583));
#431=CARTESIAN_POINT('Ctrl Pts',(-36.4942587904126,29.5110936082116,14.1564848713169));
#432=CARTESIAN_POINT('Ctrl Pts',(-28.115097364154,27.9546903610802,17.8326606989485));
#433=CARTESIAN_POINT('Ctrl Pts',(-18.8134795147266,25.5009376273089,18.0139236546277));
#434=CARTESIAN_POINT('Ctrl Pts',(-10.3592314832405,22.9103475103015,15.034549475889));
#435=CARTESIAN_POINT('Ctrl Pts',(-3.01445684201741,20.4825346223524,10.4779956775812));
#436=CARTESIAN_POINT('Ctrl Pts',(5.48962534614472,17.5246910433487,3.80368980465641));
#437=CARTESIAN_POINT('Ctrl Pts',(13.6622602047774,14.4985159344619,-3.51486396244331));
#438=CARTESIAN_POINT('Ctrl Pts',(21.6647641569168,11.3419374455644,-9.12326140395212));
#439=CARTESIAN_POINT('Ctrl Pts',(27.5226647365549,8.91079395310378,-12.0200712222902));
#440=CARTESIAN_POINT('Ctrl Pts',(33.1365981426365,6.42759028530611,-13.329919617823));
#441=CARTESIAN_POINT('Ctrl Pts',(38.9314027027937,3.62652506793956,-12.9648811754931));
#442=CARTESIAN_POINT('Ctrl Pts',(44.3987657277044,0.533160591930675,-10.3434684689344));
#443=CARTESIAN_POINT('Ctrl Pts',(48.3843509033054,-2.68248171484633,-5.26178092093401));
#444=CARTESIAN_POINT('Ctrl Pts',(49.4804617881748,-5.29222899590638,0.57545944902862));
#445=CARTESIAN_POINT('Ctrl Pts',(48.1294325116145,-7.2974460087576,6.01531357449924));
#446=CARTESIAN_POINT('Ctrl Pts',(45.1489506552535,-8.79472511627107,10.500269654193));
#447=CARTESIAN_POINT('Ctrl Pts',(40.6315629109062,-9.98152491961002,14.045012864536));
#448=CARTESIAN_POINT('Ctrl Pts',(33.99362849694,-11.0318249780167,16.5605867959415));
#449=CARTESIAN_POINT('Ctrl Pts',(25.1797176943995,-11.8220740439178,16.5461184132396));
#450=CARTESIAN_POINT('Ctrl Pts',(16.6678873206082,-12.2350208304153,13.1306927308899));
#451=CARTESIAN_POINT('Ctrl Pts',(6.63160427459004,-12.5251124802248,6.85723002702909));
#452=CARTESIAN_POINT('Ctrl Pts',(-0.717277928834059,-12.5702315865978,0.615563757630816));
#453=CARTESIAN_POINT('Ctrl Pts',(-8.83901426479308,-12.4756047627276,-5.64414171207529));
#454=CARTESIAN_POINT('Ctrl Pts',(-15.3284516745122,-12.3256951138374,-10.1721222859306));
#455=CARTESIAN_POINT('Ctrl Pts',(-24.1970236626162,-11.9159707634551,-14.1683014425963));
#456=CARTESIAN_POINT('Ctrl Pts',(-31.0814763980497,-11.3258400722339,-14.597852858886));
#457=CARTESIAN_POINT('Ctrl Pts',(-36.6087658959195,-10.6085122981727,-13.4790672142482));
#458=CARTESIAN_POINT('Ctrl Pts',(-41.5584814794216,-9.72790347718616,-11.2378412387475));
#459=CARTESIAN_POINT('Ctrl Pts',(-46.2168961145348,-8.06290550742205,-6.09447313560414));
#460=CARTESIAN_POINT('Ctrl Pts',(-47.3010620504113,-6.37934814471977,-1.4367991097046));
#461=CARTESIAN_POINT('Ctrl Pts',(-47.0670413376919,-5.03778386884756,1.72999368815613));
#462=CARTESIAN_POINT('Ctrl Pts',(-46.6211911752571,-4.09856162939972,3.79651082106819));
#463=CARTESIAN_POINT('Ctrl Pts',(-44.8780017034951,-2.1927894521484,7.39255862254934));
#464=CARTESIAN_POINT('Ctrl Pts',(-41.9464679494922,-0.223011881843912,9.98758130919189));
#465=CARTESIAN_POINT('Ctrl Pts',(-37.7832525962031,2.11875350312856,11.7490684793375));
#466=CARTESIAN_POINT('Ctrl Pts',(-33.0700221111074,4.51320366568721,12.4995925441779));
#467=CARTESIAN_POINT('Ctrl Pts',(-25.7208385529007,7.88739777167505,10.7423006880154));
#468=CARTESIAN_POINT('Ctrl Pts',(-19.2230119537072,10.6762482940228,6.70181649106208));
#469=CARTESIAN_POINT('Ctrl Pts',(-13.2984982925857,13.1044561678934,2.15344400479699));
#470=CARTESIAN_POINT('Ctrl Pts',(-10.2765393001027,14.295198474718,-0.41805339510864));
#471=CARTESIAN_POINT('Ctrl Pts',(-7.97116869300046,15.1687025649642,-2.38172495895259));
#472=CARTESIAN_POINT('Ctrl Pts',(-17.3581783387238,43.6068054666733,0.567945924127633));
#473=CARTESIAN_POINT('Ctrl Pts',(-16.5677567329202,43.8911148333222,2.61678056040579));
#474=CARTESIAN_POINT('Ctrl Pts',(-14.572820768365,43.3731838472004,6.76169896784863));
#475=CARTESIAN_POINT('Ctrl Pts',(-10.433178127765,39.4657447337813,11.7476932216381));
#476=CARTESIAN_POINT('Ctrl Pts',(-5.61059179156404,33.2719586597282,14.0214268654006));
#477=CARTESIAN_POINT('Ctrl Pts',(-0.54075457081618,25.8176419312971,12.7306996737755));
#478=CARTESIAN_POINT('Ctrl Pts',(4.54363712412897,17.7547472660374,7.81047394266929));
#479=CARTESIAN_POINT('Ctrl Pts',(9.51378800735143,9.44717731709733,0.362531602110333));
#480=CARTESIAN_POINT('Ctrl Pts',(13.5841610382838,2.33278781658663,-6.36546972579214));
#481=CARTESIAN_POINT('Ctrl Pts',(16.8312447848888,-3.5580862890131,-11.0406118673249));
#482=CARTESIAN_POINT('Ctrl Pts',(19.8840600177227,-9.2581948510927,-14.7246330691337));
#483=CARTESIAN_POINT('Ctrl Pts',(23.5177157830545,-16.3741021796117,-17.484159734098));
#484=CARTESIAN_POINT('Ctrl Pts',(27.362272776025,-24.6916769117294,-17.3870657173508));
#485=CARTESIAN_POINT('Ctrl Pts',(29.9218599828943,-31.5042200329675,-14.3182142128207));
#486=CARTESIAN_POINT('Ctrl Pts',(31.0225840324932,-36.4026562172086,-9.7707259123059));
#487=CARTESIAN_POINT('Ctrl Pts',(30.871937021287,-39.5158597673914,-4.82061089452269));
#488=CARTESIAN_POINT('Ctrl Pts',(29.4792005092102,-41.1409289323242,0.425912053903952));
#489=CARTESIAN_POINT('Ctrl Pts',(26.8948649890788,-41.2680707609319,5.40117195148345));
#490=CARTESIAN_POINT('Ctrl Pts',(23.3046372801356,-40.0648520879643,9.60073023818872));
#491=CARTESIAN_POINT('Ctrl Pts',(18.9631193049983,-37.7929716852593,12.604834701928));
#492=CARTESIAN_POINT('Ctrl Pts',(14.1456177840368,-34.7538693299213,14.1094908011983));
#493=CARTESIAN_POINT('Ctrl Pts',(9.08851350829982,-31.2222096130317,13.9443086919309));
#494=CARTESIAN_POINT('Ctrl Pts',(3.94670173384852,-27.3999869057055,12.0825589815647));
#495=CARTESIAN_POINT('Ctrl Pts',(-2.91167466428394,-22.0727461504086,7.56296158064615));
#496=CARTESIAN_POINT('Ctrl Pts',(-9.66868484434545,-16.5612341508361,0.670900152581101));
#497=CARTESIAN_POINT('Ctrl Pts',(-16.4061075682248,-10.8471299356564,-6.38039418795759));
#498=CARTESIAN_POINT('Ctrl Pts',(-21.4994579866805,-6.40341935784471,-11.1289844651372));
#499=CARTESIAN_POINT('Ctrl Pts',(-26.648033022742,-1.76360963820189,-14.7911143547984));
#500=CARTESIAN_POINT('Ctrl Pts',(-32.3701784304257,3.61299765814151,-17.1440441649802));
#501=CARTESIAN_POINT('Ctrl Pts',(-38.4083615055477,9.6891520659893,-17.0552649267282));
#502=CARTESIAN_POINT('Ctrl Pts',(-42.920691354816,14.9429322032638,-14.1503210349708));
#503=CARTESIAN_POINT('Ctrl Pts',(-45.4492861492508,18.6720588382078,-10.452953241759));
#504=CARTESIAN_POINT('Ctrl Pts',(-47.1107133681174,21.9883244622419,-6.01326309865273));
#505=CARTESIAN_POINT('Ctrl Pts',(-47.2687830412468,25.1742478408951,0.604143147475474));
#506=CARTESIAN_POINT('Ctrl Pts',(-43.9112003205562,26.9947891938471,8.66280190308835));
#507=CARTESIAN_POINT('Ctrl Pts',(-37.4981164616957,26.8857520440946,15.157279417508));
#508=CARTESIAN_POINT('Ctrl Pts',(-28.9599777145724,25.29629229775,18.8989495760048));
#509=CARTESIAN_POINT('Ctrl Pts',(-19.4056647464506,22.7703197132613,19.0703804774943));
#510=CARTESIAN_POINT('Ctrl Pts',(-10.7623724359074,20.1156980257037,16.0016845682383));
#511=CARTESIAN_POINT('Ctrl Pts',(-3.32907615662038,17.6531871806258,11.3708774739839));
#512=CARTESIAN_POINT('Ctrl Pts',(5.20976865228024,14.6767364373752,4.645370165233));
#513=CARTESIAN_POINT('Ctrl Pts',(13.327546672256,11.6631569074277,-2.64395816847935));
#514=CARTESIAN_POINT('Ctrl Pts',(21.1547755338484,8.56822515379207,-8.14387693661279));
#515=CARTESIAN_POINT('Ctrl Pts',(26.7926672485292,6.22227180404324,-10.9392370606275));
#516=CARTESIAN_POINT('Ctrl Pts',(32.0839953600407,3.87511170420332,-12.1774199835894));
#517=CARTESIAN_POINT('Ctrl Pts',(37.4332741304834,1.28113253379756,-11.8444838850822));
#518=CARTESIAN_POINT('Ctrl Pts',(42.3820497852556,-1.52893130672204,-9.47096754541696));
#519=CARTESIAN_POINT('Ctrl Pts',(45.8876145522454,-4.37868586975103,-4.9800166767261));
#520=CARTESIAN_POINT('Ctrl Pts',(46.8092361179786,-6.61219826701972,-0.00594370095269666));
#521=CARTESIAN_POINT('Ctrl Pts',(45.6772942069235,-8.31184097332537,4.56837542891141));
#522=CARTESIAN_POINT('Ctrl Pts',(43.1533309686333,-9.59647411589805,8.37789849242654));
#523=CARTESIAN_POINT('Ctrl Pts',(39.2867939341836,-10.6244941089075,11.4175708201092));
#524=CARTESIAN_POINT('Ctrl Pts',(33.5644551035994,-11.5449861634123,13.5861001375418));
#525=CARTESIAN_POINT('Ctrl Pts',(25.8653442186538,-12.2541089731706,13.6040517277791));
#526=CARTESIAN_POINT('Ctrl Pts',(18.0465031941823,-12.6525298928994,10.5035611514022));
#527=CARTESIAN_POINT('Ctrl Pts',(8.45867794956482,-12.9479352883247,4.52233046751677));
#528=CARTESIAN_POINT('Ctrl Pts',(1.1703058128999,-13.0102250093629,-1.65010722971308));
#529=CARTESIAN_POINT('Ctrl Pts',(-7.1023121507317,-12.9292297020919,-8.0277668712955));
#530=CARTESIAN_POINT('Ctrl Pts',(-13.8260157099195,-12.7872202869976,-12.7210617833981));
#531=CARTESIAN_POINT('Ctrl Pts',(-23.3997298730024,-12.3666659819736,-17.0759968214732));
#532=CARTESIAN_POINT('Ctrl Pts',(-31.2352250708556,-11.7132667109912,-17.5958589374577));
#533=CARTESIAN_POINT('Ctrl Pts',(-37.6172986308327,-10.8990770899481,-16.2987332181281));
#534=CARTESIAN_POINT('Ctrl Pts',(-43.3861663814014,-9.88610665559178,-13.6904112773882));
#535=CARTESIAN_POINT('Ctrl Pts',(-48.9189422586532,-7.94006016647741,-7.61205315307618));
#536=CARTESIAN_POINT('Ctrl Pts',(-50.2465908314666,-5.91217520501584,-1.95703105926769));
#537=CARTESIAN_POINT('Ctrl Pts',(-49.9627381774175,-4.30400618716667,1.86717723083059));
#538=CARTESIAN_POINT('Ctrl Pts',(-49.4273378574075,-3.18276037877222,4.34848309677694));
#539=CARTESIAN_POINT('Ctrl Pts',(-47.3593310054233,-0.939658549809062,8.60712727471796));
#540=CARTESIAN_POINT('Ctrl Pts',(-43.9640701151254,1.32538751852715,11.595866086821));
#541=CARTESIAN_POINT('Ctrl Pts',(-39.2356341394606,3.97396612878597,13.6045603957026));
#542=CARTESIAN_POINT('Ctrl Pts',(-33.9407818683015,6.65070571245033,14.4456160747819));
#543=CARTESIAN_POINT('Ctrl Pts',(-25.9464668428144,10.3045727881374,12.5127911340614));
#544=CARTESIAN_POINT('Ctrl Pts',(-19.1719959193719,13.1996789143012,8.29507850329057));
#545=CARTESIAN_POINT('Ctrl Pts',(-13.0953839541655,15.6815732060519,3.64498567971948));
#546=CARTESIAN_POINT('Ctrl Pts',(-10.030993524184,16.8842319147217,1.04363263033116));
#547=CARTESIAN_POINT('Ctrl Pts',(-7.70916215282577,17.7608045992707,-0.928484618951732));
#548=CARTESIAN_POINT('Ctrl Pts',(-14.7589907168441,44.5355504918165,-0.554224002903967));
#549=CARTESIAN_POINT('Ctrl Pts',(-13.9718256885733,44.8253384178917,1.49158777345375));
#550=CARTESIAN_POINT('Ctrl Pts',(-12.0071841477403,44.3142221659372,5.56959504318783));
#551=CARTESIAN_POINT('Ctrl Pts',(-8.02282775214165,40.5590298640201,10.362499237408));
#552=CARTESIAN_POINT('Ctrl Pts',(-3.45727369603051,34.7096639651161,12.5192892786795));
#553=CARTESIAN_POINT('Ctrl Pts',(1.35690166814515,27.6519973559764,11.326835837577));
#554=CARTESIAN_POINT('Ctrl Pts',(6.31241644206084,19.8149036099173,6.57956154835484));
#555=CARTESIAN_POINT('Ctrl Pts',(11.2565844283425,11.5705976090302,-0.7904718398756));
#556=CARTESIAN_POINT('Ctrl Pts',(15.3673491500991,4.40287762539339,-7.5573918182325));
#557=CARTESIAN_POINT('Ctrl Pts',(18.6919139169615,-1.61550692962079,-12.3256057863744));
#558=CARTESIAN_POINT('Ctrl Pts',(21.8528294416602,-7.50419550870978,-16.1232222655707));
#559=CARTESIAN_POINT('Ctrl Pts',(25.6876622128073,-14.9955436120676,-19.0344160875836));
#560=CARTESIAN_POINT('Ctrl Pts',(29.8466831580459,-23.9685869580531,-18.9336419414597));
#561=CARTESIAN_POINT('Ctrl Pts',(32.6670488582856,-31.446163402519,-15.5624443072768));
#562=CARTESIAN_POINT('Ctrl Pts',(33.9050948655981,-36.9144429448285,-10.4779851312753));
#563=CARTESIAN_POINT('Ctrl Pts',(33.742814795414,-40.459532528819,-4.83408390616599));
#564=CARTESIAN_POINT('Ctrl Pts',(32.1327508443211,-42.3367927011115,1.25866394021155));
#565=CARTESIAN_POINT('Ctrl Pts',(29.1236503163923,-42.4708733229213,7.05692880721664));
#566=CARTESIAN_POINT('Ctrl Pts',(24.9643971285383,-41.0603815080139,11.9235521642478));
#567=CARTESIAN_POINT('Ctrl Pts',(19.9569740803695,-38.4249149648355,15.3890554487899));
#568=CARTESIAN_POINT('Ctrl Pts',(14.4256595437738,-34.9179398702333,17.1136872192486));
#569=CARTESIAN_POINT('Ctrl Pts',(8.69465886337062,-30.8981736591722,16.9136081783279));
#570=CARTESIAN_POINT('Ctrl Pts',(3.03334068031198,-26.6713981575591,14.8448594282856));
#571=CARTESIAN_POINT('Ctrl Pts',(-4.25534957792595,-20.9861517574887,10.0123979851239));
#572=CARTESIAN_POINT('Ctrl Pts',(-11.1351571645536,-15.34882731929,2.9599592158929));
#573=CARTESIAN_POINT('Ctrl Pts',(-17.7959607758957,-9.6773113128057,-4.01609584568664));
#574=CARTESIAN_POINT('Ctrl Pts',(-22.7157355821417,-5.3678750564775,-8.60533985431583));
#575=CARTESIAN_POINT('Ctrl Pts',(-27.546981274476,-0.996512636379977,-12.0361120237349));
#576=CARTESIAN_POINT('Ctrl Pts',(-32.7313327482076,3.8957301513059,-14.1530443049324));
#577=CARTESIAN_POINT('Ctrl Pts',(-38.018937336484,9.23930689936534,-14.0570294311026));
#578=CARTESIAN_POINT('Ctrl Pts',(-41.9212357858099,13.8051804340989,-11.5318222831508));
#579=CARTESIAN_POINT('Ctrl Pts',(-44.1002601866746,17.0363396758904,-8.33264230390013));
#580=CARTESIAN_POINT('Ctrl Pts',(-45.5221147985957,19.9008251523396,-4.50125518883639));
#581=CARTESIAN_POINT('Ctrl Pts',(-45.6465028160251,22.6380537483985,1.17002263482905));
#582=CARTESIAN_POINT('Ctrl Pts',(-42.7349494216863,24.2325724332884,8.16160619190104));
#583=CARTESIAN_POINT('Ctrl Pts',(-37.0133292377852,24.151115778645,13.965226483124));
#584=CARTESIAN_POINT('Ctrl Pts',(-29.2311271426161,22.7114963806007,17.3720854915301));
#585=CARTESIAN_POINT('Ctrl Pts',(-20.3742232971034,20.3800989794773,17.5347742482002));
#586=CARTESIAN_POINT('Ctrl Pts',(-12.1659982402167,17.86794895164,14.6256015189262));
#587=CARTESIAN_POINT('Ctrl Pts',(-4.95633969589468,15.4870010463286,10.1264770275199));
#588=CARTESIAN_POINT('Ctrl Pts',(3.44128892375731,12.56863473056,3.50080290553414));
#589=CARTESIAN_POINT('Ctrl Pts',(11.555184235028,9.56667022580688,-3.80351823541469));
#590=CARTESIAN_POINT('Ctrl Pts',(19.5109324676219,6.43054664662412,-9.41509459639771));
#591=CARTESIAN_POINT('Ctrl Pts',(25.3307796766639,4.01653145807967,-12.3165776248902));
#592=CARTESIAN_POINT('Ctrl Pts',(30.8816161870227,1.56222742995817,-13.6314209791451));
#593=CARTESIAN_POINT('Ctrl Pts',(36.5423325744536,-1.17387978029508,-13.2924678990532));
#594=CARTESIAN_POINT('Ctrl Pts',(41.7549124314126,-4.12598545562288,-10.800272073908));
#595=CARTESIAN_POINT('Ctrl Pts',(45.3896654623284,-7.07411887650017,-6.15081111648801));
#596=CARTESIAN_POINT('Ctrl Pts',(46.3236880295481,-9.33703182034337,-1.10877796951481));
#597=CARTESIAN_POINT('Ctrl Pts',(45.2075382470384,-11.0220332742926,3.42204987309752));
#598=CARTESIAN_POINT('Ctrl Pts',(42.757498787933,-12.2757117731369,7.1319866596508));
#599=CARTESIAN_POINT('Ctrl Pts',(39.0514689882992,-13.2664841452876,10.0538822334314));
#600=CARTESIAN_POINT('Ctrl Pts',(33.6227568422928,-14.1469748718497,12.1182565044132));
#601=CARTESIAN_POINT('Ctrl Pts',(26.3558981637741,-14.8256037615352,12.1563454834636));
#602=CARTESIAN_POINT('Ctrl Pts',(18.8244040364609,-15.2193997940093,9.20018991830486));
#603=CARTESIAN_POINT('Ctrl Pts',(9.41111720234902,-15.5189065562775,3.35138897452543));
#604=CARTESIAN_POINT('Ctrl Pts',(2.12695890002633,-15.5899867646975,-2.79438197055104));
#605=CARTESIAN_POINT('Ctrl Pts',(-6.25735966917154,-15.5156001292236,-9.24326174106902));
#606=CARTESIAN_POINT('Ctrl Pts',(-13.131475530414,-15.3769860314497,-14.0305493171077));
#607=CARTESIAN_POINT('Ctrl Pts',(-23.1281697140445,-14.9484666175565,-18.5855953632048));
#608=CARTESIAN_POINT('Ctrl Pts',(-31.54760942042,-14.2554482276192,-19.1541698710599));
#609=CARTESIAN_POINT('Ctrl Pts',(-38.4889100762748,-13.3762972969714,-17.7309857428355));
#610=CARTESIAN_POINT('Ctrl Pts',(-44.8214148969493,-12.2707180383553,-14.8641527387765));
#611=CARTESIAN_POINT('Ctrl Pts',(-51.0364354952757,-10.1070030052456,-8.06137722007198));
#612=CARTESIAN_POINT('Ctrl Pts',(-52.5844299859933,-7.77369206831384,-1.5198199799596));
#613=CARTESIAN_POINT('Ctrl Pts',(-52.2449695551312,-5.90899904487741,2.93306830723101));
#614=CARTESIAN_POINT('Ctrl Pts',(-51.6171617728788,-4.60720828089748,5.82347281012777));
#615=CARTESIAN_POINT('Ctrl Pts',(-49.2025751598498,-2.00959336214067,10.7738772723482));
#616=CARTESIAN_POINT('Ctrl Pts',(-45.2661852236821,0.600630998940867,14.223949158936));
#617=CARTESIAN_POINT('Ctrl Pts',(-39.8184250614269,3.63665971954353,16.5339116734865));
#618=CARTESIAN_POINT('Ctrl Pts',(-33.7420256370667,6.69150406108783,17.4883770479442));
#619=CARTESIAN_POINT('Ctrl Pts',(-24.8281520797346,10.7424626565409,15.2892961792822));
#620=CARTESIAN_POINT('Ctrl Pts',(-17.6706732250619,13.7824769646151,10.8047235674133));
#621=CARTESIAN_POINT('Ctrl Pts',(-11.4023144239495,16.3293750669894,6.01270848828066));
#622=CARTESIAN_POINT('Ctrl Pts',(-8.29674261888094,17.5406507436676,3.37582243223157));
#623=CARTESIAN_POINT('Ctrl Pts',(-5.9705200050866,18.4138581920017,1.40137663179289));
#624=CARTESIAN_POINT('Ctrl Pts',(-13.9215125964769,47.3087378717621,-1.25980157426383));
#625=CARTESIAN_POINT('Ctrl Pts',(-12.9979362815975,47.6523610596571,1.15952779297984));
#626=CARTESIAN_POINT('Ctrl Pts',(-10.7037163776133,47.0356489055556,5.93184746637072));
#627=CARTESIAN_POINT('Ctrl Pts',(-6.22949451942297,42.7897959394577,11.3166227237142));
#628=CARTESIAN_POINT('Ctrl Pts',(-1.23403574109017,36.3690953520155,13.6774990254379));
#629=CARTESIAN_POINT('Ctrl Pts',(3.89199921244612,28.8329285800923,12.3934239284337));
#630=CARTESIAN_POINT('Ctrl Pts',(9.00238909818698,20.7334032177788,7.48798171697353));
#631=CARTESIAN_POINT('Ctrl Pts',(14.0050305675891,12.3764671662394,0.0386361094070103));
#632=CARTESIAN_POINT('Ctrl Pts',(18.1165211836564,5.19515260769993,-6.71782783428193));
#633=CARTESIAN_POINT('Ctrl Pts',(21.4144290130685,-0.783993654308822,-11.4380200811878));
#634=CARTESIAN_POINT('Ctrl Pts',(24.5319369820108,-6.6008618874366,-15.173315914631));
#635=CARTESIAN_POINT('Ctrl Pts',(28.2809863999359,-13.9358788390083,-18.0027920390304));
#636=CARTESIAN_POINT('Ctrl Pts',(32.3282497576933,-22.6803254328501,-17.8899902193985));
#637=CARTESIAN_POINT('Ctrl Pts',(35.0956270049834,-30.025706009097,-14.5747333557622));
#638=CARTESIAN_POINT('Ctrl Pts',(36.3234671368826,-35.4629074173056,-9.51155171078587));
#639=CARTESIAN_POINT('Ctrl Pts',(36.1573972270342,-39.0329212399735,-3.82073176513441));
#640=CARTESIAN_POINT('Ctrl Pts',(34.5091276599928,-40.9472440621237,2.4089693810358));
#641=CARTESIAN_POINT('Ctrl Pts',(31.3925463918464,-41.0800062919358,8.40967920099034));
#642=CARTESIAN_POINT('Ctrl Pts',(27.0429921068398,-39.5977201548969,13.4936558393922));
#643=CARTESIAN_POINT('Ctrl Pts',(21.7636713681113,-36.8121271247245,17.1423933143783));
#644=CARTESIAN_POINT('Ctrl Pts',(15.8971934296459,-33.0839171563877,18.9635665308709));
#645=CARTESIAN_POINT('Ctrl Pts',(9.82151447796116,-28.8132679364735,18.7379613430606));
#646=CARTESIAN_POINT('Ctrl Pts',(3.88399534071175,-24.3701537902876,16.5492501679185));
#647=CARTESIAN_POINT('Ctrl Pts',(-3.63186454784042,-18.4939579767517,11.5355828718174));
#648=CARTESIAN_POINT('Ctrl Pts',(-10.5637476148158,-12.7983492345231,4.392912157835));
#649=CARTESIAN_POINT('Ctrl Pts',(-17.1509660199898,-7.17517288856158,-2.52630186804293));
#650=CARTESIAN_POINT('Ctrl Pts',(-21.9398527498421,-2.96911836632856,-7.00662759423135));
#651=CARTESIAN_POINT('Ctrl Pts',(-26.5421135476962,1.20705265109768,-10.2813366389117));
#652=CARTESIAN_POINT('Ctrl Pts',(-31.3395426983193,5.74922944806323,-12.239576891799));
#653=CARTESIAN_POINT('Ctrl Pts',(-36.0695992723844,10.5472210191962,-12.1453273386467));
#654=CARTESIAN_POINT('Ctrl Pts',(-39.4784472709798,14.5555116054186,-9.93092312341305));
#655=CARTESIAN_POINT('Ctrl Pts',(-41.3522479564975,17.3478888850141,-7.17734029391385));
#656=CARTESIAN_POINT('Ctrl Pts',(-42.5553811140871,19.7921660078363,-3.91885764725005));
#657=CARTESIAN_POINT('Ctrl Pts',(-42.644605481367,22.0714391437205,0.787949210115098));
#658=CARTESIAN_POINT('Ctrl Pts',(-40.2396702164293,23.4079421934764,6.56438747451711));
#659=CARTESIAN_POINT('Ctrl Pts',(-35.4070916571066,23.3618838963177,11.4799334147395));
#660=CARTESIAN_POINT('Ctrl Pts',(-28.7255426617873,22.1419904567503,14.4040443533938));
#661=CARTESIAN_POINT('Ctrl Pts',(-20.9909921330628,20.125478732777,14.5657799535716));
#662=CARTESIAN_POINT('Ctrl Pts',(-13.5142426740572,17.8550120411779,11.9449298053759));
#663=CARTESIAN_POINT('Ctrl Pts',(-6.67167982763967,15.6104019942513,7.68429380253907));
#664=CARTESIAN_POINT('Ctrl Pts',(1.51513022840769,12.7830776041601,1.23433912517361));
#665=CARTESIAN_POINT('Ctrl Pts',(9.67871321843961,9.78317272919298,-6.11787660129191));
#666=CARTESIAN_POINT('Ctrl Pts',(17.9697451298281,6.53418354061776,-11.9772824471754));
#667=CARTESIAN_POINT('Ctrl Pts',(24.236175431366,3.95028195185463,-15.1126584064444));
#668=CARTESIAN_POINT('Ctrl Pts',(30.4327914176448,1.22662643652387,-16.5950739008702));
#669=CARTESIAN_POINT('Ctrl Pts',(36.9271082630786,-1.89360781339123,-16.2166895653507));
#670=CARTESIAN_POINT('Ctrl Pts',(42.9861038640443,-5.30509769715681,-13.3299696157838));
#671=CARTESIAN_POINT('Ctrl Pts',(47.2616698319791,-8.74150259479767,-7.89243980198135));
#672=CARTESIAN_POINT('Ctrl Pts',(48.3858869270462,-11.4168825246961,-1.90342476702476));
#673=CARTESIAN_POINT('Ctrl Pts',(47.0705039044957,-13.3884806703373,3.43719612228418));
#674=CARTESIAN_POINT('Ctrl Pts',(44.2563022052378,-14.8161810213468,7.6983929912943));
#675=CARTESIAN_POINT('Ctrl Pts',(40.1005171397045,-15.9187872654213,10.9773190545497));
#676=CARTESIAN_POINT('Ctrl Pts',(34.1230519540832,-16.8790323523098,13.2585253969504));
#677=CARTESIAN_POINT('Ctrl Pts',(26.2822742874716,-17.6003799803144,13.2885665407796));
#678=CARTESIAN_POINT('Ctrl Pts',(18.4175781268755,-18.0027864422556,10.1974701306683));
#679=CARTESIAN_POINT('Ctrl Pts',(8.77383428189496,-18.3020381993798,4.22144430126818));
#680=CARTESIAN_POINT('Ctrl Pts',(1.43443982976631,-18.366871143019,-1.96029229379621));
#681=CARTESIAN_POINT('Ctrl Pts',(-6.93819083184113,-18.2870710311255,-8.37998405506968));
#682=CARTESIAN_POINT('Ctrl Pts',(-13.7662207864732,-18.144730250847,-13.1191960168297));
#683=CARTESIAN_POINT('Ctrl Pts',(-23.5861206026619,-17.7170360607971,-17.565118195444));
#684=CARTESIAN_POINT('Ctrl Pts',(-31.7843665984337,-17.0376175703121,-18.1037339722131));
#685=CARTESIAN_POINT('Ctrl Pts',(-38.5684446004444,-16.1742790655097,-16.7016474977733));
#686=CARTESIAN_POINT('Ctrl Pts',(-44.7856536541777,-15.0852318140485,-13.8787374754256));
#687=CARTESIAN_POINT('Ctrl Pts',(-50.9783266775557,-12.93070482161,-7.10652874886789));
#688=CARTESIAN_POINT('Ctrl Pts',(-52.5581966597902,-10.5600336848406,-0.454838889552872));
#689=CARTESIAN_POINT('Ctrl Pts',(-52.1993421510338,-8.64199686053123,4.12474253917788));
#690=CARTESIAN_POINT('Ctrl Pts',(-51.5457977581049,-7.29695874481218,7.11073919967812));
#691=CARTESIAN_POINT('Ctrl Pts',(-49.0238470033159,-4.59441124975218,12.2615653382222));
#692=CARTESIAN_POINT('Ctrl Pts',(-44.8754583174382,-1.84815981041647,15.8944512693302));
#693=CARTESIAN_POINT('Ctrl Pts',(-39.0957071839765,1.36439092114048,18.3331320385952));
#694=CARTESIAN_POINT('Ctrl Pts',(-32.6255828209039,4.60890783218922,19.3388237858302));
#695=CARTESIAN_POINT('Ctrl Pts',(-23.2092706319322,8.87584076664873,16.9833943125164));
#696=CARTESIAN_POINT('Ctrl Pts',(-15.850091618991,11.9906409559761,12.3431523454391));
#697=CARTESIAN_POINT('Ctrl Pts',(-9.49456765602245,14.5649860502119,7.47586152554154));
#698=CARTESIAN_POINT('Ctrl Pts',(-6.37978721920445,15.7752145948307,4.8244468859574));
#699=CARTESIAN_POINT('Ctrl Pts',(-4.06456581184996,16.6411506687279,2.85555138257132));
#700=CARTESIAN_POINT('Ctrl Pts',(-15.2202412243204,49.4103720074748,-1.0558552304424));
#701=CARTESIAN_POINT('Ctrl Pts',(-14.1525500289303,49.8052423532116,1.75318073360264));
#702=CARTESIAN_POINT('Ctrl Pts',(-11.4910654649571,49.0730833434054,7.30146901923158));
#703=CARTESIAN_POINT('Ctrl Pts',(-6.3794280330454,44.1914917696537,13.460816247973));
#704=CARTESIAN_POINT('Ctrl Pts',(-0.723905690454151,36.8912825913506,16.1308456796046));
#705=CARTESIAN_POINT('Ctrl Pts',(4.93857702876383,28.5284176340885,14.6699850857226));
#706=CARTESIAN_POINT('Ctrl Pts',(10.3170295493694,19.9685452685463,9.45654760082904));
#707=CARTESIAN_POINT('Ctrl Pts',(15.4020020039771,11.4420596173471,1.86006765439147));
#708=CARTESIAN_POINT('Ctrl Pts',(19.4805334230408,4.29123058690262,-4.8531194150943));
#709=CARTESIAN_POINT('Ctrl Pts',(22.6862458905417,-1.54095740182869,-9.4460424751591));
#710=CARTESIAN_POINT('Ctrl Pts',(25.6686763474368,-7.1261899122303,-13.0221677974599));
#711=CARTESIAN_POINT('Ctrl Pts',(29.1609922460534,-13.9858330843117,-15.6407010450151));
#712=CARTESIAN_POINT('Ctrl Pts',(32.830457355955,-21.9471885935773,-15.5186724146568));
#713=CARTESIAN_POINT('Ctrl Pts',(35.3256600854353,-28.6011948780894,-12.5136001143091));
#714=CARTESIAN_POINT('Ctrl Pts',(36.428532082072,-33.5311786273881,-7.92011109845785));
#715=CARTESIAN_POINT('Ctrl Pts',(36.2684065031672,-36.7670535218696,-2.75910138786344));
#716=CARTESIAN_POINT('Ctrl Pts',(34.7615133108385,-38.5096967177774,2.90781990684163));
#717=CARTESIAN_POINT('Ctrl Pts',(31.887582325574,-38.6352915097073,8.43250428084861));
#718=CARTESIAN_POINT('Ctrl Pts',(27.8149697768555,-37.2512154900259,13.185843091629));
#719=CARTESIAN_POINT('Ctrl Pts',(22.8087120519572,-34.6128940354474,16.6399509538313));
#720=CARTESIAN_POINT('Ctrl Pts',(17.1895902038094,-31.0451187511533,18.3777671003699));
#721=CARTESIAN_POINT('Ctrl Pts',(11.3181117054574,-26.9210257039425,18.1545837692134));
#722=CARTESIAN_POINT('Ctrl Pts',(5.52716785608591,-22.5906932299705,16.0137748635992));
#723=CARTESIAN_POINT('Ctrl Pts',(-1.86564970141216,-16.8147922912245,11.0726974504807));
#724=CARTESIAN_POINT('Ctrl Pts',(-8.74887106416399,-11.1637873383054,3.97010259823106));
#725=CARTESIAN_POINT('Ctrl Pts',(-15.3236279154297,-5.55523144826202,-2.95285033137351));
#726=CARTESIAN_POINT('Ctrl Pts',(-20.1215790175333,-1.34431143414219,-7.45296575396244));
#727=CARTESIAN_POINT('Ctrl Pts',(-24.750667248665,2.85301992769572,-10.7585110575176));
#728=CARTESIAN_POINT('Ctrl Pts',(-29.5952714055104,7.43614519254821,-12.7486111516939));
#729=CARTESIAN_POINT('Ctrl Pts',(-34.37256470426,12.2788000869832,-12.6622086178011));
#730=CARTESIAN_POINT('Ctrl Pts',(-37.7780419684059,16.2822285974263,-10.4534756758593));
#731=CARTESIAN_POINT('Ctrl Pts',(-39.6266748441977,19.0346400304741,-7.74682597505));
#732=CARTESIAN_POINT('Ctrl Pts',(-40.802538143986,21.4195474834885,-4.57564521799562));
#733=CARTESIAN_POINT('Ctrl Pts',(-40.8835139891303,23.5982818912422,-0.0800093593362328));
#734=CARTESIAN_POINT('Ctrl Pts',(-38.6322557280526,24.8555696354387,5.32544021009015));
#735=CARTESIAN_POINT('Ctrl Pts',(-34.1456255264688,24.8233803909905,9.89577016180663));
#736=CARTESIAN_POINT('Ctrl Pts',(-27.9750510903402,23.7065039922119,12.5986997409034));
#737=CARTESIAN_POINT('Ctrl Pts',(-20.8232157661328,21.8544379624696,12.7668758680605));
#738=CARTESIAN_POINT('Ctrl Pts',(-13.7424068411717,19.7158750457886,10.3121539859794));
#739=CARTESIAN_POINT('Ctrl Pts',(-7.09401023388755,17.5446530453375,6.18914982131794));
#740=CARTESIAN_POINT('Ctrl Pts',(0.991883666179604,14.7633346805134,-0.161752231511352));
#741=CARTESIAN_POINT('Ctrl Pts',(9.21035619187832,11.7558503679397,-7.5511275800163));
#742=CARTESIAN_POINT('Ctrl Pts',(17.7419672397698,8.42414886422578,-13.5744871795987));
#743=CARTESIAN_POINT('Ctrl Pts',(24.319879890266,5.72079095136508,-16.8639737308596));
#744=CARTESIAN_POINT('Ctrl Pts',(30.969901325153,2.80709696749377,-18.4562511717904));
#745=CARTESIAN_POINT('Ctrl Pts',(38.0691216246546,-0.593039477693757,-18.0419673001794));
#746=CARTESIAN_POINT('Ctrl Pts',(44.7859092063949,-4.36256844016697,-14.8448704959166));
#747=CARTESIAN_POINT('Ctrl Pts',(49.6182364967741,-8.22328987227897,-8.72222552549546));
#748=CARTESIAN_POINT('Ctrl Pts',(50.9291895740105,-11.3018792499471,-1.80782970931906));
#749=CARTESIAN_POINT('Ctrl Pts',(49.3939388479485,-13.582890808482,4.40880630002663));
#750=CARTESIAN_POINT('Ctrl Pts',(46.1405588038718,-15.2167940859384,9.32445877445533));
#751=CARTESIAN_POINT('Ctrl Pts',(41.3845296962107,-16.4664460350438,13.0718182692841));
#752=CARTESIAN_POINT('Ctrl Pts',(34.5934345202706,-17.5427216560952,15.6646070831395));
#753=CARTESIAN_POINT('Ctrl Pts',(25.7971482178137,-18.3338316327709,15.6696647711867));
#754=CARTESIAN_POINT('Ctrl Pts',(17.347308686365,-18.7490547369458,12.3184482791764));
#755=CARTESIAN_POINT('Ctrl Pts',(7.31917075689438,-19.0446393715247,6.10028196137313));
#756=CARTESIAN_POINT('Ctrl Pts',(-0.0808868170592447,-19.0956927978692,
-0.140947539106809));
#757=CARTESIAN_POINT('Ctrl Pts',(-8.34839875607549,-19.0047850186696,-6.47109958307474));
#758=CARTESIAN_POINT('Ctrl Pts',(-15.0031148693814,-18.8557872696351,-11.0822134351398));
#759=CARTESIAN_POINT('Ctrl Pts',(-24.2870997813614,-18.4356174505719,-15.2483574860204));
#760=CARTESIAN_POINT('Ctrl Pts',(-31.7690181463698,-17.8034394615059,-15.7156225770827));
#761=CARTESIAN_POINT('Ctrl Pts',(-37.9243812295563,-17.0106072954225,-14.4404064246161));
#762=CARTESIAN_POINT('Ctrl Pts',(-43.5522943500293,-16.0160269649194,-11.8787901246205));
#763=CARTESIAN_POINT('Ctrl Pts',(-49.1531601730743,-14.0525155922711,-5.74207058370421));
#764=CARTESIAN_POINT('Ctrl Pts',(-50.5824424874121,-11.8979763690023,0.284395502108183));
#765=CARTESIAN_POINT('Ctrl Pts',(-50.2497252542946,-10.1382352200293,4.47185974838837));
#766=CARTESIAN_POINT('Ctrl Pts',(-49.6465124866719,-8.89877199440166,7.21621895666918));
#767=CARTESIAN_POINT('Ctrl Pts',(-47.3018112682452,-6.38269772941633,11.9986850910335));
#768=CARTESIAN_POINT('Ctrl Pts',(-43.3850894052805,-3.78353215966956,15.4361004885003));
#769=CARTESIAN_POINT('Ctrl Pts',(-37.8601243144263,-0.710645852204861,17.757269218115));
#770=CARTESIAN_POINT('Ctrl Pts',(-31.6331677707848,2.4153261553264,18.721429704006));
#771=CARTESIAN_POINT('Ctrl Pts',(-22.4623247645699,6.5751545551091,16.4254567671103));
#772=CARTESIAN_POINT('Ctrl Pts',(-15.2136533918218,9.64650837298392,11.8461364076265));
#773=CARTESIAN_POINT('Ctrl Pts',(-8.92754586603119,12.1951190989293,7.01896622047698));
#774=CARTESIAN_POINT('Ctrl Pts',(-5.83780698160241,13.3969614924003,4.38216834678311));
#775=CARTESIAN_POINT('Ctrl Pts',(-3.53764360180187,14.2581603248249,2.42096398542976));
#776=CARTESIAN_POINT('Ctrl Pts',(-16.869943510298,50.0326651016118,-0.512113348896003));
#777=CARTESIAN_POINT('Ctrl Pts',(-15.7332181102759,50.449424292831,2.48128292792131));
#778=CARTESIAN_POINT('Ctrl Pts',(-12.8858432671236,49.6596736082539,8.42302725306228));
#779=CARTESIAN_POINT('Ctrl Pts',(-7.41154245148789,44.4174859123176,15.0247852809206));
#780=CARTESIAN_POINT('Ctrl Pts',(-1.34180018422118,36.5648418821723,17.8878215636132));
#781=CARTESIAN_POINT('Ctrl Pts',(4.67589840502593,27.6536187747236,16.3046047481895));
#782=CARTESIAN_POINT('Ctrl Pts',(10.2324250117103,18.7862804704226,10.8770858323043));
#783=CARTESIAN_POINT('Ctrl Pts',(15.3667089944278,10.1544303941655,3.18015568660389));
#784=CARTESIAN_POINT('Ctrl Pts',(19.4136143762298,3.03922089612859,-3.49705476373739));
#785=CARTESIAN_POINT('Ctrl Pts',(22.5449246198325,-2.67276432867789,-7.99282655698155));
#786=CARTESIAN_POINT('Ctrl Pts',(25.4205066685532,-8.07348172975616,-11.4485718827518));
#787=CARTESIAN_POINT('Ctrl Pts',(28.7113668258288,-14.5589489082093,-13.9070345835358));
#788=CARTESIAN_POINT('Ctrl Pts',(32.0771450059347,-21.8893896933851,-13.7821076622855));
#789=CARTESIAN_POINT('Ctrl Pts',(34.3397794541682,-27.9517615381842,-11.0438812250413));
#790=CARTESIAN_POINT('Ctrl Pts',(35.3287774017301,-32.4149057169085,-6.88621291388849));
#791=CARTESIAN_POINT('Ctrl Pts',(35.1759113853872,-35.3206142604362,-2.25194681572576));
#792=CARTESIAN_POINT('Ctrl Pts',(33.8224529995473,-36.8814896461954,2.81151897638879));
#793=CARTESIAN_POINT('Ctrl Pts',(31.2324007273527,-37.0008038424527,7.78308665019624));
#794=CARTESIAN_POINT('Ctrl Pts',(27.5174984540962,-35.7457293698167,12.1141047978839));
#795=CARTESIAN_POINT('Ctrl Pts',(22.9058473324442,-33.3220046769424,15.2921598000696));
#796=CARTESIAN_POINT('Ctrl Pts',(17.6883951562235,-30.0167287543302,16.9028373592966));
#797=CARTESIAN_POINT('Ctrl Pts',(12.1823333704665,-26.1567033390262,16.6948238119848));
#798=CARTESIAN_POINT('Ctrl Pts',(6.6679623162301,-22.0411390283972,14.6594113713509));
#799=CARTESIAN_POINT('Ctrl Pts',(-0.494980006580146,-16.4555403756941,9.87770673071937));
#800=CARTESIAN_POINT('Ctrl Pts',(-7.30637768454039,-10.8757468648398,2.85802433497039));
#801=CARTESIAN_POINT('Ctrl Pts',(-13.905853225038,-5.25710370300987,-4.09676851790461));
#802=CARTESIAN_POINT('Ctrl Pts',(-18.7771398998133,-0.990565656493283,-8.66995251733215));
#803=CARTESIAN_POINT('Ctrl Pts',(-23.5458112131671,3.32412770456002,-12.0825855593238));
#804=CARTESIAN_POINT('Ctrl Pts',(-28.6270372225617,8.1194426276227,-14.1824007156051));
#805=CARTESIAN_POINT('Ctrl Pts',(-33.7264423550478,13.2757558540028,-14.1026611560115));
#806=CARTESIAN_POINT('Ctrl Pts',(-37.3740482014335,17.551419757461,-11.7454203928239));
#807=CARTESIAN_POINT('Ctrl Pts',(-39.3504531935943,20.4837609788441,-8.8620202404653));
#808=CARTESIAN_POINT('Ctrl Pts',(-40.6094220703549,23.0213142552965,-5.48890281374273));
#809=CARTESIAN_POINT('Ctrl Pts',(-40.6999948505071,25.331101055243,-0.716190149757708));
#810=CARTESIAN_POINT('Ctrl Pts',(-38.3432711993194,26.6414284506938,4.94082175481351));
#811=CARTESIAN_POINT('Ctrl Pts',(-33.7429995072295,26.6045030392996,9.62453284141002));
#812=CARTESIAN_POINT('Ctrl Pts',(-27.5130533773396,25.4764499601277,12.3559658216207));
#813=CARTESIAN_POINT('Ctrl Pts',(-20.3571429198235,23.623998862776,12.530286004168));
#814=CARTESIAN_POINT('Ctrl Pts',(-13.2892249614645,21.4906582547948,10.0898755560285));
#815=CARTESIAN_POINT('Ctrl Pts',(-6.64352827107954,19.3215394845647,5.97896538292207));
#816=CARTESIAN_POINT('Ctrl Pts',(1.45114219675546,16.5386915983199,-0.365234712910452));
#817=CARTESIAN_POINT('Ctrl Pts',(9.69709010071136,13.5228992073512,-7.7661615743469));
#818=CARTESIAN_POINT('Ctrl Pts',(18.2908908582555,10.1685635275488,-13.8219923799817));
#819=CARTESIAN_POINT('Ctrl Pts',(24.9430750553949,7.43598328454923,-17.1415388108312));
#820=CARTESIAN_POINT('Ctrl Pts',(31.7033377195831,4.47533614134498,-18.7546534667296));
#821=CARTESIAN_POINT('Ctrl Pts',(38.9632074899567,1.00002511839393,-18.3257464158213));
#822=CARTESIAN_POINT('Ctrl Pts',(45.8855543817925,-2.88228983021209,-15.0288706049467));
#823=CARTESIAN_POINT('Ctrl Pts',(50.9287743432374,-6.90375602569255,-8.64676990738327));
#824=CARTESIAN_POINT('Ctrl Pts',(52.3226764330301,-10.160778332245,-1.32317809557238));
#825=CARTESIAN_POINT('Ctrl Pts',(50.6777066011356,-12.5939039748532,5.32443147177064));
#826=CARTESIAN_POINT('Ctrl Pts',(47.187936368511,-14.3372850286157,10.5880336937346));
#827=CARTESIAN_POINT('Ctrl Pts',(42.0846966069667,-15.6714172756777,14.6038602988413));
#828=CARTESIAN_POINT('Ctrl Pts',(34.7927819168825,-16.8184283199772,17.3852426325206));
#829=CARTESIAN_POINT('Ctrl Pts',(25.3729058987622,-17.6548173886639,17.3710045671939));
#830=CARTESIAN_POINT('Ctrl Pts',(16.5319486521834,-18.0780051337054,13.8396590194257));
#831=CARTESIAN_POINT('Ctrl Pts',(6.25291698065344,-18.3702576744711,7.45461268317703));
#832=CARTESIAN_POINT('Ctrl Pts',(-1.17760907655104,-18.4113171212481,1.17470058252621));
#833=CARTESIAN_POINT('Ctrl Pts',(-9.35105218474929,-18.3125467071938,-5.08482123916425));
#834=CARTESIAN_POINT('Ctrl Pts',(-15.8639243158622,-18.1590577101003,-9.59799494536414));
#835=CARTESIAN_POINT('Ctrl Pts',(-24.7263144540666,-17.7456230249666,-13.5523366129168));
#836=CARTESIAN_POINT('Ctrl Pts',(-31.6371778341213,-17.1515249271957,-13.9664453919674));
#837=CARTESIAN_POINT('Ctrl Pts',(-37.2728388124672,-16.4178666174327,-12.8013536187588));
#838=CARTESIAN_POINT('Ctrl Pts',(-42.3977160983854,-15.504757544814,-10.466041131834));
#839=CARTESIAN_POINT('Ctrl Pts',(-47.4468976551614,-13.7182042657852,-4.91817250401609));
#840=CARTESIAN_POINT('Ctrl Pts',(-48.7168773721542,-11.7873907062046,0.459658141171259));
#841=CARTESIAN_POINT('Ctrl Pts',(-48.4186838665493,-10.2047985169209,4.21098784995764));
#842=CARTESIAN_POINT('Ctrl Pts',(-47.876043712918,-9.08721741393677,6.67796344109644));
#843=CARTESIAN_POINT('Ctrl Pts',(-45.7533977671743,-6.80073021520866,11.0102924575411));
#844=CARTESIAN_POINT('Ctrl Pts',(-42.1614714917247,-4.40844470228366,14.1715247701865));
#845=CARTESIAN_POINT('Ctrl Pts',(-37.0442166044714,-1.55629592195031,16.3168646805537));
#846=CARTESIAN_POINT('Ctrl Pts',(-31.243900593397,1.36286309697454,17.2161628444254));
#847=CARTESIAN_POINT('Ctrl Pts',(-22.5559117598189,5.31369935857759,15.054753619638));
#848=CARTESIAN_POINT('Ctrl Pts',(-15.5118770758685,8.30689308099594,10.6107345562873));
#849=CARTESIAN_POINT('Ctrl Pts',(-9.33504532011264,10.8174388543789,5.85923010568774));
#850=CARTESIAN_POINT('Ctrl Pts',(-6.27331938511546,12.0119859108324,3.24343090537186));
#851=CARTESIAN_POINT('Ctrl Pts',(-3.98199259529603,12.8723070477671,1.2867743065988));
#852=CARTESIAN_POINT('Ctrl Pts',(-17.7200316064484,49.9489790838884,-0.175698352232721));
#853=CARTESIAN_POINT('Ctrl Pts',(-16.5697964295896,50.3686687742174,2.85259753477903));
#854=CARTESIAN_POINT('Ctrl Pts',(-13.6825145909124,49.5672654319904,8.87973173806015));
#855=CARTESIAN_POINT('Ctrl Pts',(-8.10921561240862,44.2270309129072,15.6030285368657));
#856=CARTESIAN_POINT('Ctrl Pts',(-1.90983476450393,36.2009178172436,18.5255405834102));
#857=CARTESIAN_POINT('Ctrl Pts',(4.22655086783066,27.105965735342,16.8990439232829));
#858=CARTESIAN_POINT('Ctrl Pts',(9.84262905871471,18.135009759859,11.3957740962918));
#859=CARTESIAN_POINT('Ctrl Pts',(14.9913160871569,9.47068642855687,3.6640287920671));
#860=CARTESIAN_POINT('Ctrl Pts',(19.023872509148,2.37331273437317,-2.99842896746366));
#861=CARTESIAN_POINT('Ctrl Pts',(22.1252458746484,-3.28981219223186,-7.4568245621933));
#862=CARTESIAN_POINT('Ctrl Pts',(24.9585057458458,-8.61703833068328,-10.8666208323204));
#863=CARTESIAN_POINT('Ctrl Pts',(28.170157096788,-14.9549513328591,-13.2639431575416));
#864=CARTESIAN_POINT('Ctrl Pts',(31.4141565421763,-22.0318866202203,-13.1393277264553));
#865=CARTESIAN_POINT('Ctrl Pts',(33.579430896438,-27.8459853786968,-10.5138013140363));
#866=CARTESIAN_POINT('Ctrl Pts',(34.5187915422263,-32.1037809071823,-6.54907489158807));
#867=CARTESIAN_POINT('Ctrl Pts',(34.3699294774552,-34.8582405860534,-2.15749468919584));
#868=CARTESIAN_POINT('Ctrl Pts',(33.0902909459195,-36.3328641298724,2.61762120384869));
#869=CARTESIAN_POINT('Ctrl Pts',(30.6418125872249,-36.4496828063691,7.31464849519123));
#870=CARTESIAN_POINT('Ctrl Pts',(27.1123071944683,-35.2619107150077,11.4279190170418));
#871=CARTESIAN_POINT('Ctrl Pts',(22.7131679761937,-32.9540354607074,14.4582921655821));
#872=CARTESIAN_POINT('Ctrl Pts',(17.7195500431764,-29.795284348824,15.9993327501156));
#873=CARTESIAN_POINT('Ctrl Pts',(12.4222424744497,-26.0863019841591,15.8013032519852));
#874=CARTESIAN_POINT('Ctrl Pts',(7.06788424418276,-22.0951829813876,13.8285687501132));
#875=CARTESIAN_POINT('Ctrl Pts',(0.0375999276864984,-16.6197354240684,9.1416470029458));
#876=CARTESIAN_POINT('Ctrl Pts',(-6.73455677453115,-11.0795779364985,2.17093039901548));
#877=CARTESIAN_POINT('Ctrl Pts',(-13.3546878143459,-5.45009391705085,-4.80549649487035));
#878=CARTESIAN_POINT('Ctrl Pts',(-18.2762161872016,-1.14478301364938,-9.42548998667129));
#879=CARTESIAN_POINT('Ctrl Pts',(-23.1370009478137,3.24769893152527,-12.9062487477336));
#880=CARTESIAN_POINT('Ctrl Pts',(-28.3751818025247,8.18441855477854,-15.0753443576152));
#881=CARTESIAN_POINT('Ctrl Pts',(-33.6914429144595,13.552304838189,-14.9982760876038));
#882=CARTESIAN_POINT('Ctrl Pts',(-37.5116844803466,18.0228097444152,-12.5334315764114));
#883=CARTESIAN_POINT('Ctrl Pts',(-39.5850404237614,21.0930156792029,-9.51274285663807));
#884=CARTESIAN_POINT('Ctrl Pts',(-40.9093558537541,23.753379765285,-5.97480730612241));
#885=CARTESIAN_POINT('Ctrl Pts',(-41.0087851776246,26.1824079291991,-0.950959793559985));
#886=CARTESIAN_POINT('Ctrl Pts',(-38.5386881411256,27.5499015472496,4.97636167618079));
#887=CARTESIAN_POINT('Ctrl Pts',(-33.772707083169,27.5065864205501,9.82600981024074));
#888=CARTESIAN_POINT('Ctrl Pts',(-27.3711833621531,26.344873754964,12.6340997308133));
#889=CARTESIAN_POINT('Ctrl Pts',(-20.0680292961007,24.4516146920806,12.8117807058775));
#890=CARTESIAN_POINT('Ctrl Pts',(-12.9109331999389,22.2893127444061,10.3407240328068));
#891=CARTESIAN_POINT('Ctrl Pts',(-6.21819231719168,20.1033371397319,6.20452326294791));
#892=CARTESIAN_POINT('Ctrl Pts',(1.90784831436472,17.3080067370213,-0.159332338434051));
#893=CARTESIAN_POINT('Ctrl Pts',(10.1596402213372,14.2883265011184,-7.55919823586556));
#894=CARTESIAN_POINT('Ctrl Pts',(18.7377001445875,10.9385958501927,-13.5976978359886));
#895=CARTESIAN_POINT('Ctrl Pts',(25.3651217217543,8.21506276722612,-16.9006175899195));
#896=CARTESIAN_POINT('Ctrl Pts',(32.0908583613205,5.26849483761707,-18.5017262418964));
#897=CARTESIAN_POINT('Ctrl Pts',(39.3147661962153,1.80929555279371,-18.0714930367714));
#898=CARTESIAN_POINT('Ctrl Pts',(46.2184955514614,-2.06314055664866,-14.78204898737));
#899=CARTESIAN_POINT('Ctrl Pts',(51.2731374357795,-6.09335342824933,-8.38555414007162));
#900=CARTESIAN_POINT('Ctrl Pts',(52.6797054396291,-9.37679922137242,-1.00135724194889));
#901=CARTESIAN_POINT('Ctrl Pts',(51.0110558100786,-11.8405140917095,5.73380655362092));
#902=CARTESIAN_POINT('Ctrl Pts',(47.4622696302382,-13.6105421334054,11.0823943327655));
#903=CARTESIAN_POINT('Ctrl Pts',(42.2617312243308,-14.9677409906722,15.1716599589205));
#904=CARTESIAN_POINT('Ctrl Pts',(34.8162796534868,-16.1360728878083,18.0093975976898));
#905=CARTESIAN_POINT('Ctrl Pts',(25.1916083014615,-16.986993799095,17.986943408016));
#906=CARTESIAN_POINT('Ctrl Pts',(16.2189414721371,-17.4125541250792,14.3921154761777));
#907=CARTESIAN_POINT('Ctrl Pts',(5.85719629483046,-17.7033054441893,7.94851906261234));
#908=CARTESIAN_POINT('Ctrl Pts',(-1.57958998643133,-17.7406791286402,1.65590199185793));
#909=CARTESIAN_POINT('Ctrl Pts',(-9.71222734638164,-17.6390690656294,-4.57569144662636));
#910=CARTESIAN_POINT('Ctrl Pts',(-16.1674707376886,-17.4840504880245,-9.05117703581714));
#911=CARTESIAN_POINT('Ctrl Pts',(-24.8635998689934,-17.0735284649276,-12.9246315206636));
#912=CARTESIAN_POINT('Ctrl Pts',(-31.5469931076499,-16.4947918422806,-13.3188993299343));
#913=CARTESIAN_POINT('Ctrl Pts',(-36.9698248178795,-15.7856459225147,-12.2005227542361));
#914=CARTESIAN_POINT('Ctrl Pts',(-41.8840325539327,-14.907039501795,-9.96127479214183));
#915=CARTESIAN_POINT('Ctrl Pts',(-46.6887458629218,-13.1987613951286,-4.67381108362008));
#916=CARTESIAN_POINT('Ctrl Pts',(-47.8834529059131,-11.3734427450258,0.398281155823401));
#917=CARTESIAN_POINT('Ctrl Pts',(-47.603265761289,-9.87717243209426,3.93771385687264));
#918=CARTESIAN_POINT('Ctrl Pts',(-47.0912281335462,-8.81989867444197,6.26790495671633));
#919=CARTESIAN_POINT('Ctrl Pts',(-45.0820554187442,-6.64994629961166,10.3724697315257));
#920=CARTESIAN_POINT('Ctrl Pts',(-41.6641574045194,-4.36863246564347,13.3856564650525));
#921=CARTESIAN_POINT('Ctrl Pts',(-36.7725622696696,-1.63826321510854,15.4355094194594));
#922=CARTESIAN_POINT('Ctrl Pts',(-31.2150329370477,1.16332869701619,16.2990093447439));
#923=CARTESIAN_POINT('Ctrl Pts',(-22.8091682022219,4.99219057972506,14.2180133851778));
#924=CARTESIAN_POINT('Ctrl Pts',(-15.8837528424747,7.9403232538484,9.85492319971024));
#925=CARTESIAN_POINT('Ctrl Pts',(-9.76732075774162,10.4301831860879,5.14705420571534));
#926=CARTESIAN_POINT('Ctrl Pts',(-6.71969213490916,11.6214541146626,2.54267665184563));
#927=CARTESIAN_POINT('Ctrl Pts',(-4.43092055674611,12.4823114238091,0.587349350309135));
#928=CARTESIAN_POINT('Ctrl Pts',(-18.1116099960758,49.8092792369755,-0.00666931469551947));
#929=CARTESIAN_POINT('Ctrl Pts',(-16.9610683029834,50.2280701579065,3.02157722957701));
#930=CARTESIAN_POINT('Ctrl Pts',(-14.0689821153708,49.4254235635458,9.05902896800686));
#931=CARTESIAN_POINT('Ctrl Pts',(-8.47241879177166,44.0624208474254,15.8112348788229));
#932=CARTESIAN_POINT('Ctrl Pts',(-2.2342721442405,35.9845224621668,18.7516072971613));
#933=CARTESIAN_POINT('Ctrl Pts',(3.94061816418286,26.8298979829935,17.1104851298862));
#934=CARTESIAN_POINT('Ctrl Pts',(9.57618065674293,17.8248831564527,11.5813421063084));
#935=CARTESIAN_POINT('Ctrl Pts',(14.7288281713306,9.15097922779798,3.83791154407351));
#936=CARTESIAN_POINT('Ctrl Pts',(18.7553255207604,2.06161417112011,-2.81866881845365));
#937=CARTESIAN_POINT('Ctrl Pts',(21.8450410736567,-3.58231977014796,-7.2630740710437));
#938=CARTESIAN_POINT('Ctrl Pts',(24.6620366607455,-8.881167190692,-10.6557984081754));
#939=CARTESIAN_POINT('Ctrl Pts',(27.8433722757839,-15.1625149222629,-13.0302741376358));
#940=CARTESIAN_POINT('Ctrl Pts',(31.0400495565017,-22.1408230194468,-12.9062059298308));
#941=CARTESIAN_POINT('Ctrl Pts',(33.1659943840451,-27.854730570007,-10.3261220040616));
#942=CARTESIAN_POINT('Ctrl Pts',(34.0846007487042,-32.0266075640259,-6.44224612255755));
#943=CARTESIAN_POINT('Ctrl Pts',(33.9373783136216,-34.7158963576089,-2.155142603546));
#944=CARTESIAN_POINT('Ctrl Pts',(32.6904935794096,-36.1524409536549,2.49231142487047));
#945=CARTESIAN_POINT('Ctrl Pts',(30.3059622616384,-36.26813693662,7.06525025046488));
#946=CARTESIAN_POINT('Ctrl Pts',(26.8622056434381,-35.1115778718347,11.0779053517479));
#947=CARTESIAN_POINT('Ctrl Pts',(22.5634671068043,-32.8585227731119,14.038669708295));
#948=CARTESIAN_POINT('Ctrl Pts',(17.6775251640379,-29.7703634118777,15.5465349980812));
#949=CARTESIAN_POINT('Ctrl Pts',(12.4819045797472,-26.1350523731921,15.3538305647774));
#950=CARTESIAN_POINT('Ctrl Pts',(7.20593209098587,-22.2049965014105,13.4124228417971));
#951=CARTESIAN_POINT('Ctrl Pts',(0.240585500571962,-16.7835947391275,8.77283922583909));
#952=CARTESIAN_POINT('Ctrl Pts',(-6.51314627790625,-11.2623782580219,1.82630586598288));
#953=CARTESIAN_POINT('Ctrl Pts',(-13.1448494915311,-5.62647395428475,-5.16149885724938));
#954=CARTESIAN_POINT('Ctrl Pts',(-18.0924296968376,-1.30106990078649,-9.80560773439548));
#955=CARTESIAN_POINT('Ctrl Pts',(-23.0012465629314,3.13204824508996,-13.3213835660045));
#956=CARTESIAN_POINT('Ctrl Pts',(-28.3203801771516,8.14155920456019,-15.5263721418948));
#957=CARTESIAN_POINT('Ctrl Pts',(-33.7500176167159,13.6200736866214,-15.4504375301934));
#958=CARTESIAN_POINT('Ctrl Pts',(-37.662435742948,18.1943404918389,-12.9285315427025));
#959=CARTESIAN_POINT('Ctrl Pts',(-39.7886085189758,21.3397002293631,-9.83264167911377));
#960=CARTESIAN_POINT('Ctrl Pts',(-41.1492842418369,24.0684384463266,-6.20271397491644));
#961=CARTESIAN_POINT('Ctrl Pts',(-41.2538225159169,26.5648173951605,-1.03663834940637));
#962=CARTESIAN_POINT('Ctrl Pts',(-38.7164339314217,27.9665474370939,5.05216362288884));
#963=CARTESIAN_POINT('Ctrl Pts',(-33.8455345487805,27.9189046848764,10.0064185827635));
#964=CARTESIAN_POINT('Ctrl Pts',(-27.3306200547653,26.7345794760103,12.8645985940477));
#965=CARTESIAN_POINT('Ctrl Pts',(-19.9217422311436,24.8117449411538,13.0433661005885));
#966=CARTESIAN_POINT('Ctrl Pts',(-12.6987670696122,22.6278340300834,10.5479691800486));
#967=CARTESIAN_POINT('Ctrl Pts',(-5.97245825208375,20.4295577812752,6.39170348053838));
#968=CARTESIAN_POINT('Ctrl Pts',(2.17492336462122,17.6254235988306,0.01265475339015));
#969=CARTESIAN_POINT('Ctrl Pts',(10.4273056091025,14.6039353719711,-7.38494373127778));
#970=CARTESIAN_POINT('Ctrl Pts',(18.9859139788457,11.2604058109217,-13.4063740726416));
#971=CARTESIAN_POINT('Ctrl Pts',(25.5857818593544,8.54714918106995,-16.6930758037151));
#972=CARTESIAN_POINT('Ctrl Pts',(32.2722134122543,5.61675142887234,-18.282357732268));
#973=CARTESIAN_POINT('Ctrl Pts',(39.4487451806959,2.17914665483938,-17.8529877705152));
#974=CARTESIAN_POINT('Ctrl Pts',(46.3128402115669,-1.67211749662744,-14.5810891543048));
#975=CARTESIAN_POINT('Ctrl Pts',(51.3477414270444,-5.68729056458979,-8.20896061315662));
#976=CARTESIAN_POINT('Ctrl Pts',(52.7522789658403,-8.96617631633722,-0.835374920347394));
#977=CARTESIAN_POINT('Ctrl Pts',(51.0814840266984,-11.4322079703002,5.90635216080309));
#978=CARTESIAN_POINT('Ctrl Pts',(47.5218280651292,-13.2067652176836,11.2694870636397));
#979=CARTESIAN_POINT('Ctrl Pts',(42.2972298982528,-14.5696944652087,15.3766930335226));
#980=CARTESIAN_POINT('Ctrl Pts',(34.8077970696999,-15.7440528048515,18.230089864344));
#981=CARTESIAN_POINT('Ctrl Pts',(25.117961911073,-16.5996753577998,18.2049181373317));
#982=CARTESIAN_POINT('Ctrl Pts',(16.1018537400315,-17.0259734230452,14.5884907407074));
#983=CARTESIAN_POINT('Ctrl Pts',(5.71393282526824,-17.3161275855803,8.12509538091613));
#984=CARTESIAN_POINT('Ctrl Pts',(-1.72357678636129,-17.3521871769532,1.82848519291695));
#985=CARTESIAN_POINT('Ctrl Pts',(-9.83944890262055,-17.2495916839578,-4.39240594620844));
#986=CARTESIAN_POINT('Ctrl Pts',(-16.272013801146,-17.0940647375976,-8.85374438195621));
#987=CARTESIAN_POINT('Ctrl Pts',(-24.9044867945781,-16.6847461366691,-12.6971064468784));
#988=CARTESIAN_POINT('Ctrl Pts',(-31.4999223089792,-16.1119629548615,-13.084007179737));
#989=CARTESIAN_POINT('Ctrl Pts',(-36.8385917544721,-15.412591582534,-11.9845945605112));
#990=CARTESIAN_POINT('Ctrl Pts',(-41.6678644052349,-14.5478989983502,-9.78419748237707));
#991=CARTESIAN_POINT('Ctrl Pts',(-46.3696756010937,-12.8723943322602,-4.60582451683231));
#992=CARTESIAN_POINT('Ctrl Pts',(-47.5309867389114,-11.0930161073674,0.332768236601413));
#993=CARTESIAN_POINT('Ctrl Pts',(-47.2591827612713,-9.63546205844809,3.77730768968646));
#994=CARTESIAN_POINT('Ctrl Pts',(-46.7610419103036,-8.60541129119963,6.04577148027188));
#995=CARTESIAN_POINT('Ctrl Pts',(-44.8041805205781,-6.48897253076999,10.0459020989384));
#996=CARTESIAN_POINT('Ctrl Pts',(-41.4675767500605,-4.25952825564159,12.989638032856));
#997=CARTESIAN_POINT('Ctrl Pts',(-36.6846922665167,-1.58770482666064,14.9939789369238));
#998=CARTESIAN_POINT('Ctrl Pts',(-31.2450052504749,1.15688730850565,15.8403774722505));
#999=CARTESIAN_POINT('Ctrl Pts',(-22.9778294606521,4.92588351843873,13.7996853721549));
#1000=CARTESIAN_POINT('Ctrl Pts',(-16.1099479013748,7.85227038083336,9.4768710331004));
#1001=CARTESIAN_POINT('Ctrl Pts',(-10.0224253097147,10.332341878983,4.79046050260625));
#1002=CARTESIAN_POINT('Ctrl Pts',(-6.98085924533578,11.5223757880018,2.19139223822387));
#1003=CARTESIAN_POINT('Ctrl Pts',(-4.69273483395958,12.3837502875022,0.236408493983607));
#1004=CARTESIAN_POINT('',(-18.1116099960758,49.8092792369755,-0.00666931469547931));
#1005=CARTESIAN_POINT('Origin',(-17.1010071662834,46.9846310392954,3.46944695195361E-17));
#1006=CARTESIAN_POINT('',(-4.69273483395958,12.3837502875022,0.236408493983602));
#1007=CARTESIAN_POINT('Ctrl Pts',(-18.1116099960758,49.8092792369755,-0.00666931469551947));
#1008=CARTESIAN_POINT('Ctrl Pts',(-16.9610683029834,50.2280701579065,3.02157722957701));
#1009=CARTESIAN_POINT('Ctrl Pts',(-14.0689821153708,49.4254235635458,9.05902896800686));
#1010=CARTESIAN_POINT('Ctrl Pts',(-8.47241879177166,44.0624208474254,15.8112348788229));
#1011=CARTESIAN_POINT('Ctrl Pts',(-2.2342721442405,35.9845224621668,18.7516072971613));
#1012=CARTESIAN_POINT('Ctrl Pts',(3.94061816418286,26.8298979829935,17.1104851298862));
#1013=CARTESIAN_POINT('Ctrl Pts',(9.57618065674293,17.8248831564527,11.5813421063084));
#1014=CARTESIAN_POINT('Ctrl Pts',(14.7288281713306,9.15097922779798,3.83791154407351));
#1015=CARTESIAN_POINT('Ctrl Pts',(18.7553255207604,2.06161417112011,-2.81866881845365));
#1016=CARTESIAN_POINT('Ctrl Pts',(21.8450410736567,-3.58231977014796,-7.2630740710437));
#1017=CARTESIAN_POINT('Ctrl Pts',(24.6620366607455,-8.881167190692,-10.6557984081754));
#1018=CARTESIAN_POINT('Ctrl Pts',(27.8433722757839,-15.1625149222629,-13.0302741376358));
#1019=CARTESIAN_POINT('Ctrl Pts',(31.0400495565017,-22.1408230194468,-12.9062059298308));
#1020=CARTESIAN_POINT('Ctrl Pts',(33.1659943840451,-27.854730570007,-10.3261220040616));
#1021=CARTESIAN_POINT('Ctrl Pts',(34.0846007487042,-32.0266075640259,-6.44224612255755));
#1022=CARTESIAN_POINT('Ctrl Pts',(33.9373783136216,-34.7158963576089,-2.155142603546));
#1023=CARTESIAN_POINT('Ctrl Pts',(32.6904935794096,-36.1524409536549,2.49231142487047));
#1024=CARTESIAN_POINT('Ctrl Pts',(30.3059622616384,-36.26813693662,7.06525025046488));
#1025=CARTESIAN_POINT('Ctrl Pts',(26.8622056434381,-35.1115778718347,11.0779053517479));
#1026=CARTESIAN_POINT('Ctrl Pts',(22.5634671068043,-32.8585227731119,14.038669708295));
#1027=CARTESIAN_POINT('Ctrl Pts',(17.6775251640379,-29.7703634118777,15.5465349980812));
#1028=CARTESIAN_POINT('Ctrl Pts',(12.4819045797472,-26.1350523731921,15.3538305647774));
#1029=CARTESIAN_POINT('Ctrl Pts',(7.20593209098587,-22.2049965014105,13.4124228417971));
#1030=CARTESIAN_POINT('Ctrl Pts',(0.240585500571962,-16.7835947391275,8.77283922583909));
#1031=CARTESIAN_POINT('Ctrl Pts',(-6.51314627790625,-11.2623782580219,1.82630586598288));
#1032=CARTESIAN_POINT('Ctrl Pts',(-13.1448494915311,-5.62647395428475,-5.16149885724938));
#1033=CARTESIAN_POINT('Ctrl Pts',(-18.0924296968376,-1.30106990078649,-9.80560773439548));
#1034=CARTESIAN_POINT('Ctrl Pts',(-23.0012465629314,3.13204824508996,-13.3213835660045));
#1035=CARTESIAN_POINT('Ctrl Pts',(-28.3203801771516,8.14155920456019,-15.5263721418948));
#1036=CARTESIAN_POINT('Ctrl Pts',(-33.7500176167159,13.6200736866214,-15.4504375301934));
#1037=CARTESIAN_POINT('Ctrl Pts',(-37.662435742948,18.1943404918389,-12.9285315427025));
#1038=CARTESIAN_POINT('Ctrl Pts',(-39.7886085189758,21.3397002293631,-9.83264167911377));
#1039=CARTESIAN_POINT('Ctrl Pts',(-41.1492842418369,24.0684384463266,-6.20271397491644));
#1040=CARTESIAN_POINT('Ctrl Pts',(-41.2538225159169,26.5648173951605,-1.03663834940637));
#1041=CARTESIAN_POINT('Ctrl Pts',(-38.7164339314217,27.9665474370939,5.05216362288884));
#1042=CARTESIAN_POINT('Ctrl Pts',(-33.8455345487805,27.9189046848764,10.0064185827635));
#1043=CARTESIAN_POINT('Ctrl Pts',(-27.3306200547653,26.7345794760103,12.8645985940477));
#1044=CARTESIAN_POINT('Ctrl Pts',(-19.9217422311436,24.8117449411538,13.0433661005885));
#1045=CARTESIAN_POINT('Ctrl Pts',(-12.6987670696122,22.6278340300834,10.5479691800486));
#1046=CARTESIAN_POINT('Ctrl Pts',(-5.97245825208375,20.4295577812752,6.39170348053838));
#1047=CARTESIAN_POINT('Ctrl Pts',(2.17492336462122,17.6254235988306,0.01265475339015));
#1048=CARTESIAN_POINT('Ctrl Pts',(10.4273056091025,14.6039353719711,-7.38494373127778));
#1049=CARTESIAN_POINT('Ctrl Pts',(18.9859139788457,11.2604058109217,-13.4063740726416));
#1050=CARTESIAN_POINT('Ctrl Pts',(25.5857818593544,8.54714918106995,-16.6930758037151));
#1051=CARTESIAN_POINT('Ctrl Pts',(32.2722134122543,5.61675142887234,-18.282357732268));
#1052=CARTESIAN_POINT('Ctrl Pts',(39.4487451806959,2.17914665483938,-17.8529877705152));
#1053=CARTESIAN_POINT('Ctrl Pts',(46.3128402115669,-1.67211749662744,-14.5810891543048));
#1054=CARTESIAN_POINT('Ctrl Pts',(51.3477414270444,-5.68729056458979,-8.20896061315662));
#1055=CARTESIAN_POINT('Ctrl Pts',(52.7522789658403,-8.96617631633722,-0.835374920347394));
#1056=CARTESIAN_POINT('Ctrl Pts',(51.0814840266984,-11.4322079703002,5.90635216080309));
#1057=CARTESIAN_POINT('Ctrl Pts',(47.5218280651292,-13.2067652176836,11.2694870636397));
#1058=CARTESIAN_POINT('Ctrl Pts',(42.2972298982528,-14.5696944652087,15.3766930335226));
#1059=CARTESIAN_POINT('Ctrl Pts',(34.8077970696999,-15.7440528048515,18.230089864344));
#1060=CARTESIAN_POINT('Ctrl Pts',(25.117961911073,-16.5996753577998,18.2049181373317));
#1061=CARTESIAN_POINT('Ctrl Pts',(16.1018537400315,-17.0259734230452,14.5884907407074));
#1062=CARTESIAN_POINT('Ctrl Pts',(5.71393282526824,-17.3161275855803,8.12509538091613));
#1063=CARTESIAN_POINT('Ctrl Pts',(-1.72357678636129,-17.3521871769532,1.82848519291695));
#1064=CARTESIAN_POINT('Ctrl Pts',(-9.83944890262055,-17.2495916839578,-4.39240594620844));
#1065=CARTESIAN_POINT('Ctrl Pts',(-16.272013801146,-17.0940647375976,-8.85374438195621));
#1066=CARTESIAN_POINT('Ctrl Pts',(-24.9044867945781,-16.6847461366691,-12.6971064468784));
#1067=CARTESIAN_POINT('Ctrl Pts',(-31.4999223089792,-16.1119629548615,-13.084007179737));
#1068=CARTESIAN_POINT('Ctrl Pts',(-36.8385917544721,-15.412591582534,-11.9845945605112));
#1069=CARTESIAN_POINT('Ctrl Pts',(-41.6678644052349,-14.5478989983502,-9.78419748237707));
#1070=CARTESIAN_POINT('Ctrl Pts',(-46.3696756010937,-12.8723943322602,-4.60582451683231));
#1071=CARTESIAN_POINT('Ctrl Pts',(-47.5309867389114,-11.0930161073674,0.332768236601413));
#1072=CARTESIAN_POINT('Ctrl Pts',(-47.2591827612713,-9.63546205844809,3.77730768968646));
#1073=CARTESIAN_POINT('Ctrl Pts',(-46.7610419103036,-8.60541129119963,6.04577148027188));
#1074=CARTESIAN_POINT('Ctrl Pts',(-44.8041805205781,-6.48897253076999,10.0459020989384));
#1075=CARTESIAN_POINT('Ctrl Pts',(-41.4675767500605,-4.25952825564159,12.989638032856));
#1076=CARTESIAN_POINT('Ctrl Pts',(-36.6846922665167,-1.58770482666064,14.9939789369238));
#1077=CARTESIAN_POINT('Ctrl Pts',(-31.2450052504749,1.15688730850565,15.8403774722505));
#1078=CARTESIAN_POINT('Ctrl Pts',(-22.9778294606521,4.92588351843873,13.7996853721549));
#1079=CARTESIAN_POINT('Ctrl Pts',(-16.1099479013748,7.85227038083336,9.4768710331004));
#1080=CARTESIAN_POINT('Ctrl Pts',(-10.0224253097147,10.332341878983,4.79046050260625));
#1081=CARTESIAN_POINT('Ctrl Pts',(-6.98085924533578,11.5223757880018,2.19139223822387));
#1082=CARTESIAN_POINT('Ctrl Pts',(-4.69273483395958,12.3837502875022,0.236408493983607));
#1083=CARTESIAN_POINT('Origin',(-5.74968429845354,15.1913930406861,0.236408493983602));
#1084=CARTESIAN_POINT('Ctrl Pts',(-4.69273483395959,12.3837502875022,0.236408493983603));
#1085=CARTESIAN_POINT('Ctrl Pts',(-1.64190077571097,13.5322501885203,-2.37023447464308));
#1086=CARTESIAN_POINT('Ctrl Pts',(4.48917117664056,15.7196774898067,-7.59674527653465));
#1087=CARTESIAN_POINT('Ctrl Pts',(13.9030522005031,18.6043484117632,-13.4977088187391));
#1088=CARTESIAN_POINT('Ctrl Pts',(23.3935330634499,20.9414933854784,-15.9403424977259));
#1089=CARTESIAN_POINT('Ctrl Pts',(32.2656126914836,22.4410910276777,-14.4323097022433));
#1090=CARTESIAN_POINT('Ctrl Pts',(39.3118516919998,22.7019607590673,-9.58424320136674));
#1091=CARTESIAN_POINT('Ctrl Pts',(43.3331223897994,21.4099099714394,-2.79847668618064));
#1092=CARTESIAN_POINT('Ctrl Pts',(43.7836638391323,18.5101640311492,4.22985861811602));
#1093=CARTESIAN_POINT('Ctrl Pts',(41.1108832631666,14.3816758106705,9.75491866032564));
#1094=CARTESIAN_POINT('Ctrl Pts',(36.5542606677292,9.62246347187895,12.7360462476998));
#1095=CARTESIAN_POINT('Ctrl Pts',(31.1267855501775,4.64547256716828,12.9348503130216));
#1096=CARTESIAN_POINT('Ctrl Pts',(25.5743040159994,-0.21073770164227,10.4510673958071));
#1097=CARTESIAN_POINT('Ctrl Pts',(20.2784550825241,-4.79321380610814,6.27891624088159));
#1098=CARTESIAN_POINT('Ctrl Pts',(13.7691959635622,-10.4033620914129,-0.130706262845104));
#1099=CARTESIAN_POINT('Ctrl Pts',(7.05787049087329,-16.1618047695485,-7.55388044515258));
#1100=CARTESIAN_POINT('Ctrl Pts',(-0.0721528584124382,-22.0767731686419,
-13.5594030895349));
#1101=CARTESIAN_POINT('Ctrl Pts',(-4.75619683991813,-25.815655897908,-16.2662211350732));
#1102=CARTESIAN_POINT('Ctrl Pts',(-8.13804830001484,-28.4026452485551,-17.4088684135808));
#1103=CARTESIAN_POINT('Ctrl Pts',(-10.0888517139922,-29.8561526313458,-17.8278849594923));
#1104=CARTESIAN_POINT('Ctrl Pts',(-12.0471683574219,-31.2879514473482,-18.0858923890826));
#1105=CARTESIAN_POINT('Ctrl Pts',(-14.4979445359524,-33.0245457148431,-18.09772978261));
#1106=CARTESIAN_POINT('Ctrl Pts',(-19.0208347965511,-36.0627204302555,-17.3452767408728));
#1107=CARTESIAN_POINT('Ctrl Pts',(-24.8468290560668,-39.4955068126088,-14.415568125983));
#1108=CARTESIAN_POINT('Ctrl Pts',(-30.7959886597401,-41.7017936909178,-7.931737421701));
#1109=CARTESIAN_POINT('Ctrl Pts',(-34.2666718702804,-41.1121578030248,-0.519037768366894));
#1110=CARTESIAN_POINT('Ctrl Pts',(-35.4963415072716,-38.3035993365464,6.20003634322498));
#1111=CARTESIAN_POINT('Ctrl Pts',(-35.1968039674391,-34.2511929399566,11.5092069168412));
#1112=CARTESIAN_POINT('Ctrl Pts',(-33.7113742734588,-28.9950734227588,15.5429942299461));
#1113=CARTESIAN_POINT('Ctrl Pts',(-31.3301325038507,-22.9140928086946,17.8833553892598));
#1114=CARTESIAN_POINT('Ctrl Pts',(-28.3634999897031,-16.4154383736006,18.2655229516783));
#1115=CARTESIAN_POINT('Ctrl Pts',(-25.1190562034498,-9.89629301844969,16.6695558785435));
#1116=CARTESIAN_POINT('Ctrl Pts',(-21.8040482435206,-3.59481947788914,13.3810444697791));
#1117=CARTESIAN_POINT('Ctrl Pts',(-17.3958505173014,4.45365729135962,7.35934423360734));
#1118=CARTESIAN_POINT('Ctrl Pts',(-13.0188676039705,12.0751575502147,-0.0338612858839786));
#1119=CARTESIAN_POINT('Ctrl Pts',(-8.58359608439473,19.4731495410798,-6.41177081246263));
#1120=CARTESIAN_POINT('Ctrl Pts',(-5.22005939019366,24.8918234331908,-10.1473047467312));
#1121=CARTESIAN_POINT('Ctrl Pts',(-1.84285357499583,30.1067111713263,-12.439706677352));
#1122=CARTESIAN_POINT('Ctrl Pts',(1.51074862932205,34.9944261950905,-13.1203482743731));
#1123=CARTESIAN_POINT('Ctrl Pts',(4.79732051116245,39.3916302465298,-12.2107373218904));
#1124=CARTESIAN_POINT('Ctrl Pts',(8.2722616472299,43.4429193078665,-9.60359448236882));
#1125=CARTESIAN_POINT('Ctrl Pts',(11.6709097492377,46.348273909974,-5.05617915489397));
#1126=CARTESIAN_POINT('Ctrl Pts',(14.5221924312683,46.9016919180589,1.04259433214746));
#1127=CARTESIAN_POINT('Ctrl Pts',(16.3570469781724,44.5196416360252,7.25643209794479));
#1128=CARTESIAN_POINT('Ctrl Pts',(17.1696018480595,39.3671906365844,12.4537935796166));
#1129=CARTESIAN_POINT('Ctrl Pts',(17.1002208871108,32.1326287010516,15.4861354763248));
#1130=CARTESIAN_POINT('Ctrl Pts',(16.4022227001336,23.7343876828949,15.5719857484662));
#1131=CARTESIAN_POINT('Ctrl Pts',(15.3283500413525,14.9770801703636,12.52447341545));
#1132=CARTESIAN_POINT('Ctrl Pts',(14.0389283747762,6.27022883980658,6.93438407611924));
#1133=CARTESIAN_POINT('Ctrl Pts',(12.719121956125,-1.60378661545987,0.533103083700638));
#1134=CARTESIAN_POINT('Ctrl Pts',(11.4115220778407,-8.74110665498876,-5.27733549841748));
#1135=CARTESIAN_POINT('Ctrl Pts',(10.1374360784231,-15.1888291562243,-9.89884147970147));
#1136=CARTESIAN_POINT('Ctrl Pts',(8.75020071090271,-21.6541767762854,-13.3812130357081));
#1137=CARTESIAN_POINT('Ctrl Pts',(7.48891258549853,-26.984832745084,-14.9940664711035));
#1138=CARTESIAN_POINT('Ctrl Pts',(6.41632081635055,-31.1074483305007,-15.4159520156295));
#1139=CARTESIAN_POINT('Ctrl Pts',(5.58156872119904,-34.0882118758082,-15.2980124841185));
#1140=CARTESIAN_POINT('Ctrl Pts',(4.7184950193408,-36.9136208388259,-14.7591179786974));
#1141=CARTESIAN_POINT('Ctrl Pts',(3.53408973100046,-40.4088458858896,-13.5127398266622));
#1142=CARTESIAN_POINT('Ctrl Pts',(1.99953100957785,-44.1426872918542,-11.0508489386343));
#1143=CARTESIAN_POINT('Ctrl Pts',(0.108413981418405,-47.2359126673621,-7.04544686263807));
#1144=CARTESIAN_POINT('Ctrl Pts',(-1.78879544384188,-48.6767071576434,-2.48255183934376));
#1145=CARTESIAN_POINT('Ctrl Pts',(-3.6635422156759,-48.3780397526627,2.15530702943446));
#1146=CARTESIAN_POINT('Ctrl Pts',(-5.50154398732325,-46.4161009644897,6.43390032745464));
#1147=CARTESIAN_POINT('Ctrl Pts',(-7.47663398971557,-42.6361599784642,10.3117273877874));
#1148=CARTESIAN_POINT('Ctrl Pts',(-9.51798018690385,-36.901559341745,12.8874958715862));
#1149=CARTESIAN_POINT('Ctrl Pts',(-11.5527007992183,-29.5075944992927,13.0121077924933));
#1150=CARTESIAN_POINT('Ctrl Pts',(-13.5035969517536,-21.1509144554455,10.1216262758946));
#1151=CARTESIAN_POINT('Ctrl Pts',(-15.3665254798153,-12.0825164094733,4.13870306023894));
#1152=CARTESIAN_POINT('Ctrl Pts',(-17.1325561279887,-2.46452587598071,-3.85272335991877));
#1153=CARTESIAN_POINT('Ctrl Pts',(-18.7614880642524,7.49454331207809,-11.5952302268355));
#1154=CARTESIAN_POINT('Ctrl Pts',(-20.2331349953837,18.0170270282663,-17.1270964602979));
#1155=CARTESIAN_POINT('Ctrl Pts',(-21.3879707465833,29.005126042375,-18.769466732395));
#1156=CARTESIAN_POINT('Ctrl Pts',(-21.8019136504812,39.2079030966083,-15.8272108328697));
#1157=CARTESIAN_POINT('Ctrl Pts',(-20.9616729132099,46.9155092322845,-9.07300059182757));
#1158=CARTESIAN_POINT('Ctrl Pts',(-19.2621539471974,49.390487510468,-3.03491488426525));
#1159=CARTESIAN_POINT('Ctrl Pts',(-18.1116099960758,49.8092792369755,-0.00666931469548146));
#1160=CARTESIAN_POINT('Ctrl Pts',(-4.95454911117306,12.2851891511953,-0.114532362341925));
#1161=CARTESIAN_POINT('Ctrl Pts',(-1.90462836994618,13.4343607699397,-2.72069145313381));
#1162=CARTESIAN_POINT('Ctrl Pts',(4.23848188395522,15.6284045864878,-7.95871339918168));
#1163=CARTESIAN_POINT('Ctrl Pts',(13.7244176208522,18.5392133149787,-13.9114279298412));
#1164=CARTESIAN_POINT('Ctrl Pts',(23.3696472493464,20.9187143671043,-16.4019705095909));
#1165=CARTESIAN_POINT('Ctrl Pts',(32.4376965843496,22.4549399258366,-14.8630391577553));
#1166=CARTESIAN_POINT('Ctrl Pts',(39.6483820980348,22.725214532244,-9.90261169167393));
#1167=CARTESIAN_POINT('Ctrl Pts',(43.7757489494683,21.403697725538,-2.94141958314691));
#1168=CARTESIAN_POINT('Ctrl Pts',(44.2358252408744,18.428330612597,4.27512212049914));
#1169=CARTESIAN_POINT('Ctrl Pts',(41.5009669339546,14.2112225151198,9.91829245979195));
#1170=CARTESIAN_POINT('Ctrl Pts',(36.8619695680152,9.36879113980051,12.9523781382002));
#1171=CARTESIAN_POINT('Ctrl Pts',(31.3581532405241,4.32428708843539,13.152118298854));
#1172=CARTESIAN_POINT('Ctrl Pts',(25.759656254788,-0.570389138357439,10.6468226397662));
#1173=CARTESIAN_POINT('Ctrl Pts',(20.4408535485762,-5.17127053896469,6.45857869573504));
#1174=CARTESIAN_POINT('Ctrl Pts',(13.917650337394,-10.7918499751037,0.0380327764066094));
#1175=CARTESIAN_POINT('Ctrl Pts',(7.20695354259376,-16.5480202166231,-7.38045466802642));
#1176=CARTESIAN_POINT('Ctrl Pts',(0.0922691687917782,-22.4487121193761,
-13.3690937013483));
#1177=CARTESIAN_POINT('Ctrl Pts',(-4.57370003933988,-26.1721869589488,-16.0632643317617));
#1178=CARTESIAN_POINT('Ctrl Pts',(-7.93879835985187,-28.7457380466748,-17.1990563405723));
#1179=CARTESIAN_POINT('Ctrl Pts',(-9.8791538302981,-30.1911462802608,-17.6152793947201));
#1180=CARTESIAN_POINT('Ctrl Pts',(-11.8265990056588,-31.6146672878396,-17.8712831273143));
#1181=CARTESIAN_POINT('Ctrl Pts',(-14.2632400270508,-33.3407880086328,-17.8823003070885));
#1182=CARTESIAN_POINT('Ctrl Pts',(-18.7600964809622,-36.3607723419832,-17.133054578639));
#1183=CARTESIAN_POINT('Ctrl Pts',(-24.5552746324317,-39.774834899061,-14.2184743141932));
#1184=CARTESIAN_POINT('Ctrl Pts',(-30.4846996831946,-41.9734403272668,-7.75620852849772));
#1185=CARTESIAN_POINT('Ctrl Pts',(-33.9518232699142,-41.3843907817033,-0.351112961729236));
#1186=CARTESIAN_POINT('Ctrl Pts',(-35.1823515696942,-38.5719038685914,6.37615165934865));
#1187=CARTESIAN_POINT('Ctrl Pts',(-34.8811778806613,-34.5062519006459,11.7018563065613));
#1188=CARTESIAN_POINT('Ctrl Pts',(-33.3877003944965,-29.2249149054057,15.7539081853742));
#1189=CARTESIAN_POINT('Ctrl Pts',(-30.9910208707312,-23.1066958386196,18.1075504656731));
#1190=CARTESIAN_POINT('Ctrl Pts',(-28.0033337259229,-16.5643019275508,18.4903919449196));
#1191=CARTESIAN_POINT('Ctrl Pts',(-24.738304831324,-10.006006022729,16.8821563888586));
#1192=CARTESIAN_POINT('Ctrl Pts',(-21.4081937549036,-3.67807313185331,13.5767544701965));
#1193=CARTESIAN_POINT('Ctrl Pts',(-16.9885863730258,4.38847915264167,7.53737408422001));
#1194=CARTESIAN_POINT('Ctrl Pts',(-12.6107179174481,12.0082480987903,0.141717284550331));
#1195=CARTESIAN_POINT('Ctrl Pts',(-8.18617376377077,19.3856034817875,-6.22073672403397));
#1196=CARTESIAN_POINT('Ctrl Pts',(-4.83901703923785,24.7756017857,-9.93771314617076));
#1197=CARTESIAN_POINT('Ctrl Pts',(-1.48996056876338,29.9447153246304,-12.2101994266509));
#1198=CARTESIAN_POINT('Ctrl Pts',(1.82259032355087,34.7701283782706,-12.8819281514663));
#1199=CARTESIAN_POINT('Ctrl Pts',(5.05809192029697,39.0965379377527,-11.9871736006096));
#1200=CARTESIAN_POINT('Ctrl Pts',(8.47109131531633,43.0732914365507,-9.42803553157662));
#1201=CARTESIAN_POINT('Ctrl Pts',(11.7979571004808,45.9131451245641,-4.97739446255406));
#1202=CARTESIAN_POINT('Ctrl Pts',(14.5748788690737,46.4494468992187,0.958085788788441));
#1203=CARTESIAN_POINT('Ctrl Pts',(16.3622300450163,44.1342219203413,6.99987854749561));
#1204=CARTESIAN_POINT('Ctrl Pts',(17.1582493876694,39.1107277917753,12.0704048815094));
#1205=CARTESIAN_POINT('Ctrl Pts',(17.0933451878059,32.0429236929608,15.033280570795));
#1206=CARTESIAN_POINT('Ctrl Pts',(16.4128202096379,23.8180561342006,15.1207047439822));
#1207=CARTESIAN_POINT('Ctrl Pts',(15.357218086953,15.1831780402092,12.1220943583208));
#1208=CARTESIAN_POINT('Ctrl Pts',(14.0795450018278,6.53643619698197,6.57393180480059));
#1209=CARTESIAN_POINT('Ctrl Pts',(12.7649319109812,-1.32184524443885,0.186480905666857));
#1210=CARTESIAN_POINT('Ctrl Pts',(11.457391352624,-8.47106085137237,-5.63368135955733));
#1211=CARTESIAN_POINT('Ctrl Pts',(10.178779707732,-14.9520569512209,-10.2796654929098));
#1212=CARTESIAN_POINT('Ctrl Pts',(8.78028600147115,-21.4799869456028,-13.7973471825979));
#1213=CARTESIAN_POINT('Ctrl Pts',(7.50167940712368,-26.8912877172923,-15.4363044041306));
#1214=CARTESIAN_POINT('Ctrl Pts',(6.4104591646879,-31.0911433616162,-15.8662389560003));
#1215=CARTESIAN_POINT('Ctrl Pts',(5.55948873017207,-34.1329682176114,-15.7459875387109));
#1216=CARTESIAN_POINT('Ctrl Pts',(4.67872646694759,-37.0199388639808,-15.1954173286102));
#1217=CARTESIAN_POINT('Ctrl Pts',(3.46881120639603,-40.5945073386745,-13.9208381289007));
#1218=CARTESIAN_POINT('Ctrl Pts',(1.89968668886929,-44.4168437801397,-11.4011809918127));
#1219=CARTESIAN_POINT('Ctrl Pts',(-0.0369075211640263,-47.5887663899079,
-7.29552754087904));
#1220=CARTESIAN_POINT('Ctrl Pts',(-1.98353975654798,-49.0696093133431,-2.60917438494025));
#1221=CARTESIAN_POINT('Ctrl Pts',(-3.90744614332707,-48.762611470776,2.1553534500385));
#1222=CARTESIAN_POINT('Ctrl Pts',(-5.78829686283681,-46.7522856311888,6.53765480611782));
#1223=CARTESIAN_POINT('Ctrl Pts',(-7.80226559963693,-42.8939092716659,10.4955343820171));
#1224=CARTESIAN_POINT('Ctrl Pts',(-9.87745261689958,-37.058538746016,13.1160623349349));
#1225=CARTESIAN_POINT('Ctrl Pts',(-11.9389340249437,-29.5600959793551,13.2414595733787));
#1226=CARTESIAN_POINT('Ctrl Pts',(-13.9055261376901,-21.1281669431837,10.3233737238745));
#1227=CARTESIAN_POINT('Ctrl Pts',(-15.7745464038566,-12.021851528055,4.31602673890524));
#1228=CARTESIAN_POINT('Ctrl Pts',(-17.5412691119446,-2.39177802224532,-3.68235790483461));
#1229=CARTESIAN_POINT('Ctrl Pts',(-19.1671477244602,7.55768305144376,-11.4135652818646));
#1230=CARTESIAN_POINT('Ctrl Pts',(-20.6320306091623,18.042669375508,-16.9202187581082));
#1231=CARTESIAN_POINT('Ctrl Pts',(-21.7782760800025,28.9622393614596,-18.5484093645499));
#1232=CARTESIAN_POINT('Ctrl Pts',(-22.1887732685802,39.1027485103849,-15.6234434486384));
#1233=CARTESIAN_POINT('Ctrl Pts',(-21.3515394617144,46.779919021593,-8.89642098822472));
#1234=CARTESIAN_POINT('Ctrl Pts',(-19.654411472902,49.2515518413516,-2.8668459253303));
#1235=CARTESIAN_POINT('Ctrl Pts',(-18.5031883857031,49.6695793900625,0.162359722841721));
#1236=CARTESIAN_POINT('Ctrl Pts',(-5.54907311203044,12.2823041382306,-0.813800639992198));
#1237=CARTESIAN_POINT('Ctrl Pts',(-2.49922644302218,13.4334408460887,-3.41988606390164));
#1238=CARTESIAN_POINT('Ctrl Pts',(3.67292818560808,15.6422938024903,-8.68300244006751));
#1239=CARTESIAN_POINT('Ctrl Pts',(13.3111679645839,18.6077387568651,-14.7420523835732));
#1240=CARTESIAN_POINT('Ctrl Pts',(23.2788453076798,21.0750971774667,-17.3302874268847));
#1241=CARTESIAN_POINT('Ctrl Pts',(32.7577542457507,22.6878311172332,-15.7255610561554));
#1242=CARTESIAN_POINT('Ctrl Pts',(40.3208498727953,22.9782217043961,-10.5246249649325));
#1243=CARTESIAN_POINT('Ctrl Pts',(44.6829402268582,21.5920569851769,-3.17707244664581));
#1244=CARTESIAN_POINT('Ctrl Pts',(45.1664689621482,18.4447590853301,4.46909304853582));
#1245=CARTESIAN_POINT('Ctrl Pts',(42.284552848359,14.0157962781593,10.3963878260137));
#1246=CARTESIAN_POINT('Ctrl Pts',(37.437011103714,8.96228878572434,13.5656250419992));
#1247=CARTESIAN_POINT('Ctrl Pts',(31.7287153533596,3.73687598388112,13.7671906815899));
#1248=CARTESIAN_POINT('Ctrl Pts',(26.0027829645869,-1.2642406254314,11.200505069616));
#1249=CARTESIAN_POINT('Ctrl Pts',(20.620321699486,-5.91611807970551,6.9654271547101));
#1250=CARTESIAN_POINT('Ctrl Pts',(14.0591152396749,-11.5649731712969,0.512434384797423));
#1251=CARTESIAN_POINT('Ctrl Pts',(7.35187039472471,-17.3131261901597,-6.89314392152478));
#1252=CARTESIAN_POINT('Ctrl Pts',(0.285768625567521,-23.168987341978,-12.8316246415533));
#1253=CARTESIAN_POINT('Ctrl Pts',(-4.3235569970738,-26.8442770923113,-15.4876790233172));
#1254=CARTESIAN_POINT('Ctrl Pts',(-7.63488840852899,-29.3748568509724,-16.6027647500946));
#1255=CARTESIAN_POINT('Ctrl Pts',(-9.5412245058194,-30.7939967818092,-17.0106210665208));
#1256=CARTESIAN_POINT('Ctrl Pts',(-11.4528978374948,-32.1904102430405,-17.2608316361794));
#1257=CARTESIAN_POINT('Ctrl Pts',(-13.8426396933014,-33.8818476198789,-17.2699984852224));
#1258=CARTESIAN_POINT('Ctrl Pts',(-18.2498370412549,-36.8395257361491,-16.5335094528489));
#1259=CARTESIAN_POINT('Ctrl Pts',(-23.9329841031056,-40.1843039057605,-13.6729547441428));
#1260=CARTESIAN_POINT('Ctrl Pts',(-29.7637009247072,-42.3439682474379,-7.31817016503577));
#1261=CARTESIAN_POINT('Ctrl Pts',(-33.1853419480916,-41.7606168370394,-0.0101425540699512));
#1262=CARTESIAN_POINT('Ctrl Pts',(-34.4051272534888,-38.9706956798039,6.65936149137791));
#1263=CARTESIAN_POINT('Ctrl Pts',(-34.1045602204043,-34.9207723558339,11.9621673742019));
#1264=CARTESIAN_POINT('Ctrl Pts',(-32.6101509135918,-29.6381859784374,16.012989700756));
#1265=CARTESIAN_POINT('Ctrl Pts',(-30.2048301184301,-23.4997542407401,18.3723317461612));
#1266=CARTESIAN_POINT('Ctrl Pts',(-27.2002529774513,-16.9224014011786,18.7543902372229));
#1267=CARTESIAN_POINT('Ctrl Pts',(-23.91645571656,-10.3285582939524,17.1335364457838));
#1268=CARTESIAN_POINT('Ctrl Pts',(-20.5721563536454,-3.97589893162904,13.810542023718));
#1269=CARTESIAN_POINT('Ctrl Pts',(-16.1425856747462,4.1058523182181,7.75279756817477));
#1270=CARTESIAN_POINT('Ctrl Pts',(-11.7665161784999,11.7193496935513,0.355585290336466));
#1271=CARTESIAN_POINT('Ctrl Pts',(-7.35814812121971,19.0666392965044,-5.98693547282257));
#1272=CARTESIAN_POINT('Ctrl Pts',(-4.03422303436169,24.4168231367664,-9.68063416134704));
#1273=CARTESIAN_POINT('Ctrl Pts',(-0.72390198937092,29.5235285038089,-11.9280469727465));
#1274=CARTESIAN_POINT('Ctrl Pts',(2.53075779289698,34.262099000015,-12.589774495816));
#1275=CARTESIAN_POINT('Ctrl Pts',(5.69341510157608,38.4879530389679,-11.7172425069139));
#1276=CARTESIAN_POINT('Ctrl Pts',(9.01212467568527,42.3524561195009,-9.23246579072606));
#1277=CARTESIAN_POINT('Ctrl Pts',(12.2241699360787,45.08835107271,-4.93658114919383));
#1278=CARTESIAN_POINT('Ctrl Pts',(14.8763030952129,45.5958064797491,0.725702805379196));
#1279=CARTESIAN_POINT('Ctrl Pts',(16.5794661056216,43.3979927602456,6.46497087968098));
#1280=CARTESIAN_POINT('Ctrl Pts',(17.3442742676449,38.6090462149185,11.303103197656));
#1281=CARTESIAN_POINT('Ctrl Pts',(17.2874725102932,31.8532938210139,14.135922264507));
#1282=CARTESIAN_POINT('Ctrl Pts',(16.6400190415215,23.9588286424047,14.2262099539894));
#1283=CARTESIAN_POINT('Ctrl Pts',(15.6195941350691,15.5626832560286,11.3219390151555));
#1284=CARTESIAN_POINT('Ctrl Pts',(14.3644802289496,7.0316468669506,5.85502659034848));
#1285=CARTESIAN_POINT('Ctrl Pts',(13.0595601300407,-0.798187410869923,-0.506094782439466));
#1286=CARTESIAN_POINT('Ctrl Pts',(11.7515548562103,-7.97333102619261,-6.34629050945318));
#1287=CARTESIAN_POINT('Ctrl Pts',(10.4632627387404,-14.5233491385396,-11.0414857925425));
#1288=CARTESIAN_POINT('Ctrl Pts',(9.04153396056433,-21.179169581679,-14.6298598092179));
#1289=CARTESIAN_POINT('Ctrl Pts',(7.7272518048208,-26.7556384195676,-16.3210680668146));
#1290=CARTESIAN_POINT('Ctrl Pts',(6.59786119406215,-31.113257943847,-16.7667053833715));
#1291=CARTESIAN_POINT('Ctrl Pts',(5.71348868859339,-34.280503278251,-16.6412626957822));
#1292=CARTESIAN_POINT('Ctrl Pts',(4.79604810330009,-37.2946950828213,-16.0660213769541));
#1293=CARTESIAN_POINT('Ctrl Pts',(3.53290316549448,-41.0342938396273,-14.7321365834585));
#1294=CARTESIAN_POINT('Ctrl Pts',(1.89018153444961,-45.0445282363907,-12.0894599198971));
#1295=CARTESIAN_POINT('Ctrl Pts',(-0.145016408723381,-48.3867022869097,
-7.76658582963736));
#1296=CARTESIAN_POINT('Ctrl Pts',(-2.20127788731264,-49.9565126770703,-2.80676049757875));
#1297=CARTESIAN_POINT('Ctrl Pts',(-4.23689966319449,-49.6309776952626,2.24522968981627));
#1298=CARTESIAN_POINT('Ctrl Pts',(-6.21736603055246,-47.5082509223962,6.86841826016751));
#1299=CARTESIAN_POINT('Ctrl Pts',(-8.32467288633642,-43.462022176626,11.0182028113811));
#1300=CARTESIAN_POINT('Ctrl Pts',(-10.4842342585898,-37.3760381204881,13.7502757499983));
#1301=CARTESIAN_POINT('Ctrl Pts',(-12.6147622223495,-29.6076509824271,13.8767421818889));
#1302=CARTESIAN_POINT('Ctrl Pts',(-14.6225562322138,-20.9779559544756,10.8844332182031));
#1303=CARTESIAN_POINT('Ctrl Pts',(-16.5071038017396,-11.7731582053658,4.81110837893722));
#1304=CARTESIAN_POINT('Ctrl Pts',(-18.274639652803,-2.11526453703048,-3.20461450549387));
#1305=CARTESIAN_POINT('Ctrl Pts',(-19.8907570825125,7.80060611331441,-10.9015490211772));
#1306=CARTESIAN_POINT('Ctrl Pts',(-21.3349732611773,18.1700737318484,-16.3333173456589));
#1307=CARTESIAN_POINT('Ctrl Pts',(-22.4544491078359,28.8759685258366,-17.9186937778465));
#1308=CARTESIAN_POINT('Ctrl Pts',(-22.8529345642498,38.804394084925,-15.0519992692097));
#1309=CARTESIAN_POINT('Ctrl Pts',(-22.028174044688,46.3462725996682,-8.4434648635371));
#1310=CARTESIAN_POINT('Ctrl Pts',(-20.353348094735,48.7847461181609,-2.49625867669686));
#1311=CARTESIAN_POINT('Ctrl Pts',(-19.2137781624883,49.1965447329747,0.499618699513235));
#1312=CARTESIAN_POINT('Ctrl Pts',(-6.79776553448168,13.0306998742165,-1.94904225600795));
#1313=CARTESIAN_POINT('Ctrl Pts',(-3.74185573689426,14.1873884503855,-4.55815957289225));
#1314=CARTESIAN_POINT('Ctrl Pts',(2.49010645804367,16.4250991219323,-9.86975045894105));
#1315=CARTESIAN_POINT('Ctrl Pts',(12.409107796968,19.4901306523978,-16.1188821314674));
#1316=CARTESIAN_POINT('Ctrl Pts',(22.9599042507151,22.1157962043286,-18.8800760076793));
#1317=CARTESIAN_POINT('Ctrl Pts',(33.1938659308766,23.8686880997983,-17.1519550355575));
#1318=CARTESIAN_POINT('Ctrl Pts',(41.4298233256049,24.1972638265004,-11.4909030202389));
#1319=CARTESIAN_POINT('Ctrl Pts',(46.2640740961921,22.6812217550324,-3.36613470057102));
#1320=CARTESIAN_POINT('Ctrl Pts',(46.7982704453053,19.1685651200227,5.19437290444472));
#1321=CARTESIAN_POINT('Ctrl Pts',(43.5817674817218,14.2565548793383,11.7712506400895));
#1322=CARTESIAN_POINT('Ctrl Pts',(38.2208731342405,8.68450127049833,15.2714732669393));
#1323=CARTESIAN_POINT('Ctrl Pts',(31.9790340379236,2.98755671168686,15.4746679554469));
#1324=CARTESIAN_POINT('Ctrl Pts',(25.9093022873023,-2.30033174846347,12.737187101394));
#1325=CARTESIAN_POINT('Ctrl Pts',(20.354809180905,-7.0897499201751,8.36900251914049));
#1326=CARTESIAN_POINT('Ctrl Pts',(13.6924770075734,-12.8134035333726,1.82237046406855));
#1327=CARTESIAN_POINT('Ctrl Pts',(7.00217670420854,-18.5333117797641,-5.54944050089966));
#1328=CARTESIAN_POINT('Ctrl Pts',(0.0851539401741062,-24.2531869033225,
-11.3446812021068));
#1329=CARTESIAN_POINT('Ctrl Pts',(-4.35141275460752,-27.7825635259685,-13.8909149137505));
#1330=CARTESIAN_POINT('Ctrl Pts',(-7.49794779553986,-30.1820836997556,-14.9463007091314));
#1331=CARTESIAN_POINT('Ctrl Pts',(-9.29933505034778,-31.5205344384162,-15.3302494364586));
#1332=CARTESIAN_POINT('Ctrl Pts',(-11.0999425247151,-32.8331522429308,-15.5644237493094));
#1333=CARTESIAN_POINT('Ctrl Pts',(-13.3418758649783,-34.4160533523222,-15.5709566104811));
#1334=CARTESIAN_POINT('Ctrl Pts',(-17.4613376578938,-37.1748326877048,-14.8796774000785));
#1335=CARTESIAN_POINT('Ctrl Pts',(-22.7607964841006,-40.2856716541194,-12.2105352935063));
#1336=CARTESIAN_POINT('Ctrl Pts',(-28.2078656034164,-42.2943249788865,-6.27355354313636));
#1337=CARTESIAN_POINT('Ctrl Pts',(-31.411775734196,-41.7416037560887,0.565862922281564));
#1338=CARTESIAN_POINT('Ctrl Pts',(-32.56533183505,-39.1057620353621,6.85814552032677));
#1339=CARTESIAN_POINT('Ctrl Pts',(-32.2804738305921,-35.2372450037394,11.9194167369682));
#1340=CARTESIAN_POINT('Ctrl Pts',(-30.8402517938215,-30.1406273717701,15.8223691549476));
#1341=CARTESIAN_POINT('Ctrl Pts',(-28.5025954699539,-24.171164324044,18.1125046818629));
#1342=CARTESIAN_POINT('Ctrl Pts',(-25.5626897264479,-17.7325186212639,18.4814357667467));
#1343=CARTESIAN_POINT('Ctrl Pts',(-22.330255463998,-11.2393646456344,16.8801608861026));
#1344=CARTESIAN_POINT('Ctrl Pts',(-19.0215736113066,-4.95214041280109,13.5844508414465));
#1345=CARTESIAN_POINT('Ctrl Pts',(-14.6227418079819,3.07630385528162,7.5561513408181));
#1346=CARTESIAN_POINT('Ctrl Pts',(-10.2614289262756,10.6668734757625,0.168930309639076));
#1347=CARTESIAN_POINT('Ctrl Pts',(-5.85927690819466,18.0061711451625,-6.17910325514948));
#1348=CARTESIAN_POINT('Ctrl Pts',(-2.53592701907983,23.3571646111242,-9.88194841167889));
#1349=CARTESIAN_POINT('Ctrl Pts',(0.77619656373861,28.4681580510201,-12.1388915245737));
#1350=CARTESIAN_POINT('Ctrl Pts',(4.02942763514543,33.2058108254518,-12.8065251579001));
#1351=CARTESIAN_POINT('Ctrl Pts',(7.17577159289282,37.4103815635044,-11.9437587875541));
#1352=CARTESIAN_POINT('Ctrl Pts',(10.4524613554335,41.226154417325,-9.49541204958864));
#1353=CARTESIAN_POINT('Ctrl Pts',(13.5828758964414,43.8875192024466,-5.30965239926102));
#1354=CARTESIAN_POINT('Ctrl Pts',(16.1155724577401,44.3670755077826,0.090768507823747));
#1355=CARTESIAN_POINT('Ctrl Pts',(17.7241953048802,42.3014719598036,5.4884818222206));
#1356=CARTESIAN_POINT('Ctrl Pts',(18.449940737882,37.8147037348388,10.0290051792405));
#1357=CARTESIAN_POINT('Ctrl Pts',(18.4054117118972,31.5016625993676,12.6793112969165));
#1358=CARTESIAN_POINT('Ctrl Pts',(17.8084130070917,24.104329660863,12.7773865952881));
#1359=CARTESIAN_POINT('Ctrl Pts',(16.8426159727286,16.0713016052925,10.0239100614899));
#1360=CARTESIAN_POINT('Ctrl Pts',(15.622333018539,7.71441398794062,4.68623156939852));
#1361=CARTESIAN_POINT('Ctrl Pts',(14.3317294471777,-0.0789893598245446,
-1.63447130360944));
#1362=CARTESIAN_POINT('Ctrl Pts',(13.0214175473324,-7.30605685002498,-7.51030621519727));
#1363=CARTESIAN_POINT('Ctrl Pts',(11.7155564238338,-13.9785976252941,-12.289365716488));
#1364=CARTESIAN_POINT('Ctrl Pts',(10.2530702456202,-20.8573455566483,-15.9976046965625));
#1365=CARTESIAN_POINT('Ctrl Pts',(8.8766703730424,-26.7208542572475,-17.7776614082885));
#1366=CARTESIAN_POINT('Ctrl Pts',(7.67973629915964,-31.3566445286487,-18.2488873641163));
#1367=CARTESIAN_POINT('Ctrl Pts',(6.73580490423591,-34.7469240731689,-18.1129922098443));
#1368=CARTESIAN_POINT('Ctrl Pts',(5.75210987875608,-37.9900498401389,-17.4917734075768));
#1369=CARTESIAN_POINT('Ctrl Pts',(4.39136860452899,-42.0309750505824,-16.0475653337319));
#1370=CARTESIAN_POINT('Ctrl Pts',(2.61098280616017,-46.3916965590591,-13.1735436012087));
#1371=CARTESIAN_POINT('Ctrl Pts',(0.383693141472495,-50.0640672172299,-8.42645000905403));
#1372=CARTESIAN_POINT('Ctrl Pts',(-1.89471520702082,-51.8122195742893,-2.91167080699901));
#1373=CARTESIAN_POINT('Ctrl Pts',(-4.1651800268172,-51.4452926636395,2.74499044773893));
#1374=CARTESIAN_POINT('Ctrl Pts',(-6.36372582270735,-49.0744347088653,7.89530258346164));
#1375=CARTESIAN_POINT('Ctrl Pts',(-8.68367344877954,-44.5972098643974,12.4810716094103));
#1376=CARTESIAN_POINT('Ctrl Pts',(-11.0451273172023,-37.9093403761929,15.4787863887442));
#1377=CARTESIAN_POINT('Ctrl Pts',(-13.3482434034389,-29.4640057157459,15.604353325094));
#1378=CARTESIAN_POINT('Ctrl Pts',(-15.4605333881716,-20.3288373495006,12.4158858394491));
#1379=CARTESIAN_POINT('Ctrl Pts',(-17.3832281836529,-10.8762678560895,6.16829676820851));
#1380=CARTESIAN_POINT('Ctrl Pts',(-19.1497970701339,-1.15992298382833,-1.8900837059452));
#1381=CARTESIAN_POINT('Ctrl Pts',(-20.7359595976078,8.64382052262045,-9.48758126173024));
#1382=CARTESIAN_POINT('Ctrl Pts',(-22.1194016774124,18.6659958005628,-14.7064580466957));
#1383=CARTESIAN_POINT('Ctrl Pts',(-23.1591083472037,28.7272987982584,-16.1701922562594));
#1384=CARTESIAN_POINT('Ctrl Pts',(-23.5201508943677,37.9717015822887,-13.4953707906558));
#1385=CARTESIAN_POINT('Ctrl Pts',(-22.7409382870072,45.0096196224722,-7.32457799079313));
#1386=CARTESIAN_POINT('Ctrl Pts',(-21.1700443780502,47.2863876660677,-1.76552642082963));
#1387=CARTESIAN_POINT('Ctrl Pts',(-20.0963311400915,47.6709460368425,1.04893766909854));
#1388=CARTESIAN_POINT('Ctrl Pts',(-7.97116899331944,15.1687028600706,-2.38172518110961));
#1389=CARTESIAN_POINT('Ctrl Pts',(-4.89734088392844,16.3333721332212,-4.99995444780819));
#1390=CARTESIAN_POINT('Ctrl Pts',(1.39280817494146,18.5948554855224,-10.3494804193458));
#1391=CARTESIAN_POINT('Ctrl Pts',(11.5015258393231,21.7240645740698,-16.7110176980395));
#1392=CARTESIAN_POINT('Ctrl Pts',(22.4183702147203,24.4473047222394,-19.5700509345585));
#1393=CARTESIAN_POINT('Ctrl Pts',(33.1514105855723,26.2915432045471,-17.7542639775414));
#1394=CARTESIAN_POINT('Ctrl Pts',(41.8890529819099,26.6482497036538,-11.7495500075434));
#1395=CARTESIAN_POINT('Ctrl Pts',(47.1273503938978,25.0225833684422,-2.96360963790412));
#1396=CARTESIAN_POINT('Ctrl Pts',(47.7148685694196,21.1607047397621,6.47649529636179));
#1397=CARTESIAN_POINT('Ctrl Pts',(44.1379956060414,15.7233982933556,13.7653904697937));
#1398=CARTESIAN_POINT('Ctrl Pts',(38.1525012483768,9.52077803547198,17.6686574679792));
#1399=CARTESIAN_POINT('Ctrl Pts',(31.209643802592,3.20466070398464,17.8698261235457));
#1400=CARTESIAN_POINT('Ctrl Pts',(24.6704541980912,-2.47431645992019,14.8914889743199));
#1401=CARTESIAN_POINT('Ctrl Pts',(18.880715161065,-7.45147053808232,10.3317730980099));
#1402=CARTESIAN_POINT('Ctrl Pts',(12.0826037187561,-13.2748807694251,3.6482185665128));
#1403=CARTESIAN_POINT('Ctrl Pts',(5.42482539106456,-18.94762854326,-3.67852428124319));
#1404=CARTESIAN_POINT('Ctrl Pts',(-1.26266357562703,-24.459761932157,-9.26542587496826));
#1405=CARTESIAN_POINT('Ctrl Pts',(-5.43491385397008,-27.766740231866,-11.6502968786206));
#1406=CARTESIAN_POINT('Ctrl Pts',(-8.32668689610657,-29.9643148140498,-12.6178463380493));
#1407=CARTESIAN_POINT('Ctrl Pts',(-9.96461595474576,-31.1774711886024,-12.9668912685316));
#1408=CARTESIAN_POINT('Ctrl Pts',(-11.5912068229644,-32.3592279381266,-13.1783815686252));
#1409=CARTESIAN_POINT('Ctrl Pts',(-13.5996246858742,-33.7712288335283,-13.184022643697));
#1410=CARTESIAN_POINT('Ctrl Pts',(-17.2563190647505,-36.2112298972089,-12.5704461122355));
#1411=CARTESIAN_POINT('Ctrl Pts',(-21.9162368123109,-38.9322064722389,-10.2223841614903));
#1412=CARTESIAN_POINT('Ctrl Pts',(-26.6623779308255,-40.6645793833398,-5.04842377704046));
#1413=CARTESIAN_POINT('Ctrl Pts',(-29.425728640578,-40.1737531400396,0.842052397020684));
#1414=CARTESIAN_POINT('Ctrl Pts',(-30.4342978644386,-37.886204343208,6.29006038853993));
#1415=CARTESIAN_POINT('Ctrl Pts',(-30.1918768748444,-34.4755612216205,10.7480772693946));
#1416=CARTESIAN_POINT('Ctrl Pts',(-28.9113869761984,-29.9141078757572,14.235494251101));
#1417=CARTESIAN_POINT('Ctrl Pts',(-26.803350216177,-24.5108455470584,16.3047398910592));
#1418=CARTESIAN_POINT('Ctrl Pts',(-24.118175689617,-18.6108643395612,16.6418440738897));
#1419=CARTESIAN_POINT('Ctrl Pts',(-21.1097002542971,-12.5501720211551,15.1504497377878));
#1420=CARTESIAN_POINT('Ctrl Pts',(-17.960972412524,-6.54977895751429,12.0068275243953));
#1421=CARTESIAN_POINT('Ctrl Pts',(-13.6910651395964,1.26455170266885,6.13963733424322));
#1422=CARTESIAN_POINT('Ctrl Pts',(-9.365755659499,8.81622782569207,-1.21266325628705));
#1423=CARTESIAN_POINT('Ctrl Pts',(-4.91653539777025,16.2543075197924,-7.6587762446938));
#1424=CARTESIAN_POINT('Ctrl Pts',(-1.50235564353115,21.7678969319147,-11.4846345502927));
#1425=CARTESIAN_POINT('Ctrl Pts',(1.97142872385081,27.1444740413709,-13.8730130378058));
#1426=CARTESIAN_POINT('Ctrl Pts',(5.45215483105417,32.2296265952233,-14.6024625880943));
#1427=CARTESIAN_POINT('Ctrl Pts',(8.84983104720625,36.7853194467926,-13.677145316353));
#1428=CARTESIAN_POINT('Ctrl Pts',(12.385216615526,40.9157930499897,-11.0361611380705));
#1429=CARTESIAN_POINT('Ctrl Pts',(15.7454583326346,43.786315990101,-6.54069136470401));
#1430=CARTESIAN_POINT('Ctrl Pts',(18.4421325848574,44.302737628589,-0.779656396069951));
#1431=CARTESIAN_POINT('Ctrl Pts',(20.1174663607686,42.1419432625849,4.86039317164174));
#1432=CARTESIAN_POINT('Ctrl Pts',(20.853802789416,37.5715287549589,9.48310219073575));
#1433=CARTESIAN_POINT('Ctrl Pts',(20.8103321123709,31.2607958003715,12.1366714500368));
#1434=CARTESIAN_POINT('Ctrl Pts',(20.2223844195297,23.944357060357,12.2428028465609));
#1435=CARTESIAN_POINT('Ctrl Pts',(19.2698708026773,15.9921887619687,9.53492947118841));
#1436=CARTESIAN_POINT('Ctrl Pts',(18.0575091012861,7.66667377201944,4.23605438975338));
#1437=CARTESIAN_POINT('Ctrl Pts',(16.7681767933008,-0.137772855694379,-2.07649645070366));
#1438=CARTESIAN_POINT('Ctrl Pts',(15.452732260901,-7.40806577164322,-7.97326103340797));
#1439=CARTESIAN_POINT('Ctrl Pts',(14.1351789316036,-14.1531162701848,-12.7926811905551));
#1440=CARTESIAN_POINT('Ctrl Pts',(12.6496462876196,-21.1526897764523,-16.5568406967146));
#1441=CARTESIAN_POINT('Ctrl Pts',(11.2390468252329,-27.1711663056729,-18.3787926589682));
#1442=CARTESIAN_POINT('Ctrl Pts',(10.003562448308,-31.9629229560399,-18.8591600890902));
#1443=CARTESIAN_POINT('Ctrl Pts',(9.02449314968026,-35.4830474405638,-18.7141598925674));
#1444=CARTESIAN_POINT('Ctrl Pts',(7.9997373043924,-38.865690331865,-18.0611298305155));
#1445=CARTESIAN_POINT('Ctrl Pts',(6.57541859453386,-43.099762923594,-16.541511655116));
#1446=CARTESIAN_POINT('Ctrl Pts',(4.69774075356474,-47.7056556352089,-13.5020764847474));
#1447=CARTESIAN_POINT('Ctrl Pts',(2.31905794005372,-51.6354529984722,-8.41943623216661));
#1448=CARTESIAN_POINT('Ctrl Pts',(-0.152233600624075,-53.5361720504854,
-2.42250005261458));
#1449=CARTESIAN_POINT('Ctrl Pts',(-2.64381657795746,-53.1280792300335,3.80324577470726));
#1450=CARTESIAN_POINT('Ctrl Pts',(-5.06365161589374,-50.503092143524,9.48773547108556));
#1451=CARTESIAN_POINT('Ctrl Pts',(-7.61539412291828,-45.5534756871236,14.5469103796982));
#1452=CARTESIAN_POINT('Ctrl Pts',(-10.2141927505118,-38.1567996617307,17.8554595413434));
#1453=CARTESIAN_POINT('Ctrl Pts',(-12.7324414751615,-28.8647364968748,17.9746070326455));
#1454=CARTESIAN_POINT('Ctrl Pts',(-14.9776741012464,-19.0820827282522,14.5255138571692));
#1455=CARTESIAN_POINT('Ctrl Pts',(-16.9468729528717,-9.31797325648128,8.04601866415262));
#1456=CARTESIAN_POINT('Ctrl Pts',(-18.7074555731123,0.454119155718221,-0.0637346841011235));
#1457=CARTESIAN_POINT('Ctrl Pts',(-20.2473339760559,10.0742976269947,-7.51426147989546));
#1458=CARTESIAN_POINT('Ctrl Pts',(-21.5401113854576,19.5716183900695,-12.4242138107935));
#1459=CARTESIAN_POINT('Ctrl Pts',(-22.4592267476951,28.6530277774505,-13.7102861685517));
#1460=CARTESIAN_POINT('Ctrl Pts',(-22.7604797770293,36.7989819975468,-11.3449726311852));
#1461=CARTESIAN_POINT('Ctrl Pts',(-22.0608378967953,42.9412507155454,-5.9480421345852));
#1462=CARTESIAN_POINT('Ctrl Pts',(-20.6965352339856,44.8942454455768,-1.16296700538943));
#1463=CARTESIAN_POINT('Ctrl Pts',(-19.7658089112951,45.2255001319853,1.26270469437869));
#1464=CARTESIAN_POINT('Ctrl Pts',(-7.70916178453865,17.7608039960772,-0.928484453163283));
#1465=CARTESIAN_POINT('Ctrl Pts',(-4.61338772667599,18.9295657865352,-3.55797620561058));
#1466=CARTESIAN_POINT('Ctrl Pts',(1.66652207470917,21.1782311207667,-8.88251495084526));
#1467=CARTESIAN_POINT('Ctrl Pts',(11.5742156036833,24.2303766789503,-15.078307137881));
#1468=CARTESIAN_POINT('Ctrl Pts',(22.0212559378582,26.8227486907271,-17.7782113939271));
#1469=CARTESIAN_POINT('Ctrl Pts',(32.194480536292,28.5606064436913,-16.0422830971192));
#1470=CARTESIAN_POINT('Ctrl Pts',(40.5413643833301,28.8942561045933,-10.3028384345114));
#1471=CARTESIAN_POINT('Ctrl Pts',(45.6042058051233,27.3190086359674,-1.81121272779281));
#1472=CARTESIAN_POINT('Ctrl Pts',(46.1905911210139,23.5216116754374,7.47648139307243));
#1473=CARTESIAN_POINT('Ctrl Pts',(42.5948899287507,18.0486643362991,14.8228709466193));
#1474=CARTESIAN_POINT('Ctrl Pts',(36.4445242608166,11.6805851455997,18.8318348206037));
#1475=CARTESIAN_POINT('Ctrl Pts',(29.2326286332846,5.12747403843185,19.0258129160324));
#1476=CARTESIAN_POINT('Ctrl Pts',(22.486235674548,-0.723388532081395,15.9300310211881));
#1477=CARTESIAN_POINT('Ctrl Pts',(16.5919658989825,-5.78350155986799,11.2713958707713));
#1478=CARTESIAN_POINT('Ctrl Pts',(9.73713276094892,-11.6476134572121,4.51410411416773));
#1479=CARTESIAN_POINT('Ctrl Pts',(3.10861625688835,-17.286227657918,-2.79446901698644));
#1480=CARTESIAN_POINT('Ctrl Pts',(-3.4388546768315,-22.674016164708,-8.27116723133962));
#1481=CARTESIAN_POINT('Ctrl Pts',(-7.45184173265492,-25.8483948868744,-10.5685506916371));
#1482=CARTESIAN_POINT('Ctrl Pts',(-10.1875914211714,-27.9232566208525,-11.4883712105839));
#1483=CARTESIAN_POINT('Ctrl Pts',(-11.7240234749887,-29.0591436146944,-11.8188412210064));
#1484=CARTESIAN_POINT('Ctrl Pts',(-13.2412877885673,-30.1592644537748,-12.0192670166961));
#1485=CARTESIAN_POINT('Ctrl Pts',(-15.0999717177577,-31.4626274234878,-12.0289313434492));
#1486=CARTESIAN_POINT('Ctrl Pts',(-18.4504386021083,-33.6931866647509,-11.4732124429164));
#1487=CARTESIAN_POINT('Ctrl Pts',(-22.6544265488568,-36.1382898234179,-9.35921199210364));
#1488=CARTESIAN_POINT('Ctrl Pts',(-26.831580776946,-37.6463036323853,-4.80436625000803));
#1489=CARTESIAN_POINT('Ctrl Pts',(-29.1902891485463,-37.2135876703826,0.212757503504218));
#1490=CARTESIAN_POINT('Ctrl Pts',(-30.0538675368962,-35.2831501162358,4.80299662918182));
#1491=CARTESIAN_POINT('Ctrl Pts',(-29.8610328840318,-32.3824101688068,8.59500238526156));
#1492=CARTESIAN_POINT('Ctrl Pts',(-28.7765263176474,-28.4715824339283,11.5834853480642));
#1493=CARTESIAN_POINT('Ctrl Pts',(-26.9709922594499,-23.8108777503145,13.3692751343041));
#1494=CARTESIAN_POINT('Ctrl Pts',(-24.6421477510108,-18.6618166145165,13.6705394753457));
#1495=CARTESIAN_POINT('Ctrl Pts',(-21.958055196011,-13.225252699966,12.348405941341));
#1496=CARTESIAN_POINT('Ctrl Pts',(-19.043211613796,-7.64192007533839,9.43922396185271));
#1497=CARTESIAN_POINT('Ctrl Pts',(-14.9576742211725,-0.129761194780413,
3.81953994290803));
#1498=CARTESIAN_POINT('Ctrl Pts',(-10.6711745516213,7.3927354273492,-3.48617514014891));
#1499=CARTESIAN_POINT('Ctrl Pts',(-6.1193288047035,15.0354990167889,-10.107834985522));
#1500=CARTESIAN_POINT('Ctrl Pts',(-2.52982839101535,20.8583843010782,-14.1491417087032));
#1501=CARTESIAN_POINT('Ctrl Pts',(1.24921674943391,26.7332766827853,-16.7682517340959));
#1502=CARTESIAN_POINT('Ctrl Pts',(5.16851823690371,32.484591461536,-17.6019790191474));
#1503=CARTESIAN_POINT('Ctrl Pts',(9.07743968728631,37.7512456222007,-16.5379063969042));
#1504=CARTESIAN_POINT('Ctrl Pts',(13.192289944629,42.5805372701868,-13.454281768631));
#1505=CARTESIAN_POINT('Ctrl Pts',(17.1556050557579,45.9992225584383,-8.14609945759077));
#1506=CARTESIAN_POINT('Ctrl Pts',(20.4044541252578,46.6420684941476,-1.17362769266351));
#1507=CARTESIAN_POINT('Ctrl Pts',(22.3981726407206,44.034131797175,5.61552023446302));
#1508=CARTESIAN_POINT('Ctrl Pts',(23.2347573439751,38.6983905942076,10.9943518511917));
#1509=CARTESIAN_POINT('Ctrl Pts',(23.169287806938,31.5059026027194,14.0202017601208));
#1510=CARTESIAN_POINT('Ctrl Pts',(22.4981824411149,23.3498823211277,14.1272554147229));
#1511=CARTESIAN_POINT('Ctrl Pts',(21.4618983781664,14.821434948373,11.206160237527));
#1512=CARTESIAN_POINT('Ctrl Pts',(20.1950772835264,6.20642331025365,5.72340709016571));
#1513=CARTESIAN_POINT('Ctrl Pts',(18.8796611908647,-1.69210310323497,-0.654139639319055));
#1514=CARTESIAN_POINT('Ctrl Pts',(17.5591734435755,-8.94119677460656,-6.51943055776301));
#1515=CARTESIAN_POINT('Ctrl Pts',(16.2546829406052,-15.5788869182207,-11.2480621542154));
#1516=CARTESIAN_POINT('Ctrl Pts',(14.8069230428612,-22.3625231855887,-14.8792224711645));
#1517=CARTESIAN_POINT('Ctrl Pts',(13.4557036633256,-28.1012667449702,-16.6034429820289));
#1518=CARTESIAN_POINT('Ctrl Pts',(12.2817947390473,-32.634225633764,-17.0501750821457));
#1519=CARTESIAN_POINT('Ctrl Pts',(11.3548723419712,-35.9558295084036,-16.9087628114793));
#1520=CARTESIAN_POINT('Ctrl Pts',(10.3843709166523,-39.1465662157572,-16.2870728875311));
#1521=CARTESIAN_POINT('Ctrl Pts',(9.03402181803902,-43.1462903254028,-14.8442921717679));
#1522=CARTESIAN_POINT('Ctrl Pts',(7.24664660586374,-47.5172864601353,-11.9526198642769));
#1523=CARTESIAN_POINT('Ctrl Pts',(4.96381787495388,-51.2765041794993,-7.07903103235512));
#1524=CARTESIAN_POINT('Ctrl Pts',(2.56943205463951,-53.1103623156726,-1.27321698174756));
#1525=CARTESIAN_POINT('Ctrl Pts',(0.126295527611609,-52.7054463182678,4.82747933440177));
#1526=CARTESIAN_POINT('Ctrl Pts',(-2.27906314410925,-50.0919600296967,10.4757095374861));
#1527=CARTESIAN_POINT('Ctrl Pts',(-4.84729131438712,-45.1029847759897,15.5648407440273));
#1528=CARTESIAN_POINT('Ctrl Pts',(-7.49457609391405,-37.5587262691027,18.9342025562748));
#1529=CARTESIAN_POINT('Ctrl Pts',(-10.0776472375977,-28.0067391278492,19.0427664745315));
#1530=CARTESIAN_POINT('Ctrl Pts',(-12.3673907352306,-18.0002696675744,15.489129849252));
#1531=CARTESIAN_POINT('Ctrl Pts',(-14.3490094957911,-8.13778612995132,8.91606165167844));
#1532=CARTESIAN_POINT('Ctrl Pts',(-16.1001652928216,1.62333018354303,0.793470013445839));
#1533=CARTESIAN_POINT('Ctrl Pts',(-17.6117197555602,11.1168105412808,-6.57613778606374));
#1534=CARTESIAN_POINT('Ctrl Pts',(-18.8533078887819,20.3065504384011,-11.3240450256361));
#1535=CARTESIAN_POINT('Ctrl Pts',(-19.7022571776336,28.807650995667,-12.5160133066009));
#1536=CARTESIAN_POINT('Ctrl Pts',(-19.964978977518,36.2253399071405,-10.3594424248248));
#1537=CARTESIAN_POINT('Ctrl Pts',(-19.3262075892309,41.6668203261997,-5.5632817599686));
#1538=CARTESIAN_POINT('Ctrl Pts',(-18.1485972320716,43.3224964402128,-1.48088979575505));
#1539=CARTESIAN_POINT('Ctrl Pts',(-17.3581783876151,43.6068061863594,0.567945842732923));
#1540=CARTESIAN_POINT('Ctrl Pts',(-5.97052030661746,18.4138586565093,1.40137648308357));
#1541=CARTESIAN_POINT('Ctrl Pts',(-2.86889216513138,19.5781358710079,-1.23122000502464));
#1542=CARTESIAN_POINT('Ctrl Pts',(3.32853899777971,21.7823318158373,-6.4791101275537));
#1543=CARTESIAN_POINT('Ctrl Pts',(12.7576362736175,24.6612802742784,-12.3330888748194));
#1544=CARTESIAN_POINT('Ctrl Pts',(22.1788938499285,26.9732356182996,-14.7169813471788));
#1545=CARTESIAN_POINT('Ctrl Pts',(31.0540902755883,28.4687360819668,-13.1862355954924));
#1546=CARTESIAN_POINT('Ctrl Pts',(38.3107442907548,28.7400717135567,-8.19113608619848));
#1547=CARTESIAN_POINT('Ctrl Pts',(42.6693429180209,27.3599083313539,-0.861953769621656));
#1548=CARTESIAN_POINT('Ctrl Pts',(43.1908320085941,24.0634708836192,7.17761522390751));
#1549=CARTESIAN_POINT('Ctrl Pts',(40.0056270619392,19.1783925090571,13.7391818839223));
#1550=CARTESIAN_POINT('Ctrl Pts',(34.4016345794039,13.3631170655873,17.3951389589408));
#1551=CARTESIAN_POINT('Ctrl Pts',(27.6973632588355,7.25921834323948,17.5824103265306));
#1552=CARTESIAN_POINT('Ctrl Pts',(21.2572763399993,1.66446970430189,14.6297635126408));
#1553=CARTESIAN_POINT('Ctrl Pts',(15.5158490287879,-3.27301489062071,10.0780851145032));
#1554=CARTESIAN_POINT('Ctrl Pts',(8.75375736887957,-9.06773653001328,3.39352591074674));
#1555=CARTESIAN_POINT('Ctrl Pts',(2.12191911591841,-14.7209313537748,-3.94655404157231));
#1556=CARTESIAN_POINT('Ctrl Pts',(-4.52744359032362,-20.203744296911,-9.5361792518869));
#1557=CARTESIAN_POINT('Ctrl Pts',(-8.66038064987748,-23.4806209825697,-11.9183146688577));
#1558=CARTESIAN_POINT('Ctrl Pts',(-11.5080077568266,-25.6453046030091,-12.8840899506679));
#1559=CARTESIAN_POINT('Ctrl Pts',(-13.1143700992068,-26.8354307011311,-13.2332932693626));
#1560=CARTESIAN_POINT('Ctrl Pts',(-14.7044622390044,-27.9910210031071,-13.4471430381519));
#1561=CARTESIAN_POINT('Ctrl Pts',(-16.6574662088945,-29.3644648708742,-13.4626324433602));
#1562=CARTESIAN_POINT('Ctrl Pts',(-20.1824596325407,-31.7170530207894,-12.885505045279));
#1563=CARTESIAN_POINT('Ctrl Pts',(-24.5899209851192,-34.2876831029518,-10.6743462174747));
#1564=CARTESIAN_POINT('Ctrl Pts',(-28.9008966456375,-35.8481850097453,-5.97353619440286));
#1565=CARTESIAN_POINT('Ctrl Pts',(-31.2852757834617,-35.4128006969299,-0.902964564445805));
#1566=CARTESIAN_POINT('Ctrl Pts',(-32.1432025326684,-33.5080409960149,3.63495731319396));
#1567=CARTESIAN_POINT('Ctrl Pts',(-31.9611123819787,-30.6923878867523,7.321734237108));
#1568=CARTESIAN_POINT('Ctrl Pts',(-30.9289819004346,-26.9478011100463,10.1894414258468));
#1569=CARTESIAN_POINT('Ctrl Pts',(-29.2243748456724,-22.5312513784353,11.8879883574985));
#1570=CARTESIAN_POINT('Ctrl Pts',(-27.0333745524911,-17.6697054921626,12.1836587892009));
#1571=CARTESIAN_POINT('Ctrl Pts',(-24.4842404593292,-12.4905154420948,10.9409597089427));
#1572=CARTESIAN_POINT('Ctrl Pts',(-21.668490604943,-7.08153323234238,8.14163430938908));
#1573=CARTESIAN_POINT('Ctrl Pts',(-17.6577013494283,0.311763255045134,2.63712973693532));
#1574=CARTESIAN_POINT('Ctrl Pts',(-13.3763518579344,7.845256923221,-4.65244491263164));
#1575=CARTESIAN_POINT('Ctrl Pts',(-8.75338343932288,15.624222771054,-11.3751751856809));
#1576=CARTESIAN_POINT('Ctrl Pts',(-5.05501181616744,21.6367264969172,-15.5374650019427));
#1577=CARTESIAN_POINT('Ctrl Pts',(-1.09013820126376,27.8131752549238,-18.2864908723592));
#1578=CARTESIAN_POINT('Ctrl Pts',(3.10140058674771,33.9761764692166,-19.1766310743002));
#1579=CARTESIAN_POINT('Ctrl Pts',(7.34565711431475,39.7073355500722,-18.0147722816606));
#1580=CARTESIAN_POINT('Ctrl Pts',(11.8707732797641,45.0286476647734,-14.6120677403867));
#1581=CARTESIAN_POINT('Ctrl Pts',(16.3087690509537,48.8789027614957,-8.66399596508415));
#1582=CARTESIAN_POINT('Ctrl Pts',(20.0484753602997,49.6347889163905,-0.61500609077573));
#1583=CARTESIAN_POINT('Ctrl Pts',(22.3579403022859,46.584196745782,7.31360380788661));
#1584=CARTESIAN_POINT('Ctrl Pts',(23.3059094010694,40.3953614942294,13.5344781374856));
#1585=CARTESIAN_POINT('Ctrl Pts',(23.2115014052618,32.1010121260183,17.0200737441626));
#1586=CARTESIAN_POINT('Ctrl Pts',(22.4256249066972,22.8007836159104,17.1181099878832));
#1587=CARTESIAN_POINT('Ctrl Pts',(21.2688419306929,13.4581765944918,13.8757092824523));
#1588=CARTESIAN_POINT('Ctrl Pts',(19.9245531028544,4.44487968636535,8.11678508126649));
#1589=CARTESIAN_POINT('Ctrl Pts',(18.5750618963283,-3.55752566671435,1.64827212573917));
#1590=CARTESIAN_POINT('Ctrl Pts',(17.2544408862274,-10.7280146947751,-4.15267263691098));
#1591=CARTESIAN_POINT('Ctrl Pts',(15.9802639711009,-17.1447243926275,-8.71961021364836));
#1592=CARTESIAN_POINT('Ctrl Pts',(14.6072912808021,-23.5138603339032,-12.1177035351187));
#1593=CARTESIAN_POINT('Ctrl Pts',(13.37119324098,-28.7176786992513,-13.6697471609853));
#1594=CARTESIAN_POINT('Ctrl Pts',(12.3204427500806,-32.7403162716034,-14.0635496742242));
#1595=CARTESIAN_POINT('Ctrl Pts',(11.5008116655618,-35.6582285496466,-13.9375901778346));
#1596=CARTESIAN_POINT('Ctrl Pts',(10.6473542942622,-38.4419001292645,-13.3932755199526));
#1597=CARTESIAN_POINT('Ctrl Pts',(9.46572662346021,-41.9171347956553,-12.1370650024298));
#1598=CARTESIAN_POINT('Ctrl Pts',(7.9079580364268,-45.7007407199671,-9.62872392510824));
#1599=CARTESIAN_POINT('Ctrl Pts',(5.92678363470492,-48.938039696089,-5.41954615348205));
#1600=CARTESIAN_POINT('Ctrl Pts',(3.86029407105839,-50.5054086413609,-0.43203291776484));
#1601=CARTESIAN_POINT('Ctrl Pts',(1.7436490809732,-50.1545759994952,4.82808176851005));
#1602=CARTESIAN_POINT('Ctrl Pts',(-0.37756983112824,-47.8610967992085,9.78878545086063));
#1603=CARTESIAN_POINT('Ctrl Pts',(-2.68735390583357,-43.3919164085206,14.34574022174));
#1604=CARTESIAN_POINT('Ctrl Pts',(-5.10954906942995,-36.5163443481665,17.4169802517035));
#1605=CARTESIAN_POINT('Ctrl Pts',(-7.51468802442583,-27.6586086022417,17.5200615190774));
#1606=CARTESIAN_POINT('Ctrl Pts',(-9.69976904944134,-18.1525651509385,14.1492950186993));
#1607=CARTESIAN_POINT('Ctrl Pts',(-11.6408146166203,-8.54239669189651,7.73844423469458));
#1608=CARTESIAN_POINT('Ctrl Pts',(-13.3873120136394,1.13801870596447,-0.338300946316313));
#1609=CARTESIAN_POINT('Ctrl Pts',(-14.919203963582,10.6949184763967,-7.78359225632132));
#1610=CARTESIAN_POINT('Ctrl Pts',(-16.2059560219846,20.1334944853016,-12.700414116993));
#1611=CARTESIAN_POINT('Ctrl Pts',(-17.1123676614852,29.0906771719958,-13.9879907655192));
#1612=CARTESIAN_POINT('Ctrl Pts',(-17.3986492089857,36.9231196332131,-11.717970865777));
#1613=CARTESIAN_POINT('Ctrl Pts',(-16.7399112132746,42.5690952467645,-6.73942122220443));
#1614=CARTESIAN_POINT('Ctrl Pts',(-15.5461538325781,44.2457640384742,-2.60003671473754));
#1615=CARTESIAN_POINT('Ctrl Pts',(-14.7589907005421,44.5355499232807,-0.554223930076246));
#1616=CARTESIAN_POINT('Ctrl Pts',(-4.06456569968651,16.6411504290354,2.85555140831814));
#1617=CARTESIAN_POINT('Ctrl Pts',(-0.9776052250214,17.795734419859,0.230356889016858));
#1618=CARTESIAN_POINT('Ctrl Pts',(5.12712098525521,19.9572375229052,-4.94684316356415));
#1619=CARTESIAN_POINT('Ctrl Pts',(14.1602026087374,22.697174969654,-10.5401653041042));
#1620=CARTESIAN_POINT('Ctrl Pts',(22.7717006765674,24.7901601492709,-12.6889284968935));
#1621=CARTESIAN_POINT('Ctrl Pts',(30.5875562925178,26.0896412757958,-11.334099845005));
#1622=CARTESIAN_POINT('Ctrl Pts',(36.8749249272566,26.3061242302571,-7.00195162003439));
#1623=CARTESIAN_POINT('Ctrl Pts',(40.530307948969,25.1186144288978,-0.828159865392155));
#1624=CARTESIAN_POINT('Ctrl Pts',(40.9716075283086,22.3821691643776,5.80720074391258));
#1625=CARTESIAN_POINT('Ctrl Pts',(38.3169104491493,18.2656055143715,11.3325396405273));
#1626=CARTESIAN_POINT('Ctrl Pts',(33.5587899511074,13.3047825068422,14.4425943014502));
#1627=CARTESIAN_POINT('Ctrl Pts',(27.7567305911926,7.99813436139655,14.6288387354471));
#1628=CARTESIAN_POINT('Ctrl Pts',(21.9058587702196,2.89465943248809,11.972243014592));
#1629=CARTESIAN_POINT('Ctrl Pts',(16.4594208004098,-1.80711566771056,7.65293989755324));
#1630=CARTESIAN_POINT('Ctrl Pts',(9.86961101427274,-7.47470082386363,1.13284033511677));
#1631=CARTESIAN_POINT('Ctrl Pts',(3.20480893043117,-13.1799497332674,-6.26472106609294));
#1632=CARTESIAN_POINT('Ctrl Pts',(-3.7113895122187,-18.9054887846147,-12.1055441878886));
#1633=CARTESIAN_POINT('Ctrl Pts',(-8.15278415852467,-22.4425740159337,-14.6810185252797));
#1634=CARTESIAN_POINT('Ctrl Pts',(-11.2959626971863,-24.8420325952691,-15.7519508072682));
#1635=CARTESIAN_POINT('Ctrl Pts',(-13.091111392553,-26.1771465636805,-16.143148689956));
#1636=CARTESIAN_POINT('Ctrl Pts',(-14.8814580343097,-27.4836387991227,-16.384846070885));
#1637=CARTESIAN_POINT('Ctrl Pts',(-17.1017248337671,-29.05312738419,-16.4037443445418));
#1638=CARTESIAN_POINT('Ctrl Pts',(-21.1507585139541,-31.7674939668238,-15.7421192384935));
#1639=CARTESIAN_POINT('Ctrl Pts',(-26.266122437451,-34.7701266441705,-13.1775126048946));
#1640=CARTESIAN_POINT('Ctrl Pts',(-31.3127882645224,-36.6204624386859,-7.67570590420456));
#1641=CARTESIAN_POINT('Ctrl Pts',(-34.1335706336337,-36.1240517871393,-1.66586602975451));
#1642=CARTESIAN_POINT('Ctrl Pts',(-35.1289349300045,-33.8946488233949,3.6633832180718));
#1643=CARTESIAN_POINT('Ctrl Pts',(-34.9106863781848,-30.6752562816162,7.88508030118861));
#1644=CARTESIAN_POINT('Ctrl Pts',(-33.7478248118212,-26.4882706026486,11.1000618399238));
#1645=CARTESIAN_POINT('Ctrl Pts',(-31.8666728794845,-21.6342060106806,12.9728954428951));
#1646=CARTESIAN_POINT('Ctrl Pts',(-29.4913495892829,-16.3809823438952,13.2969153992747));
#1647=CARTESIAN_POINT('Ctrl Pts',(-26.7862792370326,-10.8991670788459,11.9837097273502));
#1648=CARTESIAN_POINT('Ctrl Pts',(-23.8603551192909,-5.29105100326214,9.08670153358596));
#1649=CARTESIAN_POINT('Ctrl Pts',(-19.7584912281948,2.25589795949466,3.47816397317782));
#1650=CARTESIAN_POINT('Ctrl Pts',(-15.4447382683092,9.83189348850129,-3.83790497093534));
#1651=CARTESIAN_POINT('Ctrl Pts',(-10.83554250285,17.5761956813459,-10.5110817631017));
#1652=CARTESIAN_POINT('Ctrl Pts',(-7.17639805631245,23.5162158070813,-14.6086717738433));
#1653=CARTESIAN_POINT('Ctrl Pts',(-3.28476748475548,29.5707281603074,-17.2888527044609));
#1654=CARTESIAN_POINT('Ctrl Pts',(0.808374622870498,35.5816985602178,-18.1446636964191));
#1655=CARTESIAN_POINT('Ctrl Pts',(4.9595934106306,41.1811359236685,-16.9995891801008));
#1656=CARTESIAN_POINT('Ctrl Pts',(9.41766456295382,46.4178731513589,-13.6408486356251));
#1657=CARTESIAN_POINT('Ctrl Pts',(13.8452043952382,50.2585387326294,-7.70674682935883));
#1658=CARTESIAN_POINT('Ctrl Pts',(17.6452713033784,51.0291720378335,0.473796784418086));
#1659=CARTESIAN_POINT('Ctrl Pts',(20.0307921462201,47.8733891669541,8.67570650254209));
#1660=CARTESIAN_POINT('Ctrl Pts',(21.017957936278,41.3854700882209,15.1918821983764));
#1661=CARTESIAN_POINT('Ctrl Pts',(20.9095894015579,32.5982672970282,18.8789694544973));
#1662=CARTESIAN_POINT('Ctrl Pts',(20.0638217738201,22.710407678452,18.9651067780266));
#1663=CARTESIAN_POINT('Ctrl Pts',(18.8405474648689,12.927644354923,15.5354885506782));
#1664=CARTESIAN_POINT('Ctrl Pts',(17.4541088534839,3.70681483198082,9.61608624502977));
#1665=CARTESIAN_POINT('Ctrl Pts',(16.0882042970137,-4.33118293292534,3.09916990933409));
#1666=CARTESIAN_POINT('Ctrl Pts',(14.7724622426233,-11.4249481487004,-2.65294076122877));
#1667=CARTESIAN_POINT('Ctrl Pts',(13.5230420973268,-17.6733600175032,-7.10894025577758));
#1668=CARTESIAN_POINT('Ctrl Pts',(12.2055859095494,-23.7414008077002,-10.3492895530038));
#1669=CARTESIAN_POINT('Ctrl Pts',(11.0537101013946,-28.5576265461802,-11.7842369928949));
#1670=CARTESIAN_POINT('Ctrl Pts',(10.0949927931407,-32.2025391924481,-12.145639480491));
#1671=CARTESIAN_POINT('Ctrl Pts',(9.35703377375235,-34.8154278734842,-12.0353403286353));
#1672=CARTESIAN_POINT('Ctrl Pts',(8.59530400754791,-37.2832465505194,-11.5561650771491));
#1673=CARTESIAN_POINT('Ctrl Pts',(7.55014071281467,-40.3385953120214,-10.4557839945778));
#1674=CARTESIAN_POINT('Ctrl Pts',(6.18842540316464,-43.6242602246636,-8.27766718855261));
#1675=CARTESIAN_POINT('Ctrl Pts',(4.48758999937218,-46.3809182165493,-4.68800488854362));
#1676=CARTESIAN_POINT('Ctrl Pts',(2.75314186808614,-47.6825507071106,-0.529944774050556));
#1677=CARTESIAN_POINT('Ctrl Pts',(0.995150292914616,-47.3956228430598,3.80696671427258));
#1678=CARTESIAN_POINT('Ctrl Pts',(-0.786101082987204,-45.4898063545324,
7.94627745315186));
#1679=CARTESIAN_POINT('Ctrl Pts',(-2.7572202746212,-41.7078415391952,11.8096585343252));
#1680=CARTESIAN_POINT('Ctrl Pts',(-4.85025949233251,-35.8137588255968,14.4483596315752));
#1681=CARTESIAN_POINT('Ctrl Pts',(-6.96866194314067,-28.0818853890442,14.555205072448));
#1682=CARTESIAN_POINT('Ctrl Pts',(-8.9788936599039,-19.4232839787771,11.5172663154663));
#1683=CARTESIAN_POINT('Ctrl Pts',(-10.8570078645111,-10.225982503086,5.40234458502161));
#1684=CARTESIAN_POINT('Ctrl Pts',(-12.6071992247804,-0.635244353297698,
-2.60440986155224));
#1685=CARTESIAN_POINT('Ctrl Pts',(-14.1927918912914,9.12705901742778,-10.2251296403171));
#1686=CARTESIAN_POINT('Ctrl Pts',(-15.5870984728139,19.1828656743718,-15.5150428035596));
#1687=CARTESIAN_POINT('Ctrl Pts',(-16.6353993305104,29.2884723083305,-17.0164334026905));
#1688=CARTESIAN_POINT('Ctrl Pts',(-16.9897873936326,38.3653683634651,-14.3971062224452));
#1689=CARTESIAN_POINT('Ctrl Pts',(-16.245379252743,44.9664504144753,-8.5907954199645));
#1690=CARTESIAN_POINT('Ctrl Pts',(-14.8450893702412,46.9651178673699,-3.67913120886143));
#1691=CARTESIAN_POINT('Ctrl Pts',(-13.9215126566281,47.3087381304302,-1.25980158725122));
#1692=CARTESIAN_POINT('Ctrl Pts',(-3.53764311659493,14.2581597966461,2.42096432164075));
#1693=CARTESIAN_POINT('Ctrl Pts',(-0.470758627142339,15.406427477021,-0.193973710651482));
#1694=CARTESIAN_POINT('Ctrl Pts',(5.60710365983658,17.5608301370707,-5.36178950271695));
#1695=CARTESIAN_POINT('Ctrl Pts',(14.6285843652767,20.3009390437519,-10.9694331254168));
#1696=CARTESIAN_POINT('Ctrl Pts',(23.2553126827392,22.4004770011011,-13.1374011416618));
#1697=CARTESIAN_POINT('Ctrl Pts',(31.0542394323926,23.6985481493309,-11.7938535195256));
#1698=CARTESIAN_POINT('Ctrl Pts',(37.2450104980422,23.9100009825964,-7.52886912531296));
#1699=CARTESIAN_POINT('Ctrl Pts',(40.7580941214867,22.7596580464051,-1.58456655221169));
#1700=CARTESIAN_POINT('Ctrl Pts',(41.1705128732264,20.1864613765774,4.63469915627491));
#1701=CARTESIAN_POINT('Ctrl Pts',(38.7240998826064,16.3769282144915,9.73967256742063));
#1702=CARTESIAN_POINT('Ctrl Pts',(34.3879057289268,11.8413809807595,12.5780465231393));
#1703=CARTESIAN_POINT('Ctrl Pts',(29.0985188589898,6.98713827959581,12.7689890914653));
#1704=CARTESIAN_POINT('Ctrl Pts',(23.6034219440522,2.17967221931328,10.300199699155));
#1705=CARTESIAN_POINT('Ctrl Pts',(18.3354520116483,-2.37995661353928,6.13283357159836));
#1706=CARTESIAN_POINT('Ctrl Pts',(11.8469871494612,-7.97356278635414,-0.277301757173508));
#1707=CARTESIAN_POINT('Ctrl Pts',(5.15073354168987,-13.7206782711878,-7.70815432277485));
#1708=CARTESIAN_POINT('Ctrl Pts',(-1.95728429667265,-19.618753629707,-13.7153511682969));
#1709=CARTESIAN_POINT('Ctrl Pts',(-6.61859416718579,-23.3402550028136,-16.4206666686746));
#1710=CARTESIAN_POINT('Ctrl Pts',(-9.97503942707587,-25.9083288439108,-17.5623476857634));
#1711=CARTESIAN_POINT('Ctrl Pts',(-11.9076918328741,-27.3486001282176,-17.981482792122));
#1712=CARTESIAN_POINT('Ctrl Pts',(-13.8450194683711,-28.7653574265406,-18.2408722983814));
#1713=CARTESIAN_POINT('Ctrl Pts',(-16.2638406004186,-30.4797342408101,-18.2584322071651));
#1714=CARTESIAN_POINT('Ctrl Pts',(-20.7108645974164,-33.4675680935681,-17.5270140910116));
#1715=CARTESIAN_POINT('Ctrl Pts',(-26.3907355963155,-36.8134228787459,-14.6766253154676));
#1716=CARTESIAN_POINT('Ctrl Pts',(-32.0886900434573,-38.9204882663583,-8.46585900498053));
#1717=CARTESIAN_POINT('Ctrl Pts',(-35.340505043544,-38.3628582947779,-1.52657514656147));
#1718=CARTESIAN_POINT('Ctrl Pts',(-36.4830381998832,-35.775294769842,4.6668469695638));
#1719=CARTESIAN_POINT('Ctrl Pts',(-36.2183238461516,-32.0664164147145,9.53072581225978));
#1720=CARTESIAN_POINT('Ctrl Pts',(-34.8762387800219,-27.2820554805777,13.2064845523507));
#1721=CARTESIAN_POINT('Ctrl Pts',(-32.7279535769662,-21.7709156897672,15.3327099258559));
#1722=CARTESIAN_POINT('Ctrl Pts',(-30.0466913792264,-15.8720100787957,15.6908620829315));
#1723=CARTESIAN_POINT('Ctrl Pts',(-27.0675230207353,-9.86198267990168,14.2384721749776));
#1724=CARTESIAN_POINT('Ctrl Pts',(-23.9448228574178,-3.90210358487375,11.1487578943231));
#1725=CARTESIAN_POINT('Ctrl Pts',(-19.6862719213755,3.90319998630402,5.33649318930186));
#1726=CARTESIAN_POINT('Ctrl Pts',(-15.3347349435068,11.514083748094,-2.02053728728812));
#1727=CARTESIAN_POINT('Ctrl Pts',(-10.7991211329303,19.1089495026365,-8.55822005106307));
#1728=CARTESIAN_POINT('Ctrl Pts',(-7.27147322030404,24.8157472889612,-12.4880876764355));
#1729=CARTESIAN_POINT('Ctrl Pts',(-3.61065302817891,30.4925933046261,-14.9888041926484));
#1730=CARTESIAN_POINT('Ctrl Pts',(0.153437852096203,36.002806120796,-15.7623241022754));
#1731=CARTESIAN_POINT('Ctrl Pts',(3.92897115052896,41.0789415976728,-14.7161067331657));
#1732=CARTESIAN_POINT('Ctrl Pts',(7.97550319834198,45.8180472323212,-11.6691300537958));
#1733=CARTESIAN_POINT('Ctrl Pts',(11.9966204497341,49.2893675744849,-6.28281343727494));
#1734=CARTESIAN_POINT('Ctrl Pts',(15.4503727949289,49.9811586499908,1.13750303103784));
#1735=CARTESIAN_POINT('Ctrl Pts',(17.6514673137218,47.085350778438,8.67310155102711));
#1736=CARTESIAN_POINT('Ctrl Pts',(18.5862131682726,40.998214960488,14.7934569278614));
#1737=CARTESIAN_POINT('Ctrl Pts',(18.4873921039247,32.6178523630053,18.3064144875212));
#1738=CARTESIAN_POINT('Ctrl Pts',(17.6750254987527,23.0735410095167,18.3875260796221));
#1739=CARTESIAN_POINT('Ctrl Pts',(16.4831479768024,13.5133403950743,15.0311547077472));
#1740=CARTESIAN_POINT('Ctrl Pts',(15.1175070968661,4.40924749490716,9.17525191049508));
#1741=CARTESIAN_POINT('Ctrl Pts',(13.7629205678384,-3.57916031054191,2.68385787126061));
#1742=CARTESIAN_POINT('Ctrl Pts',(12.4522986663468,-10.6588598877492,-3.07120320883197));
#1743=CARTESIAN_POINT('Ctrl Pts',(11.2032212977252,-16.9170204444018,-7.54680894279471));
#1744=CARTESIAN_POINT('Ctrl Pts',(9.88096506919679,-23.0182559507651,-10.8176360192154));
#1745=CARTESIAN_POINT('Ctrl Pts',(8.72040147338301,-27.8784773291423,-12.274469513051));
#1746=CARTESIAN_POINT('Ctrl Pts',(7.75453173920429,-31.5567059549814,-12.6463011980539));
#1747=CARTESIAN_POINT('Ctrl Pts',(7.01188030115171,-34.1895385829258,-12.5393272373039));
#1748=CARTESIAN_POINT('Ctrl Pts',(6.24775706850864,-36.6688839990734,-12.063205092454));
#1749=CARTESIAN_POINT('Ctrl Pts',(5.20355760501747,-39.7256375435909,-10.9689835627406));
#1750=CARTESIAN_POINT('Ctrl Pts',(3.85366980300853,-42.9845883815495,-8.81368267871438));
#1751=CARTESIAN_POINT('Ctrl Pts',(2.1920923422699,-45.6777336641568,-5.31273348227539));
#1752=CARTESIAN_POINT('Ctrl Pts',(0.528667245555313,-46.9259976301884,-1.33292847064272));
#1753=CARTESIAN_POINT('Ctrl Pts',(-1.12961714109408,-46.6603768266222,2.74726297478284));
#1754=CARTESIAN_POINT('Ctrl Pts',(-2.79504156679605,-44.8901475588979,6.60753049292363));
#1755=CARTESIAN_POINT('Ctrl Pts',(-4.6304689848836,-41.3876958955712,10.1953610590384));
#1756=CARTESIAN_POINT('Ctrl Pts',(-6.56982952040117,-35.9543244085324,12.6341572054336));
#1757=CARTESIAN_POINT('Ctrl Pts',(-8.53916699403109,-28.8115424580139,12.749552142565));
#1758=CARTESIAN_POINT('Ctrl Pts',(-10.4554382589958,-20.6145268038465,9.90463024724443));
#1759=CARTESIAN_POINT('Ctrl Pts',(-12.3021587573736,-11.6349859560469,3.96149280747833));
#1760=CARTESIAN_POINT('Ctrl Pts',(-14.060117962188,-2.06987216057922,-4.01081187325361));
#1761=CARTESIAN_POINT('Ctrl Pts',(-15.6844688693449,7.85263420213281,-11.7503635398526));
#1762=CARTESIAN_POINT('Ctrl Pts',(-17.1526822322362,18.3411892993625,-17.2863888256547));
#1763=CARTESIAN_POINT('Ctrl Pts',(-18.3002353017836,29.2576859693409,-18.9297932289333));
#1764=CARTESIAN_POINT('Ctrl Pts',(-18.7055847640238,39.279445875287,-16.042652033347));
#1765=CARTESIAN_POINT('Ctrl Pts',(-17.8889558795744,46.7004545725624,-9.52993581570708));
#1766=CARTESIAN_POINT('Ctrl Pts',(-16.2879343264998,49.0155042482973,-3.86489082565968));
#1767=CARTESIAN_POINT('Ctrl Pts',(-15.2202410732817,49.4103727676852,-1.05585539385579));
#1768=CARTESIAN_POINT('Ctrl Pts',(-3.98199256899423,12.8723069825223,1.28677430864177));
#1769=CARTESIAN_POINT('Ctrl Pts',(-0.92688918547549,14.0194034435666,-1.32209927339648));
#1770=CARTESIAN_POINT('Ctrl Pts',(5.17037244249139,16.1880604032991,-6.51609014629463));
#1771=CARTESIAN_POINT('Ctrl Pts',(14.3771303788847,18.9974505204418,-12.2673871898154));
#1772=CARTESIAN_POINT('Ctrl Pts',(23.4204172492132,21.2121963211944,-14.5711997089875));
#1773=CARTESIAN_POINT('Ctrl Pts',(31.7298646186585,22.6066512720609,-13.1514784233016));
#1774=CARTESIAN_POINT('Ctrl Pts',(38.3105968599648,22.8409379867976,-8.62118244467447));
#1775=CARTESIAN_POINT('Ctrl Pts',(42.0380427957687,21.6305355810665,-2.3208841662661));
#1776=CARTESIAN_POINT('Ctrl Pts',(42.4628156551869,18.9345146574968,4.20080665823161));
#1777=CARTESIAN_POINT('Ctrl Pts',(39.9504404373755,15.0351623763954,9.42083391341865));
#1778=CARTESIAN_POINT('Ctrl Pts',(35.5949921898739,10.4797355431666,12.2717814430504));
#1779=CARTESIAN_POINT('Ctrl Pts',(30.3439489820827,5.65903902472119,12.4671525917418));
#1780=CARTESIAN_POINT('Ctrl Pts',(24.893963427238,0.888672992909582,10.0293568984671));
#1781=CARTESIAN_POINT('Ctrl Pts',(19.6492397412726,-3.65266499188546,5.89055345640624));
#1782=CARTESIAN_POINT('Ctrl Pts',(13.1715937337686,-9.23898809919606,-0.496941582158959));
#1783=CARTESIAN_POINT('Ctrl Pts',(6.46148840588081,-15.0001817688323,-7.93097382243527));
#1784=CARTESIAN_POINT('Ctrl Pts',(-0.696332761328552,-20.941607196949,-13.9712397563888));
#1785=CARTESIAN_POINT('Ctrl Pts',(-5.41363454557906,-24.709197191044,-16.7037072734662));
#1786=CARTESIAN_POINT('Ctrl Pts',(-8.82574580727976,-27.3207016003313,-17.8602226975492));
#1787=CARTESIAN_POINT('Ctrl Pts',(-10.795090824446,-28.7887173710868,-18.2849682674801));
#1788=CARTESIAN_POINT('Ctrl Pts',(-12.7723892604268,-30.2351176339073,-18.5472807979955));
#1789=CARTESIAN_POINT('Ctrl Pts',(-15.247079745205,-31.9897022378632,-18.561751448496));
#1790=CARTESIAN_POINT('Ctrl Pts',(-19.8115406412624,-35.0573540708318,-17.8059985541204));
#1791=CARTESIAN_POINT('Ctrl Pts',(-25.6776425281218,-38.5152949892585,-14.8585273923796));
#1792=CARTESIAN_POINT('Ctrl Pts',(-31.6289771672857,-40.7223371584863,-8.37224962327359));
#1793=CARTESIAN_POINT('Ctrl Pts',(-35.0738113132641,-40.1368373810078,-1.01621329357306));
#1794=CARTESIAN_POINT('Ctrl Pts',(-36.2884600495903,-37.3702686921193,5.60590842279559));
#1795=CARTESIAN_POINT('Ctrl Pts',(-35.9975973678413,-33.3969281186937,10.814150215991));
#1796=CARTESIAN_POINT('Ctrl Pts',(-34.5503771470929,-28.2644051608585,14.7559169019867));
#1797=CARTESIAN_POINT('Ctrl Pts',(-32.2359626174794,-22.3459896369711,17.0366193591817));
#1798=CARTESIAN_POINT('Ctrl Pts',(-29.3555299288338,-16.027751403521,17.4134522220585));
#1799=CARTESIAN_POINT('Ctrl Pts',(-26.1932853476957,-9.66582683078897,15.863971417915));
#1800=CARTESIAN_POINT('Ctrl Pts',(-22.9382432397852,-3.47033260297901,12.6397619042331));
#1801=CARTESIAN_POINT('Ctrl Pts',(-18.5759885487467,4.50429714347758,6.68561499673799));
#1802=CARTESIAN_POINT('Ctrl Pts',(-14.2044410442623,12.1276413624336,-0.697023727845239));
#1803=CARTESIAN_POINT('Ctrl Pts',(-9.73192694398361,19.5976699812787,-7.13047348333544));
#1804=CARTESIAN_POINT('Ctrl Pts',(-6.30974521773342,25.1188142883994,-10.932950177298));
#1805=CARTESIAN_POINT('Ctrl Pts',(-2.83193607301245,30.4972028699238,-13.2971884802142));
#1806=CARTESIAN_POINT('Ctrl Pts',(0.66830694247721,35.6068831980953,-14.0093233126746));
#1807=CARTESIAN_POINT('Ctrl Pts',(4.13284765428184,40.2508422417705,-13.0487210555998));
#1808=CARTESIAN_POINT('Ctrl Pts',(7.8214975921234,44.5586918763634,-10.2760113777709));
#1809=CARTESIAN_POINT('Ctrl Pts',(11.4613713056914,47.6832476773987,-5.40338148387412));
#1810=CARTESIAN_POINT('Ctrl Pts',(14.555691883214,48.2925235208666,1.22844733334343));
#1811=CARTESIAN_POINT('Ctrl Pts',(16.5436600250082,45.6956383521361,7.99481287690633));
#1812=CARTESIAN_POINT('Ctrl Pts',(17.4091951774142,40.137946835978,13.5922422413315));
#1813=CARTESIAN_POINT('Ctrl Pts',(17.3264437409481,32.3896548869778,16.8393200933308));
#1814=CARTESIAN_POINT('Ctrl Pts',(16.5757441503791,23.4648546257764,16.9217518254202));
#1815=CARTESIAN_POINT('Ctrl Pts',(15.4468274920512,14.334381970543,13.7284330767924));
#1816=CARTESIAN_POINT('Ctrl Pts',(14.1219699425438,5.4443891046699,8.01295131260572));
#1817=CARTESIAN_POINT('Ctrl Pts',(12.7864090098431,-2.478993683137,1.56997507006218));
#1818=CARTESIAN_POINT('Ctrl Pts',(11.4783368449046,-9.5833478127521,-4.21226637383404));
#1819=CARTESIAN_POINT('Ctrl Pts',(10.2174313694584,-15.9341268802304,-8.76186605602732));
#1820=CARTESIAN_POINT('Ctrl Pts',(8.86313785804766,-22.2164622606261,-12.1404102495046));
#1821=CARTESIAN_POINT('Ctrl Pts',(7.65267903403596,-27.3107724770283,-13.6766458194212));
#1822=CARTESIAN_POINT('Ctrl Pts',(6.63420954220457,-31.20885591203,-14.0746738638212));
#1823=CARTESIAN_POINT('Ctrl Pts',(5.84648114397466,-34.012534864587,-13.9631876620056));
#1824=CARTESIAN_POINT('Ctrl Pts',(5.03447290833921,-36.6601179124815,-13.4576727331847));
#1825=CARTESIAN_POINT('Ctrl Pts',(3.92328913043272,-39.9274045288827,-12.2918368081005));
#1826=CARTESIAN_POINT('Ctrl Pts',(2.48758361229385,-43.4081954282922,-9.99470369424353));
#1827=CARTESIAN_POINT('Ctrl Pts',(0.724240726685783,-46.2800954097938,-6.27047923338446));
#1828=CARTESIAN_POINT('Ctrl Pts',(-1.03653677767354,-47.609625187151,-2.04788635005606));
#1829=CARTESIAN_POINT('Ctrl Pts',(-2.77787400049991,-47.3326261479263,2.24662683859879));
#1830=CARTESIAN_POINT('Ctrl Pts',(-4.5023934758318,-45.4979589549886,6.25054926537113));
#1831=CARTESIAN_POINT('Ctrl Pts',(-6.37674391368544,-41.9199193721635,9.92067153597858));
#1832=CARTESIAN_POINT('Ctrl Pts',(-8.33343684546269,-36.4362235370517,12.3839553674261));
#1833=CARTESIAN_POINT('Ctrl Pts',(-10.3036528240656,-29.2932172195574,12.5054046605735));
#1834=CARTESIAN_POINT('Ctrl Pts',(-12.2170461635483,-21.1144735513209,9.67761631002732));
#1835=CARTESIAN_POINT('Ctrl Pts',(-14.0650006021198,-12.1370842350414,3.75035729819432));
#1836=CARTESIAN_POINT('Ctrl Pts',(-15.828297447756,-2.55202645289909,-4.22414428693265));
#1837=CARTESIAN_POINT('Ctrl Pts',(-17.4627204075528,7.42084451662235,-11.989307908051));
#1838=CARTESIAN_POINT('Ctrl Pts',(-18.9476240284329,18.0143009743446,-17.5733592189179));
#1839=CARTESIAN_POINT('Ctrl Pts',(-20.1188827629716,29.1308956111352,-19.2450108694965));
#1840=CARTESIAN_POINT('Ctrl Pts',(-20.5386676232756,39.4327518354429,-16.2764356597112));
#1841=CARTESIAN_POINT('Ctrl Pts',(-19.6959622082697,47.1588083269906,-9.50370507396835));
#1842=CARTESIAN_POINT('Ctrl Pts',(-18.0066714225765,49.6159063173779,-3.50550872249141));
#1843=CARTESIAN_POINT('Ctrl Pts',(-16.8699435317097,50.0326651686422,-0.512113350036302));
#1844=CARTESIAN_POINT('Ctrl Pts',(-4.43092055674612,12.4823114238091,0.587349350309132));
#1845=CARTESIAN_POINT('Ctrl Pts',(-1.3792237452621,13.6301221030029,-2.0197516927044));
#1846=CARTESIAN_POINT('Ctrl Pts',(4.73991044732621,15.8109266262363,-7.234691315398));
#1847=CARTESIAN_POINT('Ctrl Pts',(14.0817492767504,18.6694245969897,-13.0838070003794));
#1848=CARTESIAN_POINT('Ctrl Pts',(23.4175062074137,20.9641489405531,-15.4783747477997));
#1849=CARTESIAN_POINT('Ctrl Pts',(32.0934969615401,22.4269918881952,-14.0010596752899));
#1850=CARTESIAN_POINT('Ctrl Pts',(38.9750011360446,22.6782577908688,-9.2652497464732));
#1851=CARTESIAN_POINT('Ctrl Pts',(42.8897471840402,21.4154850799378,-2.65508754414506));
#1852=CARTESIAN_POINT('Ctrl Pts',(43.3304468687611,18.5912900792446,4.18451512808705));
#1853=CARTESIAN_POINT('Ctrl Pts',(40.7198754691052,14.5515800880859,9.59100320493587));
#1854=CARTESIAN_POINT('Ctrl Pts',(36.245918484102,9.8757865168741,12.5189044756075));
#1855=CARTESIAN_POINT('Ctrl Pts',(30.8956907135616,4.96702389521035,12.716977525091));
#1856=CARTESIAN_POINT('Ctrl Pts',(25.3897872327351,0.149714891728714,10.2551187646403));
#1857=CARTESIAN_POINT('Ctrl Pts',(20.1170047203306,-4.41433392590561,6.09939493860539));
#1858=CARTESIAN_POINT('Ctrl Pts',(13.6217461735932,-10.0140434984623,-0.299104892969812));
#1859=CARTESIAN_POINT('Ctrl Pts',(6.91011539462059,-15.7746081690811,-7.72700999778146));
#1860=CARTESIAN_POINT('Ctrl Pts',(-0.235337888446154,-21.7040241046844,
-13.749816040582));
#1861=CARTESIAN_POINT('Ctrl Pts',(-4.93745779924423,-25.4584144097075,-16.4696150289529));
#1862=CARTESIAN_POINT('Ctrl Pts',(-8.33641211257789,-28.0591529101139,-17.6193316709914));
#1863=CARTESIAN_POINT('Ctrl Pts',(-10.2979564943161,-29.5209971749504,-18.0412361714024));
#1864=CARTESIAN_POINT('Ctrl Pts',(-12.2674752029042,-30.9613317102998,-18.3013121947783));
#1865=CARTESIAN_POINT('Ctrl Pts',(-14.7326202401174,-32.7086364275152,-18.3141074826385));
#1866=CARTESIAN_POINT('Ctrl Pts',(-19.2823291458512,-35.7655770643876,-17.5583806587393));
#1867=CARTESIAN_POINT('Ctrl Pts',(-25.1384753717675,-39.2172190339632,-14.6145681890385));
#1868=CARTESIAN_POINT('Ctrl Pts',(-31.1082507691344,-41.4315966931425,-8.10813854719594));
#1869=CARTESIAN_POINT('Ctrl Pts',(-34.5829537609594,-40.8415748409526,-0.686925200868709));
#1870=CARTESIAN_POINT('Ctrl Pts',(-35.8115463232192,-38.0366801990377,6.02437638679751));
#1871=CARTESIAN_POINT('Ctrl Pts',(-35.5135823506496,-33.9967465563381,11.3181744576657));
#1872=CARTESIAN_POINT('Ctrl Pts',(-34.0358208086722,-28.7655624746493,15.3335932255763));
#1873=CARTESIAN_POINT('Ctrl Pts',(-31.6696379234318,-22.7211707517793,17.6607818835678));
#1874=CARTESIAN_POINT('Ctrl Pts',(-28.7236246987631,-16.2657245156496,18.0419071204403));
#1875=CARTESIAN_POINT('Ctrl Pts',(-25.4994194406972,-9.78527497941469,16.457727832153));
#1876=CARTESIAN_POINT('Ctrl Pts',(-22.1992917188881,-3.51007042620517,13.1855889647093));
#1877=CARTESIAN_POINT('Ctrl Pts',(-17.8023053755847,4.5205320873965,7.18109954568102));
#1878=CARTESIAN_POINT('Ctrl Pts',(-13.4261693840204,12.1434654349055,-0.209775340958387));
#1879=CARTESIAN_POINT('Ctrl Pts',(-8.98018557847424,19.561957004624,-6.60288572645693));
#1880=CARTESIAN_POINT('Ctrl Pts',(-5.60026877093709,25.0091508974869,-10.3566214576124));
#1881=CARTESIAN_POINT('Ctrl Pts',(-2.19510894425033,30.269403649258,-12.6685596444751));
#1882=CARTESIAN_POINT('Ctrl Pts',(1.19946063526076,35.2190984636682,-13.3577240156665));
#1883=CARTESIAN_POINT('Ctrl Pts',(4.53648806522293,39.6862055395049,-12.4334137535904));
#1884=CARTESIAN_POINT('Ctrl Pts',(8.07321847953653,43.8116764627925,-9.77830641744705));
#1885=CARTESIAN_POINT('Ctrl Pts',(11.5434152354897,46.7822179903705,-5.134562565712));
#1886=CARTESIAN_POINT('Ctrl Pts',(14.4687553061129,47.3527936365338,1.12655135945321));
#1887=CARTESIAN_POINT('Ctrl Pts',(16.3512593172542,44.9042631531343,7.5121992838943));
#1888=CARTESIAN_POINT('Ctrl Pts',(17.1806184845512,39.6232768660993,12.836567113137));
#1889=CARTESIAN_POINT('Ctrl Pts',(17.1068639282865,32.2223611025976,15.9383692539604));
#1890=CARTESIAN_POINT('Ctrl Pts',(16.3914966242798,23.651122333579,16.0228010895172));
#1891=CARTESIAN_POINT('Ctrl Pts',(15.2994188326555,14.7711756841449,12.9266755777905));
#1892=CARTESIAN_POINT('Ctrl Pts',(13.9982830735254,6.00422751911842,7.29479246071435));
#1893=CARTESIAN_POINT('Ctrl Pts',(12.6732866160102,-1.8855501651151,0.879750908477717));
#1894=CARTESIAN_POINT('Ctrl Pts',(11.3656188563421,-9.01105787247861,-4.92091692132848));
#1895=CARTESIAN_POINT('Ctrl Pts',(10.0960402530713,-15.4255530901127,-9.51790806667794));
#1896=CARTESIAN_POINT('Ctrl Pts',(8.72004017144048,-21.8283738750204,-12.9649346481663));
#1897=CARTESIAN_POINT('Ctrl Pts',(7.47602641024445,-27.0784414249924,-14.551602698272));
#1898=CARTESIAN_POINT('Ctrl Pts',(6.42205537789416,-31.1238006246142,-14.9654145480832));
#1899=CARTESIAN_POINT('Ctrl Pts',(5.60351311534716,-34.0434768061242,-14.8497548582919));
#1900=CARTESIAN_POINT('Ctrl Pts',(4.75812113066957,-36.8072780773643,-14.3225045630424));
#1901=CARTESIAN_POINT('Ctrl Pts',(3.59922924249308,-40.2230552433956,-13.1043081129523));
#1902=CARTESIAN_POINT('Ctrl Pts',(2.09916520434628,-43.8682753556527,-10.7000116828991));
#1903=CARTESIAN_POINT('Ctrl Pts',(0.253498443072098,-46.8825034549899,-6.794831890424));
#1904=CARTESIAN_POINT('Ctrl Pts',(-1.5942350915325,-48.2830347592034,-2.35559699060409));
#1905=CARTESIAN_POINT('Ctrl Pts',(-3.41983576477936,-47.9924391584398,2.15542861439821));
#1906=CARTESIAN_POINT('Ctrl Pts',(-5.21474565996041,-46.0792188264947,6.32970062823067));
#1907=CARTESIAN_POINT('Ctrl Pts',(-7.15094359051961,-42.3777546746713,10.127250260966));
#1908=CARTESIAN_POINT('Ctrl Pts',(-9.15830082996344,-36.7446108191493,12.658113447649));
#1909=CARTESIAN_POINT('Ctrl Pts',(-11.1660327492589,-29.4561456444288,12.782001019093));
#1910=CARTESIAN_POINT('Ctrl Pts',(-13.1013126371556,-21.1749204596461,9.91971590523681));
#1911=CARTESIAN_POINT('Ctrl Pts',(-14.9582027919152,-12.1445621318418,3.96155636322017));
#1912=CARTESIAN_POINT('Ctrl Pts',(-16.723644427874,-2.53864530936611,-4.02285468128328));
#1913=CARTESIAN_POINT('Ctrl Pts',(-18.3557108623965,7.42996992386258,-11.7769513817577));
#1914=CARTESIAN_POINT('Ctrl Pts',(-19.8342785475363,17.9900569763703,-17.3347543180191));
#1915=CARTESIAN_POINT('Ctrl Pts',(-20.997915997061,29.047400150157,-18.9919342428701));
#1916=CARTESIAN_POINT('Ctrl Pts',(-21.4155463036555,39.3130379144251,-16.0327209678702));
#1917=CARTESIAN_POINT('Ctrl Pts',(-20.5722611960823,47.0517706856198,-9.25056400489108));
#1918=CARTESIAN_POINT('Ctrl Pts',(-18.8702691748679,49.5292889541433,-3.2039932644409));
#1919=CARTESIAN_POINT('Ctrl Pts',(-17.7200316064484,49.9489790838885,-0.175698352232684));
#1920=CARTESIAN_POINT('Ctrl Pts',(-4.69273483395959,12.3837502875022,0.236408493983603));
#1921=CARTESIAN_POINT('Ctrl Pts',(-1.64190077571097,13.5322501885203,-2.37023447464308));
#1922=CARTESIAN_POINT('Ctrl Pts',(4.48917117664057,15.7196774898067,-7.59674527653465));
#1923=CARTESIAN_POINT('Ctrl Pts',(13.9030522005031,18.6043484117632,-13.4977088187391));
#1924=CARTESIAN_POINT('Ctrl Pts',(23.3935330634499,20.9414933854784,-15.9403424977259));
#1925=CARTESIAN_POINT('Ctrl Pts',(32.2656126914836,22.4410910276777,-14.4323097022433));
#1926=CARTESIAN_POINT('Ctrl Pts',(39.3118516919998,22.7019607590673,-9.58424320136674));
#1927=CARTESIAN_POINT('Ctrl Pts',(43.3331223897994,21.4099099714394,-2.79847668618064));
#1928=CARTESIAN_POINT('Ctrl Pts',(43.7836638391323,18.5101640311492,4.22985861811602));
#1929=CARTESIAN_POINT('Ctrl Pts',(41.1108832631666,14.3816758106705,9.75491866032564));
#1930=CARTESIAN_POINT('Ctrl Pts',(36.5542606677292,9.62246347187895,12.7360462476998));
#1931=CARTESIAN_POINT('Ctrl Pts',(31.1267855501775,4.64547256716828,12.9348503130216));
#1932=CARTESIAN_POINT('Ctrl Pts',(25.5743040159994,-0.21073770164227,10.4510673958071));
#1933=CARTESIAN_POINT('Ctrl Pts',(20.2784550825241,-4.79321380610814,6.27891624088159));
#1934=CARTESIAN_POINT('Ctrl Pts',(13.7691959635622,-10.4033620914129,-0.130706262845103));
#1935=CARTESIAN_POINT('Ctrl Pts',(7.05787049087329,-16.1618047695485,-7.55388044515258));
#1936=CARTESIAN_POINT('Ctrl Pts',(-0.0721528584124382,-22.0767731686419,
-13.5594030895349));
#1937=CARTESIAN_POINT('Ctrl Pts',(-4.75619683991813,-25.815655897908,-16.2662211350732));
#1938=CARTESIAN_POINT('Ctrl Pts',(-8.13804830001484,-28.4026452485551,-17.4088684135808));
#1939=CARTESIAN_POINT('Ctrl Pts',(-10.0888517139922,-29.8561526313458,-17.8278849594923));
#1940=CARTESIAN_POINT('Ctrl Pts',(-12.0471683574219,-31.2879514473482,-18.0858923890826));
#1941=CARTESIAN_POINT('Ctrl Pts',(-14.4979445359524,-33.0245457148431,-18.09772978261));
#1942=CARTESIAN_POINT('Ctrl Pts',(-19.0208347965511,-36.0627204302555,-17.3452767408728));
#1943=CARTESIAN_POINT('Ctrl Pts',(-24.8468290560668,-39.4955068126088,-14.415568125983));
#1944=CARTESIAN_POINT('Ctrl Pts',(-30.7959886597401,-41.7017936909178,-7.931737421701));
#1945=CARTESIAN_POINT('Ctrl Pts',(-34.2666718702804,-41.1121578030248,-0.519037768366894));
#1946=CARTESIAN_POINT('Ctrl Pts',(-35.4963415072716,-38.3035993365464,6.20003634322498));
#1947=CARTESIAN_POINT('Ctrl Pts',(-35.1968039674391,-34.2511929399566,11.5092069168412));
#1948=CARTESIAN_POINT('Ctrl Pts',(-33.7113742734588,-28.9950734227588,15.5429942299461));
#1949=CARTESIAN_POINT('Ctrl Pts',(-31.3301325038507,-22.9140928086946,17.8833553892598));
#1950=CARTESIAN_POINT('Ctrl Pts',(-28.3634999897031,-16.4154383736006,18.2655229516783));
#1951=CARTESIAN_POINT('Ctrl Pts',(-25.1190562034498,-9.89629301844969,16.6695558785435));
#1952=CARTESIAN_POINT('Ctrl Pts',(-21.8040482435206,-3.59481947788914,13.3810444697791));
#1953=CARTESIAN_POINT('Ctrl Pts',(-17.3958505173014,4.45365729135962,7.35934423360734));
#1954=CARTESIAN_POINT('Ctrl Pts',(-13.0188676039705,12.0751575502147,-0.0338612858839786));
#1955=CARTESIAN_POINT('Ctrl Pts',(-8.58359608439473,19.4731495410798,-6.41177081246263));
#1956=CARTESIAN_POINT('Ctrl Pts',(-5.22005939019366,24.8918234331908,-10.1473047467312));
#1957=CARTESIAN_POINT('Ctrl Pts',(-1.84285357499583,30.1067111713263,-12.439706677352));
#1958=CARTESIAN_POINT('Ctrl Pts',(1.51074862932205,34.9944261950905,-13.1203482743731));
#1959=CARTESIAN_POINT('Ctrl Pts',(4.79732051116245,39.3916302465298,-12.2107373218904));
#1960=CARTESIAN_POINT('Ctrl Pts',(8.27226164722989,43.4429193078665,-9.60359448236882));
#1961=CARTESIAN_POINT('Ctrl Pts',(11.6709097492377,46.348273909974,-5.05617915489396));
#1962=CARTESIAN_POINT('Ctrl Pts',(14.5221924312683,46.9016919180589,1.04259433214746));
#1963=CARTESIAN_POINT('Ctrl Pts',(16.3570469781724,44.5196416360252,7.25643209794479));
#1964=CARTESIAN_POINT('Ctrl Pts',(17.1696018480595,39.3671906365844,12.4537935796166));
#1965=CARTESIAN_POINT('Ctrl Pts',(17.1002208871108,32.1326287010516,15.4861354763248));
#1966=CARTESIAN_POINT('Ctrl Pts',(16.4022227001336,23.7343876828949,15.5719857484662));
#1967=CARTESIAN_POINT('Ctrl Pts',(15.3283500413525,14.9770801703636,12.52447341545));
#1968=CARTESIAN_POINT('Ctrl Pts',(14.0389283747762,6.27022883980658,6.93438407611924));
#1969=CARTESIAN_POINT('Ctrl Pts',(12.719121956125,-1.60378661545987,0.533103083700639));
#1970=CARTESIAN_POINT('Ctrl Pts',(11.4115220778407,-8.74110665498876,-5.27733549841748));
#1971=CARTESIAN_POINT('Ctrl Pts',(10.1374360784231,-15.1888291562243,-9.89884147970147));
#1972=CARTESIAN_POINT('Ctrl Pts',(8.7502007109027,-21.6541767762854,-13.3812130357081));
#1973=CARTESIAN_POINT('Ctrl Pts',(7.48891258549853,-26.984832745084,-14.9940664711035));
#1974=CARTESIAN_POINT('Ctrl Pts',(6.41632081635055,-31.1074483305007,-15.4159520156295));
#1975=CARTESIAN_POINT('Ctrl Pts',(5.58156872119904,-34.0882118758082,-15.2980124841185));
#1976=CARTESIAN_POINT('Ctrl Pts',(4.7184950193408,-36.9136208388259,-14.7591179786974));
#1977=CARTESIAN_POINT('Ctrl Pts',(3.53408973100046,-40.4088458858896,-13.5127398266622));
#1978=CARTESIAN_POINT('Ctrl Pts',(1.99953100957785,-44.1426872918542,-11.0508489386343));
#1979=CARTESIAN_POINT('Ctrl Pts',(0.108413981418405,-47.2359126673621,-7.04544686263807));
#1980=CARTESIAN_POINT('Ctrl Pts',(-1.78879544384188,-48.6767071576434,-2.48255183934376));
#1981=CARTESIAN_POINT('Ctrl Pts',(-3.6635422156759,-48.3780397526627,2.15530702943446));
#1982=CARTESIAN_POINT('Ctrl Pts',(-5.50154398732325,-46.4161009644897,6.43390032745464));
#1983=CARTESIAN_POINT('Ctrl Pts',(-7.47663398971557,-42.6361599784642,10.3117273877874));
#1984=CARTESIAN_POINT('Ctrl Pts',(-9.51798018690385,-36.901559341745,12.8874958715862));
#1985=CARTESIAN_POINT('Ctrl Pts',(-11.5527007992183,-29.5075944992927,13.0121077924933));
#1986=CARTESIAN_POINT('Ctrl Pts',(-13.5035969517536,-21.1509144554455,10.1216262758946));
#1987=CARTESIAN_POINT('Ctrl Pts',(-15.3665254798153,-12.0825164094733,4.13870306023894));
#1988=CARTESIAN_POINT('Ctrl Pts',(-17.1325561279887,-2.46452587598071,-3.85272335991877));
#1989=CARTESIAN_POINT('Ctrl Pts',(-18.7614880642524,7.49454331207809,-11.5952302268355));
#1990=CARTESIAN_POINT('Ctrl Pts',(-20.2331349953837,18.0170270282663,-17.1270964602979));
#1991=CARTESIAN_POINT('Ctrl Pts',(-21.3879707465833,29.005126042375,-18.769466732395));
#1992=CARTESIAN_POINT('Ctrl Pts',(-21.8019136504812,39.2079030966083,-15.8272108328697));
#1993=CARTESIAN_POINT('Ctrl Pts',(-20.9616729132099,46.9155092322845,-9.07300059182757));
#1994=CARTESIAN_POINT('Ctrl Pts',(-19.2621539471974,49.390487510468,-3.03491488426525));
#1995=CARTESIAN_POINT('Ctrl Pts',(-18.1116099960758,49.8092792369755,-0.0066693146954816));
#1996=CARTESIAN_POINT('Ctrl Pts',(-4.69273483395959,12.3837502875022,0.236408493983603));
#1997=CARTESIAN_POINT('Ctrl Pts',(-1.64190077571097,13.5322501885203,-2.37023447464308));
#1998=CARTESIAN_POINT('Ctrl Pts',(4.48917117664057,15.7196774898067,-7.59674527653465));
#1999=CARTESIAN_POINT('Ctrl Pts',(13.9030522005031,18.6043484117632,-13.4977088187391));
#2000=CARTESIAN_POINT('Ctrl Pts',(23.3935330634499,20.9414933854784,-15.9403424977259));
#2001=CARTESIAN_POINT('Ctrl Pts',(32.2656126914836,22.4410910276777,-14.4323097022433));
#2002=CARTESIAN_POINT('Ctrl Pts',(39.3118516919998,22.7019607590673,-9.58424320136674));
#2003=CARTESIAN_POINT('Ctrl Pts',(43.3331223897994,21.4099099714394,-2.79847668618064));
#2004=CARTESIAN_POINT('Ctrl Pts',(43.7836638391323,18.5101640311492,4.22985861811602));
#2005=CARTESIAN_POINT('Ctrl Pts',(41.1108832631666,14.3816758106705,9.75491866032564));
#2006=CARTESIAN_POINT('Ctrl Pts',(36.5542606677292,9.62246347187895,12.7360462476998));
#2007=CARTESIAN_POINT('Ctrl Pts',(31.1267855501775,4.64547256716828,12.9348503130216));
#2008=CARTESIAN_POINT('Ctrl Pts',(25.5743040159994,-0.21073770164227,10.4510673958071));
#2009=CARTESIAN_POINT('Ctrl Pts',(20.2784550825241,-4.79321380610814,6.27891624088159));
#2010=CARTESIAN_POINT('Ctrl Pts',(13.7691959635622,-10.4033620914129,-0.130706262845103));
#2011=CARTESIAN_POINT('Ctrl Pts',(7.05787049087329,-16.1618047695485,-7.55388044515258));
#2012=CARTESIAN_POINT('Ctrl Pts',(-0.0721528584124382,-22.0767731686419,
-13.5594030895349));
#2013=CARTESIAN_POINT('Ctrl Pts',(-4.75619683991813,-25.815655897908,-16.2662211350732));
#2014=CARTESIAN_POINT('Ctrl Pts',(-8.13804830001484,-28.4026452485551,-17.4088684135808));
#2015=CARTESIAN_POINT('Ctrl Pts',(-10.0888517139922,-29.8561526313458,-17.8278849594923));
#2016=CARTESIAN_POINT('Ctrl Pts',(-12.0471683574219,-31.2879514473482,-18.0858923890826));
#2017=CARTESIAN_POINT('Ctrl Pts',(-14.4979445359524,-33.0245457148431,-18.09772978261));
#2018=CARTESIAN_POINT('Ctrl Pts',(-19.0208347965511,-36.0627204302555,-17.3452767408728));
#2019=CARTESIAN_POINT('Ctrl Pts',(-24.8468290560668,-39.4955068126088,-14.415568125983));
#2020=CARTESIAN_POINT('Ctrl Pts',(-30.7959886597401,-41.7017936909178,-7.931737421701));
#2021=CARTESIAN_POINT('Ctrl Pts',(-34.2666718702804,-41.1121578030248,-0.519037768366894));
#2022=CARTESIAN_POINT('Ctrl Pts',(-35.4963415072716,-38.3035993365464,6.20003634322498));
#2023=CARTESIAN_POINT('Ctrl Pts',(-35.1968039674391,-34.2511929399566,11.5092069168412));
#2024=CARTESIAN_POINT('Ctrl Pts',(-33.7113742734588,-28.9950734227588,15.5429942299461));
#2025=CARTESIAN_POINT('Ctrl Pts',(-31.3301325038507,-22.9140928086946,17.8833553892598));
#2026=CARTESIAN_POINT('Ctrl Pts',(-28.3634999897031,-16.4154383736006,18.2655229516783));
#2027=CARTESIAN_POINT('Ctrl Pts',(-25.1190562034498,-9.89629301844969,16.6695558785435));
#2028=CARTESIAN_POINT('Ctrl Pts',(-21.8040482435206,-3.59481947788914,13.3810444697791));
#2029=CARTESIAN_POINT('Ctrl Pts',(-17.3958505173014,4.45365729135962,7.35934423360734));
#2030=CARTESIAN_POINT('Ctrl Pts',(-13.0188676039705,12.0751575502147,-0.0338612858839786));
#2031=CARTESIAN_POINT('Ctrl Pts',(-8.58359608439473,19.4731495410798,-6.41177081246263));
#2032=CARTESIAN_POINT('Ctrl Pts',(-5.22005939019366,24.8918234331908,-10.1473047467312));
#2033=CARTESIAN_POINT('Ctrl Pts',(-1.84285357499583,30.1067111713263,-12.439706677352));
#2034=CARTESIAN_POINT('Ctrl Pts',(1.51074862932205,34.9944261950905,-13.1203482743731));
#2035=CARTESIAN_POINT('Ctrl Pts',(4.79732051116245,39.3916302465298,-12.2107373218904));
#2036=CARTESIAN_POINT('Ctrl Pts',(8.27226164722989,43.4429193078665,-9.60359448236882));
#2037=CARTESIAN_POINT('Ctrl Pts',(11.6709097492377,46.348273909974,-5.05617915489396));
#2038=CARTESIAN_POINT('Ctrl Pts',(14.5221924312683,46.9016919180589,1.04259433214746));
#2039=CARTESIAN_POINT('Ctrl Pts',(16.3570469781724,44.5196416360252,7.25643209794479));
#2040=CARTESIAN_POINT('Ctrl Pts',(17.1696018480595,39.3671906365844,12.4537935796166));
#2041=CARTESIAN_POINT('Ctrl Pts',(17.1002208871108,32.1326287010516,15.4861354763248));
#2042=CARTESIAN_POINT('Ctrl Pts',(16.4022227001336,23.7343876828949,15.5719857484662));
#2043=CARTESIAN_POINT('Ctrl Pts',(15.3283500413525,14.9770801703636,12.52447341545));
#2044=CARTESIAN_POINT('Ctrl Pts',(14.0389283747762,6.27022883980658,6.93438407611924));
#2045=CARTESIAN_POINT('Ctrl Pts',(12.719121956125,-1.60378661545987,0.533103083700639));
#2046=CARTESIAN_POINT('Ctrl Pts',(11.4115220778407,-8.74110665498876,-5.27733549841748));
#2047=CARTESIAN_POINT('Ctrl Pts',(10.1374360784231,-15.1888291562243,-9.89884147970147));
#2048=CARTESIAN_POINT('Ctrl Pts',(8.7502007109027,-21.6541767762854,-13.3812130357081));
#2049=CARTESIAN_POINT('Ctrl Pts',(7.48891258549853,-26.984832745084,-14.9940664711035));
#2050=CARTESIAN_POINT('Ctrl Pts',(6.41632081635055,-31.1074483305007,-15.4159520156295));
#2051=CARTESIAN_POINT('Ctrl Pts',(5.58156872119904,-34.0882118758082,-15.2980124841185));
#2052=CARTESIAN_POINT('Ctrl Pts',(4.7184950193408,-36.9136208388259,-14.7591179786974));
#2053=CARTESIAN_POINT('Ctrl Pts',(3.53408973100046,-40.4088458858896,-13.5127398266622));
#2054=CARTESIAN_POINT('Ctrl Pts',(1.99953100957785,-44.1426872918542,-11.0508489386343));
#2055=CARTESIAN_POINT('Ctrl Pts',(0.108413981418405,-47.2359126673621,-7.04544686263807));
#2056=CARTESIAN_POINT('Ctrl Pts',(-1.78879544384188,-48.6767071576434,-2.48255183934376));
#2057=CARTESIAN_POINT('Ctrl Pts',(-3.6635422156759,-48.3780397526627,2.15530702943446));
#2058=CARTESIAN_POINT('Ctrl Pts',(-5.50154398732325,-46.4161009644897,6.43390032745464));
#2059=CARTESIAN_POINT('Ctrl Pts',(-7.47663398971557,-42.6361599784642,10.3117273877874));
#2060=CARTESIAN_POINT('Ctrl Pts',(-9.51798018690385,-36.901559341745,12.8874958715862));
#2061=CARTESIAN_POINT('Ctrl Pts',(-11.5527007992183,-29.5075944992927,13.0121077924933));
#2062=CARTESIAN_POINT('Ctrl Pts',(-13.5035969517536,-21.1509144554455,10.1216262758946));
#2063=CARTESIAN_POINT('Ctrl Pts',(-15.3665254798153,-12.0825164094733,4.13870306023894));
#2064=CARTESIAN_POINT('Ctrl Pts',(-17.1325561279887,-2.46452587598071,-3.85272335991877));
#2065=CARTESIAN_POINT('Ctrl Pts',(-18.7614880642524,7.49454331207809,-11.5952302268355));
#2066=CARTESIAN_POINT('Ctrl Pts',(-20.2331349953837,18.0170270282663,-17.1270964602979));
#2067=CARTESIAN_POINT('Ctrl Pts',(-21.3879707465833,29.005126042375,-18.769466732395));
#2068=CARTESIAN_POINT('Ctrl Pts',(-21.8019136504812,39.2079030966083,-15.8272108328697));
#2069=CARTESIAN_POINT('Ctrl Pts',(-20.9616729132099,46.9155092322845,-9.07300059182757));
#2070=CARTESIAN_POINT('Ctrl Pts',(-19.2621539471974,49.390487510468,-3.03491488426525));
#2071=CARTESIAN_POINT('Ctrl Pts',(-18.1116099960758,49.8092792369755,-0.0066693146954816));
#2072=CARTESIAN_POINT('Ctrl Pts',(-17.4378747762142,47.9261804385221,-0.00222310489850813));
#2073=CARTESIAN_POINT('Ctrl Pts',(-16.4060550716074,48.3017348879342,2.70409473668744));
#2074=CARTESIAN_POINT('Ctrl Pts',(-13.81315917482,47.5930241742621,8.10950322925043));
#2075=CARTESIAN_POINT('Ctrl Pts',(-8.72030078668223,42.7329611682464,14.2503009196879));
#2076=CARTESIAN_POINT('Ctrl Pts',(-2.98889368103803,35.3298769094181,16.9529185987641));
#2077=CARTESIAN_POINT('Ctrl Pts',(2.78156591752466,26.7982411926698,15.4430808787365));
#2078=CARTESIAN_POINT('Ctrl Pts',(8.21476592466157,18.1399861224073,10.1415046717856));
#2079=CARTESIAN_POINT('Ctrl Pts',(13.303639996046,9.59606193201363,2.50933371884274));
#2080=CARTESIAN_POINT('Ctrl Pts',(18.1597857475578,1.06996885129838,-5.51756887501189));
#2081=CARTESIAN_POINT('Ctrl Pts',(22.6777139912587,-7.26296222742774,-11.6679030906848));
#2082=CARTESIAN_POINT('Ctrl Pts',(26.7811193311759,-15.3355426962596,-14.7458910788663));
#2083=CARTESIAN_POINT('Ctrl Pts',(30.2389367699761,-22.8570358879474,-14.6301745264004));
#2084=CARTESIAN_POINT('Ctrl Pts',(33.1866582453642,-30.7345972745892,-11.0837774633919));
#2085=CARTESIAN_POINT('Ctrl Pts',(33.85071245273,-35.9384346057589,-4.69643135097406));
#2086=CARTESIAN_POINT('Ctrl Pts',(32.0705798478625,-37.984107727946,1.95219551726834));
#2087=CARTESIAN_POINT('Ctrl Pts',(29.9729495299783,-38.0871163894292,5.98326913879283));
#2088=CARTESIAN_POINT('Ctrl Pts',(27.7598858952581,-37.5038571354737,8.88330439778423));
#2089=CARTESIAN_POINT('Ctrl Pts',(25.2306181124386,-36.5144621623577,11.4806033835552));
#2090=CARTESIAN_POINT('Ctrl Pts',(20.0690377513228,-33.8076754408684,15.0540810845453));
#2091=CARTESIAN_POINT('Ctrl Pts',(11.3160354388032,-27.876627824737,16.3002736340549));
#2092=CARTESIAN_POINT('Ctrl Pts',(0.669380315725747,-19.7164970329114,10.5338731360493));
#2093=CARTESIAN_POINT('Ctrl Pts',(-9.47516657071712,-11.4238759639385,0.0700315629359868));
#2094=CARTESIAN_POINT('Ctrl Pts',(-17.7619868669549,-4.29311679221036,-8.65638469317241));
#2095=CARTESIAN_POINT('Ctrl Pts',(-24.345823162106,1.65145631681846,-13.3508526911356));
#2096=CARTESIAN_POINT('Ctrl Pts',(-29.7078145111933,6.7011871934034,-15.5684380078367));
#2097=CARTESIAN_POINT('Ctrl Pts',(-35.2148431369181,12.2563405304678,-15.4839203068458));
#2098=CARTESIAN_POINT('Ctrl Pts',(-40.0258150116261,17.8772336217944,-12.3845877208484));
#2099=CARTESIAN_POINT('Ctrl Pts',(-42.8221040679197,22.5136220345423,-6.99045278752275));
#2100=CARTESIAN_POINT('Ctrl Pts',(-42.9606126848714,25.6918319258115,-0.405019480689275));
#2101=CARTESIAN_POINT('Ctrl Pts',(-40.2285912073506,27.1946520957716,6.15495756369736));
#2102=CARTESIAN_POINT('Ctrl Pts',(-35.8414599090072,27.1414666620726,10.6104295609074));
#2103=CARTESIAN_POINT('Ctrl Pts',(-31.4373483422121,26.48497082584,13.0489269894494));
#2104=CARTESIAN_POINT('Ctrl Pts',(-26.5763992675243,25.4901675482895,14.6248227002618));
#2105=CARTESIAN_POINT('Ctrl Pts',(-19.912944466604,23.7504217589455,14.7664467562845));
#2106=CARTESIAN_POINT('Ctrl Pts',(-10.2122692329574,20.801487600549,11.3956503282591));
#2107=CARTESIAN_POINT('Ctrl Pts',(0.839714771651688,17.0620253003058,3.2027966488848));
#2108=CARTESIAN_POINT('Ctrl Pts',(13.1278393755556,12.5443296300759,-7.87772706016873));
#2109=CARTESIAN_POINT('Ctrl Pts',(23.6441368863265,8.34315747918135,-14.5437528205108));
#2110=CARTESIAN_POINT('Ctrl Pts',(32.0157790141734,4.66498543662804,-16.5156393122874));
#2111=CARTESIAN_POINT('Ctrl Pts',(38.6396174136043,1.48204614751387,-16.1203717204309));
#2112=CARTESIAN_POINT('Ctrl Pts',(44.9258491105414,-2.0529166594336,-13.1201827241911));
#2113=CARTESIAN_POINT('Ctrl Pts',(49.4705600294972,-5.69908385048105,-7.34269429063691));
#2114=CARTESIAN_POINT('Ctrl Pts',(51.0825132711728,-9.44839820990407,1.06162967143533));
#2115=CARTESIAN_POINT('Ctrl Pts',(46.8138351042801,-12.6477212270924,10.6857529265643));
#2116=CARTESIAN_POINT('Ctrl Pts',(36.6457584313418,-14.5909564880812,16.4735868936049));
#2117=CARTESIAN_POINT('Ctrl Pts',(25.4434238918366,-15.595567770173,16.4541325423852));
#2118=CARTESIAN_POINT('Ctrl Pts',(16.8672569147544,-16.011771836679,13.0338154273251));
#2119=CARTESIAN_POINT('Ctrl Pts',(6.77013738251817,-16.304485912754,6.75029465075644));
#2120=CARTESIAN_POINT('Ctrl Pts',(-3.07743212150997,-16.365939315323,-1.58696703031039));
#2121=CARTESIAN_POINT('Ctrl Pts',(-14.533983467128,-16.144098171329,-9.9738918060574));
#2122=CARTESIAN_POINT('Ctrl Pts',(-24.3672270172088,-15.6906018028027,-14.3795253094004));
#2123=CARTESIAN_POINT('Ctrl Pts',(-33.8299509548246,-14.8838964763198,-14.9689209257156));
#2124=CARTESIAN_POINT('Ctrl Pts',(-42.0062725168304,-13.573106472555,-11.7668475698999));
#2125=CARTESIAN_POINT('Ctrl Pts',(-47.553697402959,-11.6090639862977,-5.66555604419327));
#2126=CARTESIAN_POINT('Ctrl Pts',(-49.3230801334647,-8.9119345337178,1.8427979823127));
#2127=CARTESIAN_POINT('Ctrl Pts',(-46.9336373573871,-5.50091439516917,9.06078706064527));
#2128=CARTESIAN_POINT('Ctrl Pts',(-41.0213875589475,-1.56022546309508,14.2668234100016));
#2129=CARTESIAN_POINT('Ctrl Pts',(-32.8532870183974,2.62143322553927,16.0687563041944));
#2130=CARTESIAN_POINT('Ctrl Pts',(-23.7686363064124,6.76294957850632,13.8329269655679));
#2131=CARTESIAN_POINT('Ctrl Pts',(-14.5680353568512,10.6827031639137,8.05721087182881));
#2132=CARTESIAN_POINT('Ctrl Pts',(-8.46391077995136,13.101098533139,2.85106031469595));
#2133=CARTESIAN_POINT('Ctrl Pts',(-5.39736781028888,14.2555121229581,0.236408493983607));
#2134=CARTESIAN_POINT('Ctrl Pts',(-17.6989270359658,47.8330472072468,0.110462920126292));
#2135=CARTESIAN_POINT('Ctrl Pts',(-16.6666262829468,48.2081087700411,2.8175029950358));
#2136=CARTESIAN_POINT('Ctrl Pts',(-14.0708157563345,47.4989621044572,8.22973993596315));
#2137=CARTESIAN_POINT('Ctrl Pts',(-8.96213704494114,42.6233687073448,14.3902610528308));
#2138=CARTESIAN_POINT('Ctrl Pts',(-3.20480775396315,35.1854048112366,17.1045150166346));
#2139=CARTESIAN_POINT('Ctrl Pts',(2.59149936760866,26.613587992833,15.5845385574384));
#2140=CARTESIAN_POINT('Ctrl Pts',(8.03760345567667,17.9325989226528,10.2652546952872));
#2141=CARTESIAN_POINT('Ctrl Pts',(13.1290612145597,9.38226434250025,2.62513798788204));
#2142=CARTESIAN_POINT('Ctrl Pts',(17.9802621080289,0.862706101057961,-5.39709151473081));
#2143=CARTESIAN_POINT('Ctrl Pts',(22.4847584529366,-7.44781658139788,-11.5307373766586));
#2144=CARTESIAN_POINT('Ctrl Pts',(26.5634195653582,-15.4743407548791,-14.5898035329656));
#2145=CARTESIAN_POINT('Ctrl Pts',(29.9893925838691,-22.9294458939029,-14.4745841728709));
#2146=CARTESIAN_POINT('Ctrl Pts',(32.9037279109171,-30.7219563597543,-10.9665305119112));
#2147=CARTESIAN_POINT('Ctrl Pts',(33.5550402648791,-35.8521380896064,-4.66597451344866));
#2148=CARTESIAN_POINT('Ctrl Pts',(31.8039996252629,-37.863575984966,1.86837345756914));
#2149=CARTESIAN_POINT('Ctrl Pts',(29.7420487967657,-37.9662238094652,5.8307966016475));
#2150=CARTESIAN_POINT('Ctrl Pts',(27.5646705477021,-37.3932419154973,8.68333840130019));
#2151=CARTESIAN_POINT('Ctrl Pts',(25.075303916107,-36.4204389388076,11.239600535028));
#2152=CARTESIAN_POINT('Ctrl Pts',(19.9910291517744,-33.7556832473069,14.7577357511433));
#2153=CARTESIAN_POINT('Ctrl Pts',(11.3645389656279,-27.9141676725892,15.9930786498783));
#2154=CARTESIAN_POINT('Ctrl Pts',(0.802511510111763,-19.8233421044213,10.2848094532343));
#2155=CARTESIAN_POINT('Ctrl Pts',(-9.32560546970638,-11.5479379743701,-0.156140757452737));
#2156=CARTESIAN_POINT('Ctrl Pts',(-17.6292092593334,-4.40577591666319,-8.90177967671976));
#2157=CARTESIAN_POINT('Ctrl Pts',(-24.2555537158669,1.57469141333006,-13.6274178058758));
#2158=CARTESIAN_POINT('Ctrl Pts',(-29.6714318044609,6.67306657139088,-15.8684655371189));
#2159=CARTESIAN_POINT('Ctrl Pts',(-35.2537941759601,12.3017011035916,-15.7846767816459));
#2160=CARTESIAN_POINT('Ctrl Pts',(-40.1378569949061,18.0053140551071,-12.6394153455524));
#2161=CARTESIAN_POINT('Ctrl Pts',(-42.9801724437976,22.7141332620552,-7.16082264051924));
#2162=CARTESIAN_POINT('Ctrl Pts',(-43.1227761136123,25.9463826204367,-0.461671324211959));
#2163=CARTESIAN_POINT('Ctrl Pts',(-40.3460731062205,27.4718257090508,6.20515981653997));
#2164=CARTESIAN_POINT('Ctrl Pts',(-35.9012845181285,27.4163341016198,10.7181527416578));
#2165=CARTESIAN_POINT('Ctrl Pts',(-31.4480271530518,26.7519914414089,13.1848687027002));
#2166=CARTESIAN_POINT('Ctrl Pts',(-26.5376304381761,25.7464133410124,14.7776085147712));
#2167=CARTESIAN_POINT('Ctrl Pts',(-19.8162112175376,23.9905939671318,14.9202024571619));
#2168=CARTESIAN_POINT('Ctrl Pts',(-10.0604675421164,21.0235917675233,11.5290218892902));
#2169=CARTESIAN_POINT('Ctrl Pts',(1.01606413106517,17.2744504149799,3.31731725779343));
#2170=CARTESIAN_POINT('Ctrl Pts',(13.3054044526101,12.7549146135796,-7.76112480761864));
#2171=CARTESIAN_POINT('Ctrl Pts',(23.7990115331664,8.56154146137139,-14.4086669257333));
#2172=CARTESIAN_POINT('Ctrl Pts',(32.1361433611316,4.89765341598657,-16.3702800494871));
#2173=CARTESIAN_POINT('Ctrl Pts',(38.7292750965116,1.72875763350941,-15.9757381205003));
#2174=CARTESIAN_POINT('Ctrl Pts',(44.9893246513543,-1.79192319337901,-12.987631255544));
#2175=CARTESIAN_POINT('Ctrl Pts',(49.5213551757493,-5.42851531879467,-7.22539610057856));
#2176=CARTESIAN_POINT('Ctrl Pts',(51.1323045277119,-9.17435619495555,1.17065680021601));
#2177=CARTESIAN_POINT('Ctrl Pts',(46.8591161987597,-12.3788041454004,10.8105169876117));
#2178=CARTESIAN_POINT('Ctrl Pts',(36.6513846497996,-14.3292323419996,16.6224647379846));
#2179=CARTESIAN_POINT('Ctrl Pts',(25.3936681854727,-15.3375543106931,16.6001488737111));
#2180=CARTESIAN_POINT('Ctrl Pts',(16.7887673406179,-15.7541659316832,13.1650219480328));
#2181=CARTESIAN_POINT('Ctrl Pts',(6.67377675129559,-16.0464438801473,6.86795517091577));
#2182=CARTESIAN_POINT('Ctrl Pts',(-3.17417008773998,-16.1066771786965,-1.47288169609002));
#2183=CARTESIAN_POINT('Ctrl Pts',(-14.6081169764844,-15.8840056730963,-9.8440193528596));
#2184=CARTESIAN_POINT('Ctrl Pts',(-24.3949834017124,-15.4313472568369,-14.2276110920851));
#2185=CARTESIAN_POINT('Ctrl Pts',(-33.7787271080291,-14.6299090544603,-14.8103846310975));
#2186=CARTESIAN_POINT('Ctrl Pts',(-41.8679398123463,-13.3317266209444,-11.6423307894159));
#2187=CARTESIAN_POINT('Ctrl Pts',(-47.3405737802557,-11.3914228585275,-5.61984661926834));
#2188=CARTESIAN_POINT('Ctrl Pts',(-49.0788463607631,-8.73798308565294,1.76127012741918));
#2189=CARTESIAN_POINT('Ctrl Pts',(-46.7330496491633,-5.38409207510488,8.85577804432144));
#2190=CARTESIAN_POINT('Ctrl Pts',(-40.9133753384757,-1.50218597848853,13.9829449166294));
#2191=CARTESIAN_POINT('Ctrl Pts',(-32.864540417828,2.62084102672409,15.7604443223542));
#2192=CARTESIAN_POINT('Ctrl Pts',(-23.880996182049,6.71880241862841,13.5542764148339));
#2193=CARTESIAN_POINT('Ctrl Pts',(-14.7313740782978,10.619233588167,7.81396925763146));
#2194=CARTESIAN_POINT('Ctrl Pts',(-8.63784625019959,13.0349490207378,2.61677808865599));
#2195=CARTESIAN_POINT('Ctrl Pts',(-5.57191066176452,14.1898046987535,0.00244792309992269));
#2196=CARTESIAN_POINT('Ctrl Pts',(-18.1228588914524,47.3776918404093,0.335745177412684));
#2197=CARTESIAN_POINT('Ctrl Pts',(-17.1071254326536,47.7453869912185,2.99669954335633));
#2198=CARTESIAN_POINT('Ctrl Pts',(-14.5477829251482,47.0479930677349,8.33193606083138));
#2199=CARTESIAN_POINT('Ctrl Pts',(-9.48038085226712,42.2141378137239,14.443123452612));
#2200=CARTESIAN_POINT('Ctrl Pts',(-3.74426823329256,34.8042165889443,17.1468884363027));
#2201=CARTESIAN_POINT('Ctrl Pts',(2.04512026596957,26.242621599703,15.626469090499));
#2202=CARTESIAN_POINT('Ctrl Pts',(7.48812800365756,17.5661217668003,10.3056857603234));
#2203=CARTESIAN_POINT('Ctrl Pts',(12.5756669132073,9.02184241977825,2.66584378376299));
#2204=CARTESIAN_POINT('Ctrl Pts',(17.4208469724266,0.512196756133411,-5.35210688887678));
#2205=CARTESIAN_POINT('Ctrl Pts',(21.9152235046615,-7.78043740366035,-11.4767902984257));
#2206=CARTESIAN_POINT('Ctrl Pts',(25.9767195057315,-15.7743202585814,-14.5253718698316));
#2207=CARTESIAN_POINT('Ctrl Pts',(29.377821817226,-23.1768597667928,-14.4125868105373));
#2208=CARTESIAN_POINT('Ctrl Pts',(32.2600973725464,-30.8870158967404,-10.9421214722508));
#2209=CARTESIAN_POINT('Ctrl Pts',(32.8940478830478,-35.923515752129,-4.74832723588866));
#2210=CARTESIAN_POINT('Ctrl Pts',(31.1845420862172,-37.8868600587534,1.62406498656588));
#2211=CARTESIAN_POINT('Ctrl Pts',(29.1773558535588,-37.9890686033033,5.48155869278186));
#2212=CARTESIAN_POINT('Ctrl Pts',(27.0574652306964,-37.4330298592221,8.25841936468048));
#2213=CARTESIAN_POINT('Ctrl Pts',(24.6343122817962,-36.4880668238229,10.7474604141219));
#2214=CARTESIAN_POINT('Ctrl Pts',(19.6831794840898,-33.8956937002696,14.170294736576));
#2215=CARTESIAN_POINT('Ctrl Pts',(11.2903751845835,-28.219267476876,15.3852698547916));
#2216=CARTESIAN_POINT('Ctrl Pts',(0.888962436060055,-20.2602251445195,9.78936717188706));
#2217=CARTESIAN_POINT('Ctrl Pts',(-9.21103712624684,-12.0152692929569,-0.607678186800179));
#2218=CARTESIAN_POINT('Ctrl Pts',(-17.5516649080838,-4.84745918485955,-9.39364106518863));
#2219=CARTESIAN_POINT('Ctrl Pts',(-24.267988831979,1.20923321542735,-14.1834591571102));
#2220=CARTESIAN_POINT('Ctrl Pts',(-29.7976672572511,6.41037869704101,-16.4730131479371));
#2221=CARTESIAN_POINT('Ctrl Pts',(-35.5414948062874,12.1965481406485,-16.3901158181551));
#2222=CARTESIAN_POINT('Ctrl Pts',(-40.5883851026114,18.0843194306842,-13.1424723982239));
#2223=CARTESIAN_POINT('Ctrl Pts',(-43.5391584755589,22.9628311858651,-7.46655378388224));
#2224=CARTESIAN_POINT('Ctrl Pts',(-43.6926211349309,26.3294013210422,-0.485194535470103));
#2225=CARTESIAN_POINT('Ctrl Pts',(-40.7984918656638,27.9145864965217,6.46340509785286));
#2226=CARTESIAN_POINT('Ctrl Pts',(-36.1911855822687,27.8525295462945,11.1386931501112));
#2227=CARTESIAN_POINT('Ctrl Pts',(-31.5912525794274,27.1642534148592,13.6880660190542));
#2228=CARTESIAN_POINT('Ctrl Pts',(-26.5285234985031,26.1251440177529,15.3313638291643));
#2229=CARTESIAN_POINT('Ctrl Pts',(-19.6203156979504,24.3171035276434,15.4750861220505));
#2230=CARTESIAN_POINT('Ctrl Pts',(-9.68113333100571,21.2895198965266,12.0125231980214));
#2231=CARTESIAN_POINT('Ctrl Pts',(1.47227221719229,17.5088589371022,3.73479793594632));
#2232=CARTESIAN_POINT('Ctrl Pts',(13.7553863270462,12.9862454177094,-7.33250024615844));
#2233=CARTESIAN_POINT('Ctrl Pts',(24.1529839391337,8.82586449743414,-13.9058186515921));
#2234=CARTESIAN_POINT('Ctrl Pts',(32.3400935673367,5.22423023466953,-15.8258047504339));
#2235=CARTESIAN_POINT('Ctrl Pts',(38.7920732433538,2.12015947400607,-15.4370596420455));
#2236=CARTESIAN_POINT('Ctrl Pts',(44.9151661497353,-1.32640572702598,-12.5121803357896));
#2237=CARTESIAN_POINT('Ctrl Pts',(49.352021595805,-4.89077797819667,-6.86610012617925));
#2238=CARTESIAN_POINT('Ctrl Pts',(50.9310096058448,-8.56650997744841,1.36793134654936));
#2239=CARTESIAN_POINT('Ctrl Pts',(46.7244925636109,-11.7308843272123,10.8789058135429));
#2240=CARTESIAN_POINT('Ctrl Pts',(36.5785986417727,-13.672651398711,16.6641098098753));
#2241=CARTESIAN_POINT('Ctrl Pts',(25.3424023015233,-14.6787816893067,16.639028338588));
#2242=CARTESIAN_POINT('Ctrl Pts',(16.7432626688811,-15.0951424189892,13.2034102744195));
#2243=CARTESIAN_POINT('Ctrl Pts',(6.63526783137767,-15.3869212284127,6.90580970891482));
#2244=CARTESIAN_POINT('Ctrl Pts',(-3.20415798168532,-15.4468632882921,-1.43330536880989));
#2245=CARTESIAN_POINT('Ctrl Pts',(-14.617815661765,-15.2241339165701,-9.79524229031425));
#2246=CARTESIAN_POINT('Ctrl Pts',(-24.3717608171935,-14.7725311682762,-14.1669598278021));
#2247=CARTESIAN_POINT('Ctrl Pts',(-33.6958706793083,-13.9753528665222,-14.7468655434768));
#2248=CARTESIAN_POINT('Ctrl Pts',(-41.7028697152985,-12.6893410178602,-11.6114992357025));
#2249=CARTESIAN_POINT('Ctrl Pts',(-47.0869525933664,-10.7768992026274,-5.68125153848718));
#2250=CARTESIAN_POINT('Ctrl Pts',(-48.7812329677317,-8.18347014794242,1.52490891176897));
#2251=CARTESIAN_POINT('Ctrl Pts',(-46.5015944419438,-4.91788758483889,8.42803030677577));
#2252=CARTESIAN_POINT('Ctrl Pts',(-40.8395679746069,-1.13655216156857,13.4195408707044));
#2253=CARTESIAN_POINT('Ctrl Pts',(-33.0097395645098,2.87875608682414,15.1524340056477));
#2254=CARTESIAN_POINT('Ctrl Pts',(-24.2182493261742,6.893989798975,13.0037997900515));
#2255=CARTESIAN_POINT('Ctrl Pts',(-15.1641040217176,10.7584314491907,7.33220507958312));
#2256=CARTESIAN_POINT('Ctrl Pts',(-9.08782864301423,13.1702684463834,2.1509057573694));
#2257=CARTESIAN_POINT('Ctrl Pts',(-6.02078550925092,14.3268792719358,-0.463964722883265));
#2258=CARTESIAN_POINT('Ctrl Pts',(-17.988224206332,46.3981630077392,0.420512992477892));
#2259=CARTESIAN_POINT('Ctrl Pts',(-17.0296680618674,46.744540121361,2.92599290000856));
#2260=CARTESIAN_POINT('Ctrl Pts',(-14.6130754235122,46.0927213999331,7.9603951914137));
#2261=CARTESIAN_POINT('Ctrl Pts',(-9.77780787403819,41.4906927479425,13.7902354878508));
#2262=CARTESIAN_POINT('Ctrl Pts',(-4.26785235876493,34.3817819758357,16.3873262541448));
#2263=CARTESIAN_POINT('Ctrl Pts',(1.34458440049905,26.0923297759638,14.9231362613169));
#2264=CARTESIAN_POINT('Ctrl Pts',(6.69947443237373,17.5664621645253,9.69989819325916));
#2265=CARTESIAN_POINT('Ctrl Pts',(11.7577851036836,9.08090720860725,2.10720508793155));
#2266=CARTESIAN_POINT('Ctrl Pts',(16.6117586787349,0.565563207051021,-5.92423188223936));
#2267=CARTESIAN_POINT('Ctrl Pts',(21.1519966872124,-7.8012319414331,-12.1167952032236));
#2268=CARTESIAN_POINT('Ctrl Pts',(25.3023991139639,-15.9589482135475,-15.2412639866317));
#2269=CARTESIAN_POINT('Ctrl Pts',(28.8079119763927,-23.577745113245,-15.1324886747484));
#2270=CARTESIAN_POINT('Ctrl Pts',(31.7799373994009,-31.5145131398449,-11.5616477712023));
#2271=CARTESIAN_POINT('Ctrl Pts',(32.431730909609,-36.6806030863299,-5.20456869865787));
#2272=CARTESIAN_POINT('Ctrl Pts',(30.6894832868307,-38.6854232168839,1.3008274949415));
#2273=CARTESIAN_POINT('Ctrl Pts',(28.6540074395833,-38.7892917318199,5.21524966457066));
#2274=CARTESIAN_POINT('Ctrl Pts',(26.5152882785024,-38.2292693461457,8.02008476860677));
#2275=CARTESIAN_POINT('Ctrl Pts',(24.0774094816374,-37.2793888928987,10.5273890518792));
#2276=CARTESIAN_POINT('Ctrl Pts',(19.1132724499566,-34.6803704014952,13.9601979541676));
#2277=CARTESIAN_POINT('Ctrl Pts',(10.7501363303058,-29.0249988635127,15.1736065013845));
#2278=CARTESIAN_POINT('Ctrl Pts',(0.382893729673525,-21.0951311218796,9.60969905213559));
#2279=CARTESIAN_POINT('Ctrl Pts',(-9.72132094130084,-12.8495181620114,-0.775727042749174));
#2280=CARTESIAN_POINT('Ctrl Pts',(-18.0869974343747,-5.66263132694096,-9.58172775898945));
#2281=CARTESIAN_POINT('Ctrl Pts',(-24.8519465117347,0.435929069806357,-14.4011330404769));
#2282=CARTESIAN_POINT('Ctrl Pts',(-30.4425498268551,5.69263505466491,-16.7129091623939));
#2283=CARTESIAN_POINT('Ctrl Pts',(-36.2791685473235,11.5697378152291,-16.6281550325145));
#2284=CARTESIAN_POINT('Ctrl Pts',(-41.4360531686019,17.5824933770935,-13.3096903101978));
#2285=CARTESIAN_POINT('Ctrl Pts',(-44.4751132229739,22.5991896772828,-7.47296127446904));
#2286=CARTESIAN_POINT('Ctrl Pts',(-44.6389705135979,26.0942035631363,-0.221689921702938));
#2287=CARTESIAN_POINT('Ctrl Pts',(-41.6169903700602,27.7446370626776,7.03407958760512));
#2288=CARTESIAN_POINT('Ctrl Pts',(-36.8085768020194,27.6744253714424,11.9101325086242));
#2289=CARTESIAN_POINT('Ctrl Pts',(-32.0103377762509,26.9529832484592,14.5683849509546));
#2290=CARTESIAN_POINT('Ctrl Pts',(-26.7323162436001,25.8660032632376,16.2807052612122));
#2291=CARTESIAN_POINT('Ctrl Pts',(-19.543774033108,23.9792348251688,16.4236638564575));
#2292=CARTESIAN_POINT('Ctrl Pts',(-9.3203563516221,20.8572252435628,12.8447974336032));
#2293=CARTESIAN_POINT('Ctrl Pts',(1.94781892634204,17.0284479795369,4.45932145944638));
#2294=CARTESIAN_POINT('Ctrl Pts',(14.2021580761188,12.5072234610345,-6.58372241683093));
#2295=CARTESIAN_POINT('Ctrl Pts',(24.411011733808,8.41291097540062,-13.0207353658409));
#2296=CARTESIAN_POINT('Ctrl Pts',(32.3030543515198,4.93453483128917,-14.8647438664879));
#2297=CARTESIAN_POINT('Ctrl Pts',(38.467118204971,1.96335198594453,-14.491699803774));
#2298=CARTESIAN_POINT('Ctrl Pts',(44.287245084486,-1.31800682784116,-11.7100746695879));
#2299=CARTESIAN_POINT('Ctrl Pts',(48.4823051237987,-4.69887588243125,-6.35920317151615));
#2300=CARTESIAN_POINT('Ctrl Pts',(49.9631846507317,-8.16111989631963,1.38366950008));
#2301=CARTESIAN_POINT('Ctrl Pts',(46.0025529779574,-11.1595819959568,10.3701185623569));
#2302=CARTESIAN_POINT('Ctrl Pts',(36.3019539114578,-13.0277925243247,15.9199367715598));
#2303=CARTESIAN_POINT('Ctrl Pts',(25.463878693079,-14.0034220936816,15.8993959934202));
#2304=CARTESIAN_POINT('Ctrl Pts',(17.0563192643168,-14.4156585355141,12.5476573751117));
#2305=CARTESIAN_POINT('Ctrl Pts',(7.07651108965437,-14.70815321036,6.32693384879744));
#2306=CARTESIAN_POINT('Ctrl Pts',(-2.73220242101869,-14.7736817341375,-1.98585986237699));
#2307=CARTESIAN_POINT('Ctrl Pts',(-14.2121062061808,-14.5552334157898,-10.4096660836166));
#2308=CARTESIAN_POINT('Ctrl Pts',(-24.1312262007788,-14.1017231773944,-14.8706211574867));
#2309=CARTESIAN_POINT('Ctrl Pts',(-33.7234085078378,-13.2871123263103,-15.4786924154758));
#2310=CARTESIAN_POINT('Ctrl Pts',(-41.9716883349371,-11.9666063817058,-12.2505303118733));
#2311=CARTESIAN_POINT('Ctrl Pts',(-47.5034627934006,-10.006157775803,-6.16146965849257));
#2312=CARTESIAN_POINT('Ctrl Pts',(-49.2361457771634,-7.35412382257347,1.21376777931356));
#2313=CARTESIAN_POINT('Ctrl Pts',(-46.9205259730191,-4.044799336389,8.20964420069905));
#2314=CARTESIAN_POINT('Ctrl Pts',(-41.2375959979718,-0.250629201371942,
13.2165857851415));
#2315=CARTESIAN_POINT('Ctrl Pts',(-33.4329625157077,3.7527826335817,14.9465196051076));
#2316=CARTESIAN_POINT('Ctrl Pts',(-24.6835739563391,7.7503444201215,12.8153009690671));
#2317=CARTESIAN_POINT('Ctrl Pts',(-15.6460011076274,11.6094217061107,7.16396142878302));
#2318=CARTESIAN_POINT('Ctrl Pts',(-9.5639368278226,14.0246627967776,1.98301836401099));
#2319=CARTESIAN_POINT('Ctrl Pts',(-6.48973036077459,15.1844673238192,-0.635493946156162));
#2320=CARTESIAN_POINT('Ctrl Pts',(-17.1867898390468,45.857492933398,0.189504170104923));
#2321=CARTESIAN_POINT('Ctrl Pts',(-16.2750415110115,46.1882087675665,2.56926636086426));
#2322=CARTESIAN_POINT('Ctrl Pts',(-13.9814473820805,45.5749154589336,7.34365546495794));
#2323=CARTESIAN_POINT('Ctrl Pts',(-9.37433742112415,41.199952451306,12.8956492234043));
#2324=CARTESIAN_POINT('Ctrl Pts',(-4.1149553580666,34.4251234168716,15.3755499294272));
#2325=CARTESIAN_POINT('Ctrl Pts',(1.28676639973965,26.4605986491381,13.9827663395971));
#2326=CARTESIAN_POINT('Ctrl Pts',(6.53640100888036,18.1161412304991,8.88419195151746));
#2327=CARTESIAN_POINT('Ctrl Pts',(11.564202516239,9.69488117131435,1.35016880141159));
#2328=CARTESIAN_POINT('Ctrl Pts',(16.4382375638206,1.15768449413701,-6.70457097130518));
#2329=CARTESIAN_POINT('Ctrl Pts',(21.0509136373478,-7.32818550721615,-12.9957970281604));
#2330=CARTESIAN_POINT('Ctrl Pts',(25.3382451533533,-15.7395190965937,-16.231235276104));
#2331=CARTESIAN_POINT('Ctrl Pts',(29.0119275426043,-23.7077925352498,-16.1243034566341));
#2332=CARTESIAN_POINT('Ctrl Pts',(32.1445102733807,-32.0519347050022,-12.3713394493605));
#2333=CARTESIAN_POINT('Ctrl Pts',(32.8450152785742,-37.5185761763912,-5.6526814668716));
#2334=CARTESIAN_POINT('Ctrl Pts',(30.9992320095948,-39.6476614445142,1.26303361757822));
#2335=CARTESIAN_POINT('Ctrl Pts',(28.8463880303756,-39.7540217008257,5.40562224404709));
#2336=CARTESIAN_POINT('Ctrl Pts',(26.5976805663132,-39.1634970500381,8.3592193081189));
#2337=CARTESIAN_POINT('Ctrl Pts',(24.041879411705,-38.1655722063647,10.9903503897458));
#2338=CARTESIAN_POINT('Ctrl Pts',(18.8617554371254,-35.4495001415047,14.5784431147016));
#2339=CARTESIAN_POINT('Ctrl Pts',(10.1862522283147,-29.5731225647517,15.8194357743196));
#2340=CARTESIAN_POINT('Ctrl Pts',(-0.378721978624256,-21.4821700722258,
10.1263865239944));
#2341=CARTESIAN_POINT('Ctrl Pts',(-10.5298005067853,-13.190351293808,-0.310653225702226));
#2342=CARTESIAN_POINT('Ctrl Pts',(-18.8714901523291,-6.01772647298303,-9.08128477722661));
#2343=CARTESIAN_POINT('Ctrl Pts',(-25.562058532319,0.018688777577553,-13.841263120121));
#2344=CARTESIAN_POINT('Ctrl Pts',(-31.058279352989,5.19092004548722,-16.1078848150681));
#2345=CARTESIAN_POINT('Ctrl Pts',(-36.7686766212049,10.9454143495514,-16.0194322749443));
#2346=CARTESIAN_POINT('Ctrl Pts',(-41.8188125529658,16.8382235152915,-12.7659274602159));
#2347=CARTESIAN_POINT('Ctrl Pts',(-44.805952883031,21.7736713522574,-7.02384085697015));
#2348=CARTESIAN_POINT('Ctrl Pts',(-44.9667486620016,25.2281423990149,0.141882644976039));
#2349=CARTESIAN_POINT('Ctrl Pts',(-41.9611784774844,26.870726393626,7.35922689199142));
#2350=CARTESIAN_POINT('Ctrl Pts',(-37.1451000387234,26.8002739341283,12.2430672567604));
#2351=CARTESIAN_POINT('Ctrl Pts',(-32.3188589494453,26.0733097779941,14.9136199027081));
#2352=CARTESIAN_POINT('Ctrl Pts',(-27.0000507236865,24.976786741294,16.6365180231234));
#2353=CARTESIAN_POINT('Ctrl Pts',(-19.7410086834843,23.0699106176028,16.7769258599123));
#2354=CARTESIAN_POINT('Ctrl Pts',(-9.43711981771745,19.9206301386751,13.1596323094666));
#2355=CARTESIAN_POINT('Ctrl Pts',(1.85936240444783,16.0789235761376,4.73855708481141));
#2356=CARTESIAN_POINT('Ctrl Pts',(14.0872153088439,11.5639399743156,-6.290768672129));
#2357=CARTESIAN_POINT('Ctrl Pts',(24.2044662678634,7.50247724743452,-12.6683302492258));
#2358=CARTESIAN_POINT('Ctrl Pts',(31.9524165416974,4.08481834493336,-14.4794798254861));
#2359=CARTESIAN_POINT('Ctrl Pts',(37.9680238929763,1.18259627523142,-14.1172597194236));
#2360=CARTESIAN_POINT('Ctrl Pts',(43.6147106032348,-2.00369569711626,-11.4192779863895));
#2361=CARTESIAN_POINT('Ctrl Pts',(47.6500262914809,-5.2632930258642,-6.26360955570208));
#2362=CARTESIAN_POINT('Ctrl Pts',(49.0555356175438,-8.56375996019897,1.10809862711508));
#2363=CARTESIAN_POINT('Ctrl Pts',(45.3027197794105,-11.415105792263,9.63211735719179));
#2364=CARTESIAN_POINT('Ctrl Pts',(36.0651226505883,-13.2046981148102,14.9282320813993));
#2365=CARTESIAN_POINT('Ctrl Pts',(25.6928377895356,-14.1456710753441,14.9180575503318));
#2366=CARTESIAN_POINT('Ctrl Pts',(17.5157155982124,-14.5533024547485,11.6723238245533));
#2367=CARTESIAN_POINT('Ctrl Pts',(7.68586200985839,-14.8474738138488,5.5488592862343));
#2368=CARTESIAN_POINT('Ctrl Pts',(-2.0970176986385,-14.9205991653739,-2.73355398936979));
#2369=CARTESIAN_POINT('Ctrl Pts',(-13.6900292463545,-14.707719884325,-11.2488068721999));
#2370=CARTESIAN_POINT('Ctrl Pts',(-23.8647631387152,-14.2504118932165,-15.8396631274493));
#2371=CARTESIAN_POINT('Ctrl Pts',(-33.8815373587141,-13.4078237814432,-16.4878190176024));
#2372=CARTESIAN_POINT('Ctrl Pts',(-42.5547416548225,-12.0261967309952,-13.0950176761306));
#2373=CARTESIAN_POINT('Ctrl Pts',(-48.403953990433,-9.96424325504946,-6.66939723692571));
#2374=CARTESIAN_POINT('Ctrl Pts',(-50.2505750050966,-7.1491979712585,1.17948954569167));
#2375=CARTESIAN_POINT('Ctrl Pts',(-47.7905385365295,-3.65301133938461,8.57809679921922));
#2376=CARTESIAN_POINT('Ctrl Pts',(-41.8450120641917,0.307693332520406,13.8073128701094));
#2377=CARTESIAN_POINT('Ctrl Pts',(-33.7435022463017,4.45748287975888,15.5999483373738));
#2378=CARTESIAN_POINT('Ctrl Pts',(-24.7591217046951,8.55665285750829,13.403726190123));
#2379=CARTESIAN_POINT('Ctrl Pts',(-15.5994754677841,12.4627149153469,7.67435386187157));
#2380=CARTESIAN_POINT('Ctrl Pts',(-9.4850502585527,14.8876208751648,2.46999259996404));
#2381=CARTESIAN_POINT('Ctrl Pts',(-6.4035222812141,16.0487907854632,-0.152276219827306));
#2382=CARTESIAN_POINT('Ctrl Pts',(-16.3212408724488,46.1690940699696,-0.184509719090516));
#2383=CARTESIAN_POINT('Ctrl Pts',(-15.4105367796223,46.5016507530624,2.19435648945035));
#2384=CARTESIAN_POINT('Ctrl Pts',(-13.126643212928,45.8903627487448,6.94700428669794));
#2385=CARTESIAN_POINT('Ctrl Pts',(-8.5708579671399,41.5657176995091,12.4351434169831));
#2386=CARTESIAN_POINT('Ctrl Pts',(-3.39663110275648,34.9051107543393,14.8763718742175));
#2387=CARTESIAN_POINT('Ctrl Pts',(1.92013498237013,27.0724104811849,13.5163789794063));
#2388=CARTESIAN_POINT('Ctrl Pts',(7.12713864359962,18.8027782126906,8.47549144822854));
#2389=CARTESIAN_POINT('Ctrl Pts',(12.1463355985568,10.4026093647966,0.967371168683785));
#2390=CARTESIAN_POINT('Ctrl Pts',(17.0366245689763,1.8437899845673,-7.10283842282526));
#2391=CARTESIAN_POINT('Ctrl Pts',(21.6936114437953,-6.71618520281407,-13.4488871031823));
#2392=CARTESIAN_POINT('Ctrl Pts',(26.0624611231223,-15.2793681845505,-16.7464769102825));
#2393=CARTESIAN_POINT('Ctrl Pts',(29.8410053325334,-23.4663880408436,-16.6377099930897));
#2394=CARTESIAN_POINT('Ctrl Pts',(33.0836853911412,-32.0910356062073,-12.7583481446423));
#2395=CARTESIAN_POINT('Ctrl Pts',(33.8266246663625,-37.8024283242213,-5.75196878984338));
#2396=CARTESIAN_POINT('Ctrl Pts',(31.8846393450188,-40.0447741564603,1.54170789365654));
#2397=CARTESIAN_POINT('Ctrl Pts',(29.6136758586832,-40.1525268586492,5.91181941457845));
#2398=CARTESIAN_POINT('Ctrl Pts',(27.246751346093,-39.5279747816587,9.02277069424111));
#2399=CARTESIAN_POINT('Ctrl Pts',(24.5587122780639,-38.4750877310519,11.7899300108352));
#2400=CARTESIAN_POINT('Ctrl Pts',(19.1222323643573,-35.6197032227027,15.5616704457188));
#2401=CARTESIAN_POINT('Ctrl Pts',(10.026810724764,-29.4462800840267,16.8389293470927));
#2402=CARTESIAN_POINT('Ctrl Pts',(-0.8192452955966,-21.1251310548067,10.9529066858729));
#2403=CARTESIAN_POINT('Ctrl Pts',(-11.0248213415388,-12.7761970428476,0.439913074839839));
#2404=CARTESIAN_POINT('Ctrl Pts',(-19.3110304459867,-5.6410692662018,-8.26661802255238));
#2405=CARTESIAN_POINT('Ctrl Pts',(-25.8601786960602,0.275929832376223,-12.9229131104186));
#2406=CARTESIAN_POINT('Ctrl Pts',(-31.1773460547655,5.28668876857673,-15.1112468085299));
#2407=CARTESIAN_POINT('Ctrl Pts',(-36.6371924102368,10.7968960698292,-15.020211256205));
#2408=CARTESIAN_POINT('Ctrl Pts',(-41.4439336878179,16.4145443062171,-11.9191683535631));
#2409=CARTESIAN_POINT('Ctrl Pts',(-44.2776324516339,21.1092737528265,-6.45744064818987));
#2410=CARTESIAN_POINT('Ctrl Pts',(-44.4243828454814,24.3838628792114,0.329917936577353));
#2411=CARTESIAN_POINT('Ctrl Pts',(-41.5677107959293,25.9510189255535,7.19082507873168));
#2412=CARTESIAN_POINT('Ctrl Pts',(-36.9440830608683,25.8883410445194,11.8826330049992));
#2413=CARTESIAN_POINT('Ctrl Pts',(-32.2821002001593,25.1877005886878,14.4590154888107));
#2414=CARTESIAN_POINT('Ctrl Pts',(-27.1286681055032,24.127285448007,16.1256775609958));
#2415=CARTESIAN_POINT('Ctrl Pts',(-20.063459247682,22.2743138957428,16.2632831983801));
#2416=CARTESIAN_POINT('Ctrl Pts',(-9.94442152347084,19.18573597008,12.7146412352418));
#2417=CARTESIAN_POINT('Ctrl Pts',(1.27108629202572,15.3763324733545,4.35707245600053));
#2418=CARTESIAN_POINT('Ctrl Pts',(13.4948862985834,10.8676363655294,-6.67944291916402));
#2419=CARTESIAN_POINT('Ctrl Pts',(23.6878431455162,6.78046276937761,-13.1195748848992));
#2420=CARTESIAN_POINT('Ctrl Pts',(31.5523093150163,3.31471533386661,-14.9657761609955));
#2421=CARTESIAN_POINT('Ctrl Pts',(37.6717906358106,0.365057282853069,-14.6012125878824));
#2422=CARTESIAN_POINT('Ctrl Pts',(43.406779853227,-2.8689598303025,-11.8632224230969));
#2423=CARTESIAN_POINT('Ctrl Pts',(47.4857105982286,-6.16156487276253,-6.65473497180406));
#2424=CARTESIAN_POINT('Ctrl Pts',(48.8956489812738,-9.47474719263824,0.747364905361388));
#2425=CARTESIAN_POINT('Ctrl Pts',(45.1555364011473,-12.3095590886113,9.22180553071619));
#2426=CARTESIAN_POINT('Ctrl Pts',(36.0478526903131,-14.0752147621843,14.4384096860307));
#2427=CARTESIAN_POINT('Ctrl Pts',(25.8567084286431,-15.0037528317643,14.4369525192948));
#2428=CARTESIAN_POINT('Ctrl Pts',(17.7743426170859,-15.4098586996377,11.2393815944197));
#2429=CARTESIAN_POINT('Ctrl Pts',(8.00283574267407,-15.7054251527588,5.16009467375205));
#2430=CARTESIAN_POINT('Ctrl Pts',(-1.7788663726616,-15.7824348692337,-3.11076481115686));
#2431=CARTESIAN_POINT('Ctrl Pts',(-13.4464865052847,-15.5722039676539,-11.6778970366109));
#2432=CARTESIAN_POINT('Ctrl Pts',(-23.7742011332103,-15.1120519324324,-16.3410968778126));
#2433=CARTESIAN_POINT('Ctrl Pts',(-34.0513621601528,-14.2520275107252,-17.0108476480566));
#2434=CARTESIAN_POINT('Ctrl Pts',(-43.0121988240754,-12.8287244033631,-13.5057109408691));
#2435=CARTESIAN_POINT('Ctrl Pts',(-49.108861407511,-10.6882610371071,-6.81961313591164));
#2436=CARTESIAN_POINT('Ctrl Pts',(-51.0587887404313,-7.72861881546298,1.45035062338827));
#2437=CARTESIAN_POINT('Ctrl Pts',(-48.4545460740934,-4.04315586979747,9.25817976695091));
#2438=CARTESIAN_POINT('Ctrl Pts',(-42.2022695026086,0.11252658299544,14.7491940362817));
#2439=CARTESIAN_POINT('Ctrl Pts',(-33.7050261121007,4.45695682277067,16.6231015813667));
#2440=CARTESIAN_POINT('Ctrl Pts',(-24.3850032205285,8.70077016747281,14.3284686000194));
#2441=CARTESIAN_POINT('Ctrl Pts',(-15.0561919562532,12.6709687342099,8.48153899010096));
#2442=CARTESIAN_POINT('Ctrl Pts',(-8.90675213789524,15.1047286789707,3.24754612403315));
#2443=CARTESIAN_POINT('Ctrl Pts',(-5.82327826632153,16.2644011333104,0.62424533961923));
#2444=CARTESIAN_POINT('Ctrl Pts',(-16.0396926552549,47.092196641646,-0.420435081729504));
#2445=CARTESIAN_POINT('Ctrl Pts',(-15.0835163631074,47.4426997478974,2.08294239349404));
#2446=CARTESIAN_POINT('Ctrl Pts',(-12.6902604547952,46.7964809099267,7.06631874657212));
#2447=CARTESIAN_POINT('Ctrl Pts',(-7.97163079052547,42.3087980020397,12.7513130937672));
#2448=CARTESIAN_POINT('Ctrl Pts',(-2.65464676730838,35.4583477019738,15.2603122489884));
#2449=CARTESIAN_POINT('Ctrl Pts',(2.76572982857698,27.4666323656476,13.8695864684916));
#2450=CARTESIAN_POINT('Ctrl Pts',(8.02402022453819,19.1099740249843,8.77599744247217));
#2451=CARTESIAN_POINT('Ctrl Pts',(13.0626503847011,10.6722422313541,1.24158850212991));
#2452=CARTESIAN_POINT('Ctrl Pts',(17.9531353580471,2.10820452133978,-6.82472193652432));
#2453=CARTESIAN_POINT('Ctrl Pts',(22.593273724102,-6.42590220129547,-13.1406424509814));
#2454=CARTESIAN_POINT('Ctrl Pts',(26.9273553423938,-14.9259266809538,-16.4049581622641));
#2455=CARTESIAN_POINT('Ctrl Pts',(30.6689165288589,-23.0373763179484,-16.2917736655402));
#2456=CARTESIAN_POINT('Ctrl Pts',(33.8887514229109,-31.6055708682903,-12.4364693188192));
#2457=CARTESIAN_POINT('Ctrl Pts',(34.6361037624591,-37.324254098067,-5.43001009479667));
#2458=CARTESIAN_POINT('Ctrl Pts',(32.6775492930481,-39.5838277523587,1.92532676117445));
#2459=CARTESIAN_POINT('Ctrl Pts',(30.3762935708286,-39.6910711944633,6.35193635100325));
#2460=CARTESIAN_POINT('Ctrl Pts',(27.9717423006422,-39.0545746313266,9.51065756686472));
#2461=CARTESIAN_POINT('Ctrl Pts',(25.2364980885368,-37.9811500977324,12.3239085698726));
#2462=CARTESIAN_POINT('Ctrl Pts',(19.6957752181142,-35.0689095090277,16.1699204049376));
#2463=CARTESIAN_POINT('Ctrl Pts',(10.3879095251942,-28.7455121253832,17.4654607642871));
#2464=CARTESIAN_POINT('Ctrl Pts',(-0.611621646057178,-20.2979316393539,
11.4679623464343));
#2465=CARTESIAN_POINT('Ctrl Pts',(-10.8386592952462,-11.9237478710138,0.911912273727955));
#2466=CARTESIAN_POINT('Ctrl Pts',(-19.0798149730724,-4.82094368097015,-7.74983926193479));
#2467=CARTESIAN_POINT('Ctrl Pts',(-25.5269158571357,1.00922247593704,-12.3361713935677));
#2468=CARTESIAN_POINT('Ctrl Pts',(-30.7150779887638,5.9030867466539,-14.4718182019098));
#2469=CARTESIAN_POINT('Ctrl Pts',(-35.9885531955563,11.2311841130076,-14.3811408090146));
#2470=CARTESIAN_POINT('Ctrl Pts',(-40.5983338449717,16.6256182236257,-11.4050662098462));
#2471=CARTESIAN_POINT('Ctrl Pts',(-43.292369986738,21.1015871622193,-6.19775872791373));
#2472=CARTESIAN_POINT('Ctrl Pts',(-43.424318026479,24.1925611285581,0.20393529281886));
#2473=CARTESIAN_POINT('Ctrl Pts',(-40.7365593708206,25.6735685938864,6.65921983302468));
#2474=CARTESIAN_POINT('Ctrl Pts',(-36.3601014439291,25.6208179570036,11.1041470593742));
#2475=CARTESIAN_POINT('Ctrl Pts',(-31.9304958540883,24.9584854645106,13.5510748736017));
#2476=CARTESIAN_POINT('Ctrl Pts',(-27.0235725945427,23.952558528716,15.1372047527355));
#2477=CARTESIAN_POINT('Ctrl Pts',(-20.2697546954159,22.1867681546471,15.2741042178895));
#2478=CARTESIAN_POINT('Ctrl Pts',(-10.4612867929611,19.2010492586557,11.8494080648662));
#2479=CARTESIAN_POINT('Ctrl Pts',(0.626006873409674,15.4446724439859,3.60649289895039));
#2480=CARTESIAN_POINT('Ctrl Pts',(12.8709173341317,10.9377704490996,-7.45275610763881));
#2481=CARTESIAN_POINT('Ctrl Pts',(23.2486104671959,6.7864022813012,-14.0303576268522));
#2482=CARTESIAN_POINT('Ctrl Pts',(31.4017128730565,3.20042461729446,-15.9533515778579));
#2483=CARTESIAN_POINT('Ctrl Pts',(37.798448026216,0.123064652697651,-15.5752560518051));
#2484=CARTESIAN_POINT('Ctrl Pts',(43.8156620835064,-3.26436190649149,-12.7051440074285));
#2485=CARTESIAN_POINT('Ctrl Pts',(48.1079337844522,-6.71885434291122,-7.23628920910536));
#2486=CARTESIAN_POINT('Ctrl Pts',(49.598964064543,-10.2087388631609,0.572903684371616));
#2487=CARTESIAN_POINT('Ctrl Pts',(45.6672470675051,-13.1688669959983,9.44525404363468));
#2488=CARTESIAN_POINT('Ctrl Pts',(36.2618084310333,-14.9824368634121,14.8144274811985));
#2489=CARTESIAN_POINT('Ctrl Pts',(25.8325532728472,-15.9296840867232,14.8127841504984));
#2490=CARTESIAN_POINT('Ctrl Pts',(17.639492495791,-16.3382670707442,11.5692453421895));
#2491=CARTESIAN_POINT('Ctrl Pts',(7.79126309250899,-16.6338567902632,5.44786486443229));
#2492=CARTESIAN_POINT('Ctrl Pts',(-2.01468002643452,-16.7079871823015,-2.8389564307639));
#2493=CARTESIAN_POINT('Ctrl Pts',(-13.6627322072431,-16.4954071229867,-11.3795048620977));
#2494=CARTESIAN_POINT('Ctrl Pts',(-23.9268014614621,-16.0353738516012,-16.003171084088));
#2495=CARTESIAN_POINT('Ctrl Pts',(-34.1057340599868,-15.1813468181909,-16.6595669152957));
#2496=CARTESIAN_POINT('Ctrl Pts',(-43.0020244370126,-13.7668220734526,-13.1781820964353));
#2497=CARTESIAN_POINT('Ctrl Pts',(-49.0911179415413,-11.6294467335715,-6.50249529745638));
#2498=CARTESIAN_POINT('Ctrl Pts',(-51.0565560730168,-8.65184662219294,1.82053488594886));
#2499=CARTESIAN_POINT('Ctrl Pts',(-48.4167912465742,-4.91652469076111,9.73737508488509));
#2500=CARTESIAN_POINT('Ctrl Pts',(-42.0440429185999,-0.683614015036453,
15.3335397669974));
#2501=CARTESIAN_POINT('Ctrl Pts',(-33.3494987934511,3.75767031667478,17.2465785041756));
#2502=CARTESIAN_POINT('Ctrl Pts',(-23.8452607327729,8.0806477459798,14.89435492031));
#2503=CARTESIAN_POINT('Ctrl Pts',(-14.4271738819991,12.0840633658519,8.97884505869085));
#2504=CARTESIAN_POINT('Ctrl Pts',(-8.26611483712847,14.519379562426,3.73133528104476));
#2505=CARTESIAN_POINT('Ctrl Pts',(-5.18753006244464,15.6758197244706,1.11050111553604));
#2506=CARTESIAN_POINT('Ctrl Pts',(-16.5617385212217,47.9347535423454,-0.338145273594283));
#2507=CARTESIAN_POINT('Ctrl Pts',(-15.5479498561486,48.3057424277066,2.32102304105268));
#2508=CARTESIAN_POINT('Ctrl Pts',(-13.0070375659159,47.6125896835888,7.6156569291523));
#2509=CARTESIAN_POINT('Ctrl Pts',(-8.03299526050023,42.8702610225894,13.6108374403147));
#2510=CARTESIAN_POINT('Ctrl Pts',(-2.45135363140636,35.6673259878452,16.2441918875611));
#2511=CARTESIAN_POINT('Ctrl Pts',(3.18421594344025,27.3442549218529,14.7827670285258));
#2512=CARTESIAN_POINT('Ctrl Pts',(8.54991603464204,18.8032559299577,9.5659936048295));
#2513=CARTESIAN_POINT('Ctrl Pts',(13.6217410517317,10.2972582490602,1.97289271293614));
#2514=CARTESIAN_POINT('Ctrl Pts',(18.4961984386646,1.74860790522537,-6.07300058274052));
#2515=CARTESIAN_POINT('Ctrl Pts',(23.070610573374,-6.67799497689208,-12.2965996431865));
#2516=CARTESIAN_POINT('Ctrl Pts',(27.279298186133,-14.9461386032928,-15.4573162382396));
#2517=CARTESIAN_POINT('Ctrl Pts',(30.8696194637472,-22.7435129831585,-15.3410912637741));
#2518=CARTESIAN_POINT('Ctrl Pts',(33.9505294755072,-30.9597730319294,-11.642609878221));
#2519=CARTESIAN_POINT('Ctrl Pts',(34.6610802320754,-36.438648620104,-4.9289396205863));
#2520=CARTESIAN_POINT('Ctrl Pts',(32.7781664677476,-38.6062005550221,2.12480567421695));
#2521=CARTESIAN_POINT('Ctrl Pts',(30.5579947343804,-38.7110497170852,6.3926932254946));
#2522=CARTESIAN_POINT('Ctrl Pts',(28.2250207954469,-38.0937006574891,9.4532096014116));
#2523=CARTESIAN_POINT('Ctrl Pts',(25.5635166782042,-37.04969832675,12.1874680764997));
#2524=CARTESIAN_POINT('Ctrl Pts',(20.1502836563819,-34.2062615111122,15.9414209970609));
#2525=CARTESIAN_POINT('Ctrl Pts',(11.0004978227886,-27.9944814930514,17.2220310825436));
#2526=CARTESIAN_POINT('Ctrl Pts',(0.0924235035398605,-19.6205469035847,
11.278522821811));
#2527=CARTESIAN_POINT('Ctrl Pts',(-10.1059182224013,-11.2725942517508,0.744678602922439));
#2528=CARTESIAN_POINT('Ctrl Pts',(-18.3467340973706,-4.17217863123525,-7.92570868271848));
#2529=CARTESIAN_POINT('Ctrl Pts',(-24.8082910620886,1.66938820585935,-12.5287146805296));
#2530=CARTESIAN_POINT('Ctrl Pts',(-30.0154328677437,6.57972559516535,-14.6771191972938));
#2531=CARTESIAN_POINT('Ctrl Pts',(-35.3079138888851,11.9258723201322,-14.5894917467391));
#2532=CARTESIAN_POINT('Ctrl Pts',(-39.9163320732961,17.3180653339485,-11.6163047008683));
#2533=CARTESIAN_POINT('Ctrl Pts',(-42.5906531960677,21.76320838894,-6.44493044244456));
#2534=CARTESIAN_POINT('Ctrl Pts',(-42.7186263527016,24.8059626192084,-0.1445490713978));
#2535=CARTESIAN_POINT('Ctrl Pts',(-40.0924212775592,26.2553719390557,6.16246832537037));
#2536=CARTESIAN_POINT('Ctrl Pts',(-35.8313600463709,26.2073179936221,10.4922145776712));
#2537=CARTESIAN_POINT('Ctrl Pts',(-31.5269028573625,25.5664185710049,12.8722053210148));
#2538=CARTESIAN_POINT('Ctrl Pts',(-26.7616228631909,24.5922734156385,14.4143609400863));
#2539=CARTESIAN_POINT('Ctrl Pts',(-20.2018866084316,22.8811958935952,14.5531894579988));
#2540=CARTESIAN_POINT('Ctrl Pts',(-10.5952407229553,19.9628286259381,11.2141603236346));
#2541=CARTESIAN_POINT('Ctrl Pts',(0.413038934877,16.2402099899871,3.050690446127));
#2542=CARTESIAN_POINT('Ctrl Pts',(12.6886524099207,11.7290328480461,-8.02956720203175));
#2543=CARTESIAN_POINT('Ctrl Pts',(23.2217626744873,7.52279447918597,-14.7154838447594));
#2544=CARTESIAN_POINT('Ctrl Pts',(31.618111072777,3.8348841661343,-16.698679517441));
#2545=CARTESIAN_POINT('Ctrl Pts',(38.2565734373961,0.645696838385797,-16.3058441866498));
#2546=CARTESIAN_POINT('Ctrl Pts',(44.5377379194092,-2.88605177885794,-13.3097929697584));
#2547=CARTESIAN_POINT('Ctrl Pts',(49.0525262252264,-6.50943434820348,-7.56918543544557));
#2548=CARTESIAN_POINT('Ctrl Pts',(50.6395108569223,-10.2073852003329,0.718114343494202));
#2549=CARTESIAN_POINT('Ctrl Pts',(46.4562617286695,-13.3411828075802,10.1378628285267));
#2550=CARTESIAN_POINT('Ctrl Pts',(36.5465147899615,-15.2393000012518,15.7785483217902));
#2551=CARTESIAN_POINT('Ctrl Pts',(25.6379265671667,-16.2227607865497,15.7687901654328));
#2552=CARTESIAN_POINT('Ctrl Pts',(17.2104979684325,-16.6362470485765,12.419985283013));
#2553=CARTESIAN_POINT('Ctrl Pts',(7.20796987350798,-16.9305173203575,6.20207194145446));
#2554=CARTESIAN_POINT('Ctrl Pts',(-2.62922491799771,-16.9973953802606,-2.11620758653254));
#2555=CARTESIAN_POINT('Ctrl Pts',(-14.177599572526,-16.7793982112444,-10.5717499462058));
#2556=CARTESIAN_POINT('Ctrl Pts',(-24.2078966629829,-16.3226041469796,-15.0739571186793));
#2557=CARTESIAN_POINT('Ctrl Pts',(-34.0021762896067,-15.493881646653,-15.6926980188899));
#2558=CARTESIAN_POINT('Ctrl Pts',(-42.5284273839211,-14.1325766718247,-12.354482411353));
#2559=CARTESIAN_POINT('Ctrl Pts',(-48.3590918039105,-12.0784055810017,-5.9541865648317));
#2560=CARTESIAN_POINT('Ctrl Pts',(-50.2398483733897,-9.22411508629779,2.01149982340552));
#2561=CARTESIAN_POINT('Ctrl Pts',(-47.7003597726836,-5.61718014329879,9.65262572972365));
#2562=CARTESIAN_POINT('Ctrl Pts',(-41.4854624929315,-1.48428695468785,15.1162495854552));
#2563=CARTESIAN_POINT('Ctrl Pts',(-32.9424287124956,2.88189453501483,16.995787470027));
#2564=CARTESIAN_POINT('Ctrl Pts',(-23.5460269371474,7.15786824512673,14.6699409631525));
#2565=CARTESIAN_POINT('Ctrl Pts',(-14.1869761781269,11.1379443390739,8.78657579116581));
#2566=CARTESIAN_POINT('Ctrl Pts',(-8.04749562747763,13.5658085604159,3.5519112868795));
#2567=CARTESIAN_POINT('Ctrl Pts',(-4.97693805318233,14.7197244629408,0.935177169290339));
#2568=CARTESIAN_POINT('Ctrl Pts',(-17.1768225164626,48.0193136697974,-0.114909129923309));
#2569=CARTESIAN_POINT('Ctrl Pts',(-16.1451397330028,48.3954863498579,2.59161963655861));
#2570=CARTESIAN_POINT('Ctrl Pts',(-13.5555679210915,47.687866392166,7.99026792046547));
#2571=CARTESIAN_POINT('Ctrl Pts',(-8.47806297983817,42.8428396217456,14.1120977740625));
#2572=CARTESIAN_POINT('Ctrl Pts',(-2.77235113358963,35.4740065474005,16.8027937396877));
#2573=CARTESIAN_POINT('Ctrl Pts',(2.97257709582083,26.9818307413959,15.302460241779));
#2574=CARTESIAN_POINT('Ctrl Pts',(8.39283133437494,18.3461105636384,10.0178481132868));
#2575=CARTESIAN_POINT('Ctrl Pts',(13.4790242154364,9.80855619956189,2.39332399598306));
#2576=CARTESIAN_POINT('Ctrl Pts',(18.340003919642,1.27593816903903,-5.6382324832876));
#2577=CARTESIAN_POINT('Ctrl Pts',(22.8712485535962,-7.07941600328389,-11.8048556418948));
#2578=CARTESIAN_POINT('Ctrl Pts',(26.9990718475246,-15.1975820890963,-14.9013139542414));
#2579=CARTESIAN_POINT('Ctrl Pts',(30.4881949765691,-22.7845358676757,-14.7848594346557));
#2580=CARTESIAN_POINT('Ctrl Pts',(33.4688398219932,-30.7460230545136,-11.200674446068));
#2581=CARTESIAN_POINT('Ctrl Pts',(34.1456587158554,-36.0243157177851,-4.72595775734006));
#2582=CARTESIAN_POINT('Ctrl Pts',(32.3367363204975,-38.1039277103214,2.03582770453736));
#2583=CARTESIAN_POINT('Ctrl Pts',(30.2035946885136,-38.2074939462418,6.13543432484968));
#2584=CARTESIAN_POINT('Ctrl Pts',(27.9550633629204,-37.6140462396099,9.08269686822245));
#2585=CARTESIAN_POINT('Ctrl Pts',(25.3860960872655,-36.6081769138108,11.7208566230233));
#2586=CARTESIAN_POINT('Ctrl Pts',(20.1474284292548,-33.8595659139745,15.3496444853961));
#2587=CARTESIAN_POINT('Ctrl Pts',(11.2678055645574,-27.8391104358059,16.6070998646506));
#2588=CARTESIAN_POINT('Ctrl Pts',(0.536402611079964,-19.6096397791161,10.7827957027153));
#2589=CARTESIAN_POINT('Ctrl Pts',(-9.62468398699541,-11.2997666469772,0.296188551172374));
#2590=CARTESIAN_POINT('Ctrl Pts',(-17.89487133875,-4.18021865370607,-8.41082955107155));
#2591=CARTESIAN_POINT('Ctrl Pts',(-24.4361309783644,1.72839863173761,-13.0740794533707));
#2592=CARTESIAN_POINT('Ctrl Pts',(-29.7442008821632,6.72954582646932,-15.2680141785431));
#2593=CARTESIAN_POINT('Ctrl Pts',(-35.175755737547,12.2111431968253,-15.1826622389878));
#2594=CARTESIAN_POINT('Ctrl Pts',(-39.9133178020857,17.7491475666534,-12.1291440111885));
#2595=CARTESIAN_POINT('Ctrl Pts',(-42.6631874338494,22.3130248684472,-6.81925356785355));
#2596=CARTESIAN_POINT('Ctrl Pts',(-42.7972488099057,25.4369836234722,-0.34775968477587));
#2597=CARTESIAN_POINT('Ctrl Pts',(-40.1100675378708,26.91701383536,6.10462628782286));
#2598=CARTESIAN_POINT('Ctrl Pts',(-35.7810013947121,26.8661775491687,10.5020915434857));
#2599=CARTESIAN_POINT('Ctrl Pts',(-31.4265146925736,26.2176563406084,12.9121602475997));
#2600=CARTESIAN_POINT('Ctrl Pts',(-26.6155562071784,25.2337857811048,14.4710691988113));
#2601=CARTESIAN_POINT('Ctrl Pts',(-20.0106583340471,23.5103724307763,14.6119878848098));
#2602=CARTESIAN_POINT('Ctrl Pts',(-10.3660944036367,20.5798833139033,11.2621016212052));
#2603=CARTESIAN_POINT('Ctrl Pts',(0.661844641452225,16.8501577052181,3.08855575453852));
#2604=CARTESIAN_POINT('Ctrl Pts',(12.94866431493,12.3344546057515,-7.99423434253248));
#2605=CARTESIAN_POINT('Ctrl Pts',(23.4875457139813,8.1257710839812,-14.6794689551146));
#2606=CARTESIAN_POINT('Ctrl Pts',(31.8946643637463,4.43303590821149,-16.6622468237086));
#2607=CARTESIAN_POINT('Ctrl Pts',(38.5501774559208,1.23567163405688,-16.2663490661396));
#2608=CARTESIAN_POINT('Ctrl Pts',(44.8631277051102,-2.31347083117257,-13.2545107768375));
#2609=CARTESIAN_POINT('Ctrl Pts',(49.4212700223901,-5.96983574019836,-7.46060009433153));
#2610=CARTESIAN_POINT('Ctrl Pts',(51.0350069461144,-9.72314443497131,0.953353452688148));
#2611=CARTESIAN_POINT('Ctrl Pts',(46.7695159152351,-12.9173904035973,10.5628387216693));
#2612=CARTESIAN_POINT('Ctrl Pts',(36.6407492369789,-14.8532042525026,16.3264944489789));
#2613=CARTESIAN_POINT('Ctrl Pts',(25.4923775669736,-15.8539360796291,16.309231730263));
#2614=CARTESIAN_POINT('Ctrl Pts',(16.944873899175,-16.2695643084145,12.9030443543834));
#2615=CARTESIAN_POINT('Ctrl Pts',(6.86507468926656,-16.5626706649347,6.63253937966909));
#2616=CARTESIAN_POINT('Ctrl Pts',(-2.98217963067593,-16.6251932055473,-1.7013430034354));
#2617=CARTESIAN_POINT('Ctrl Pts',(-14.4611558169094,-16.4040811182928,-10.1036955403838));
#2618=CARTESIAN_POINT('Ctrl Pts',(-24.3403782352116,-15.9496592894565,-14.530783692376));
#2619=CARTESIAN_POINT('Ctrl Pts',(-33.8811760981535,-15.1376475178576,-15.1264284491518));
#2620=CARTESIAN_POINT('Ctrl Pts',(-42.1438483536754,-13.8142660015453,-11.8905356252408));
#2621=CARTESIAN_POINT('Ctrl Pts',(-47.7656665591915,-11.8265578260089,-5.71095589795896));
#2622=CARTESIAN_POINT('Ctrl Pts',(-49.56623332732,-9.0859154945112,1.92394066473447));
#2623=CARTESIAN_POINT('Ctrl Pts',(-47.1336395852636,-5.61792363925118,9.26506981125533));
#2624=CARTESIAN_POINT('Ctrl Pts',(-41.1292292062461,-1.61848810392284,14.5500613756474));
#2625=CARTESIAN_POINT('Ctrl Pts',(-32.8420644658798,2.62183475371064,16.3766465183065));
#2626=CARTESIAN_POINT('Ctrl Pts',(-23.656311592485,6.80699052431877,14.1113534739573));
#2627=CARTESIAN_POINT('Ctrl Pts',(-14.4047270683632,10.746115013493,8.30034075885235));
#2628=CARTESIAN_POINT('Ctrl Pts',(-8.28992978689687,13.1672652017763,3.08531934034461));
#2629=CARTESIAN_POINT('Ctrl Pts',(-5.22282495881323,14.3212195471627,0.470369064867292));
#2630=CARTESIAN_POINT('Ctrl Pts',(-17.4378747762142,47.9261804385221,-0.0022231048985081));
#2631=CARTESIAN_POINT('Ctrl Pts',(-16.4060550716074,48.3017348879342,2.70409473668744));
#2632=CARTESIAN_POINT('Ctrl Pts',(-13.81315917482,47.5930241742621,8.10950322925043));
#2633=CARTESIAN_POINT('Ctrl Pts',(-8.72030078668223,42.7329611682464,14.2503009196879));
#2634=CARTESIAN_POINT('Ctrl Pts',(-2.98889368103803,35.3298769094181,16.9529185987641));
#2635=CARTESIAN_POINT('Ctrl Pts',(2.78156591752466,26.7982411926698,15.4430808787365));
#2636=CARTESIAN_POINT('Ctrl Pts',(8.21476592466157,18.1399861224073,10.1415046717856));
#2637=CARTESIAN_POINT('Ctrl Pts',(13.303639996046,9.59606193201363,2.50933371884274));
#2638=CARTESIAN_POINT('Ctrl Pts',(18.1597857475578,1.06996885129838,-5.51756887501189));
#2639=CARTESIAN_POINT('Ctrl Pts',(22.6777139912587,-7.26296222742774,-11.6679030906848));
#2640=CARTESIAN_POINT('Ctrl Pts',(26.7811193311759,-15.3355426962596,-14.7458910788663));
#2641=CARTESIAN_POINT('Ctrl Pts',(30.2389367699761,-22.8570358879474,-14.6301745264004));
#2642=CARTESIAN_POINT('Ctrl Pts',(33.1866582453642,-30.7345972745892,-11.0837774633919));
#2643=CARTESIAN_POINT('Ctrl Pts',(33.85071245273,-35.9384346057589,-4.69643135097406));
#2644=CARTESIAN_POINT('Ctrl Pts',(32.0705798478625,-37.984107727946,1.95219551726835));
#2645=CARTESIAN_POINT('Ctrl Pts',(29.9729495299783,-38.0871163894292,5.98326913879283));
#2646=CARTESIAN_POINT('Ctrl Pts',(27.7598858952581,-37.5038571354737,8.88330439778423));
#2647=CARTESIAN_POINT('Ctrl Pts',(25.2306181124386,-36.5144621623577,11.4806033835552));
#2648=CARTESIAN_POINT('Ctrl Pts',(20.0690377513228,-33.8076754408684,15.0540810845453));
#2649=CARTESIAN_POINT('Ctrl Pts',(11.3160354388032,-27.876627824737,16.3002736340549));
#2650=CARTESIAN_POINT('Ctrl Pts',(0.669380315725747,-19.7164970329114,10.5338731360493));
#2651=CARTESIAN_POINT('Ctrl Pts',(-9.47516657071712,-11.4238759639385,0.0700315629359882));
#2652=CARTESIAN_POINT('Ctrl Pts',(-17.7619868669549,-4.29311679221036,-8.65638469317241));
#2653=CARTESIAN_POINT('Ctrl Pts',(-24.345823162106,1.65145631681846,-13.3508526911356));
#2654=CARTESIAN_POINT('Ctrl Pts',(-29.7078145111933,6.7011871934034,-15.5684380078367));
#2655=CARTESIAN_POINT('Ctrl Pts',(-35.2148431369181,12.2563405304678,-15.4839203068458));
#2656=CARTESIAN_POINT('Ctrl Pts',(-40.0258150116261,17.8772336217944,-12.3845877208484));
#2657=CARTESIAN_POINT('Ctrl Pts',(-42.8221040679197,22.5136220345423,-6.99045278752275));
#2658=CARTESIAN_POINT('Ctrl Pts',(-42.9606126848714,25.6918319258115,-0.405019480689275));
#2659=CARTESIAN_POINT('Ctrl Pts',(-40.2285912073506,27.1946520957716,6.15495756369735));
#2660=CARTESIAN_POINT('Ctrl Pts',(-35.8414599090072,27.1414666620726,10.6104295609074));
#2661=CARTESIAN_POINT('Ctrl Pts',(-31.4373483422121,26.48497082584,13.0489269894494));
#2662=CARTESIAN_POINT('Ctrl Pts',(-26.5763992675243,25.4901675482895,14.6248227002618));
#2663=CARTESIAN_POINT('Ctrl Pts',(-19.912944466604,23.7504217589455,14.7664467562845));
#2664=CARTESIAN_POINT('Ctrl Pts',(-10.2122692329574,20.801487600549,11.3956503282591));
#2665=CARTESIAN_POINT('Ctrl Pts',(0.839714771651688,17.0620253003058,3.20279664888481));
#2666=CARTESIAN_POINT('Ctrl Pts',(13.1278393755556,12.5443296300759,-7.87772706016873));
#2667=CARTESIAN_POINT('Ctrl Pts',(23.6441368863265,8.34315747918135,-14.5437528205108));
#2668=CARTESIAN_POINT('Ctrl Pts',(32.0157790141734,4.66498543662804,-16.5156393122874));
#2669=CARTESIAN_POINT('Ctrl Pts',(38.6396174136043,1.48204614751387,-16.1203717204309));
#2670=CARTESIAN_POINT('Ctrl Pts',(44.9258491105414,-2.0529166594336,-13.1201827241911));
#2671=CARTESIAN_POINT('Ctrl Pts',(49.4705600294972,-5.69908385048105,-7.34269429063692));
#2672=CARTESIAN_POINT('Ctrl Pts',(51.0825132711728,-9.44839820990407,1.06162967143532));
#2673=CARTESIAN_POINT('Ctrl Pts',(46.8138351042801,-12.6477212270924,10.6857529265643));
#2674=CARTESIAN_POINT('Ctrl Pts',(36.6457584313418,-14.5909564880812,16.4735868936049));
#2675=CARTESIAN_POINT('Ctrl Pts',(25.4434238918366,-15.595567770173,16.4541325423852));
#2676=CARTESIAN_POINT('Ctrl Pts',(16.8672569147544,-16.011771836679,13.0338154273251));
#2677=CARTESIAN_POINT('Ctrl Pts',(6.77013738251817,-16.3044859127541,6.75029465075644));
#2678=CARTESIAN_POINT('Ctrl Pts',(-3.07743212150996,-16.365939315323,-1.58696703031039));
#2679=CARTESIAN_POINT('Ctrl Pts',(-14.533983467128,-16.144098171329,-9.9738918060574));
#2680=CARTESIAN_POINT('Ctrl Pts',(-24.3672270172088,-15.6906018028027,-14.3795253094004));
#2681=CARTESIAN_POINT('Ctrl Pts',(-33.8299509548246,-14.8838964763198,-14.9689209257156));
#2682=CARTESIAN_POINT('Ctrl Pts',(-42.0062725168304,-13.573106472555,-11.7668475698999));
#2683=CARTESIAN_POINT('Ctrl Pts',(-47.553697402959,-11.6090639862977,-5.66555604419327));
#2684=CARTESIAN_POINT('Ctrl Pts',(-49.3230801334647,-8.9119345337178,1.8427979823127));
#2685=CARTESIAN_POINT('Ctrl Pts',(-46.9336373573871,-5.50091439516917,9.06078706064528));
#2686=CARTESIAN_POINT('Ctrl Pts',(-41.0213875589475,-1.56022546309508,14.2668234100016));
#2687=CARTESIAN_POINT('Ctrl Pts',(-32.8532870183974,2.62143322553927,16.0687563041944));
#2688=CARTESIAN_POINT('Ctrl Pts',(-23.7686363064124,6.76294957850632,13.8329269655679));
#2689=CARTESIAN_POINT('Ctrl Pts',(-14.5680353568512,10.6827031639137,8.05721087182881));
#2690=CARTESIAN_POINT('Ctrl Pts',(-8.46391077995136,13.101098533139,2.85106031469595));
#2691=CARTESIAN_POINT('Ctrl Pts',(-5.39736781028888,14.2555121229581,0.236408493983607));
#2692=CARTESIAN_POINT('',(-17.4378747762142,47.9261804385221,-0.00222310489849293));
#2693=CARTESIAN_POINT('Ctrl Pts',(-17.4378747762142,47.9261804385221,-0.00222310489850813));
#2694=CARTESIAN_POINT('Ctrl Pts',(-17.6989270359658,47.8330472072468,0.110462920126292));
#2695=CARTESIAN_POINT('Ctrl Pts',(-18.1228588914524,47.3776918404093,0.335745177412684));
#2696=CARTESIAN_POINT('Ctrl Pts',(-17.988224206332,46.3981630077392,0.420512992477892));
#2697=CARTESIAN_POINT('Ctrl Pts',(-17.1867898390468,45.857492933398,0.189504170104923));
#2698=CARTESIAN_POINT('Ctrl Pts',(-16.3212408724488,46.1690940699696,-0.184509719090516));
#2699=CARTESIAN_POINT('Ctrl Pts',(-16.0396926552549,47.092196641646,-0.420435081729504));
#2700=CARTESIAN_POINT('Ctrl Pts',(-16.5617385212217,47.9347535423454,-0.338145273594283));
#2701=CARTESIAN_POINT('Ctrl Pts',(-17.1768225164626,48.0193136697974,-0.114909129923309));
#2702=CARTESIAN_POINT('Ctrl Pts',(-17.4378747762142,47.9261804385221,-0.0022231048985081));
#2703=CARTESIAN_POINT('',(-5.39736781028888,14.2555121229581,0.236408493983605));
#2704=CARTESIAN_POINT('Ctrl Pts',(-17.4378747762142,47.9261804385221,-0.0022231048985081));
#2705=CARTESIAN_POINT('Ctrl Pts',(-16.4060550716074,48.3017348879342,2.70409473668744));
#2706=CARTESIAN_POINT('Ctrl Pts',(-13.81315917482,47.5930241742621,8.10950322925043));
#2707=CARTESIAN_POINT('Ctrl Pts',(-8.72030078668223,42.7329611682464,14.2503009196879));
#2708=CARTESIAN_POINT('Ctrl Pts',(-2.98889368103803,35.3298769094181,16.9529185987641));
#2709=CARTESIAN_POINT('Ctrl Pts',(2.78156591752466,26.7982411926698,15.4430808787365));
#2710=CARTESIAN_POINT('Ctrl Pts',(8.21476592466157,18.1399861224073,10.1415046717856));
#2711=CARTESIAN_POINT('Ctrl Pts',(13.303639996046,9.59606193201363,2.50933371884274));
#2712=CARTESIAN_POINT('Ctrl Pts',(18.1597857475578,1.06996885129838,-5.51756887501189));
#2713=CARTESIAN_POINT('Ctrl Pts',(22.6777139912587,-7.26296222742774,-11.6679030906848));
#2714=CARTESIAN_POINT('Ctrl Pts',(26.7811193311759,-15.3355426962596,-14.7458910788663));
#2715=CARTESIAN_POINT('Ctrl Pts',(30.2389367699761,-22.8570358879474,-14.6301745264004));
#2716=CARTESIAN_POINT('Ctrl Pts',(33.1866582453642,-30.7345972745892,-11.0837774633919));
#2717=CARTESIAN_POINT('Ctrl Pts',(33.85071245273,-35.9384346057589,-4.69643135097406));
#2718=CARTESIAN_POINT('Ctrl Pts',(32.0705798478625,-37.984107727946,1.95219551726835));
#2719=CARTESIAN_POINT('Ctrl Pts',(29.9729495299783,-38.0871163894292,5.98326913879283));
#2720=CARTESIAN_POINT('Ctrl Pts',(27.7598858952581,-37.5038571354737,8.88330439778423));
#2721=CARTESIAN_POINT('Ctrl Pts',(25.2306181124386,-36.5144621623577,11.4806033835552));
#2722=CARTESIAN_POINT('Ctrl Pts',(20.0690377513228,-33.8076754408684,15.0540810845453));
#2723=CARTESIAN_POINT('Ctrl Pts',(11.3160354388032,-27.876627824737,16.3002736340549));
#2724=CARTESIAN_POINT('Ctrl Pts',(0.669380315725747,-19.7164970329114,10.5338731360493));
#2725=CARTESIAN_POINT('Ctrl Pts',(-9.47516657071712,-11.4238759639385,0.0700315629359882));
#2726=CARTESIAN_POINT('Ctrl Pts',(-17.7619868669549,-4.29311679221036,-8.65638469317241));
#2727=CARTESIAN_POINT('Ctrl Pts',(-24.345823162106,1.65145631681846,-13.3508526911356));
#2728=CARTESIAN_POINT('Ctrl Pts',(-29.7078145111933,6.7011871934034,-15.5684380078367));
#2729=CARTESIAN_POINT('Ctrl Pts',(-35.2148431369181,12.2563405304678,-15.4839203068458));
#2730=CARTESIAN_POINT('Ctrl Pts',(-40.0258150116261,17.8772336217944,-12.3845877208484));
#2731=CARTESIAN_POINT('Ctrl Pts',(-42.8221040679197,22.5136220345423,-6.99045278752275));
#2732=CARTESIAN_POINT('Ctrl Pts',(-42.9606126848714,25.6918319258115,-0.405019480689275));
#2733=CARTESIAN_POINT('Ctrl Pts',(-40.2285912073506,27.1946520957716,6.15495756369735));
#2734=CARTESIAN_POINT('Ctrl Pts',(-35.8414599090072,27.1414666620726,10.6104295609074));
#2735=CARTESIAN_POINT('Ctrl Pts',(-31.4373483422121,26.48497082584,13.0489269894494));
#2736=CARTESIAN_POINT('Ctrl Pts',(-26.5763992675243,25.4901675482895,14.6248227002618));
#2737=CARTESIAN_POINT('Ctrl Pts',(-19.912944466604,23.7504217589455,14.7664467562845));
#2738=CARTESIAN_POINT('Ctrl Pts',(-10.2122692329574,20.801487600549,11.3956503282591));
#2739=CARTESIAN_POINT('Ctrl Pts',(0.839714771651688,17.0620253003058,3.20279664888481));
#2740=CARTESIAN_POINT('Ctrl Pts',(13.1278393755556,12.5443296300759,-7.87772706016873));
#2741=CARTESIAN_POINT('Ctrl Pts',(23.6441368863265,8.34315747918135,-14.5437528205108));
#2742=CARTESIAN_POINT('Ctrl Pts',(32.0157790141734,4.66498543662804,-16.5156393122874));
#2743=CARTESIAN_POINT('Ctrl Pts',(38.6396174136043,1.48204614751387,-16.1203717204309));
#2744=CARTESIAN_POINT('Ctrl Pts',(44.9258491105414,-2.0529166594336,-13.1201827241911));
#2745=CARTESIAN_POINT('Ctrl Pts',(49.4705600294972,-5.69908385048105,-7.34269429063692));
#2746=CARTESIAN_POINT('Ctrl Pts',(51.0825132711728,-9.44839820990407,1.06162967143532));
#2747=CARTESIAN_POINT('Ctrl Pts',(46.8138351042801,-12.6477212270924,10.6857529265643));
#2748=CARTESIAN_POINT('Ctrl Pts',(36.6457584313418,-14.5909564880812,16.4735868936049));
#2749=CARTESIAN_POINT('Ctrl Pts',(25.4434238918366,-15.595567770173,16.4541325423852));
#2750=CARTESIAN_POINT('Ctrl Pts',(16.8672569147544,-16.011771836679,13.0338154273251));
#2751=CARTESIAN_POINT('Ctrl Pts',(6.77013738251817,-16.3044859127541,6.75029465075644));
#2752=CARTESIAN_POINT('Ctrl Pts',(-3.07743212150996,-16.365939315323,-1.58696703031039));
#2753=CARTESIAN_POINT('Ctrl Pts',(-14.533983467128,-16.144098171329,-9.9738918060574));
#2754=CARTESIAN_POINT('Ctrl Pts',(-24.3672270172088,-15.6906018028027,-14.3795253094004));
#2755=CARTESIAN_POINT('Ctrl Pts',(-33.8299509548246,-14.8838964763198,-14.9689209257156));
#2756=CARTESIAN_POINT('Ctrl Pts',(-42.0062725168304,-13.573106472555,-11.7668475698999));
#2757=CARTESIAN_POINT('Ctrl Pts',(-47.553697402959,-11.6090639862977,-5.66555604419327));
#2758=CARTESIAN_POINT('Ctrl Pts',(-49.3230801334647,-8.9119345337178,1.8427979823127));
#2759=CARTESIAN_POINT('Ctrl Pts',(-46.9336373573871,-5.50091439516917,9.06078706064528));
#2760=CARTESIAN_POINT('Ctrl Pts',(-41.0213875589475,-1.56022546309508,14.2668234100016));
#2761=CARTESIAN_POINT('Ctrl Pts',(-32.8532870183974,2.62143322553927,16.0687563041944));
#2762=CARTESIAN_POINT('Ctrl Pts',(-23.7686363064124,6.76294957850632,13.8329269655679));
#2763=CARTESIAN_POINT('Ctrl Pts',(-14.5680353568512,10.6827031639137,8.05721087182881));
#2764=CARTESIAN_POINT('Ctrl Pts',(-8.46391077995136,13.101098533139,2.85106031469595));
#2765=CARTESIAN_POINT('Ctrl Pts',(-5.39736781028888,14.2555121229581,0.236408493983607));
#2766=CARTESIAN_POINT('Ctrl Pts',(-5.39736781028888,14.2555121229581,0.236408493983607));
#2767=CARTESIAN_POINT('Ctrl Pts',(-5.57191066176452,14.1898046987535,0.00244792309992269));
#2768=CARTESIAN_POINT('Ctrl Pts',(-6.02078550925092,14.3268792719358,-0.463964722883265));
#2769=CARTESIAN_POINT('Ctrl Pts',(-6.48973036077459,15.1844673238192,-0.635493946156162));
#2770=CARTESIAN_POINT('Ctrl Pts',(-6.4035222812141,16.0487907854632,-0.152276219827306));
#2771=CARTESIAN_POINT('Ctrl Pts',(-5.82327826632153,16.2644011333104,0.62424533961923));
#2772=CARTESIAN_POINT('Ctrl Pts',(-5.18753006244464,15.6758197244706,1.11050111553604));
#2773=CARTESIAN_POINT('Ctrl Pts',(-4.97693805318233,14.7197244629408,0.935177169290339));
#2774=CARTESIAN_POINT('Ctrl Pts',(-5.22282495881323,14.3212195471627,0.470369064867292));
#2775=CARTESIAN_POINT('Ctrl Pts',(-5.39736781028888,14.2555121229581,0.236408493983607));
#2776=CARTESIAN_POINT('Ctrl Pts',(-5.39736781028889,14.2555121229581,0.236408493983602));
#2777=CARTESIAN_POINT('Ctrl Pts',(-2.3308243373774,15.4099259022275,-2.37824265216418));
#2778=CARTESIAN_POINT('Ctrl Pts',(3.83554799928553,17.6101524307095,-7.62435405619717));
#2779=CARTESIAN_POINT('Ctrl Pts',(13.3329444884078,20.5213608864935,-13.5659890834113));
#2780=CARTESIAN_POINT('Ctrl Pts',(22.9690301574894,22.8962572006226,-16.0412111335628));
#2781=CARTESIAN_POINT('Ctrl Pts',(32.0551036130629,24.4342648921602,-14.4920347494655));
#2782=CARTESIAN_POINT('Ctrl Pts',(39.3493197843438,24.7088161655823,-9.47359537557747));
#2783=CARTESIAN_POINT('Ctrl Pts',(43.5967180108279,23.3557608527193,-2.31864668355461));
#2784=CARTESIAN_POINT('Ctrl Pts',(44.0813089760107,20.2437252439442,5.24624064850434));
#2785=CARTESIAN_POINT('Ctrl Pts',(41.6198987553467,16.4583707306924,10.3183796728518));
#2786=CARTESIAN_POINT('Ctrl Pts',(38.5780978249502,13.0682137533389,12.9364722294485));
#2787=CARTESIAN_POINT('Ctrl Pts',(35.1945133028348,9.67045271983896,14.53441511968));
#2788=CARTESIAN_POINT('Ctrl Pts',(30.2545981769261,5.15404203874118,14.6946899821727));
#2789=CARTESIAN_POINT('Ctrl Pts',(22.7483289126854,-1.39060810875278,11.3166631246191));
#2790=CARTESIAN_POINT('Ctrl Pts',(15.5977520185229,-7.54338557189592,4.61953539410309));
#2791=CARTESIAN_POINT('Ctrl Pts',(8.94302048452814,-13.2471942669381,-2.48978194653154));
#2792=CARTESIAN_POINT('Ctrl Pts',(3.86070525352463,-17.5507794386616,-7.64125398327066));
#2793=CARTESIAN_POINT('Ctrl Pts',(-1.35590548920325,-21.8673449413096,-12.0319452567854));
#2794=CARTESIAN_POINT('Ctrl Pts',(-6.73562013110985,-26.1522365058218,-15.1353262558754));
#2795=CARTESIAN_POINT('Ctrl Pts',(-12.2318393210813,-30.2877791737932,-16.5598166614972));
#2796=CARTESIAN_POINT('Ctrl Pts',(-18.2763107427644,-34.4667032557661,-16.0733054679473));
#2797=CARTESIAN_POINT('Ctrl Pts',(-24.4488877250228,-38.0937052239627,-12.9702098778975));
#2798=CARTESIAN_POINT('Ctrl Pts',(-29.8324448599242,-40.0741724473125,-7.09856695642152));
#2799=CARTESIAN_POINT('Ctrl Pts',(-33.8062750230943,-39.4029139753215,1.35432932802269));
#2800=CARTESIAN_POINT('Ctrl Pts',(-34.3442719966869,-33.9349036075305,10.9286422007782));
#2801=CARTESIAN_POINT('Ctrl Pts',(-31.1757024005961,-24.9958708641547,16.0503767083794));
#2802=CARTESIAN_POINT('Ctrl Pts',(-27.5346485247142,-16.9902238860936,16.5098619931122));
#2803=CARTESIAN_POINT('Ctrl Pts',(-23.4773886529197,-8.81997027980215,14.5329701458635));
#2804=CARTESIAN_POINT('Ctrl Pts',(-18.1178648642395,1.13525988977946,7.86117984373412));
#2805=CARTESIAN_POINT('Ctrl Pts',(-11.6108498610688,12.5008404757133,-3.21450222539191));
#2806=CARTESIAN_POINT('Ctrl Pts',(-5.93355405265554,21.8643897245534,-10.8916445385472));
#2807=CARTESIAN_POINT('Ctrl Pts',(-1.2106551621295,29.1789618007662,-14.1030762401552));
#2808=CARTESIAN_POINT('Ctrl Pts',(3.56451803015618,36.158260773746,-15.1056634858623));
#2809=CARTESIAN_POINT('Ctrl Pts',(8.66876969324464,42.7006018989508,-12.4078677557717));
#2810=CARTESIAN_POINT('Ctrl Pts',(13.3322945248593,46.7068444912223,-6.15354542481375));
#2811=CARTESIAN_POINT('Ctrl Pts',(16.3936737717574,47.3068003522288,0.404222086598305));
#2812=CARTESIAN_POINT('Ctrl Pts',(18.0097696218034,45.2000036289072,5.89822975938249));
#2813=CARTESIAN_POINT('Ctrl Pts',(18.7527321910614,42.1030976188902,9.69548170331419));
#2814=CARTESIAN_POINT('Ctrl Pts',(19.1594420425476,38.1923733459091,12.9095936064205));
#2815=CARTESIAN_POINT('Ctrl Pts',(19.0987307602484,32.0246012536685,15.4958455187206));
#2816=CARTESIAN_POINT('Ctrl Pts',(18.3907870076356,23.5180602595189,15.5880983337191));
#2817=CARTESIAN_POINT('Ctrl Pts',(17.3093822882054,14.7024416459617,12.5293733650381));
#2818=CARTESIAN_POINT('Ctrl Pts',(16.014907495491,5.96003761752211,6.92985739048605));
#2819=CARTESIAN_POINT('Ctrl Pts',(14.3292867241733,-4.09249142713569,-1.22735823208435));
#2820=CARTESIAN_POINT('Ctrl Pts',(12.1584355040404,-15.5424630991187,-10.5218779859487));
#2821=CARTESIAN_POINT('Ctrl Pts',(9.25007500730429,-28.6255718445159,-16.2891167311219));
#2822=CARTESIAN_POINT('Ctrl Pts',(5.78057417090209,-40.8364505559255,-14.7974940980239));
#2823=CARTESIAN_POINT('Ctrl Pts',(2.52895396006264,-47.678958582593,-8.39992809516981));
#2824=CARTESIAN_POINT('Ctrl Pts',(-0.146802830424127,-49.6989049484809,
-1.94856933298222));
#2825=CARTESIAN_POINT('Ctrl Pts',(-2.82358939969983,-49.2799556338757,4.69408087061149));
#2826=CARTESIAN_POINT('Ctrl Pts',(-5.65846983733552,-44.8725553725996,11.0815585953041));
#2827=CARTESIAN_POINT('Ctrl Pts',(-8.46263016563156,-36.9443097440512,14.6221034107302));
#2828=CARTESIAN_POINT('Ctrl Pts',(-10.6481064380459,-28.9610643310456,14.7430784128311));
#2829=CARTESIAN_POINT('Ctrl Pts',(-12.6930266619145,-20.1418090063693,11.6632713260517));
#2830=CARTESIAN_POINT('Ctrl Pts',(-14.5882431058089,-10.8551953362833,5.51375521565489));
#2831=CARTESIAN_POINT('Ctrl Pts',(-16.3486223050771,-1.20266990903601,-2.51362421485269));
#2832=CARTESIAN_POINT('Ctrl Pts',(-17.942363335001,8.61382652919863,-10.1460985750144));
#2833=CARTESIAN_POINT('Ctrl Pts',(-19.3459149534461,18.7399397765262,-15.4484942692545));
#2834=CARTESIAN_POINT('Ctrl Pts',(-20.4097833106332,28.9866536157613,-16.9587229312663));
#2835=CARTESIAN_POINT('Ctrl Pts',(-20.7779619328725,38.343529933841,-14.255709282579));
#2836=CARTESIAN_POINT('Ctrl Pts',(-20.0005573436077,45.3409842161491,-8.11415821780322));
#2837=CARTESIAN_POINT('Ctrl Pts',(-18.4696952334974,47.5506257205845,-2.70854062158352));
#2838=CARTESIAN_POINT('Ctrl Pts',(-17.4378747762142,47.9261804385221,-0.00222310489849373));
#2839=CARTESIAN_POINT('Ctrl Pts',(-5.57191066176454,14.1898046987535,0.00244792309991637));
#2840=CARTESIAN_POINT('Ctrl Pts',(-2.50597447792021,15.3446603255617,-2.61188156605593));
#2841=CARTESIAN_POINT('Ctrl Pts',(3.66882421298318,17.5493635365066,-7.86565433512637));
#2842=CARTESIAN_POINT('Ctrl Pts',(13.2142835017833,20.4779251282758,-13.8414847537541));
#2843=CARTESIAN_POINT('Ctrl Pts',(22.9533189383472,22.8809115854236,-16.3482739664149));
#2844=CARTESIAN_POINT('Ctrl Pts',(32.1695233182289,24.4431402810846,-14.7783841072435));
#2845=CARTESIAN_POINT('Ctrl Pts',(39.5730149861033,24.7238540712232,-9.68523597695371));
#2846=CARTESIAN_POINT('Ctrl Pts',(43.8908114824806,23.3510833002231,-2.41370337429057));
#2847=CARTESIAN_POINT('Ctrl Pts',(44.3819855342846,20.1888655364971,5.27605584752354));
#2848=CARTESIAN_POINT('Ctrl Pts',(41.8855537083162,16.3534675440477,10.4149242079657));
#2849=CARTESIAN_POINT('Ctrl Pts',(38.8093987157906,12.9257374741399,13.0632122238968));
#2850=CARTESIAN_POINT('Ctrl Pts',(35.3910373671883,9.49399163994276,14.6782233676055));
#2851=CARTESIAN_POINT('Ctrl Pts',(30.4090800083687,4.94023121915959,14.8391786950988));
#2852=CARTESIAN_POINT('Ctrl Pts',(22.8641567733684,-1.63666943366374,11.4430502717243));
#2853=CARTESIAN_POINT('Ctrl Pts',(15.7000986518603,-7.7999957413548,4.73388412204873));
#2854=CARTESIAN_POINT('Ctrl Pts',(9.04262793194106,-13.5050859344677,-2.3757029716564));
#2855=CARTESIAN_POINT('Ctrl Pts',(3.96287425172867,-17.8057031023925,-7.52278444059902));
#2856=CARTESIAN_POINT('Ctrl Pts',(-1.24596192712738,-22.1150922745139,-11.9051792423395));
#2857=CARTESIAN_POINT('Ctrl Pts',(-6.61140718408294,-26.3878084171315,-14.9985047793445));
#2858=CARTESIAN_POINT('Ctrl Pts',(-12.0867928660595,-30.5069790646604,-16.4162052904807));
#2859=CARTESIAN_POINT('Ctrl Pts',(-18.1056315795849,-34.6674126715635,-15.9305910190189));
#2860=CARTESIAN_POINT('Ctrl Pts',(-24.2546443038849,-38.2801127720346,-12.8391116468967));
#2861=CARTESIAN_POINT('Ctrl Pts',(-29.6251417328625,-40.2553496190873,-6.98137940835277));
#2862=CARTESIAN_POINT('Ctrl Pts',(-33.5961545515535,-39.5847426579258,1.46497821046648));
#2863=CARTESIAN_POINT('Ctrl Pts',(-34.1363840082875,-34.1094592468727,11.056400538715));
#2864=CARTESIAN_POINT('Ctrl Pts',(-30.9545050702339,-25.134309189164,16.199725889868));
#2865=CARTESIAN_POINT('Ctrl Pts',(-27.2945948618801,-17.0895055271031,16.6598303051037));
#2866=CARTESIAN_POINT('Ctrl Pts',(-23.2188963630159,-8.88421183280451,14.6717827411009));
#2867=CARTESIAN_POINT('Ctrl Pts',(-17.8464793092338,1.09201238140468,7.98020778907324));
#2868=CARTESIAN_POINT('Ctrl Pts',(-11.3389410848093,12.4555772028957,-3.09789714491457));
#2869=CARTESIAN_POINT('Ctrl Pts',(-5.67345792440103,21.7969400048028,-10.7566729118255));
#2870=CARTESIAN_POINT('Ctrl Pts',(-0.975498750497841,29.0709254745957,-13.9503104728692));
#2871=CARTESIAN_POINT('Ctrl Pts',(3.76285125669268,35.99450670415,-14.9451535906541));
#2872=CARTESIAN_POINT('Ctrl Pts',(8.81428168487877,42.4662454310646,-12.2733543749709));
#2873=CARTESIAN_POINT('Ctrl Pts',(13.4171451174381,46.4174110668984,-6.10136094299412));
#2874=CARTESIAN_POINT('Ctrl Pts',(16.429131900862,47.0060133122845,0.348146301145633));
#2875=CARTESIAN_POINT('Ctrl Pts',(18.0188340006261,44.9362947708386,5.7467275818027));
#2876=CARTESIAN_POINT('Ctrl Pts',(18.7510245241243,41.8898651010482,9.48260965017097));
#2877=CARTESIAN_POINT('Ctrl Pts',(19.1524884871625,38.0403103625658,12.6465613228647));
#2878=CARTESIAN_POINT('Ctrl Pts',(19.0943287184054,31.964958660537,15.194564283286));
#2879=CARTESIAN_POINT('Ctrl Pts',(18.3978695590812,23.5732150615107,15.2876670147707));
#2880=CARTESIAN_POINT('Ctrl Pts',(17.3285679296412,14.8391459250235,12.261235747938));
#2881=CARTESIAN_POINT('Ctrl Pts',(16.0419345568564,6.13705905483344,6.68951740498934));
#2882=CARTESIAN_POINT('Ctrl Pts',(14.3604827605085,-3.90307736412672,-1.45627314416982));
#2883=CARTESIAN_POINT('Ctrl Pts',(12.1881828207851,-15.3743522624494,-10.7705749697727));
#2884=CARTESIAN_POINT('Ctrl Pts',(9.25946704612595,-28.5652182690475,-16.5962530392792));
#2885=CARTESIAN_POINT('Ctrl Pts',(5.74277915936132,-40.9548626938235,-15.0905459732121));
#2886=CARTESIAN_POINT('Ctrl Pts',(2.44286536621341,-47.9040583321511,-8.59294603391287));
#2887=CARTESIAN_POINT('Ctrl Pts',(-0.276622990180662,-49.9600427152993,
-2.03306809335398));
#2888=CARTESIAN_POINT('Ctrl Pts',(-2.99709873327071,-49.5334238789516,4.72232664320672));
#2889=CARTESIAN_POINT('Ctrl Pts',(-5.86952062557633,-45.0616390018587,11.1960120345975));
#2890=CARTESIAN_POINT('Ctrl Pts',(-8.70207262560219,-37.0489763542487,14.7738020316493));
#2891=CARTESIAN_POINT('Ctrl Pts',(-10.9053709136517,-28.9964458559428,14.8956273242724));
#2892=CARTESIAN_POINT('Ctrl Pts',(-12.960771422807,-20.1272252555689,11.7975993339643));
#2893=CARTESIAN_POINT('Ctrl Pts',(-14.8601039655184,-10.8153301940646,5.63203193826656));
#2894=CARTESIAN_POINT('Ctrl Pts',(-16.6209899487029,-1.15472608479513,-2.39995708957511));
#2895=CARTESIAN_POINT('Ctrl Pts',(-18.2127375156502,8.65540189137567,-10.0249681168233));
#2896=CARTESIAN_POINT('Ctrl Pts',(-19.6118318039943,18.7566253402205,-15.3107611713056));
#2897=CARTESIAN_POINT('Ctrl Pts',(-20.6700366621495,28.9579511661067,-16.8116804328969));
#2898=CARTESIAN_POINT('Ctrl Pts',(-21.0359523515618,38.2735284407231,-14.1201543554027));
#2899=CARTESIAN_POINT('Ctrl Pts',(-20.2605276249686,45.2507882830748,-7.9965340574768));
#2900=CARTESIAN_POINT('Ctrl Pts',(-18.7312284568997,47.4579851325622,-2.59657682842525));
#2901=CARTESIAN_POINT('Ctrl Pts',(-17.6989270359658,47.8330472072468,0.110462920126308));
#2902=CARTESIAN_POINT('Ctrl Pts',(-6.02078510492562,14.3268789490151,-0.463964390912085));
#2903=CARTESIAN_POINT('Ctrl Pts',(-2.95374134047239,15.4834891872806,-3.07883439027542));
#2904=CARTESIAN_POINT('Ctrl Pts',(3.24257931558721,17.698937563716,-8.35079950702747));
#2905=CARTESIAN_POINT('Ctrl Pts',(12.8957901056004,20.6659926392195,-14.4009269530651));
#2906=CARTESIAN_POINT('Ctrl Pts',(22.860999661177,23.130558156961,-16.9757367994377));
#2907=CARTESIAN_POINT('Ctrl Pts',(32.3677157414487,24.7468814914144,-15.3589913321608));
#2908=CARTESIAN_POINT('Ctrl Pts',(40.0251698565192,25.0421619123754,-10.0925670660968));
#2909=CARTESIAN_POINT('Ctrl Pts',(44.5164886340368,23.6217445729917,-2.53535606239583));
#2910=CARTESIAN_POINT('Ctrl Pts',(45.025984588131,20.3289422472852,5.48118596439437));
#2911=CARTESIAN_POINT('Ctrl Pts',(42.431018615452,16.3521420147075,10.8102810253116));
#2912=CARTESIAN_POINT('Ctrl Pts',(39.2482675427698,12.8085418765816,13.5503954590975));
#2913=CARTESIAN_POINT('Ctrl Pts',(35.7177434685742,9.26762627143348,15.2189166788376));
#2914=CARTESIAN_POINT('Ctrl Pts',(30.5911294642784,4.58574346284972,15.38064303502));
#2915=CARTESIAN_POINT('Ctrl Pts',(22.9054276312571,-2.1083680692242,11.9149315267753));
#2916=CARTESIAN_POINT('Ctrl Pts',(15.6942523768801,-8.30790125789616,5.15751691345726));
#2917=CARTESIAN_POINT('Ctrl Pts',(9.02898271302951,-14.0156291775651,-1.95434592935854));
#2918=CARTESIAN_POINT('Ctrl Pts',(3.96214517269204,-18.3021405992707,-7.08446724267326));
#2919=CARTESIAN_POINT('Ctrl Pts',(-1.21227275716522,-22.5800614982364,-11.4332509616786));
#2920=CARTESIAN_POINT('Ctrl Pts',(-6.51465987303866,-26.7992450905051,-14.4851129476263));
#2921=CARTESIAN_POINT('Ctrl Pts',(-11.8958887983388,-30.8445008604389,-15.8740985910509));
#2922=CARTESIAN_POINT('Ctrl Pts',(-17.790402010326,-34.9156825534289,-15.395550840473));
#2923=CARTESIAN_POINT('Ctrl Pts',(-23.8094691037834,-38.4489975595673,-12.3687374036093));
#2924=CARTESIAN_POINT('Ctrl Pts',(-29.0727170813901,-40.3816758930578,-6.62712170107795));
#2925=CARTESIAN_POINT('Ctrl Pts',(-32.9705909430439,-39.7213943730681,1.66072748653795));
#2926=CARTESIAN_POINT('Ctrl Pts',(-33.5110588673407,-34.3238275628846,11.1290250930413));
#2927=CARTESIAN_POINT('Ctrl Pts',(-30.3496145283676,-25.3981033220946,16.2502098548859));
#2928=CARTESIAN_POINT('Ctrl Pts',(-26.6972687026648,-17.3707847026465,16.7060975397862));
#2929=CARTESIAN_POINT('Ctrl Pts',(-22.6253001280161,-9.17313633598013,14.7169947254049));
#2930=CARTESIAN_POINT('Ctrl Pts',(-17.2543890372371,0.799626549808863,8.02280690145694));
#2931=CARTESIAN_POINT('Ctrl Pts',(-10.7522196976011,12.1529461795036,-3.05350835854033));
#2932=CARTESIAN_POINT('Ctrl Pts',(-5.09698814447363,21.4764503187515,-10.7019478262236));
#2933=CARTESIAN_POINT('Ctrl Pts',(-0.417447251860181,28.7210861068853,-13.885738186876));
#2934=CARTESIAN_POINT('Ctrl Pts',(4.29257984508626,35.6024617634264,-14.8770537215703));
#2935=CARTESIAN_POINT('Ctrl Pts',(9.29450331933827,42.00803078906,-12.2292274584163));
#2936=CARTESIAN_POINT('Ctrl Pts',(13.8244931481763,45.8928430563432,-6.15536649873768));
#2937=CARTESIAN_POINT('Ctrl Pts',(16.7687755040113,46.4658416315714,0.145718364333388));
#2938=CARTESIAN_POINT('Ctrl Pts',(18.3179135482093,44.4520343094369,5.398970175747));
#2939=CARTESIAN_POINT('Ctrl Pts',(19.0329216036283,41.4879285773025,9.03587852264786));
#2940=CARTESIAN_POINT('Ctrl Pts',(19.4256908739335,37.741732403573,12.1158858272088));
#2941=CARTESIAN_POINT('Ctrl Pts',(19.3719995197883,31.8304747110111,14.5960329137524));
#2942=CARTESIAN_POINT('Ctrl Pts',(18.6969910655916,23.6518742110467,14.6916603424726));
#2943=CARTESIAN_POINT('Ctrl Pts',(17.6506494063544,15.0722511298496,11.7276230029981));
#2944=CARTESIAN_POINT('Ctrl Pts',(16.3788817955008,6.4455173901694,6.20984409448591));
#2945=CARTESIAN_POINT('Ctrl Pts',(14.7049891407231,-3.57447395768832,-1.91459477671147));
#2946=CARTESIAN_POINT('Ctrl Pts',(12.5288915573462,-15.0934520977122,-11.2702837859468));
#2947=CARTESIAN_POINT('Ctrl Pts',(9.55732914793843,-28.5108152917239,-17.2168141097915));
#2948=CARTESIAN_POINT('Ctrl Pts',(5.93921001196072,-41.2856370352452,-15.6814629023761));
#2949=CARTESIAN_POINT('Ctrl Pts',(2.52806001704684,-48.4843973597255,-8.95533278623553));
#2950=CARTESIAN_POINT('Ctrl Pts',(-0.299728222696106,-50.6294893940747,
-2.12588945046621));
#2951=CARTESIAN_POINT('Ctrl Pts',(-3.13331524005985,-50.1823968414381,4.92123574921971));
#2952=CARTESIAN_POINT('Ctrl Pts',(-6.10963074725286,-45.5351915249466,11.6354044860223));
#2953=CARTESIAN_POINT('Ctrl Pts',(-9.02851236198115,-37.2642283712654,15.3260029451947));
#2954=CARTESIAN_POINT('Ctrl Pts',(-11.2894084669402,-28.986696672557,15.4487297205989));
#2955=CARTESIAN_POINT('Ctrl Pts',(-13.379028347962,-19.9515940042208,12.2864652652632));
#2956=CARTESIAN_POINT('Ctrl Pts',(-15.2911258424441,-10.5576583833528,6.06445562847112));
#2957=CARTESIAN_POINT('Ctrl Pts',(-17.0520365323027,-0.876108075430537,
-1.98192837676533));
#2958=CARTESIAN_POINT('Ctrl Pts',(-18.6346344355688,8.90100729153743,-9.57583648931108));
#2959=CARTESIAN_POINT('Ctrl Pts',(-20.0148345621186,18.895598649576,-14.7945265102076));
#2960=CARTESIAN_POINT('Ctrl Pts',(-21.0483870285835,28.8990971959858,-16.25699034708));
#2961=CARTESIAN_POINT('Ctrl Pts',(-21.4028838220408,38.0102187341534,-13.6222034754262));
#2962=CARTESIAN_POINT('Ctrl Pts',(-20.6404713393583,44.8444913765827,-7.62323681720577));
#2963=CARTESIAN_POINT('Ctrl Pts',(-19.1385924062015,47.0099963222759,-2.32520911607787));
#2964=CARTESIAN_POINT('Ctrl Pts',(-18.1228586708338,47.3776923912326,0.335745016531774));
#2965=CARTESIAN_POINT('Ctrl Pts',(-6.48973070629456,15.184467224176,-0.635494395848861));
#2966=CARTESIAN_POINT('Ctrl Pts',(-3.41552402802211,16.3442708019791,-3.25400687756696));
#2967=CARTESIAN_POINT('Ctrl Pts',(2.80370444336295,18.5691435022186,-8.54109968330689));
#2968=CARTESIAN_POINT('Ctrl Pts',(12.5325411540184,21.5618333358217,-14.6362529669288));
#2969=CARTESIAN_POINT('Ctrl Pts',(22.6438958369549,24.0654048896448,-17.2503318968024));
#2970=CARTESIAN_POINT('Ctrl Pts',(32.3500138860613,25.7182643909874,-15.598599677907));
#2971=CARTESIAN_POINT('Ctrl Pts',(40.2080219127615,26.0248245580694,-10.1948536462119));
#2972=CARTESIAN_POINT('Ctrl Pts',(44.8606099160906,24.5605205274926,-2.37308276048326));
#2973=CARTESIAN_POINT('Ctrl Pts',(45.391663910872,21.1280877998659,5.994985109678));
#2974=CARTESIAN_POINT('Ctrl Pts',(42.6737848852597,16.9732881823769,11.5655397427497));
#2975=CARTESIAN_POINT('Ctrl Pts',(39.3397300167357,13.266373591483,14.432627983028));
#2976=CARTESIAN_POINT('Ctrl Pts',(35.6413681093435,9.56267620711272,16.1785158018817));
#2977=CARTESIAN_POINT('Ctrl Pts',(30.281346428582,4.67430448808854,16.3396888253411));
#2978=CARTESIAN_POINT('Ctrl Pts',(22.3566445147667,-2.21850714377812,12.7502883245175));
#2979=CARTESIAN_POINT('Ctrl Pts',(15.0643714488826,-8.48026705626373,5.90330271702302));
#2980=CARTESIAN_POINT('Ctrl Pts',(8.39021419216518,-14.1885561789918,-1.21444736038001));
#2981=CARTESIAN_POINT('Ctrl Pts',(3.35168783419743,-18.4456090278476,-6.31439066871059));
#2982=CARTESIAN_POINT('Ctrl Pts',(-1.75299001937389,-22.6606553466187,-10.6010206092982));
#2983=CARTESIAN_POINT('Ctrl Pts',(-6.9288413035922,-26.7732469284951,-13.5752131483145));
#2984=CARTESIAN_POINT('Ctrl Pts',(-12.1184166898922,-30.6689474765217,-14.9103932715604));
#2985=CARTESIAN_POINT('Ctrl Pts',(-17.7503536043176,-34.5524948142428,-14.4507616715479));
#2986=CARTESIAN_POINT('Ctrl Pts',(-23.4719223191377,-37.9055336103449,-11.5749751810769));
#2987=CARTESIAN_POINT('Ctrl Pts',(-28.4554152274702,-39.727102495571,-6.13632260237427));
#2988=CARTESIAN_POINT('Ctrl Pts',(-32.1269110949728,-39.099728746419,1.66154692258839));
#2989=CARTESIAN_POINT('Ctrl Pts',(-32.6513801609083,-34.0022058523847,10.6163263939615));
#2990=CARTESIAN_POINT('Ctrl Pts',(-29.6373783663179,-25.460678975273,15.5314975907886));
#2991=CARTESIAN_POINT('Ctrl Pts',(-26.12002848926,-17.7215910074673,15.9679127213149));
#2992=CARTESIAN_POINT('Ctrl Pts',(-22.1685481868999,-9.75560105629711,14.0395831688174));
#2993=CARTESIAN_POINT('Ctrl Pts',(-16.8795349225143,0.0781425168525224,
7.45152912030164));
#2994=CARTESIAN_POINT('Ctrl Pts',(-10.3981308538826,11.4086862312899,-3.60466756600612));
#2995=CARTESIAN_POINT('Ctrl Pts',(-4.70568517753494,20.8050928479355,-11.3267686427658));
#2996=CARTESIAN_POINT('Ctrl Pts',(0.0600557249189127,28.1913904757987,-14.5812824374143));
#2997=CARTESIAN_POINT('Ctrl Pts',(4.89248329639326,35.2598467518055,-15.6060941264728));
#2998=CARTESIAN_POINT('Ctrl Pts',(10.0439672135001,41.8638230029746,-12.8819643079819));
#2999=CARTESIAN_POINT('Ctrl Pts',(14.6903817841844,45.8532379723204,-6.64829923315891));
#3000=CARTESIAN_POINT('Ctrl Pts',(17.7007097413998,46.4416847652389,-0.203399183763221));
#3001=CARTESIAN_POINT('Ctrl Pts',(19.2722974849259,44.3954112829833,5.13196336224518));
#3002=CARTESIAN_POINT('Ctrl Pts',(19.9939335420202,41.408025956717,8.80157189066933));
#3003=CARTESIAN_POINT('Ctrl Pts',(20.3891111937795,37.6451051682782,11.8987062540573));
#3004=CARTESIAN_POINT('Ctrl Pts',(20.3358262288585,31.7344093717759,14.3800349274447));
#3005=CARTESIAN_POINT('Ctrl Pts',(19.6645154923068,23.5882654226813,14.4791106794572));
#3006=CARTESIAN_POINT('Ctrl Pts',(18.6234650142083,15.0399903448968,11.5334796105272));
#3007=CARTESIAN_POINT('Ctrl Pts',(17.3549342447208,6.42589088843046,6.03142593373529));
#3008=CARTESIAN_POINT('Ctrl Pts',(15.6815786591427,-3.60044292295487,-2.08906336966281));
#3009=CARTESIAN_POINT('Ctrl Pts',(13.5010863627797,-15.1536247440738,-11.4652591624812));
#3010=CARTESIAN_POINT('Ctrl Pts',(10.5064191784409,-28.6897595722603,-17.4680274474326));
#3011=CARTESIAN_POINT('Ctrl Pts',(6.82837270875958,-41.6920038600921,-15.9155252455351));
#3012=CARTESIAN_POINT('Ctrl Pts',(3.33045667251033,-49.091527998593,-9.01593310238419));
#3013=CARTESIAN_POINT('Ctrl Pts',(0.39999109505921,-51.3191627408784,-1.92959550665988));
#3014=CARTESIAN_POINT('Ctrl Pts',(-2.55203823916261,-50.849330831902,5.42241098458245));
#3015=CARTESIAN_POINT('Ctrl Pts',(-5.65440727856109,-45.9946166051614,12.4303095193434));
#3016=CARTESIAN_POINT('Ctrl Pts',(-8.69343884667258,-37.3625910978922,16.2773848272768));
#3017=CARTESIAN_POINT('Ctrl Pts',(-11.0406850537635,-28.7461621896613,16.3981720310981));
#3018=CARTESIAN_POINT('Ctrl Pts',(-13.1833003303585,-19.4519731895247,13.1310963325933));
#3019=CARTESIAN_POINT('Ctrl Pts',(-15.1140436907187,-9.9334033068027,6.81636903179771));
#3020=CARTESIAN_POINT('Ctrl Pts',(-16.8724994327619,-0.229633363362726,
-1.25072526708357));
#3021=CARTESIAN_POINT('Ctrl Pts',(-18.436573573111,9.47389246307758,-8.78582815712341));
#3022=CARTESIAN_POINT('Ctrl Pts',(-19.7804802354824,19.2582365238746,-13.8810016535144));
#3023=CARTESIAN_POINT('Ctrl Pts',(-20.7657855346274,28.8693603138494,-15.2724872784179));
#3024=CARTESIAN_POINT('Ctrl Pts',(-21.0964101949476,37.5405744751091,-12.761873329311));
#3025=CARTESIAN_POINT('Ctrl Pts',(-20.3658872578597,44.0162188716096,-7.07280474879334));
#3026=CARTESIAN_POINT('Ctrl Pts',(-18.9467803272193,46.0517848500671,-2.08496677888339));
#3027=CARTESIAN_POINT('Ctrl Pts',(-17.988224698504,46.3981628019154,0.420513209133606));
#3028=CARTESIAN_POINT('Ctrl Pts',(-6.40352204266051,16.0487904099459,-0.15227610572449));
#3029=CARTESIAN_POINT('Ctrl Pts',(-3.32199443356855,17.2099597238255,-2.77454562145107));
#3030=CARTESIAN_POINT('Ctrl Pts',(2.89411507368327,19.4306263438202,-8.05334800061347));
#3031=CARTESIAN_POINT('Ctrl Pts',(12.5562305897664,22.3976817690639,-14.0932556193216));
#3032=CARTESIAN_POINT('Ctrl Pts',(22.5114228669214,24.857699883767,-16.6542479905779));
#3033=CARTESIAN_POINT('Ctrl Pts',(32.0313586988672,26.4751191216113,-15.0289457870995));
#3034=CARTESIAN_POINT('Ctrl Pts',(39.7595490975977,26.7739750775034,-9.7133291345656));
#3035=CARTESIAN_POINT('Ctrl Pts',(44.3538970795151,25.326315845602,-1.98911675013312));
#3036=CARTESIAN_POINT('Ctrl Pts',(44.8847756737645,21.9152018560228,6.32854317225029));
#3037=CARTESIAN_POINT('Ctrl Pts',(42.1612876445159,17.749923647353,11.9160414726144));
#3038=CARTESIAN_POINT('Ctrl Pts',(38.7979087408658,14.0125245747954,14.8042814295517));
#3039=CARTESIAN_POINT('Ctrl Pts',(35.057888352147,10.2689582367285,16.5667578957482));
#3040=CARTESIAN_POINT('Ctrl Pts',(29.6229047674778,5.3144510395061,16.7261612371934));
#3041=CARTESIAN_POINT('Ctrl Pts',(21.6103062966037,-1.651181955025,13.0863627983694));
#3042=CARTESIAN_POINT('Ctrl Pts',(14.2874081059846,-7.93635821219454,6.19991440566929));
#3043=CARTESIAN_POINT('Ctrl Pts',(7.61376021500518,-13.6414320809854,-0.92180135134787));
#3044=CARTESIAN_POINT('Ctrl Pts',(2.59117352788814,-17.8828441629826,-6.00935462931153));
#3045=CARTESIAN_POINT('Ctrl Pts',(-2.47803372925227,-22.0665012648261,-10.2685465015201));
#3046=CARTESIAN_POINT('Ctrl Pts',(-7.59032578640074,-26.126107894599,-13.2076380736651));
#3047=CARTESIAN_POINT('Ctrl Pts',(-12.681578855493,-29.9456155799893,-14.5183262246121));
#3048=CARTESIAN_POINT('Ctrl Pts',(-18.1715925963954,-33.7283067799308,-14.0716295741086));
#3049=CARTESIAN_POINT('Ctrl Pts',(-23.7164521799148,-36.9748367320647,-11.2869956715834));
#3050=CARTESIAN_POINT('Ctrl Pts',(-28.5108314663964,-38.7212830375543,-6.05331523059894));
#3051=CARTESIAN_POINT('Ctrl Pts',(-32.0086851590722,-38.1189994358998,1.36965007364389));
#3052=CARTESIAN_POINT('Ctrl Pts',(-32.5132426297239,-33.2803699409362,9.86714137839354));
#3053=CARTESIAN_POINT('Ctrl Pts',(-29.6527078011361,-25.1438513215849,14.5586352287322));
#3054=CARTESIAN_POINT('Ctrl Pts',(-26.2931594713783,-17.7393441171883,14.9773127580203));
#3055=CARTESIAN_POINT('Ctrl Pts',(-22.4869785512375,-10.0518427476205,13.1269044604519));
#3056=CARTESIAN_POINT('Ctrl Pts',(-17.2979910583264,-0.386072184445128,
6.67586524294379));
#3057=CARTESIAN_POINT('Ctrl Pts',(-10.8346266471947,10.9313922451118,-4.35788655593639));
#3058=CARTESIAN_POINT('Ctrl Pts',(-5.08081580084813,20.4452388751822,-12.1878475186445));
#3059=CARTESIAN_POINT('Ctrl Pts',(-0.179772679757751,28.0527868402562,-15.5461181387844));
#3060=CARTESIAN_POINT('Ctrl Pts',(4.84840944367439,35.4189272148716,-16.6182996888466));
#3061=CARTESIAN_POINT('Ctrl Pts',(10.2602995122129,42.3698106669835,-13.7639453310461));
#3062=CARTESIAN_POINT('Ctrl Pts',(15.1613311961787,46.5897492519446,-7.18360726989457));
#3063=CARTESIAN_POINT('Ctrl Pts',(18.3559198850405,47.2208964966571,-0.335752437915074));
#3064=CARTESIAN_POINT('Ctrl Pts',(20.0158331384774,45.0505865464307,5.3191060360544));
#3065=CARTESIAN_POINT('Ctrl Pts',(20.771466514593,41.910378782235,9.1781865566332));
#3066=CARTESIAN_POINT('Ctrl Pts',(21.1825716007127,37.9715261758692,12.4225060298135));
#3067=CARTESIAN_POINT('Ctrl Pts',(21.1228671059229,31.8156568940371,15.0065683906281));
#3068=CARTESIAN_POINT('Ctrl Pts',(20.4239389610653,23.3898479645292,15.1061565483547));
#3069=CARTESIAN_POINT('Ctrl Pts',(19.3549626875158,14.6502942163926,12.0893487954465));
#3070=CARTESIAN_POINT('Ctrl Pts',(18.0681530083527,5.93912872324491,6.52588055730964));
#3071=CARTESIAN_POINT('Ctrl Pts',(16.3840757272323,-4.1253070278186,-1.62182085613985));
#3072=CARTESIAN_POINT('Ctrl Pts',(14.2036870890597,-15.6496443524373,-10.9615518449202));
#3073=CARTESIAN_POINT('Ctrl Pts',(11.2442289274037,-28.9948584236267,-16.8530398192031));
#3074=CARTESIAN_POINT('Ctrl Pts',(7.64327848545649,-41.7038334548489,-15.3234123782028));
#3075=CARTESIAN_POINT('Ctrl Pts',(4.20342854809764,-48.9806910683126,-8.54939070277556));
#3076=CARTESIAN_POINT('Ctrl Pts',(1.30699670225435,-51.1779992084874,-1.54618805780017));
#3077=CARTESIAN_POINT('Ctrl Pts',(-1.62351708582676,-50.710610375885,5.74949827577818));
#3078=CARTESIAN_POINT('Ctrl Pts',(-4.72781057160472,-45.8597368820662,12.7643402305739));
#3079=CARTESIAN_POINT('Ctrl Pts',(-7.78771402262143,-37.1635822125619,16.6381207611612));
#3080=CARTESIAN_POINT('Ctrl Pts',(-10.156596848243,-28.4606853775415,16.7551666883409));
#3081=CARTESIAN_POINT('Ctrl Pts',(-12.3142024858453,-19.0912332502859,13.453420298177));
#3082=CARTESIAN_POINT('Ctrl Pts',(-14.249125147536,-9.53976901205518,7.10740557954358));
#3083=CARTESIAN_POINT('Ctrl Pts',(-16.0044775298768,0.160499697459381,-0.963925567140264));
#3084=CARTESIAN_POINT('Ctrl Pts',(-17.5591066284878,9.82172303124609,-8.472021909849));
#3085=CARTESIAN_POINT('Ctrl Pts',(-18.8859321780638,19.5033629546443,-13.5130918094171));
#3086=CARTESIAN_POINT('Ctrl Pts',(-19.847818297736,28.9207142300111,-14.873173967773));
#3087=CARTESIAN_POINT('Ctrl Pts',(-20.1655817227278,37.3487819168686,-12.4322360958544));
#3088=CARTESIAN_POINT('Ctrl Pts',(-19.4553687489127,43.59051263864,-6.9436456453005));
#3089=CARTESIAN_POINT('Ctrl Pts',(-18.0985372656194,45.5267774283196,-2.19025841082118));
#3090=CARTESIAN_POINT('Ctrl Pts',(-17.1867898584325,45.8574933888507,0.189504114179687));
#3091=CARTESIAN_POINT('Ctrl Pts',(-5.82327833804128,16.2644015821422,0.624245453788416));
#3092=CARTESIAN_POINT('Ctrl Pts',(-2.73980513641186,17.4240742419458,-1.99905602635572));
#3093=CARTESIAN_POINT('Ctrl Pts',(3.44872336903458,19.6299052437608,-7.2523132799779));
#3094=CARTESIAN_POINT('Ctrl Pts',(12.9512375951323,22.5392241440139,-13.1783053692197));
#3095=CARTESIAN_POINT('Ctrl Pts',(22.5643793477079,24.9057641530994,-15.6339990463589));
#3096=CARTESIAN_POINT('Ctrl Pts',(31.6515581660914,26.4424257517353,-14.0772038810104));
#3097=CARTESIAN_POINT('Ctrl Pts',(39.0161263550141,26.720524530724,-9.00983044434161));
#3098=CARTESIAN_POINT('Ctrl Pts',(43.3757928699314,25.3380672552849,-1.6734984203388));
#3099=CARTESIAN_POINT('Ctrl Pts',(43.8846595737662,22.093997781878,6.22796068454028));
#3100=CARTESIAN_POINT('Ctrl Pts',(41.2777631142392,18.095058129405,11.5933209936944));
#3101=CARTESIAN_POINT('Ctrl Pts',(38.0295528665639,14.4835195683183,14.3804736134166));
#3102=CARTESIAN_POINT('Ctrl Pts',(34.4060525380805,10.8537240343791,16.0858696659292));
#3103=CARTESIAN_POINT('Ctrl Pts',(29.1120038196409,6.02426745693834,16.2433273579435));
#3104=CARTESIAN_POINT('Ctrl Pts',(21.2295456562175,-0.832823860296158,12.664670703479));
#3105=CARTESIAN_POINT('Ctrl Pts',(13.9507593950468,-7.0837899816069,5.81879964429837));
#3106=CARTESIAN_POINT('Ctrl Pts',(7.28650378513984,-12.7844233566073,-1.3019609554335));
#3107=CARTESIAN_POINT('Ctrl Pts',(2.25533505044575,-17.0358797940282,-6.40434756740691));
#3108=CARTESIAN_POINT('Ctrl Pts',(-2.83983190111665,-21.243613114548,-10.691642191643));
#3109=CARTESIAN_POINT('Ctrl Pts',(-8.00004733375831,-25.3442199512548,-13.6648296872509));
#3110=CARTESIAN_POINT('Ctrl Pts',(-13.1613205789238,-29.2189382253501,-14.9987980175619));
#3111=CARTESIAN_POINT('Ctrl Pts',(-18.7380251955344,-33.0642363272246,-14.549166939532));
#3112=CARTESIAN_POINT('Ctrl Pts',(-24.3618905410162,-36.3591732401677,-11.7260711288298));
#3113=CARTESIAN_POINT('Ctrl Pts',(-29.2013799645535,-38.1235804041958,-6.44396899520961));
#3114=CARTESIAN_POINT('Ctrl Pts',(-32.7100648334211,-37.5194230896308,1.00356645074515));
#3115=CARTESIAN_POINT('Ctrl Pts',(-33.2063909681608,-32.702616076417,9.44684200924279));
#3116=CARTESIAN_POINT('Ctrl Pts',(-30.3892236916749,-24.6849202076709,14.0668293821208));
#3117=CARTESIAN_POINT('Ctrl Pts',(-27.0910459784692,-17.4082830651283,14.4831472201345));
#3118=CARTESIAN_POINT('Ctrl Pts',(-23.3451194084568,-9.8354614458622,12.6690175471559));
#3119=CARTESIAN_POINT('Ctrl Pts',(-18.1985682419142,-0.239271195628805,
6.28248729048789));
#3120=CARTESIAN_POINT('Ctrl Pts',(-11.7367979715692,11.0848652528445,-4.74341057423755));
#3121=CARTESIAN_POINT('Ctrl Pts',(-5.94376452550259,20.6720674901599,-12.6338245276303));
#3122=CARTESIAN_POINT('Ctrl Pts',(-0.960491529627816,28.4133228166717,-16.0504271729955));
#3123=CARTESIAN_POINT('Ctrl Pts',(4.18894649014685,35.9628836032115,-17.1480184711134));
#3124=CARTESIAN_POINT('Ctrl Pts',(9.77554663279024,43.1471295835444,-14.207562826513));
#3125=CARTESIAN_POINT('Ctrl Pts',(14.8772536147205,47.5493116555825,-7.35511053280336));
#3126=CARTESIAN_POINT('Ctrl Pts',(18.2352885037711,48.2181314950047,-0.149173153363579));
#3127=CARTESIAN_POINT('Ctrl Pts',(19.9828963659699,45.9252817460989,5.82206347253065));
#3128=CARTESIAN_POINT('Ctrl Pts',(20.7742718717641,42.6178654551082,9.88455610863413));
#3129=CARTESIAN_POINT('Ctrl Pts',(21.2028323432796,38.4762807717514,13.2952625925095));
#3130=CARTESIAN_POINT('Ctrl Pts',(21.1347507524939,32.0138609744752,16.0063913824243));
#3131=CARTESIAN_POINT('Ctrl Pts',(20.3976966873672,23.2069483087542,16.1031513265389));
#3132=CARTESIAN_POINT('Ctrl Pts',(19.2885849680006,14.1967005576041,12.9792514344314));
#3133=CARTESIAN_POINT('Ctrl Pts',(17.9757401130142,5.35169838213795,7.32347008428613));
#3134=CARTESIAN_POINT('Ctrl Pts',(16.2778007682868,-4.75386824913066,-0.862114365796839));
#3135=CARTESIAN_POINT('Ctrl Pts',(14.1021130179506,-16.2076419312153,-10.1359216231925));
#3136=CARTESIAN_POINT('Ctrl Pts',(11.210070814823,-29.1949921277462,-15.8326981219585));
#3137=CARTESIAN_POINT('Ctrl Pts',(7.76575471310807,-41.3096207267991,-14.3493528151175));
#3138=CARTESIAN_POINT('Ctrl Pts',(4.48608522173063,-48.2314285450323,-7.9072006642301));
#3139=CARTESIAN_POINT('Ctrl Pts',(1.73529378966045,-50.3082779662694,-1.26564196115962));
#3140=CARTESIAN_POINT('Ctrl Pts',(-1.04947339953219,-49.8665918811934,5.65383382968641));
#3141=CARTESIAN_POINT('Ctrl Pts',(-4.02902389458068,-45.2296196436753,12.3815751280137));
#3142=CARTESIAN_POINT('Ctrl Pts',(-6.99412581632468,-36.8159588620908,16.1311366752389));
#3143=CARTESIAN_POINT('Ctrl Pts',(-9.30329398849623,-28.3453648901003,16.2454132331472));
#3144=CARTESIAN_POINT('Ctrl Pts',(-11.4261023529132,-19.1427347460249,13.0052565731923));
#3145=CARTESIAN_POINT('Ctrl Pts',(-13.3473926186047,-9.67566595037481,6.71321456210279));
#3146=CARTESIAN_POINT('Ctrl Pts',(-15.1012207630002,-0.00223174636632213,
-1.34266328967428));
#3147=CARTESIAN_POINT('Ctrl Pts',(-16.6626312139754,9.6802776879612,-8.87605402091515));
#3148=CARTESIAN_POINT('Ctrl Pts',(-18.0045514029046,19.445267622789,-13.9734447992968));
#3149=CARTESIAN_POINT('Ctrl Pts',(-18.9856283476531,29.0152341133939,-15.3653732465067));
#3150=CARTESIAN_POINT('Ctrl Pts',(-19.3112367017635,37.5822968042876,-12.8862825812333));
#3151=CARTESIAN_POINT('Ctrl Pts',(-18.5943108715119,43.8927824398861,-7.3364328923578));
#3152=CARTESIAN_POINT('Ctrl Pts',(-17.2319440558665,45.83653769327,-2.5633763176779));
#3153=CARTESIAN_POINT('Ctrl Pts',(-16.321240595045,46.1690936961253,-0.184509773089593));
#3154=CARTESIAN_POINT('Ctrl Pts',(-5.18753031975693,15.6758195389184,1.11050073143312));
#3155=CARTESIAN_POINT('Ctrl Pts',(-2.10894601228279,16.8322605540967,-1.51033360553636));
#3156=CARTESIAN_POINT('Ctrl Pts',(4.0484980347951,19.02380711036,-6.73997946964755));
#3157=CARTESIAN_POINT('Ctrl Pts',(13.4187751660749,21.8867225409059,-12.5790196263271));
#3158=CARTESIAN_POINT('Ctrl Pts',(22.7615654753522,24.1801666643117,-14.9562687237752));
#3159=CARTESIAN_POINT('Ctrl Pts',(31.4952328816017,25.6514171228482,-13.4582166777069));
#3160=CARTESIAN_POINT('Ctrl Pts',(38.536211358922,25.9111551068456,-8.61194113677686));
#3161=CARTESIAN_POINT('Ctrl Pts',(42.6613970422518,24.5929669165047,-1.66115527239689));
#3162=CARTESIAN_POINT('Ctrl Pts',(43.1428691534959,21.5354381866177,5.77236281331861));
#3163=CARTESIAN_POINT('Ctrl Pts',(40.6863584180547,17.7534838740673,10.8446620332755));
#3164=CARTESIAN_POINT('Ctrl Pts',(37.6109017527734,14.329143424235,13.4847787847455));
#3165=CARTESIAN_POINT('Ctrl Pts',(34.174008413775,10.8807062346819,15.1025747674186));
#3166=CARTESIAN_POINT('Ctrl Pts',(29.1300562467543,6.2726972042841,15.2595520360123));
#3167=CARTESIAN_POINT('Ctrl Pts',(21.4974563930353,-0.376512146108139,11.8074281540922));
#3168=CARTESIAN_POINT('Ctrl Pts',(14.303254554928,-6.56242448804966,5.05133491091353));
#3169=CARTESIAN_POINT('Ctrl Pts',(7.65038713839038,-12.260585413243,-2.06426743127144));
#3170=CARTESIAN_POINT('Ctrl Pts',(2.59277066924646,-16.5401060263927,-7.1975422668568));
#3171=CARTESIAN_POINT('Ctrl Pts',(-2.56978578988176,-20.8089524026982,-11.5473124267991));
#3172=CARTESIAN_POINT('Ctrl Pts',(-7.85274010997351,-25.0132880624944,-14.5981196685455));
#3173=CARTESIAN_POINT('Ctrl Pts',(-13.1987894034464,-29.0325570876928,-15.9858421960959));
#3174=CARTESIAN_POINT('Ctrl Pts',(-19.0246871755161,-33.0562660604494,-15.5198427491919));
#3175=CARTESIAN_POINT('Ctrl Pts',(-24.9218982642164,-36.5174020290473,-12.5591324733074));
#3176=CARTESIAN_POINT('Ctrl Pts',(-30.0058193487805,-38.3788723374404,-7.0124054843906));
#3177=CARTESIAN_POINT('Ctrl Pts',(-33.700926923267,-37.747978698559,0.838629198391875));
#3178=CARTESIAN_POINT('Ctrl Pts',(-34.2060049445464,-32.7003276607247,9.66890654018253));
#3179=CARTESIAN_POINT('Ctrl Pts',(-31.2903181451343,-24.4290369307203,14.4213481448339));
#3180=CARTESIAN_POINT('Ctrl Pts',(-27.9111633104666,-16.9783736953703,14.8519718150035));
#3181=CARTESIAN_POINT('Ctrl Pts',(-24.0954769153646,-9.27103820770783,13.0051009790097));
#3182=CARTESIAN_POINT('Ctrl Pts',(-18.9024007919625,0.404846637864776,6.56208614246156));
#3183=CARTESIAN_POINT('Ctrl Pts',(-12.4246073136666,11.7501833759899,-4.47639573577588));
#3184=CARTESIAN_POINT('Ctrl Pts',(-6.64340300855467,21.3122022561639,-12.3346446969481));
#3185=CARTESIAN_POINT('Ctrl Pts',(-1.69231364469025,28.9997092379366,-15.7202400550659));
#3186=CARTESIAN_POINT('Ctrl Pts',(3.41313218560178,36.4810859936212,-16.8022081952489));
#3187=CARTESIAN_POINT('Ctrl Pts',(8.95876616075283,43.6111317851817,-13.8834504524651));
#3188=CARTESIAN_POINT('Ctrl Pts',(14.0571901026386,48.0108866389087,-7.03702266776293));
#3189=CARTESIAN_POINT('Ctrl Pts',(17.4353332883847,48.6842025505553,0.213486237431445));
#3190=CARTESIAN_POINT('Ctrl Pts',(19.2046590971309,46.3622182942261,6.2613980982442));
#3191=CARTESIAN_POINT('Ctrl Pts',(20.00676489598,42.9988388375044,10.388587719942));
#3192=CARTESIAN_POINT('Ctrl Pts',(20.4413055450285,38.77995501441,13.8601199913975));
#3193=CARTESIAN_POINT('Ctrl Pts',(20.3693314837155,32.1797528986937,16.6275627577811));
#3194=CARTESIAN_POINT('Ctrl Pts',(19.6123121566939,23.1767861993163,16.7203052962001));
#3195=CARTESIAN_POINT('Ctrl Pts',(18.4810904554553,14.0193997475259,13.5342354930916));
#3196=CARTESIAN_POINT('Ctrl Pts',(17.1540284558591,5.1042782064768,7.82469676470984));
#3197=CARTESIAN_POINT('Ctrl Pts',(15.4495004207093,-5.01464421513415,-0.380898792082933));
#3198=CARTESIAN_POINT('Ctrl Pts',(13.2795093219889,-16.4095085397376,-9.60880512548674));
#3199=CARTESIAN_POINT('Ctrl Pts',(10.4362597050422,-29.1413975749319,-15.1736729409463));
#3200=CARTESIAN_POINT('Ctrl Pts',(7.11010041277717,-40.807883622164,-13.7248692307006));
#3201=CARTESIAN_POINT('Ctrl Pts',(3.97180650716297,-47.4095372479006,-7.5703537697765));
#3202=CARTESIAN_POINT('Ctrl Pts',(1.36843587654061,-49.3662711623884,-1.2963535984392));
#3203=CARTESIAN_POINT('Ctrl Pts',(-1.25621168370746,-48.9541709550155,5.21055193950428));
#3204=CARTESIAN_POINT('Ctrl Pts',(-4.07888311686379,-44.5789430144892,11.5742792957117));
#3205=CARTESIAN_POINT('Ctrl Pts',(-6.90522888654194,-36.5809788805824,15.1427285205883));
#3206=CARTESIAN_POINT('Ctrl Pts',(-9.11846202160856,-28.4859613378401,15.2572926149274));
#3207=CARTESIAN_POINT('Ctrl Pts',(-11.1832170830501,-19.5655866552786,12.1286387463913));
#3208=CARTESIAN_POINT('Ctrl Pts',(-13.083466946665,-10.2361937901936,5.93503174963304));
#3209=CARTESIAN_POINT('Ctrl Pts',(-14.8385812942049,-0.592666243689656,
-2.09739471982524));
#3210=CARTESIAN_POINT('Ctrl Pts',(-16.4178716652777,9.15815393560809,-9.68931628341205));
#3211=CARTESIAN_POINT('Ctrl Pts',(-17.7956528549693,19.1286486010961,-14.9111084759457));
#3212=CARTESIAN_POINT('Ctrl Pts',(-18.8240221306679,29.0811087032766,-16.3744217347501));
#3213=CARTESIAN_POINT('Ctrl Pts',(-19.1723791416261,38.0625469457142,-13.7791920199795));
#3214=CARTESIAN_POINT('Ctrl Pts',(-18.4269423844878,44.6910396433266,-7.95371915657453));
#3215=CARTESIAN_POINT('Ctrl Pts',(-16.9958695370435,46.7416944356429,-2.92381245686038));
#3216=CARTESIAN_POINT('Ctrl Pts',(-16.0396931117952,47.0921965668934,-0.420434896912632));
#3217=CARTESIAN_POINT('Ctrl Pts',(-4.97693779992185,14.7197241367541,0.935177322462318));
#3218=CARTESIAN_POINT('Ctrl Pts',(-1.9063801390644,15.8736408966014,-1.68155631458766));
#3219=CARTESIAN_POINT('Ctrl Pts',(4.24043271402668,18.0623883626002,-6.90749494484705));
#3220=CARTESIAN_POINT('Ctrl Pts',(13.606275119948,20.9254405247948,-12.7523625874997));
#3221=CARTESIAN_POINT('Ctrl Pts',(22.9554993281522,23.2216054909178,-15.137377233483));
#3222=CARTESIAN_POINT('Ctrl Pts',(31.6828253792227,24.6923974843029,-13.643843454529));
#3223=CARTESIAN_POINT('Ctrl Pts',(38.6854709343559,24.9501878529329,-8.82427521051316));
#3224=CARTESIAN_POINT('Ctrl Pts',(42.7541501707179,23.6469523764091,-1.96520957428216));
#3225=CARTESIAN_POINT('Ctrl Pts',(43.2239634291669,20.6546885359065,5.3022706278733));
#3226=CARTESIAN_POINT('Ctrl Pts',(40.8385848573432,16.9768405371038,10.2319510146754));
#3227=CARTESIAN_POINT('Ctrl Pts',(37.8630811368106,13.6597054623829,12.7901679668142));
#3228=CARTESIAN_POINT('Ctrl Pts',(34.5421267810653,10.3233877560856,14.35602841589));
#3229=CARTESIAN_POINT('Ctrl Pts',(29.6688603946999,5.86624401147078,14.5143647758871));
#3230=CARTESIAN_POINT('Ctrl Pts',(22.2172269823839,-0.632658902019205,11.1586416548596));
#3231=CARTESIAN_POINT('Ctrl Pts',(15.0848275348493,-6.77122765202486,4.47410659288441));
#3232=CARTESIAN_POINT('Ctrl Pts',(8.43657859847405,-12.4708682606999,-2.63603942944317));
#3233=CARTESIAN_POINT('Ctrl Pts',(3.35440997554607,-16.7753964713326,-7.7928557500538));
#3234=CARTESIAN_POINT('Ctrl Pts',(-1.86646025055451,-21.0964688783735,-12.1922106233749));
#3235=CARTESIAN_POINT('Ctrl Pts',(-7.25474989861222,-25.3892107073034,-15.3054321031375));
#3236=CARTESIAN_POINT('Ctrl Pts',(-12.7614765767112,-29.5335277890712,-16.7364414844072));
#3237=CARTESIAN_POINT('Ctrl Pts',(-18.8114810102381,-33.717052513782,-16.2527474481779));
#3238=CARTESIAN_POINT('Ctrl Pts',(-24.9715690587075,-37.3370362242709,-13.1576017096497));
#3239=CARTESIAN_POINT('Ctrl Pts',(-30.3153337148957,-39.3017243344414,-7.32940179488677));
#3240=CARTESIAN_POINT('Ctrl Pts',(-34.2321281409044,-38.638463463658,1.00118945033399));
#3241=CARTESIAN_POINT('Ctrl Pts',(-34.7572471617896,-33.2808994327018,10.369925828244));
#3242=CARTESIAN_POINT('Ctrl Pts',(-31.6745085063173,-24.57129372047,15.3609981032655));
#3243=CARTESIAN_POINT('Ctrl Pts',(-28.1329849802172,-16.775157364486,15.812347523295));
#3244=CARTESIAN_POINT('Ctrl Pts',(-24.1698771489416,-8.78481281925872,13.8886138075518));
#3245=CARTESIAN_POINT('Ctrl Pts',(-18.8757945118685,1.06167231915606,7.3107611761039));
#3246=CARTESIAN_POINT('Ctrl Pts',(-12.3765354481431,12.4268778813997,-3.75135790928824));
#3247=CARTESIAN_POINT('Ctrl Pts',(-6.65029575918974,21.8829893008814,-11.5089356496749));
#3248=CARTESIAN_POINT('Ctrl Pts',(-1.82224964105581,29.3690151561432,-14.7978823383586));
#3249=CARTESIAN_POINT('Ctrl Pts',(3.10660935786621,36.581381229985,-15.8350370187901));
#3250=CARTESIAN_POINT('Ctrl Pts',(8.42420056879207,43.4084024439503,-13.0314647499294));
#3251=CARTESIAN_POINT('Ctrl Pts',(13.316359914269,47.6220609040913,-6.46659940336628));
#3252=CARTESIAN_POINT('Ctrl Pts',(16.5554273367239,48.2630567759773,0.480197302608912));
#3253=CARTESIAN_POINT('Ctrl Pts',(18.2629089762595,46.0283232163262,6.30427460602998));
#3254=CARTESIAN_POINT('Ctrl Pts',(19.0423911421278,42.7628385831274,10.3079147327047));
#3255=CARTESIAN_POINT('Ctrl Pts',(19.466678848776,38.6512108333537,13.6879410964521));
#3256=CARTESIAN_POINT('Ctrl Pts',(19.397963035036,32.1873897356417,16.3972859596865));
#3257=CARTESIAN_POINT('Ctrl Pts',(18.6542539649047,23.3220171486305,16.4878333809249));
#3258=CARTESIAN_POINT('Ctrl Pts',(17.5356224047155,14.2544001796515,13.3309824581746));
#3259=CARTESIAN_POINT('Ctrl Pts',(16.2169407948387,5.38643927200246,7.64688722440412));
#3260=CARTESIAN_POINT('Ctrl Pts',(14.51806044942,-4.70774013271337,-0.545784571788379));
#3261=CARTESIAN_POINT('Ctrl Pts',(12.3503819186594,-16.0997784913028,-9.78264187178776));
#3262=CARTESIAN_POINT('Ctrl Pts',(9.50018321422997,-28.8725634892896,-15.3782225960596));
#3263=CARTESIAN_POINT('Ctrl Pts',(6.16411150320535,-40.5768098518168,-13.926031352313));
#3264=CARTESIAN_POINT('Ctrl Pts',(3.04122414366322,-47.136162787212,-7.79716066123917));
#3265=CARTESIAN_POINT('Ctrl Pts',(0.47561117150756,-49.0641948410507,-1.61881059572922));
#3266=CARTESIAN_POINT('Ctrl Pts',(-2.09558973677848,-48.6633862394348,4.75099382996526));
#3267=CARTESIAN_POINT('Ctrl Pts',(-4.84766391967985,-44.4006607346765,10.948799921518));
#3268=CARTESIAN_POINT('Ctrl Pts',(-7.59606654810128,-36.637898878423,14.416060748986));
#3269=CARTESIAN_POINT('Ctrl Pts',(-9.74955610973915,-28.7782463745028,14.5338010360918));
#3270=CARTESIAN_POINT('Ctrl Pts',(-11.7767335114571,-20.0428428807132,11.4824386617436));
#3271=CARTESIAN_POINT('Ctrl Pts',(-13.664372143691,-10.8005640961637,5.35749919084873));
#3272=CARTESIAN_POINT('Ctrl Pts',(-15.4225877811674,-1.16729210937992,-2.66108983647557));
#3273=CARTESIAN_POINT('Ctrl Pts',(-17.0173768257993,8.64781185886999,-10.3005060842294));
#3274=CARTESIAN_POINT('Ctrl Pts',(-18.4247167151799,18.7917442094926,-15.6205921782107));
#3275=CARTESIAN_POINT('Ctrl Pts',(-19.4927694272222,29.0689603042365,-17.1405189802769));
#3276=CARTESIAN_POINT('Ctrl Pts',(-19.8614371906588,38.4289388739767,-14.437721905884));
#3277=CARTESIAN_POINT('Ctrl Pts',(-19.0870509392942,45.3858570577177,-8.32933979154053));
#3278=CARTESIAN_POINT('Ctrl Pts',(-17.5755279444768,47.5637656248486,-2.99731343315923));
#3279=CARTESIAN_POINT('Ctrl Pts',(-16.5617384832072,47.93475397476,-0.338145348245864));
#3280=CARTESIAN_POINT('Ctrl Pts',(-5.22282495881324,14.3212195471627,0.470369064867288));
#3281=CARTESIAN_POINT('Ctrl Pts',(-2.15571971672591,15.4751743237624,-2.14458053397045));
#3282=CARTESIAN_POINT('Ctrl Pts',(4.00240520597502,17.6709258763494,-7.3829580532582));
#3283=CARTESIAN_POINT('Ctrl Pts',(13.4517522964039,20.5647238162545,-13.2902288133135));
#3284=CARTESIAN_POINT('Ctrl Pts',(22.984858673417,22.9114317289081,-15.7336447878065));
#3285=CARTESIAN_POINT('Ctrl Pts',(31.9405590164371,24.4250351096019,-14.2049715821765));
#3286=CARTESIAN_POINT('Ctrl Pts',(39.1251544187705,24.6932254041622,-9.261190184064));
#3287=CARTESIAN_POINT('Ctrl Pts',(43.3016408417244,23.3596302905423,-2.22302622704797));
#3288=CARTESIAN_POINT('Ctrl Pts',(43.7794860144632,20.2978620225884,5.21633899384903));
#3289=CARTESIAN_POINT('Ctrl Pts',(41.353067477724,16.562424957097,10.2216030118633));
#3290=CARTESIAN_POINT('Ctrl Pts',(38.3461766258305,13.2103957876189,12.8090755242635));
#3291=CARTESIAN_POINT('Ctrl Pts',(34.9978683740066,9.84705409092683,14.3897483905909));
#3292=CARTESIAN_POINT('Ctrl Pts',(30.1006186934819,5.36845183898677,14.5495396682241));
#3293=CARTESIAN_POINT('Ctrl Pts',(22.6339652859878,-1.14317142049411,11.1901874217958));
#3294=CARTESIAN_POINT('Ctrl Pts',(15.4962804614479,-7.2860716328438,4.50535141757216));
#3295=CARTESIAN_POINT('Ctrl Pts',(8.8444999553034,-12.9884616339967,-2.60365876433942));
#3296=CARTESIAN_POINT('Ctrl Pts',(3.75963080986285,-17.2950960975114,-7.75967933114943));
#3297=CARTESIAN_POINT('Ctrl Pts',(-1.46473191979878,-21.6189154169717,-12.1589986392309));
#3298=CARTESIAN_POINT('Ctrl Pts',(-6.85889760256626,-25.9162308316154,-15.2728607586641));
#3299=CARTESIAN_POINT('Ctrl Pts',(-12.3762468938539,-30.0685400685303,-16.7046453322979));
#3300=CARTESIAN_POINT('Ctrl Pts',(-18.447100534656,-34.2665604510929,-16.2173228460725));
#3301=CARTESIAN_POINT('Ctrl Pts',(-24.6432665770276,-37.90829161204,-13.1030669551047));
#3302=CARTESIAN_POINT('Ctrl Pts',(-30.0407489947222,-39.8942532593925,-7.21630918577235));
#3303=CARTESIAN_POINT('Ctrl Pts',(-34.0181756926182,-39.2227299155171,1.24442467645704));
#3304=CARTESIAN_POINT('Ctrl Pts',(-34.553240411294,-33.7607248609099,10.8026821787537));
#3305=CARTESIAN_POINT('Ctrl Pts',(-31.3976727874444,-24.85788650896,15.9024936427491));
#3306=CARTESIAN_POINT('Ctrl Pts',(-27.7747166734523,-16.8902079174285,16.3610520157158));
#3307=CARTESIAN_POINT('Ctrl Pts',(-23.7353321150624,-8.75408722662849,14.3947856407965));
#3308=CARTESIAN_POINT('Ctrl Pts',(-18.3885847282226,1.17988242989888,7.74201108960063));
#3309=CARTESIAN_POINT('Ctrl Pts',(-11.8819909390243,12.5474246433552,-3.3313458984333));
#3310=CARTESIAN_POINT('Ctrl Pts',(-6.19269720579002,21.9331685989062,-11.0265264036955));
#3311=CARTESIAN_POINT('Ctrl Pts',(-1.44511506128505,29.2877671228134,-14.2551921778011));
#3312=CARTESIAN_POINT('Ctrl Pts',(3.36629378161199,36.3218314652476,-15.2653110181214));
#3313=CARTESIAN_POINT('Ctrl Pts',(8.52331514599378,42.9344153871551,-12.541282444163));
#3314=CARTESIAN_POINT('Ctrl Pts',(13.2472102183111,46.9953884731143,-6.20519539555751));
#3315=CARTESIAN_POINT('Ctrl Pts',(16.357655309234,47.6067059578329,0.459944131184344));
#3316=CARTESIAN_POINT('Ctrl Pts',(18.0003598035055,45.4630807165683,6.04944569272073));
#3317=CARTESIAN_POINT('Ctrl Pts',(18.7541011757465,42.3159976090407,9.90782908167343));
#3318=CARTESIAN_POINT('Ctrl Pts',(19.1661166170932,38.3443395808206,13.1720439160178));
#3319=CARTESIAN_POINT('Ctrl Pts',(19.1029758512455,32.0843111347501,15.7967190650104));
#3320=CARTESIAN_POINT('Ctrl Pts',(18.3835746122316,23.463205006843,15.8881255795642));
#3321=CARTESIAN_POINT('Ctrl Pts',(17.2901358160031,14.5658479928431,12.7973769404728));
#3322=CARTESIAN_POINT('Ctrl Pts',(15.9878324231852,5.78312830098444,7.17011884332389));
#3323=CARTESIAN_POINT('Ctrl Pts',(14.2980437417347,-4.28180062134326,-0.998448722176106));
#3324=CARTESIAN_POINT('Ctrl Pts',(12.1285834942786,-15.7106507491925,-10.2730568036753));
#3325=CARTESIAN_POINT('Ctrl Pts',(9.24046842884867,-28.6860498947898,-15.981554080657));
#3326=CARTESIAN_POINT('Ctrl Pts',(5.81806633961027,-40.717922691504,-14.5036926024839));
#3327=CARTESIAN_POINT('Ctrl Pts',(2.61456969785716,-47.4533116848339,-8.20579939606115));
#3328=CARTESIAN_POINT('Ctrl Pts',(-0.0172929923993947,-49.4367538622719,
-1.86350675743283));
#3329=CARTESIAN_POINT('Ctrl Pts',(-2.65007320026653,-49.0255650214788,4.66553261559863));
#3330=CARTESIAN_POINT('Ctrl Pts',(-5.44748996017367,-44.6822960083594,10.9665256866736));
#3331=CARTESIAN_POINT('Ctrl Pts',(-8.2230277501877,-36.8395081365657,14.4695994994261));
#3332=CARTESIAN_POINT('Ctrl Pts',(-10.3904149689041,-28.9266828390686,14.5897499514756));
#3333=CARTESIAN_POINT('Ctrl Pts',(-12.424916549448,-20.1576966452811,11.5287634793293));
#3334=CARTESIAN_POINT('Ctrl Pts',(-14.3160640003854,-10.8965302552475,5.39564116688754));
#3335=CARTESIAN_POINT('Ctrl Pts',(-16.076041861816,-1.2520924880978,-2.627072021413));
#3336=CARTESIAN_POINT('Ctrl Pts',(-17.6718646914719,8.57071907208496,-10.2673152344305));
#3337=CARTESIAN_POINT('Ctrl Pts',(-19.0800370408631,18.7218585421953,-15.5870446898994));
#3338=CARTESIAN_POINT('Ctrl Pts',(-20.149785838687,29.014707669504,-17.1072139666974));
#3339=CARTESIAN_POINT('Ctrl Pts',(-20.5204578423344,38.4135057399453,-14.3929975390218));
#3340=CARTESIAN_POINT('Ctrl Pts',(-19.7410329763739,45.4318256211304,-8.23276364481115));
#3341=CARTESIAN_POINT('Ctrl Pts',(-18.2085061417263,47.6431409630265,-2.82143757107777));
#3342=CARTESIAN_POINT('Ctrl Pts',(-17.1768225164626,48.0193136697974,-0.114909129923296));
#3343=CARTESIAN_POINT('Ctrl Pts',(-5.39736781028889,14.2555121229581,0.236408493983602));
#3344=CARTESIAN_POINT('Ctrl Pts',(-2.3308243373774,15.4099259022275,-2.37824265216418));
#3345=CARTESIAN_POINT('Ctrl Pts',(3.83554799928553,17.6101524307095,-7.62435405619716));
#3346=CARTESIAN_POINT('Ctrl Pts',(13.3329444884078,20.5213608864935,-13.5659890834113));
#3347=CARTESIAN_POINT('Ctrl Pts',(22.9690301574894,22.8962572006226,-16.0412111335628));
#3348=CARTESIAN_POINT('Ctrl Pts',(32.0551036130629,24.4342648921602,-14.4920347494655));
#3349=CARTESIAN_POINT('Ctrl Pts',(39.3493197843438,24.7088161655823,-9.47359537557747));
#3350=CARTESIAN_POINT('Ctrl Pts',(43.5967180108279,23.3557608527193,-2.31864668355461));
#3351=CARTESIAN_POINT('Ctrl Pts',(44.0813089760107,20.2437252439442,5.24624064850434));
#3352=CARTESIAN_POINT('Ctrl Pts',(41.6198987553467,16.4583707306924,10.3183796728518));
#3353=CARTESIAN_POINT('Ctrl Pts',(38.5780978249502,13.0682137533389,12.9364722294485));
#3354=CARTESIAN_POINT('Ctrl Pts',(35.1945133028348,9.67045271983896,14.53441511968));
#3355=CARTESIAN_POINT('Ctrl Pts',(30.2545981769261,5.15404203874118,14.6946899821727));
#3356=CARTESIAN_POINT('Ctrl Pts',(22.7483289126854,-1.39060810875278,11.3166631246191));
#3357=CARTESIAN_POINT('Ctrl Pts',(15.5977520185229,-7.54338557189592,4.61953539410308));
#3358=CARTESIAN_POINT('Ctrl Pts',(8.94302048452814,-13.2471942669381,-2.48978194653154));
#3359=CARTESIAN_POINT('Ctrl Pts',(3.86070525352463,-17.5507794386616,-7.64125398327066));
#3360=CARTESIAN_POINT('Ctrl Pts',(-1.35590548920325,-21.8673449413096,-12.0319452567854));
#3361=CARTESIAN_POINT('Ctrl Pts',(-6.73562013110985,-26.1522365058218,-15.1353262558754));
#3362=CARTESIAN_POINT('Ctrl Pts',(-12.2318393210813,-30.2877791737932,-16.5598166614972));
#3363=CARTESIAN_POINT('Ctrl Pts',(-18.2763107427644,-34.4667032557661,-16.0733054679473));
#3364=CARTESIAN_POINT('Ctrl Pts',(-24.4488877250228,-38.0937052239627,-12.9702098778975));
#3365=CARTESIAN_POINT('Ctrl Pts',(-29.8324448599242,-40.0741724473125,-7.09856695642152));
#3366=CARTESIAN_POINT('Ctrl Pts',(-33.8062750230943,-39.4029139753215,1.35432932802269));
#3367=CARTESIAN_POINT('Ctrl Pts',(-34.3442719966869,-33.9349036075305,10.9286422007782));
#3368=CARTESIAN_POINT('Ctrl Pts',(-31.1757024005961,-24.9958708641547,16.0503767083794));
#3369=CARTESIAN_POINT('Ctrl Pts',(-27.5346485247142,-16.9902238860937,16.5098619931122));
#3370=CARTESIAN_POINT('Ctrl Pts',(-23.4773886529197,-8.81997027980215,14.5329701458635));
#3371=CARTESIAN_POINT('Ctrl Pts',(-18.1178648642395,1.13525988977946,7.86117984373412));
#3372=CARTESIAN_POINT('Ctrl Pts',(-11.6108498610688,12.5008404757133,-3.21450222539191));
#3373=CARTESIAN_POINT('Ctrl Pts',(-5.93355405265554,21.8643897245534,-10.8916445385472));
#3374=CARTESIAN_POINT('Ctrl Pts',(-1.2106551621295,29.1789618007662,-14.1030762401552));
#3375=CARTESIAN_POINT('Ctrl Pts',(3.56451803015618,36.158260773746,-15.1056634858623));
#3376=CARTESIAN_POINT('Ctrl Pts',(8.66876969324464,42.7006018989508,-12.4078677557717));
#3377=CARTESIAN_POINT('Ctrl Pts',(13.3322945248593,46.7068444912223,-6.15354542481375));
#3378=CARTESIAN_POINT('Ctrl Pts',(16.3936737717574,47.3068003522288,0.404222086598305));
#3379=CARTESIAN_POINT('Ctrl Pts',(18.0097696218034,45.2000036289072,5.89822975938249));
#3380=CARTESIAN_POINT('Ctrl Pts',(18.7527321910614,42.1030976188902,9.69548170331419));
#3381=CARTESIAN_POINT('Ctrl Pts',(19.1594420425476,38.1923733459091,12.9095936064205));
#3382=CARTESIAN_POINT('Ctrl Pts',(19.0987307602484,32.0246012536685,15.4958455187206));
#3383=CARTESIAN_POINT('Ctrl Pts',(18.3907870076356,23.5180602595189,15.5880983337191));
#3384=CARTESIAN_POINT('Ctrl Pts',(17.3093822882054,14.7024416459617,12.5293733650381));
#3385=CARTESIAN_POINT('Ctrl Pts',(16.014907495491,5.96003761752211,6.92985739048605));
#3386=CARTESIAN_POINT('Ctrl Pts',(14.3292867241733,-4.09249142713569,-1.22735823208436));
#3387=CARTESIAN_POINT('Ctrl Pts',(12.1584355040404,-15.5424630991187,-10.5218779859487));
#3388=CARTESIAN_POINT('Ctrl Pts',(9.25007500730429,-28.6255718445159,-16.2891167311219));
#3389=CARTESIAN_POINT('Ctrl Pts',(5.78057417090209,-40.8364505559255,-14.7974940980239));
#3390=CARTESIAN_POINT('Ctrl Pts',(2.52895396006264,-47.678958582593,-8.39992809516981));
#3391=CARTESIAN_POINT('Ctrl Pts',(-0.146802830424126,-49.6989049484809,
-1.94856933298221));
#3392=CARTESIAN_POINT('Ctrl Pts',(-2.82358939969983,-49.2799556338757,4.69408087061149));
#3393=CARTESIAN_POINT('Ctrl Pts',(-5.65846983733552,-44.8725553725996,11.0815585953041));
#3394=CARTESIAN_POINT('Ctrl Pts',(-8.46263016563156,-36.9443097440512,14.6221034107302));
#3395=CARTESIAN_POINT('Ctrl Pts',(-10.6481064380459,-28.9610643310456,14.7430784128311));
#3396=CARTESIAN_POINT('Ctrl Pts',(-12.6930266619145,-20.1418090063693,11.6632713260517));
#3397=CARTESIAN_POINT('Ctrl Pts',(-14.5882431058089,-10.8551953362833,5.51375521565489));
#3398=CARTESIAN_POINT('Ctrl Pts',(-16.3486223050771,-1.20266990903601,-2.51362421485269));
#3399=CARTESIAN_POINT('Ctrl Pts',(-17.942363335001,8.61382652919863,-10.1460985750144));
#3400=CARTESIAN_POINT('Ctrl Pts',(-19.3459149534461,18.7399397765262,-15.4484942692545));
#3401=CARTESIAN_POINT('Ctrl Pts',(-20.4097833106332,28.9866536157613,-16.9587229312663));
#3402=CARTESIAN_POINT('Ctrl Pts',(-20.7779619328725,38.343529933841,-14.255709282579));
#3403=CARTESIAN_POINT('Ctrl Pts',(-20.0005573436077,45.3409842161491,-8.11415821780322));
#3404=CARTESIAN_POINT('Ctrl Pts',(-18.4696952334974,47.5506257205845,-2.70854062158352));
#3405=CARTESIAN_POINT('Ctrl Pts',(-17.4378747762142,47.9261804385221,-0.00222310489849376));
#3406=CARTESIAN_POINT('Ctrl Pts',(-5.39736781028889,14.2555121229581,0.236408493983602));
#3407=CARTESIAN_POINT('Ctrl Pts',(-2.3308243373774,15.4099259022275,-2.37824265216418));
#3408=CARTESIAN_POINT('Ctrl Pts',(3.83554799928553,17.6101524307095,-7.62435405619716));
#3409=CARTESIAN_POINT('Ctrl Pts',(13.3329444884078,20.5213608864935,-13.5659890834113));
#3410=CARTESIAN_POINT('Ctrl Pts',(22.9690301574894,22.8962572006226,-16.0412111335628));
#3411=CARTESIAN_POINT('Ctrl Pts',(32.0551036130629,24.4342648921602,-14.4920347494655));
#3412=CARTESIAN_POINT('Ctrl Pts',(39.3493197843438,24.7088161655823,-9.47359537557747));
#3413=CARTESIAN_POINT('Ctrl Pts',(43.5967180108279,23.3557608527193,-2.31864668355461));
#3414=CARTESIAN_POINT('Ctrl Pts',(44.0813089760107,20.2437252439442,5.24624064850434));
#3415=CARTESIAN_POINT('Ctrl Pts',(41.6198987553467,16.4583707306924,10.3183796728518));
#3416=CARTESIAN_POINT('Ctrl Pts',(38.5780978249502,13.0682137533389,12.9364722294485));
#3417=CARTESIAN_POINT('Ctrl Pts',(35.1945133028348,9.67045271983896,14.53441511968));
#3418=CARTESIAN_POINT('Ctrl Pts',(30.2545981769261,5.15404203874118,14.6946899821727));
#3419=CARTESIAN_POINT('Ctrl Pts',(22.7483289126854,-1.39060810875278,11.3166631246191));
#3420=CARTESIAN_POINT('Ctrl Pts',(15.5977520185229,-7.54338557189592,4.61953539410308));
#3421=CARTESIAN_POINT('Ctrl Pts',(8.94302048452814,-13.2471942669381,-2.48978194653154));
#3422=CARTESIAN_POINT('Ctrl Pts',(3.86070525352463,-17.5507794386616,-7.64125398327066));
#3423=CARTESIAN_POINT('Ctrl Pts',(-1.35590548920325,-21.8673449413096,-12.0319452567854));
#3424=CARTESIAN_POINT('Ctrl Pts',(-6.73562013110985,-26.1522365058218,-15.1353262558754));
#3425=CARTESIAN_POINT('Ctrl Pts',(-12.2318393210813,-30.2877791737932,-16.5598166614972));
#3426=CARTESIAN_POINT('Ctrl Pts',(-18.2763107427644,-34.4667032557661,-16.0733054679473));
#3427=CARTESIAN_POINT('Ctrl Pts',(-24.4488877250228,-38.0937052239627,-12.9702098778975));
#3428=CARTESIAN_POINT('Ctrl Pts',(-29.8324448599242,-40.0741724473125,-7.09856695642152));
#3429=CARTESIAN_POINT('Ctrl Pts',(-33.8062750230943,-39.4029139753215,1.35432932802269));
#3430=CARTESIAN_POINT('Ctrl Pts',(-34.3442719966869,-33.9349036075305,10.9286422007782));
#3431=CARTESIAN_POINT('Ctrl Pts',(-31.1757024005961,-24.9958708641547,16.0503767083794));
#3432=CARTESIAN_POINT('Ctrl Pts',(-27.5346485247142,-16.9902238860937,16.5098619931122));
#3433=CARTESIAN_POINT('Ctrl Pts',(-23.4773886529197,-8.81997027980215,14.5329701458635));
#3434=CARTESIAN_POINT('Ctrl Pts',(-18.1178648642395,1.13525988977946,7.86117984373412));
#3435=CARTESIAN_POINT('Ctrl Pts',(-11.6108498610688,12.5008404757133,-3.21450222539191));
#3436=CARTESIAN_POINT('Ctrl Pts',(-5.93355405265554,21.8643897245534,-10.8916445385472));
#3437=CARTESIAN_POINT('Ctrl Pts',(-1.2106551621295,29.1789618007662,-14.1030762401552));
#3438=CARTESIAN_POINT('Ctrl Pts',(3.56451803015618,36.158260773746,-15.1056634858623));
#3439=CARTESIAN_POINT('Ctrl Pts',(8.66876969324464,42.7006018989508,-12.4078677557717));
#3440=CARTESIAN_POINT('Ctrl Pts',(13.3322945248593,46.7068444912223,-6.15354542481375));
#3441=CARTESIAN_POINT('Ctrl Pts',(16.3936737717574,47.3068003522288,0.404222086598305));
#3442=CARTESIAN_POINT('Ctrl Pts',(18.0097696218034,45.2000036289072,5.89822975938249));
#3443=CARTESIAN_POINT('Ctrl Pts',(18.7527321910614,42.1030976188902,9.69548170331419));
#3444=CARTESIAN_POINT('Ctrl Pts',(19.1594420425476,38.1923733459091,12.9095936064205));
#3445=CARTESIAN_POINT('Ctrl Pts',(19.0987307602484,32.0246012536685,15.4958455187206));
#3446=CARTESIAN_POINT('Ctrl Pts',(18.3907870076356,23.5180602595189,15.5880983337191));
#3447=CARTESIAN_POINT('Ctrl Pts',(17.3093822882054,14.7024416459617,12.5293733650381));
#3448=CARTESIAN_POINT('Ctrl Pts',(16.014907495491,5.96003761752211,6.92985739048605));
#3449=CARTESIAN_POINT('Ctrl Pts',(14.3292867241733,-4.09249142713569,-1.22735823208436));
#3450=CARTESIAN_POINT('Ctrl Pts',(12.1584355040404,-15.5424630991187,-10.5218779859487));
#3451=CARTESIAN_POINT('Ctrl Pts',(9.25007500730429,-28.6255718445159,-16.2891167311219));
#3452=CARTESIAN_POINT('Ctrl Pts',(5.78057417090209,-40.8364505559255,-14.7974940980239));
#3453=CARTESIAN_POINT('Ctrl Pts',(2.52895396006264,-47.678958582593,-8.39992809516981));
#3454=CARTESIAN_POINT('Ctrl Pts',(-0.146802830424126,-49.6989049484809,
-1.94856933298221));
#3455=CARTESIAN_POINT('Ctrl Pts',(-2.82358939969983,-49.2799556338757,4.69408087061149));
#3456=CARTESIAN_POINT('Ctrl Pts',(-5.65846983733552,-44.8725553725996,11.0815585953041));
#3457=CARTESIAN_POINT('Ctrl Pts',(-8.46263016563156,-36.9443097440512,14.6221034107302));
#3458=CARTESIAN_POINT('Ctrl Pts',(-10.6481064380459,-28.9610643310456,14.7430784128311));
#3459=CARTESIAN_POINT('Ctrl Pts',(-12.6930266619145,-20.1418090063693,11.6632713260517));
#3460=CARTESIAN_POINT('Ctrl Pts',(-14.5882431058089,-10.8551953362833,5.51375521565489));
#3461=CARTESIAN_POINT('Ctrl Pts',(-16.3486223050771,-1.20266990903601,-2.51362421485269));
#3462=CARTESIAN_POINT('Ctrl Pts',(-17.942363335001,8.61382652919863,-10.1460985750144));
#3463=CARTESIAN_POINT('Ctrl Pts',(-19.3459149534461,18.7399397765262,-15.4484942692545));
#3464=CARTESIAN_POINT('Ctrl Pts',(-20.4097833106332,28.9866536157613,-16.9587229312663));
#3465=CARTESIAN_POINT('Ctrl Pts',(-20.7779619328725,38.343529933841,-14.255709282579));
#3466=CARTESIAN_POINT('Ctrl Pts',(-20.0005573436077,45.3409842161491,-8.11415821780322));
#3467=CARTESIAN_POINT('Ctrl Pts',(-18.4696952334974,47.5506257205845,-2.70854062158352));
#3468=CARTESIAN_POINT('Ctrl Pts',(-17.4378747762142,47.9261804385221,-0.00222310489849376));
#3469=UNCERTAINTY_MEASURE_WITH_UNIT(LENGTH_MEASURE(0.01),#3473,
'DISTANCE_ACCURACY_VALUE',
'Maximum model space distance between geometric entities at asserted c
onnectivities');
#3470=UNCERTAINTY_MEASURE_WITH_UNIT(LENGTH_MEASURE(0.01),#3473,
'DISTANCE_ACCURACY_VALUE',
'Maximum model space distance between geometric entities at asserted c
onnectivities');
#3471=(
GEOMETRIC_REPRESENTATION_CONTEXT(3)
GLOBAL_UNCERTAINTY_ASSIGNED_CONTEXT((#3469))
GLOBAL_UNIT_ASSIGNED_CONTEXT((#3473,#3475,#3476))
REPRESENTATION_CONTEXT('','3D')
);
#3472=(
GEOMETRIC_REPRESENTATION_CONTEXT(3)
GLOBAL_UNCERTAINTY_ASSIGNED_CONTEXT((#3470))
GLOBAL_UNIT_ASSIGNED_CONTEXT((#3473,#3475,#3476))
REPRESENTATION_CONTEXT('','3D')
);
#3473=(
LENGTH_UNIT()
NAMED_UNIT(*)
SI_UNIT(.MILLI.,.METRE.)
);
#3474=(
LENGTH_UNIT()
NAMED_UNIT(*)
SI_UNIT($,.METRE.)
);
#3475=(
NAMED_UNIT(*)
PLANE_ANGLE_UNIT()
SI_UNIT($,.RADIAN.)
);
#3476=(
NAMED_UNIT(*)
SI_UNIT($,.STERADIAN.)
SOLID_ANGLE_UNIT()
);
#3477=SHAPE_DEFINITION_REPRESENTATION(#3478,#3479);
#3478=PRODUCT_DEFINITION_SHAPE('',$,#3481);
#3479=SHAPE_REPRESENTATION('',(#82),#3471);
#3480=PRODUCT_DEFINITION_CONTEXT('part definition',#3485,'design');
#3481=PRODUCT_DEFINITION('2026-08-14-20-01-54-091','9-loops',#3482,#3480);
#3482=PRODUCT_DEFINITION_FORMATION('',$,#3487);
#3483=PRODUCT_RELATED_PRODUCT_CATEGORY('9-loops','9-loops',(#3487));
#3484=APPLICATION_PROTOCOL_DEFINITION('international standard',
'automotive_design',2009,#3485);
#3485=APPLICATION_CONTEXT(
'Core Data for Automotive Mechanical Design Process');
#3486=PRODUCT_CONTEXT('part definition',#3485,'mechanical');
#3487=PRODUCT('2026-08-14-20-01-54-091','9-loops',$,(#3486));
#3488=PRESENTATION_STYLE_ASSIGNMENT((#3490));
#3489=PRESENTATION_STYLE_ASSIGNMENT((#3491));
#3490=SURFACE_STYLE_USAGE(.BOTH.,#3492);
#3491=SURFACE_STYLE_USAGE(.BOTH.,#3493);
#3492=SURFACE_SIDE_STYLE('',(#3494));
#3493=SURFACE_SIDE_STYLE('',(#3495));
#3494=SURFACE_STYLE_FILL_AREA(#3496);
#3495=SURFACE_STYLE_FILL_AREA(#3497);
#3496=FILL_AREA_STYLE('Steel - Satin',(#3498));
#3497=FILL_AREA_STYLE('Steel - Satin',(#3499));
#3498=FILL_AREA_STYLE_COLOUR('Steel - Satin',#3500);
#3499=FILL_AREA_STYLE_COLOUR('Steel - Satin',#3501);
#3500=COLOUR_RGB('Steel - Satin',0.627450980392157,0.627450980392157,0.627450980392157);
#3501=COLOUR_RGB('Steel - Satin',0.196078431372549,0.784313725490196,0.196078431372549);
ENDSEC;
END-ISO-10303-21;
